#ifdef __cplusplus
extern "C" {
#endif

// Auto-generated: GRU INT8 for ESP32
// Size: 132520 bytes (129.41 KB)

#ifndef GRU_IDS_MODEL_H
#define GRU_IDS_MODEL_H

#include <stdint.h>
#include <pgmspace.h>

const unsigned int gru_ids_model_len = 132520;
const unsigned char gru_ids_model[] PROGMEM = {
  0x1c, 0x00, 0x00, 0x00, 0x54, 0x46, 0x4c, 0x33, 0x14, 0x00, 0x20, 0x00,
  0x1c, 0x00, 0x18, 0x00, 0x14, 0x00, 0x10, 0x00, 0x0c, 0x00, 0x00, 0x00,
  0x08, 0x00, 0x04, 0x00, 0x14, 0x00, 0x00, 0x00, 0x1c, 0x00, 0x00, 0x00,
  0x8c, 0x00, 0x00, 0x00, 0xdc, 0x00, 0x00, 0x00, 0xa8, 0x29, 0x00, 0x00,
  0xb8, 0x29, 0x00, 0x00, 0x50, 0x04, 0x02, 0x00, 0x03, 0x00, 0x00, 0x00,
  0x01, 0x00, 0x00, 0x00, 0x04, 0x00, 0x00, 0x00, 0x36, 0x8e, 0xff, 0xff,
  0x0c, 0x00, 0x00, 0x00, 0x1c, 0x00, 0x00, 0x00, 0x3c, 0x00, 0x00, 0x00,
  0x0f, 0x00, 0x00, 0x00, 0x73, 0x65, 0x72, 0x76, 0x69, 0x6e, 0x67, 0x5f,
  0x64, 0x65, 0x66, 0x61, 0x75, 0x6c, 0x74, 0x00, 0x01, 0x00, 0x00, 0x00,
  0x04, 0x00, 0x00, 0x00, 0x24, 0x90, 0xff, 0xff, 0xce, 0x01, 0x00, 0x00,
  0x04, 0x00, 0x00, 0x00, 0x08, 0x00, 0x00, 0x00, 0x6f, 0x75, 0x74, 0x70,
  0x75, 0x74, 0x5f, 0x30, 0x00, 0x00, 0x00, 0x00, 0x01, 0x00, 0x00, 0x00,
  0x04, 0x00, 0x00, 0x00, 0xf2, 0x8e, 0xff, 0xff, 0x04, 0x00, 0x00, 0x00,
  0x0c, 0x00, 0x00, 0x00, 0x6b, 0x65, 0x72, 0x61, 0x73, 0x5f, 0x74, 0x65,
  0x6e, 0x73, 0x6f, 0x72, 0x00, 0x00, 0x00, 0x00, 0x02, 0x00, 0x00, 0x00,
  0x2c, 0x00, 0x00, 0x00, 0x04, 0x00, 0x00, 0x00, 0x70, 0x90, 0xff, 0xff,
  0xd1, 0x01, 0x00, 0x00, 0x04, 0x00, 0x00, 0x00, 0x13, 0x00, 0x00, 0x00,
  0x43, 0x4f, 0x4e, 0x56, 0x45, 0x52, 0x53, 0x49, 0x4f, 0x4e, 0x5f, 0x4d,
  0x45, 0x54, 0x41, 0x44, 0x41, 0x54, 0x41, 0x00, 0x94, 0x90, 0xff, 0xff,
  0xd0, 0x01, 0x00, 0x00, 0x04, 0x00, 0x00, 0x00, 0x13, 0x00, 0x00, 0x00,
  0x6d, 0x69, 0x6e, 0x5f, 0x72, 0x75, 0x6e, 0x74, 0x69, 0x6d, 0x65, 0x5f,
  0x76, 0x65, 0x72, 0x73, 0x69, 0x6f, 0x6e, 0x00, 0xd2, 0x01, 0x00, 0x00,
  0xc8, 0x28, 0x00, 0x00, 0xc0, 0x28, 0x00, 0x00, 0xac, 0x28, 0x00, 0x00,
  0x98, 0x28, 0x00, 0x00, 0x7c, 0x28, 0x00, 0x00, 0x68, 0x28, 0x00, 0x00,
  0x54, 0x28, 0x00, 0x00, 0x3c, 0x28, 0x00, 0x00, 0x24, 0x28, 0x00, 0x00,
  0x0c, 0x28, 0x00, 0x00, 0xf4, 0x27, 0x00, 0x00, 0xd4, 0x27, 0x00, 0x00,
  0x84, 0x27, 0x00, 0x00, 0x70, 0x27, 0x00, 0x00, 0xa0, 0x26, 0x00, 0x00,
  0xd0, 0x25, 0x00, 0x00, 0x00, 0x25, 0x00, 0x00, 0x30, 0x24, 0x00, 0x00,
  0x60, 0x23, 0x00, 0x00, 0x90, 0x22, 0x00, 0x00, 0xc0, 0x21, 0x00, 0x00,
  0xf0, 0x20, 0x00, 0x00, 0x20, 0x20, 0x00, 0x00, 0x50, 0x1f, 0x00, 0x00,
  0x80, 0x1e, 0x00, 0x00, 0xb0, 0x1d, 0x00, 0x00, 0xe0, 0x1c, 0x00, 0x00,
  0x10, 0x1c, 0x00, 0x00, 0x40, 0x1b, 0x00, 0x00, 0x70, 0x1a, 0x00, 0x00,
  0xa0, 0x19, 0x00, 0x00, 0xd0, 0x18, 0x00, 0x00, 0x00, 0x18, 0x00, 0x00,
  0x30, 0x17, 0x00, 0x00, 0x20, 0x14, 0x00, 0x00, 0x10, 0x11, 0x00, 0x00,
  0x40, 0x10, 0x00, 0x00, 0x38, 0x10, 0x00, 0x00, 0x30, 0x10, 0x00, 0x00,
  0x28, 0x10, 0x00, 0x00, 0x20, 0x10, 0x00, 0x00, 0x18, 0x10, 0x00, 0x00,
  0x10, 0x10, 0x00, 0x00, 0x08, 0x10, 0x00, 0x00, 0x00, 0x10, 0x00, 0x00,
  0xf8, 0x0f, 0x00, 0x00, 0xf0, 0x0f, 0x00, 0x00, 0xe8, 0x0f, 0x00, 0x00,
  0xe0, 0x0f, 0x00, 0x00, 0xd8, 0x0f, 0x00, 0x00, 0xd0, 0x0f, 0x00, 0x00,
  0xc8, 0x0f, 0x00, 0x00, 0xc0, 0x0f, 0x00, 0x00, 0xb8, 0x0f, 0x00, 0x00,
  0xb0, 0x0f, 0x00, 0x00, 0xa8, 0x0f, 0x00, 0x00, 0x58, 0x0d, 0x00, 0x00,
  0x44, 0x0d, 0x00, 0x00, 0x3c, 0x0d, 0x00, 0x00, 0x34, 0x0d, 0x00, 0x00,
  0x2c, 0x0d, 0x00, 0x00, 0x24, 0x0d, 0x00, 0x00, 0x1c, 0x0d, 0x00, 0x00,
  0x14, 0x0d, 0x00, 0x00, 0x0c, 0x0d, 0x00, 0x00, 0x04, 0x0d, 0x00, 0x00,
  0xfc, 0x0c, 0x00, 0x00, 0xf4, 0x0c, 0x00, 0x00, 0xec, 0x0c, 0x00, 0x00,
  0xe4, 0x0c, 0x00, 0x00, 0xdc, 0x0c, 0x00, 0x00, 0xd4, 0x0c, 0x00, 0x00,
  0xcc, 0x0c, 0x00, 0x00, 0xc4, 0x0c, 0x00, 0x00, 0xbc, 0x0c, 0x00, 0x00,
  0xb4, 0x0c, 0x00, 0x00, 0xac, 0x0c, 0x00, 0x00, 0xa4, 0x0c, 0x00, 0x00,
  0x9c, 0x0c, 0x00, 0x00, 0x94, 0x0c, 0x00, 0x00, 0x8c, 0x0c, 0x00, 0x00,
  0x84, 0x0c, 0x00, 0x00, 0x7c, 0x0c, 0x00, 0x00, 0x74, 0x0c, 0x00, 0x00,
  0x6c, 0x0c, 0x00, 0x00, 0x64, 0x0c, 0x00, 0x00, 0x5c, 0x0c, 0x00, 0x00,
  0x54, 0x0c, 0x00, 0x00, 0x4c, 0x0c, 0x00, 0x00, 0x44, 0x0c, 0x00, 0x00,
  0x3c, 0x0c, 0x00, 0x00, 0x34, 0x0c, 0x00, 0x00, 0x2c, 0x0c, 0x00, 0x00,
  0x24, 0x0c, 0x00, 0x00, 0x1c, 0x0c, 0x00, 0x00, 0x14, 0x0c, 0x00, 0x00,
  0x0c, 0x0c, 0x00, 0x00, 0x04, 0x0c, 0x00, 0x00, 0xfc, 0x0b, 0x00, 0x00,
  0xf4, 0x0b, 0x00, 0x00, 0xec, 0x0b, 0x00, 0x00, 0xe4, 0x0b, 0x00, 0x00,
  0xdc, 0x0b, 0x00, 0x00, 0xd4, 0x0b, 0x00, 0x00, 0xcc, 0x0b, 0x00, 0x00,
  0xc4, 0x0b, 0x00, 0x00, 0xbc, 0x0b, 0x00, 0x00, 0xb4, 0x0b, 0x00, 0x00,
  0xac, 0x0b, 0x00, 0x00, 0xa4, 0x0b, 0x00, 0x00, 0x9c, 0x0b, 0x00, 0x00,
  0x94, 0x0b, 0x00, 0x00, 0x8c, 0x0b, 0x00, 0x00, 0x84, 0x0b, 0x00, 0x00,
  0x7c, 0x0b, 0x00, 0x00, 0x74, 0x0b, 0x00, 0x00, 0x6c, 0x0b, 0x00, 0x00,
  0x64, 0x0b, 0x00, 0x00, 0x5c, 0x0b, 0x00, 0x00, 0x54, 0x0b, 0x00, 0x00,
  0x4c, 0x0b, 0x00, 0x00, 0x44, 0x0b, 0x00, 0x00, 0x3c, 0x0b, 0x00, 0x00,
  0x34, 0x0b, 0x00, 0x00, 0x2c, 0x0b, 0x00, 0x00, 0x24, 0x0b, 0x00, 0x00,
  0x1c, 0x0b, 0x00, 0x00, 0x14, 0x0b, 0x00, 0x00, 0x0c, 0x0b, 0x00, 0x00,
  0x04, 0x0b, 0x00, 0x00, 0xfc, 0x0a, 0x00, 0x00, 0xf4, 0x0a, 0x00, 0x00,
  0xec, 0x0a, 0x00, 0x00, 0xe4, 0x0a, 0x00, 0x00, 0xdc, 0x0a, 0x00, 0x00,
  0xd4, 0x0a, 0x00, 0x00, 0xcc, 0x0a, 0x00, 0x00, 0xc4, 0x0a, 0x00, 0x00,
  0xbc, 0x0a, 0x00, 0x00, 0xb4, 0x0a, 0x00, 0x00, 0xac, 0x0a, 0x00, 0x00,
  0xa4, 0x0a, 0x00, 0x00, 0x9c, 0x0a, 0x00, 0x00, 0x94, 0x0a, 0x00, 0x00,
  0x8c, 0x0a, 0x00, 0x00, 0x84, 0x0a, 0x00, 0x00, 0x7c, 0x0a, 0x00, 0x00,
  0x74, 0x0a, 0x00, 0x00, 0x6c, 0x0a, 0x00, 0x00, 0x64, 0x0a, 0x00, 0x00,
  0x5c, 0x0a, 0x00, 0x00, 0x54, 0x0a, 0x00, 0x00, 0x4c, 0x0a, 0x00, 0x00,
  0x44, 0x0a, 0x00, 0x00, 0x3c, 0x0a, 0x00, 0x00, 0x34, 0x0a, 0x00, 0x00,
  0x2c, 0x0a, 0x00, 0x00, 0x24, 0x0a, 0x00, 0x00, 0x1c, 0x0a, 0x00, 0x00,
  0x14, 0x0a, 0x00, 0x00, 0x0c, 0x0a, 0x00, 0x00, 0x04, 0x0a, 0x00, 0x00,
  0xfc, 0x09, 0x00, 0x00, 0xf4, 0x09, 0x00, 0x00, 0xec, 0x09, 0x00, 0x00,
  0xe4, 0x09, 0x00, 0x00, 0xdc, 0x09, 0x00, 0x00, 0xd4, 0x09, 0x00, 0x00,
  0xcc, 0x09, 0x00, 0x00, 0xc4, 0x09, 0x00, 0x00, 0xbc, 0x09, 0x00, 0x00,
  0xb4, 0x09, 0x00, 0x00, 0xac, 0x09, 0x00, 0x00, 0xa4, 0x09, 0x00, 0x00,
  0x9c, 0x09, 0x00, 0x00, 0x94, 0x09, 0x00, 0x00, 0x8c, 0x09, 0x00, 0x00,
  0x84, 0x09, 0x00, 0x00, 0x7c, 0x09, 0x00, 0x00, 0x74, 0x09, 0x00, 0x00,
  0x6c, 0x09, 0x00, 0x00, 0x64, 0x09, 0x00, 0x00, 0x5c, 0x09, 0x00, 0x00,
  0x54, 0x09, 0x00, 0x00, 0x4c, 0x09, 0x00, 0x00, 0x44, 0x09, 0x00, 0x00,
  0x3c, 0x09, 0x00, 0x00, 0x34, 0x09, 0x00, 0x00, 0x2c, 0x09, 0x00, 0x00,
  0x24, 0x09, 0x00, 0x00, 0x1c, 0x09, 0x00, 0x00, 0x14, 0x09, 0x00, 0x00,
  0x0c, 0x09, 0x00, 0x00, 0x04, 0x09, 0x00, 0x00, 0xfc, 0x08, 0x00, 0x00,
  0xf4, 0x08, 0x00, 0x00, 0xec, 0x08, 0x00, 0x00, 0xe4, 0x08, 0x00, 0x00,
  0xdc, 0x08, 0x00, 0x00, 0xd4, 0x08, 0x00, 0x00, 0xcc, 0x08, 0x00, 0x00,
  0xc4, 0x08, 0x00, 0x00, 0xbc, 0x08, 0x00, 0x00, 0xb4, 0x08, 0x00, 0x00,
  0xac, 0x08, 0x00, 0x00, 0xa4, 0x08, 0x00, 0x00, 0x9c, 0x08, 0x00, 0x00,
  0x94, 0x08, 0x00, 0x00, 0x8c, 0x08, 0x00, 0x00, 0x84, 0x08, 0x00, 0x00,
  0x7c, 0x08, 0x00, 0x00, 0x74, 0x08, 0x00, 0x00, 0x6c, 0x08, 0x00, 0x00,
  0x64, 0x08, 0x00, 0x00, 0x5c, 0x08, 0x00, 0x00, 0x54, 0x08, 0x00, 0x00,
  0x4c, 0x08, 0x00, 0x00, 0x44, 0x08, 0x00, 0x00, 0x3c, 0x08, 0x00, 0x00,
  0x34, 0x08, 0x00, 0x00, 0x2c, 0x08, 0x00, 0x00, 0x24, 0x08, 0x00, 0x00,
  0x1c, 0x08, 0x00, 0x00, 0x14, 0x08, 0x00, 0x00, 0x0c, 0x08, 0x00, 0x00,
  0x04, 0x08, 0x00, 0x00, 0xfc, 0x07, 0x00, 0x00, 0xf4, 0x07, 0x00, 0x00,
  0xec, 0x07, 0x00, 0x00, 0xe4, 0x07, 0x00, 0x00, 0xdc, 0x07, 0x00, 0x00,
  0xd4, 0x07, 0x00, 0x00, 0xcc, 0x07, 0x00, 0x00, 0xc4, 0x07, 0x00, 0x00,
  0xbc, 0x07, 0x00, 0x00, 0xb4, 0x07, 0x00, 0x00, 0xac, 0x07, 0x00, 0x00,
  0xa4, 0x07, 0x00, 0x00, 0x9c, 0x07, 0x00, 0x00, 0x94, 0x07, 0x00, 0x00,
  0x8c, 0x07, 0x00, 0x00, 0x84, 0x07, 0x00, 0x00, 0x7c, 0x07, 0x00, 0x00,
  0x74, 0x07, 0x00, 0x00, 0x6c, 0x07, 0x00, 0x00, 0x64, 0x07, 0x00, 0x00,
  0x5c, 0x07, 0x00, 0x00, 0x54, 0x07, 0x00, 0x00, 0x4c, 0x07, 0x00, 0x00,
  0x44, 0x07, 0x00, 0x00, 0x3c, 0x07, 0x00, 0x00, 0x34, 0x07, 0x00, 0x00,
  0x2c, 0x07, 0x00, 0x00, 0x24, 0x07, 0x00, 0x00, 0x1c, 0x07, 0x00, 0x00,
  0x14, 0x07, 0x00, 0x00, 0x0c, 0x07, 0x00, 0x00, 0x04, 0x07, 0x00, 0x00,
  0xfc, 0x06, 0x00, 0x00, 0xf4, 0x06, 0x00, 0x00, 0xec, 0x06, 0x00, 0x00,
  0xe4, 0x06, 0x00, 0x00, 0xdc, 0x06, 0x00, 0x00, 0xd4, 0x06, 0x00, 0x00,
  0xcc, 0x06, 0x00, 0x00, 0xc4, 0x06, 0x00, 0x00, 0xbc, 0x06, 0x00, 0x00,
  0xb4, 0x06, 0x00, 0x00, 0xac, 0x06, 0x00, 0x00, 0xa4, 0x06, 0x00, 0x00,
  0x9c, 0x06, 0x00, 0x00, 0x94, 0x06, 0x00, 0x00, 0x8c, 0x06, 0x00, 0x00,
  0x84, 0x06, 0x00, 0x00, 0x7c, 0x06, 0x00, 0x00, 0x74, 0x06, 0x00, 0x00,
  0x6c, 0x06, 0x00, 0x00, 0x64, 0x06, 0x00, 0x00, 0x5c, 0x06, 0x00, 0x00,
  0x54, 0x06, 0x00, 0x00, 0x4c, 0x06, 0x00, 0x00, 0x44, 0x06, 0x00, 0x00,
  0x3c, 0x06, 0x00, 0x00, 0x34, 0x06, 0x00, 0x00, 0x2c, 0x06, 0x00, 0x00,
  0x24, 0x06, 0x00, 0x00, 0x1c, 0x06, 0x00, 0x00, 0x14, 0x06, 0x00, 0x00,
  0x0c, 0x06, 0x00, 0x00, 0x04, 0x06, 0x00, 0x00, 0xfc, 0x05, 0x00, 0x00,
  0xf4, 0x05, 0x00, 0x00, 0xec, 0x05, 0x00, 0x00, 0xe4, 0x05, 0x00, 0x00,
  0xdc, 0x05, 0x00, 0x00, 0xd4, 0x05, 0x00, 0x00, 0xcc, 0x05, 0x00, 0x00,
  0xc4, 0x05, 0x00, 0x00, 0xbc, 0x05, 0x00, 0x00, 0xb4, 0x05, 0x00, 0x00,
  0xac, 0x05, 0x00, 0x00, 0xa4, 0x05, 0x00, 0x00, 0x9c, 0x05, 0x00, 0x00,
  0x94, 0x05, 0x00, 0x00, 0x8c, 0x05, 0x00, 0x00, 0x84, 0x05, 0x00, 0x00,
  0x7c, 0x05, 0x00, 0x00, 0x74, 0x05, 0x00, 0x00, 0x6c, 0x05, 0x00, 0x00,
  0x64, 0x05, 0x00, 0x00, 0x5c, 0x05, 0x00, 0x00, 0x54, 0x05, 0x00, 0x00,
  0x4c, 0x05, 0x00, 0x00, 0x44, 0x05, 0x00, 0x00, 0x3c, 0x05, 0x00, 0x00,
  0x34, 0x05, 0x00, 0x00, 0x2c, 0x05, 0x00, 0x00, 0x24, 0x05, 0x00, 0x00,
  0x1c, 0x05, 0x00, 0x00, 0x14, 0x05, 0x00, 0x00, 0x0c, 0x05, 0x00, 0x00,
  0x04, 0x05, 0x00, 0x00, 0xfc, 0x04, 0x00, 0x00, 0xf4, 0x04, 0x00, 0x00,
  0xec, 0x04, 0x00, 0x00, 0xe4, 0x04, 0x00, 0x00, 0xdc, 0x04, 0x00, 0x00,
  0xd4, 0x04, 0x00, 0x00, 0xcc, 0x04, 0x00, 0x00, 0xc4, 0x04, 0x00, 0x00,
  0xbc, 0x04, 0x00, 0x00, 0xb4, 0x04, 0x00, 0x00, 0xac, 0x04, 0x00, 0x00,
  0xa4, 0x04, 0x00, 0x00, 0x9c, 0x04, 0x00, 0x00, 0x94, 0x04, 0x00, 0x00,
  0x8c, 0x04, 0x00, 0x00, 0x84, 0x04, 0x00, 0x00, 0x7c, 0x04, 0x00, 0x00,
  0x74, 0x04, 0x00, 0x00, 0x6c, 0x04, 0x00, 0x00, 0x64, 0x04, 0x00, 0x00,
  0x5c, 0x04, 0x00, 0x00, 0x54, 0x04, 0x00, 0x00, 0x4c, 0x04, 0x00, 0x00,
  0x44, 0x04, 0x00, 0x00, 0x3c, 0x04, 0x00, 0x00, 0x34, 0x04, 0x00, 0x00,
  0x2c, 0x04, 0x00, 0x00, 0x24, 0x04, 0x00, 0x00, 0x1c, 0x04, 0x00, 0x00,
  0x14, 0x04, 0x00, 0x00, 0x0c, 0x04, 0x00, 0x00, 0x04, 0x04, 0x00, 0x00,
  0xfc, 0x03, 0x00, 0x00, 0xf4, 0x03, 0x00, 0x00, 0xec, 0x03, 0x00, 0x00,
  0xe4, 0x03, 0x00, 0x00, 0xdc, 0x03, 0x00, 0x00, 0xd4, 0x03, 0x00, 0x00,
  0xcc, 0x03, 0x00, 0x00, 0xc4, 0x03, 0x00, 0x00, 0xbc, 0x03, 0x00, 0x00,
  0xb4, 0x03, 0x00, 0x00, 0xac, 0x03, 0x00, 0x00, 0xa4, 0x03, 0x00, 0x00,
  0x9c, 0x03, 0x00, 0x00, 0x94, 0x03, 0x00, 0x00, 0x8c, 0x03, 0x00, 0x00,
  0x84, 0x03, 0x00, 0x00, 0x7c, 0x03, 0x00, 0x00, 0x74, 0x03, 0x00, 0x00,
  0x6c, 0x03, 0x00, 0x00, 0x64, 0x03, 0x00, 0x00, 0x5c, 0x03, 0x00, 0x00,
  0x54, 0x03, 0x00, 0x00, 0x4c, 0x03, 0x00, 0x00, 0x44, 0x03, 0x00, 0x00,
  0x3c, 0x03, 0x00, 0x00, 0x34, 0x03, 0x00, 0x00, 0x2c, 0x03, 0x00, 0x00,
  0x24, 0x03, 0x00, 0x00, 0x1c, 0x03, 0x00, 0x00, 0x14, 0x03, 0x00, 0x00,
  0x0c, 0x03, 0x00, 0x00, 0x04, 0x03, 0x00, 0x00, 0xfc, 0x02, 0x00, 0x00,
  0xf4, 0x02, 0x00, 0x00, 0xec, 0x02, 0x00, 0x00, 0xe4, 0x02, 0x00, 0x00,
  0xdc, 0x02, 0x00, 0x00, 0xd4, 0x02, 0x00, 0x00, 0xcc, 0x02, 0x00, 0x00,
  0xc4, 0x02, 0x00, 0x00, 0xbc, 0x02, 0x00, 0x00, 0xb4, 0x02, 0x00, 0x00,
  0xac, 0x02, 0x00, 0x00, 0xa4, 0x02, 0x00, 0x00, 0x9c, 0x02, 0x00, 0x00,
  0x94, 0x02, 0x00, 0x00, 0x8c, 0x02, 0x00, 0x00, 0x84, 0x02, 0x00, 0x00,
  0x7c, 0x02, 0x00, 0x00, 0x74, 0x02, 0x00, 0x00, 0x6c, 0x02, 0x00, 0x00,
  0x64, 0x02, 0x00, 0x00, 0x5c, 0x02, 0x00, 0x00, 0x54, 0x02, 0x00, 0x00,
  0x4c, 0x02, 0x00, 0x00, 0x44, 0x02, 0x00, 0x00, 0x3c, 0x02, 0x00, 0x00,
  0x34, 0x02, 0x00, 0x00, 0x2c, 0x02, 0x00, 0x00, 0x24, 0x02, 0x00, 0x00,
  0x1c, 0x02, 0x00, 0x00, 0x14, 0x02, 0x00, 0x00, 0x0c, 0x02, 0x00, 0x00,
  0x04, 0x02, 0x00, 0x00, 0xfc, 0x01, 0x00, 0x00, 0xf4, 0x01, 0x00, 0x00,
  0xec, 0x01, 0x00, 0x00, 0xe4, 0x01, 0x00, 0x00, 0xdc, 0x01, 0x00, 0x00,
  0xd4, 0x01, 0x00, 0x00, 0xcc, 0x01, 0x00, 0x00, 0xc4, 0x01, 0x00, 0x00,
  0xbc, 0x01, 0x00, 0x00, 0xb4, 0x01, 0x00, 0x00, 0xac, 0x01, 0x00, 0x00,
  0xa4, 0x01, 0x00, 0x00, 0x9c, 0x01, 0x00, 0x00, 0x94, 0x01, 0x00, 0x00,
  0x8c, 0x01, 0x00, 0x00, 0x84, 0x01, 0x00, 0x00, 0x7c, 0x01, 0x00, 0x00,
  0x74, 0x01, 0x00, 0x00, 0x6c, 0x01, 0x00, 0x00, 0x64, 0x01, 0x00, 0x00,
  0x5c, 0x01, 0x00, 0x00, 0x54, 0x01, 0x00, 0x00, 0x4c, 0x01, 0x00, 0x00,
  0x44, 0x01, 0x00, 0x00, 0x3c, 0x01, 0x00, 0x00, 0x34, 0x01, 0x00, 0x00,
  0x2c, 0x01, 0x00, 0x00, 0x24, 0x01, 0x00, 0x00, 0x1c, 0x01, 0x00, 0x00,
  0x14, 0x01, 0x00, 0x00, 0x0c, 0x01, 0x00, 0x00, 0x04, 0x01, 0x00, 0x00,
  0xfc, 0x00, 0x00, 0x00, 0xf4, 0x00, 0x00, 0x00, 0xec, 0x00, 0x00, 0x00,
  0xe4, 0x00, 0x00, 0x00, 0xdc, 0x00, 0x00, 0x00, 0xd4, 0x00, 0x00, 0x00,
  0xcc, 0x00, 0x00, 0x00, 0xc4, 0x00, 0x00, 0x00, 0xbc, 0x00, 0x00, 0x00,
  0xb4, 0x00, 0x00, 0x00, 0xac, 0x00, 0x00, 0x00, 0xa4, 0x00, 0x00, 0x00,
  0x9c, 0x00, 0x00, 0x00, 0x94, 0x00, 0x00, 0x00, 0x74, 0x00, 0x00, 0x00,
  0x04, 0x00, 0x00, 0x00, 0xae, 0x96, 0xff, 0xff, 0x04, 0x00, 0x00, 0x00,
  0x60, 0x00, 0x00, 0x00, 0x0c, 0x00, 0x00, 0x00, 0x08, 0x00, 0x0e, 0x00,
  0x08, 0x00, 0x04, 0x00, 0x08, 0x00, 0x00, 0x00, 0x10, 0x00, 0x00, 0x00,
  0x28, 0x00, 0x00, 0x00, 0x00, 0x00, 0x06, 0x00, 0x08, 0x00, 0x04, 0x00,
  0x06, 0x00, 0x00, 0x00, 0x04, 0x00, 0x00, 0x00, 0x01, 0x00, 0x00, 0x00,
  0xeb, 0x03, 0x00, 0x00, 0x0c, 0x00, 0x18, 0x00, 0x14, 0x00, 0x10, 0x00,
  0x0c, 0x00, 0x04, 0x00, 0x0c, 0x00, 0x00, 0x00, 0xd1, 0x63, 0xa0, 0x89,
  0xf9, 0x7a, 0x79, 0x8b, 0x02, 0x00, 0x00, 0x00, 0x02, 0x00, 0x00, 0x00,
  0x04, 0x00, 0x00, 0x00, 0x06, 0x00, 0x00, 0x00, 0x32, 0x2e, 0x32, 0x31,
  0x2e, 0x30, 0x00, 0x00, 0x1a, 0x97, 0xff, 0xff, 0x04, 0x00, 0x00, 0x00,
  0x10, 0x00, 0x00, 0x00, 0x32, 0x2e, 0x35, 0x2e, 0x30, 0x00, 0x00, 0x00,
  0x00, 0x00, 0x00, 0x00, 0x00, 0x00, 0x00, 0x00, 0x38, 0x05, 0xfe, 0xff,
  0x3c, 0x05, 0xfe, 0xff, 0x40, 0x05, 0xfe, 0xff, 0x44, 0x05, 0xfe, 0xff,
  0x48, 0x05, 0xfe, 0xff, 0x4c, 0x05, 0xfe, 0xff, 0x50, 0x05, 0xfe, 0xff,
  0x54, 0x05, 0xfe, 0xff, 0x58, 0x05, 0xfe, 0xff, 0x5c, 0x05, 0xfe, 0xff,
  0x60, 0x05, 0xfe, 0xff, 0x64, 0x05, 0xfe, 0xff, 0x68, 0x05, 0xfe, 0xff,
  0x6c, 0x05, 0xfe, 0xff, 0x70, 0x05, 0xfe, 0xff, 0x74, 0x05, 0xfe, 0xff,
  0x78, 0x05, 0xfe, 0xff, 0x7c, 0x05, 0xfe, 0xff, 0x80, 0x05, 0xfe, 0xff,
  0x84, 0x05, 0xfe, 0xff, 0x88, 0x05, 0xfe, 0xff, 0x8c, 0x05, 0xfe, 0xff,
  0x90, 0x05, 0xfe, 0xff, 0x94, 0x05, 0xfe, 0xff, 0x98, 0x05, 0xfe, 0xff,
  0x9c, 0x05, 0xfe, 0xff, 0xa0, 0x05, 0xfe, 0xff, 0xa4, 0x05, 0xfe, 0xff,
  0xa8, 0x05, 0xfe, 0xff, 0xac, 0x05, 0xfe, 0xff, 0xb0, 0x05, 0xfe, 0xff,
  0xb4, 0x05, 0xfe, 0xff, 0xb8, 0x05, 0xfe, 0xff, 0xbc, 0x05, 0xfe, 0xff,
  0xc0, 0x05, 0xfe, 0xff, 0xc4, 0x05, 0xfe, 0xff, 0xc8, 0x05, 0xfe, 0xff,
  0xcc, 0x05, 0xfe, 0xff, 0xd0, 0x05, 0xfe, 0xff, 0xd4, 0x05, 0xfe, 0xff,
  0xd8, 0x05, 0xfe, 0xff, 0xdc, 0x05, 0xfe, 0xff, 0xe0, 0x05, 0xfe, 0xff,
  0xe4, 0x05, 0xfe, 0xff, 0xe8, 0x05, 0xfe, 0xff, 0xec, 0x05, 0xfe, 0xff,
  0xf0, 0x05, 0xfe, 0xff, 0xf4, 0x05, 0xfe, 0xff, 0xf8, 0x05, 0xfe, 0xff,
  0xfc, 0x05, 0xfe, 0xff, 0x00, 0x06, 0xfe, 0xff, 0x04, 0x06, 0xfe, 0xff,
  0x08, 0x06, 0xfe, 0xff, 0x0c, 0x06, 0xfe, 0xff, 0x10, 0x06, 0xfe, 0xff,
  0x14, 0x06, 0xfe, 0xff, 0x18, 0x06, 0xfe, 0xff, 0x1c, 0x06, 0xfe, 0xff,
  0x20, 0x06, 0xfe, 0xff, 0x24, 0x06, 0xfe, 0xff, 0x28, 0x06, 0xfe, 0xff,
  0x2c, 0x06, 0xfe, 0xff, 0x30, 0x06, 0xfe, 0xff, 0x34, 0x06, 0xfe, 0xff,
  0x38, 0x06, 0xfe, 0xff, 0x3c, 0x06, 0xfe, 0xff, 0x40, 0x06, 0xfe, 0xff,
  0x44, 0x06, 0xfe, 0xff, 0x48, 0x06, 0xfe, 0xff, 0x4c, 0x06, 0xfe, 0xff,
  0x50, 0x06, 0xfe, 0xff, 0x54, 0x06, 0xfe, 0xff, 0x58, 0x06, 0xfe, 0xff,
  0x5c, 0x06, 0xfe, 0xff, 0x60, 0x06, 0xfe, 0xff, 0x64, 0x06, 0xfe, 0xff,
  0x68, 0x06, 0xfe, 0xff, 0x6c, 0x06, 0xfe, 0xff, 0x70, 0x06, 0xfe, 0xff,
  0x74, 0x06, 0xfe, 0xff, 0x78, 0x06, 0xfe, 0xff, 0x7c, 0x06, 0xfe, 0xff,
  0x80, 0x06, 0xfe, 0xff, 0x84, 0x06, 0xfe, 0xff, 0x88, 0x06, 0xfe, 0xff,
  0x8c, 0x06, 0xfe, 0xff, 0x90, 0x06, 0xfe, 0xff, 0x94, 0x06, 0xfe, 0xff,
  0x98, 0x06, 0xfe, 0xff, 0x9c, 0x06, 0xfe, 0xff, 0xa0, 0x06, 0xfe, 0xff,
  0xa4, 0x06, 0xfe, 0xff, 0xa8, 0x06, 0xfe, 0xff, 0xac, 0x06, 0xfe, 0xff,
  0xb0, 0x06, 0xfe, 0xff, 0xb4, 0x06, 0xfe, 0xff, 0xb8, 0x06, 0xfe, 0xff,
  0xbc, 0x06, 0xfe, 0xff, 0xc0, 0x06, 0xfe, 0xff, 0xc4, 0x06, 0xfe, 0xff,
  0xc8, 0x06, 0xfe, 0xff, 0xcc, 0x06, 0xfe, 0xff, 0xd0, 0x06, 0xfe, 0xff,
  0xd4, 0x06, 0xfe, 0xff, 0xd8, 0x06, 0xfe, 0xff, 0xdc, 0x06, 0xfe, 0xff,
  0xe0, 0x06, 0xfe, 0xff, 0xe4, 0x06, 0xfe, 0xff, 0xe8, 0x06, 0xfe, 0xff,
  0xec, 0x06, 0xfe, 0xff, 0xf0, 0x06, 0xfe, 0xff, 0xf4, 0x06, 0xfe, 0xff,
  0xf8, 0x06, 0xfe, 0xff, 0xfc, 0x06, 0xfe, 0xff, 0x00, 0x07, 0xfe, 0xff,
  0x04, 0x07, 0xfe, 0xff, 0x08, 0x07, 0xfe, 0xff, 0x0c, 0x07, 0xfe, 0xff,
  0x10, 0x07, 0xfe, 0xff, 0x14, 0x07, 0xfe, 0xff, 0x18, 0x07, 0xfe, 0xff,
  0x1c, 0x07, 0xfe, 0xff, 0x20, 0x07, 0xfe, 0xff, 0x24, 0x07, 0xfe, 0xff,
  0x28, 0x07, 0xfe, 0xff, 0x2c, 0x07, 0xfe, 0xff, 0x30, 0x07, 0xfe, 0xff,
  0x34, 0x07, 0xfe, 0xff, 0x38, 0x07, 0xfe, 0xff, 0x3c, 0x07, 0xfe, 0xff,
  0x40, 0x07, 0xfe, 0xff, 0x44, 0x07, 0xfe, 0xff, 0x48, 0x07, 0xfe, 0xff,
  0x4c, 0x07, 0xfe, 0xff, 0x50, 0x07, 0xfe, 0xff, 0x54, 0x07, 0xfe, 0xff,
  0x58, 0x07, 0xfe, 0xff, 0x5c, 0x07, 0xfe, 0xff, 0x60, 0x07, 0xfe, 0xff,
  0x64, 0x07, 0xfe, 0xff, 0x68, 0x07, 0xfe, 0xff, 0x6c, 0x07, 0xfe, 0xff,
  0x70, 0x07, 0xfe, 0xff, 0x74, 0x07, 0xfe, 0xff, 0x78, 0x07, 0xfe, 0xff,
  0x7c, 0x07, 0xfe, 0xff, 0x80, 0x07, 0xfe, 0xff, 0x84, 0x07, 0xfe, 0xff,
  0x88, 0x07, 0xfe, 0xff, 0x8c, 0x07, 0xfe, 0xff, 0x90, 0x07, 0xfe, 0xff,
  0x94, 0x07, 0xfe, 0xff, 0x98, 0x07, 0xfe, 0xff, 0x9c, 0x07, 0xfe, 0xff,
  0xa0, 0x07, 0xfe, 0xff, 0xa4, 0x07, 0xfe, 0xff, 0xa8, 0x07, 0xfe, 0xff,
  0xac, 0x07, 0xfe, 0xff, 0xb0, 0x07, 0xfe, 0xff, 0xb4, 0x07, 0xfe, 0xff,
  0xb8, 0x07, 0xfe, 0xff, 0xbc, 0x07, 0xfe, 0xff, 0xc0, 0x07, 0xfe, 0xff,
  0xc4, 0x07, 0xfe, 0xff, 0xc8, 0x07, 0xfe, 0xff, 0xcc, 0x07, 0xfe, 0xff,
  0xd0, 0x07, 0xfe, 0xff, 0xd4, 0x07, 0xfe, 0xff, 0xd8, 0x07, 0xfe, 0xff,
  0xdc, 0x07, 0xfe, 0xff, 0xe0, 0x07, 0xfe, 0xff, 0xe4, 0x07, 0xfe, 0xff,
  0xe8, 0x07, 0xfe, 0xff, 0xec, 0x07, 0xfe, 0xff, 0xf0, 0x07, 0xfe, 0xff,
  0xf4, 0x07, 0xfe, 0xff, 0xf8, 0x07, 0xfe, 0xff, 0xfc, 0x07, 0xfe, 0xff,
  0x00, 0x08, 0xfe, 0xff, 0x04, 0x08, 0xfe, 0xff, 0x08, 0x08, 0xfe, 0xff,
  0x0c, 0x08, 0xfe, 0xff, 0x10, 0x08, 0xfe, 0xff, 0x14, 0x08, 0xfe, 0xff,
  0x18, 0x08, 0xfe, 0xff, 0x1c, 0x08, 0xfe, 0xff, 0x20, 0x08, 0xfe, 0xff,
  0x24, 0x08, 0xfe, 0xff, 0x28, 0x08, 0xfe, 0xff, 0x2c, 0x08, 0xfe, 0xff,
  0x30, 0x08, 0xfe, 0xff, 0x34, 0x08, 0xfe, 0xff, 0x38, 0x08, 0xfe, 0xff,
  0x3c, 0x08, 0xfe, 0xff, 0x40, 0x08, 0xfe, 0xff, 0x44, 0x08, 0xfe, 0xff,
  0x48, 0x08, 0xfe, 0xff, 0x4c, 0x08, 0xfe, 0xff, 0x50, 0x08, 0xfe, 0xff,
  0x54, 0x08, 0xfe, 0xff, 0x58, 0x08, 0xfe, 0xff, 0x5c, 0x08, 0xfe, 0xff,
  0x60, 0x08, 0xfe, 0xff, 0x64, 0x08, 0xfe, 0xff, 0x68, 0x08, 0xfe, 0xff,
  0x6c, 0x08, 0xfe, 0xff, 0x70, 0x08, 0xfe, 0xff, 0x74, 0x08, 0xfe, 0xff,
  0x78, 0x08, 0xfe, 0xff, 0x7c, 0x08, 0xfe, 0xff, 0x80, 0x08, 0xfe, 0xff,
  0x84, 0x08, 0xfe, 0xff, 0x88, 0x08, 0xfe, 0xff, 0x8c, 0x08, 0xfe, 0xff,
  0x90, 0x08, 0xfe, 0xff, 0x94, 0x08, 0xfe, 0xff, 0x98, 0x08, 0xfe, 0xff,
  0x9c, 0x08, 0xfe, 0xff, 0xa0, 0x08, 0xfe, 0xff, 0xa4, 0x08, 0xfe, 0xff,
  0xa8, 0x08, 0xfe, 0xff, 0xac, 0x08, 0xfe, 0xff, 0xb0, 0x08, 0xfe, 0xff,
  0xb4, 0x08, 0xfe, 0xff, 0xb8, 0x08, 0xfe, 0xff, 0xbc, 0x08, 0xfe, 0xff,
  0xc0, 0x08, 0xfe, 0xff, 0xc4, 0x08, 0xfe, 0xff, 0xc8, 0x08, 0xfe, 0xff,
  0xcc, 0x08, 0xfe, 0xff, 0xd0, 0x08, 0xfe, 0xff, 0xd4, 0x08, 0xfe, 0xff,
  0xd8, 0x08, 0xfe, 0xff, 0xdc, 0x08, 0xfe, 0xff, 0xe0, 0x08, 0xfe, 0xff,
  0xe4, 0x08, 0xfe, 0xff, 0xe8, 0x08, 0xfe, 0xff, 0xec, 0x08, 0xfe, 0xff,
  0xf0, 0x08, 0xfe, 0xff, 0xf4, 0x08, 0xfe, 0xff, 0xf8, 0x08, 0xfe, 0xff,
  0xfc, 0x08, 0xfe, 0xff, 0x00, 0x09, 0xfe, 0xff, 0x04, 0x09, 0xfe, 0xff,
  0x08, 0x09, 0xfe, 0xff, 0x0c, 0x09, 0xfe, 0xff, 0x10, 0x09, 0xfe, 0xff,
  0x14, 0x09, 0xfe, 0xff, 0x18, 0x09, 0xfe, 0xff, 0x1c, 0x09, 0xfe, 0xff,
  0x20, 0x09, 0xfe, 0xff, 0x24, 0x09, 0xfe, 0xff, 0x28, 0x09, 0xfe, 0xff,
  0x2c, 0x09, 0xfe, 0xff, 0x30, 0x09, 0xfe, 0xff, 0x34, 0x09, 0xfe, 0xff,
  0x38, 0x09, 0xfe, 0xff, 0x3c, 0x09, 0xfe, 0xff, 0x40, 0x09, 0xfe, 0xff,
  0x44, 0x09, 0xfe, 0xff, 0x48, 0x09, 0xfe, 0xff, 0x4c, 0x09, 0xfe, 0xff,
  0x50, 0x09, 0xfe, 0xff, 0x54, 0x09, 0xfe, 0xff, 0x58, 0x09, 0xfe, 0xff,
  0x5c, 0x09, 0xfe, 0xff, 0x60, 0x09, 0xfe, 0xff, 0x64, 0x09, 0xfe, 0xff,
  0x68, 0x09, 0xfe, 0xff, 0x6c, 0x09, 0xfe, 0xff, 0x70, 0x09, 0xfe, 0xff,
  0x74, 0x09, 0xfe, 0xff, 0x78, 0x09, 0xfe, 0xff, 0x7c, 0x09, 0xfe, 0xff,
  0x80, 0x09, 0xfe, 0xff, 0x84, 0x09, 0xfe, 0xff, 0x88, 0x09, 0xfe, 0xff,
  0x8c, 0x09, 0xfe, 0xff, 0x90, 0x09, 0xfe, 0xff, 0x94, 0x09, 0xfe, 0xff,
  0x98, 0x09, 0xfe, 0xff, 0x9c, 0x09, 0xfe, 0xff, 0xa0, 0x09, 0xfe, 0xff,
  0xa4, 0x09, 0xfe, 0xff, 0xa8, 0x09, 0xfe, 0xff, 0xac, 0x09, 0xfe, 0xff,
  0xb0, 0x09, 0xfe, 0xff, 0xb4, 0x09, 0xfe, 0xff, 0xb8, 0x09, 0xfe, 0xff,
  0xbc, 0x09, 0xfe, 0xff, 0xc0, 0x09, 0xfe, 0xff, 0xc4, 0x09, 0xfe, 0xff,
  0xc8, 0x09, 0xfe, 0xff, 0xcc, 0x09, 0xfe, 0xff, 0xd0, 0x09, 0xfe, 0xff,
  0xd4, 0x09, 0xfe, 0xff, 0xd8, 0x09, 0xfe, 0xff, 0xdc, 0x09, 0xfe, 0xff,
  0xe0, 0x09, 0xfe, 0xff, 0xe4, 0x09, 0xfe, 0xff, 0xe8, 0x09, 0xfe, 0xff,
  0xec, 0x09, 0xfe, 0xff, 0xf0, 0x09, 0xfe, 0xff, 0xf4, 0x09, 0xfe, 0xff,
  0xf8, 0x09, 0xfe, 0xff, 0xfc, 0x09, 0xfe, 0xff, 0x00, 0x0a, 0xfe, 0xff,
  0x04, 0x0a, 0xfe, 0xff, 0x08, 0x0a, 0xfe, 0xff, 0x0c, 0x0a, 0xfe, 0xff,
  0x10, 0x0a, 0xfe, 0xff, 0x14, 0x0a, 0xfe, 0xff, 0x18, 0x0a, 0xfe, 0xff,
  0x1c, 0x0a, 0xfe, 0xff, 0x20, 0x0a, 0xfe, 0xff, 0x24, 0x0a, 0xfe, 0xff,
  0x28, 0x0a, 0xfe, 0xff, 0x2c, 0x0a, 0xfe, 0xff, 0x30, 0x0a, 0xfe, 0xff,
  0x34, 0x0a, 0xfe, 0xff, 0x38, 0x0a, 0xfe, 0xff, 0x3c, 0x0a, 0xfe, 0xff,
  0x40, 0x0a, 0xfe, 0xff, 0x44, 0x0a, 0xfe, 0xff, 0x48, 0x0a, 0xfe, 0xff,
  0x4c, 0x0a, 0xfe, 0xff, 0x50, 0x0a, 0xfe, 0xff, 0x54, 0x0a, 0xfe, 0xff,
  0x58, 0x0a, 0xfe, 0xff, 0x5c, 0x0a, 0xfe, 0xff, 0x60, 0x0a, 0xfe, 0xff,
  0x64, 0x0a, 0xfe, 0xff, 0x68, 0x0a, 0xfe, 0xff, 0x6c, 0x0a, 0xfe, 0xff,
  0x70, 0x0a, 0xfe, 0xff, 0x74, 0x0a, 0xfe, 0xff, 0x78, 0x0a, 0xfe, 0xff,
  0x7c, 0x0a, 0xfe, 0xff, 0x80, 0x0a, 0xfe, 0xff, 0x84, 0x0a, 0xfe, 0xff,
  0x88, 0x0a, 0xfe, 0xff, 0x8c, 0x0a, 0xfe, 0xff, 0x90, 0x0a, 0xfe, 0xff,
  0x94, 0x0a, 0xfe, 0xff, 0x98, 0x0a, 0xfe, 0xff, 0x9c, 0x0a, 0xfe, 0xff,
  0xa0, 0x0a, 0xfe, 0xff, 0xa4, 0x0a, 0xfe, 0xff, 0xa8, 0x0a, 0xfe, 0xff,
  0xac, 0x0a, 0xfe, 0xff, 0xb0, 0x0a, 0xfe, 0xff, 0xb4, 0x0a, 0xfe, 0xff,
  0xb8, 0x0a, 0xfe, 0xff, 0xbc, 0x0a, 0xfe, 0xff, 0xc0, 0x0a, 0xfe, 0xff,
  0xc4, 0x0a, 0xfe, 0xff, 0xc8, 0x0a, 0xfe, 0xff, 0xcc, 0x0a, 0xfe, 0xff,
  0xd0, 0x0a, 0xfe, 0xff, 0xd4, 0x0a, 0xfe, 0xff, 0xd8, 0x0a, 0xfe, 0xff,
  0xdc, 0x0a, 0xfe, 0xff, 0xe0, 0x0a, 0xfe, 0xff, 0xe4, 0x0a, 0xfe, 0xff,
  0xe8, 0x0a, 0xfe, 0xff, 0xec, 0x0a, 0xfe, 0xff, 0xf0, 0x0a, 0xfe, 0xff,
  0xf4, 0x0a, 0xfe, 0xff, 0xf8, 0x0a, 0xfe, 0xff, 0xfc, 0x0a, 0xfe, 0xff,
  0x00, 0x0b, 0xfe, 0xff, 0x04, 0x0b, 0xfe, 0xff, 0x08, 0x0b, 0xfe, 0xff,
  0x0c, 0x0b, 0xfe, 0xff, 0x10, 0x0b, 0xfe, 0xff, 0x14, 0x0b, 0xfe, 0xff,
  0x18, 0x0b, 0xfe, 0xff, 0x1c, 0x0b, 0xfe, 0xff, 0x20, 0x0b, 0xfe, 0xff,
  0x24, 0x0b, 0xfe, 0xff, 0x28, 0x0b, 0xfe, 0xff, 0x2c, 0x0b, 0xfe, 0xff,
  0x30, 0x0b, 0xfe, 0xff, 0x34, 0x0b, 0xfe, 0xff, 0x38, 0x0b, 0xfe, 0xff,
  0x3c, 0x0b, 0xfe, 0xff, 0x40, 0x0b, 0xfe, 0xff, 0x44, 0x0b, 0xfe, 0xff,
  0x48, 0x0b, 0xfe, 0xff, 0x4c, 0x0b, 0xfe, 0xff, 0x50, 0x0b, 0xfe, 0xff,
  0x54, 0x0b, 0xfe, 0xff, 0x58, 0x0b, 0xfe, 0xff, 0x5c, 0x0b, 0xfe, 0xff,
  0x60, 0x0b, 0xfe, 0xff, 0x64, 0x0b, 0xfe, 0xff, 0x68, 0x0b, 0xfe, 0xff,
  0x6c, 0x0b, 0xfe, 0xff, 0x70, 0x0b, 0xfe, 0xff, 0x74, 0x0b, 0xfe, 0xff,
  0x78, 0x0b, 0xfe, 0xff, 0x7c, 0x0b, 0xfe, 0xff, 0x80, 0x0b, 0xfe, 0xff,
  0x84, 0x0b, 0xfe, 0xff, 0x88, 0x0b, 0xfe, 0xff, 0x8c, 0x0b, 0xfe, 0xff,
  0x8e, 0x9d, 0xff, 0xff, 0x04, 0x00, 0x00, 0x00, 0x01, 0x00, 0x00, 0x00,
  0x00, 0x00, 0x00, 0x00, 0x9e, 0x9d, 0xff, 0xff, 0x04, 0x00, 0x00, 0x00,
  0x40, 0x02, 0x00, 0x00, 0x3f, 0x09, 0x26, 0x3f, 0x27, 0x1f, 0x0a, 0x6a,
  0xf0, 0x2f, 0x7f, 0xef, 0xdc, 0xc6, 0x73, 0xa7, 0xdc, 0x0b, 0x01, 0xd7,
  0xf0, 0x40, 0x81, 0x0b, 0x21, 0xe6, 0x2e, 0x74, 0x7f, 0xd7, 0x4e, 0x0f,
  0xcf, 0x94, 0x71, 0x2a, 0x00, 0x44, 0xe8, 0x63, 0x7f, 0xd9, 0x4a, 0xf0,
  0x09, 0xf0, 0x81, 0xeb, 0xef, 0xf0, 0x96, 0xe8, 0xbd, 0xc5, 0x3d, 0x79,
  0xdd, 0x56, 0x8f, 0x7f, 0x3e, 0xec, 0x9f, 0xd3, 0x60, 0xef, 0xe7, 0xc9,
  0xfb, 0xea, 0x81, 0xee, 0x44, 0x45, 0x15, 0xb9, 0xbe, 0xae, 0x4d, 0x7f,
  0x6b, 0x8b, 0xc4, 0xe1, 0x45, 0xc3, 0xa8, 0xbd, 0x65, 0x13, 0x0f, 0x2a,
  0x7f, 0x38, 0x35, 0x31, 0x55, 0x19, 0xf9, 0xd1, 0x04, 0x22, 0x5e, 0x66,
  0xee, 0x10, 0x81, 0xdf, 0x2d, 0xa6, 0x0c, 0xea, 0x7f, 0xd3, 0xc8, 0x6a,
  0xbe, 0xe4, 0x28, 0x70, 0x3f, 0x0c, 0x77, 0x3d, 0xb7, 0x0c, 0xfd, 0x50,
  0xbb, 0x56, 0xb7, 0x81, 0xfa, 0x72, 0x1a, 0x31, 0x05, 0x7f, 0x0d, 0x27,
  0x4c, 0x3b, 0xf0, 0xd2, 0x45, 0x6f, 0x81, 0xf2, 0x0d, 0x28, 0x73, 0xbb,
  0x54, 0x02, 0x29, 0xeb, 0xa0, 0xf4, 0xd4, 0xdb, 0x10, 0x0f, 0x5f, 0x7f,
  0x0b, 0xcb, 0x89, 0x05, 0xf2, 0x3e, 0xee, 0xf2, 0xf7, 0x53, 0xb1, 0xf2,
  0xbe, 0x21, 0x56, 0x7f, 0x41, 0x30, 0xed, 0xfd, 0x76, 0xf4, 0xf7, 0x8a,
  0x81, 0x33, 0xed, 0x7b, 0xe8, 0xc4, 0x81, 0xce, 0x1e, 0xaf, 0xd8, 0x85,
  0x05, 0xca, 0xe2, 0xda, 0xed, 0x50, 0xad, 0x0c, 0xb8, 0xa9, 0xf9, 0x0e,
  0x08, 0x25, 0x81, 0x49, 0x3a, 0x82, 0xfc, 0x50, 0x36, 0x03, 0xc2, 0xda,
  0x15, 0x7f, 0x46, 0xb5, 0xf2, 0x23, 0x49, 0x36, 0x58, 0xe1, 0x81, 0xf6,
  0x3b, 0x38, 0xb4, 0xdd, 0xca, 0xc4, 0xe0, 0xd1, 0xd5, 0xfe, 0x37, 0x0d,
  0x81, 0xd6, 0xcb, 0x2b, 0xa7, 0xab, 0x1b, 0x90, 0xaa, 0x21, 0x57, 0x81,
  0x0b, 0xd5, 0xa0, 0xc8, 0x32, 0x9a, 0x45, 0xb6, 0x1b, 0x81, 0x97, 0x98,
  0xb6, 0x58, 0xa8, 0xc7, 0xf9, 0x0d, 0xcf, 0x5d, 0x7a, 0x1a, 0x27, 0xff,
  0x55, 0xa1, 0x7f, 0xdf, 0xe2, 0x8e, 0xb5, 0xf9, 0xce, 0x29, 0x26, 0x81,
  0x0c, 0x02, 0x59, 0xa4, 0x10, 0xd8, 0xfe, 0xf7, 0xfd, 0xd9, 0x24, 0xe7,
  0x81, 0xe5, 0xee, 0xd7, 0xe9, 0x81, 0xb0, 0xdd, 0x60, 0x9f, 0xb6, 0x47,
  0x94, 0xbc, 0xd9, 0xfe, 0xbc, 0x89, 0x29, 0x81, 0xdb, 0xf4, 0x50, 0x95,
  0xab, 0x8c, 0xf9, 0xb9, 0x41, 0xa9, 0xc9, 0xb1, 0x25, 0xc9, 0xf4, 0x12,
  0xc3, 0x2d, 0x81, 0x47, 0xf5, 0x3f, 0x5a, 0x64, 0x0b, 0x31, 0x24, 0xd4,
  0x55, 0x75, 0x7f, 0x4c, 0x10, 0x5f, 0x5f, 0x53, 0xd7, 0x7f, 0xae, 0x60,
  0xe1, 0x69, 0xde, 0xe3, 0x87, 0xe3, 0xb9, 0x81, 0x48, 0x3f, 0x67, 0xea,
  0xea, 0x0b, 0xa8, 0x79, 0x94, 0x81, 0xe1, 0xf6, 0xe5, 0x50, 0x45, 0x20,
  0x36, 0x54, 0xf4, 0x15, 0x10, 0x0d, 0x41, 0x03, 0xd9, 0xdf, 0xbe, 0x2a,
  0x35, 0x59, 0x7f, 0xfb, 0x95, 0xf2, 0xb2, 0x56, 0x4e, 0x00, 0x7f, 0x43,
  0x34, 0x44, 0x99, 0x00, 0xa0, 0xec, 0x81, 0x4d, 0x37, 0xce, 0xec, 0xd4,
  0x1b, 0xfd, 0x71, 0x1b, 0xcb, 0xee, 0xeb, 0xfd, 0xc9, 0x37, 0xa7, 0x81,
  0xc8, 0xca, 0xe0, 0xe0, 0x55, 0x01, 0x8e, 0x2d, 0x0e, 0x41, 0x94, 0x66,
  0x7f, 0x3b, 0x6a, 0xb9, 0x45, 0xda, 0xd5, 0x2b, 0x19, 0x20, 0xe7, 0xe5,
  0xb5, 0xfd, 0x81, 0xda, 0xa6, 0xac, 0x51, 0x2b, 0x86, 0xdd, 0x7c, 0x7f,
  0x1d, 0x09, 0xb0, 0x86, 0x2b, 0x00, 0xdd, 0xf0, 0x17, 0x49, 0x1e, 0xd8,
  0x00, 0x05, 0x7f, 0xe7, 0x99, 0x71, 0xf5, 0xf0, 0x81, 0x47, 0x41, 0xe7,
  0x61, 0xed, 0x2f, 0xce, 0xd9, 0xba, 0xed, 0xcb, 0x60, 0xcb, 0x18, 0x40,
  0x61, 0x81, 0xc7, 0x78, 0xf6, 0x93, 0xfe, 0xb0, 0x64, 0x05, 0x62, 0x26,
  0x7f, 0xeb, 0x13, 0xc7, 0x3b, 0x11, 0x50, 0x13, 0x9f, 0x7f, 0x97, 0x70,
  0x95, 0x95, 0x8c, 0x1d, 0x3b, 0xae, 0xd7, 0x16, 0x7f, 0x8c, 0x0e, 0xe8,
  0xc7, 0xf2, 0x86, 0x10, 0xc7, 0x50, 0x81, 0xb1, 0x2a, 0x28, 0xfe, 0xf7,
  0x85, 0x28, 0xf9, 0x33, 0xb0, 0xb4, 0xbd, 0x4b, 0xba, 0x19, 0x2f, 0x81,
  0xa1, 0xf9, 0x40, 0x53, 0xec, 0x0d, 0xfe, 0xff, 0xf0, 0x0d, 0xfe, 0xff,
  0xf4, 0x0d, 0xfe, 0xff, 0xf8, 0x0d, 0xfe, 0xff, 0xfc, 0x0d, 0xfe, 0xff,
  0x00, 0x0e, 0xfe, 0xff, 0x04, 0x0e, 0xfe, 0xff, 0x08, 0x0e, 0xfe, 0xff,
  0x0c, 0x0e, 0xfe, 0xff, 0x10, 0x0e, 0xfe, 0xff, 0x14, 0x0e, 0xfe, 0xff,
  0x18, 0x0e, 0xfe, 0xff, 0x1c, 0x0e, 0xfe, 0xff, 0x20, 0x0e, 0xfe, 0xff,
  0x24, 0x0e, 0xfe, 0xff, 0x28, 0x0e, 0xfe, 0xff, 0x2c, 0x0e, 0xfe, 0xff,
  0x30, 0x0e, 0xfe, 0xff, 0x34, 0x0e, 0xfe, 0xff, 0x36, 0xa0, 0xff, 0xff,
  0x04, 0x00, 0x00, 0x00, 0xc0, 0x00, 0x00, 0x00, 0x14, 0x14, 0x00, 0x00,
  0x0a, 0x02, 0x00, 0x00, 0xf4, 0x1a, 0x00, 0x00, 0xb6, 0x04, 0x00, 0x00,
  0x70, 0x0a, 0x00, 0x00, 0x7c, 0x02, 0x00, 0x00, 0x0e, 0x10, 0x00, 0x00,
  0x1d, 0x0d, 0x00, 0x00, 0x63, 0x1e, 0x00, 0x00, 0x80, 0x0b, 0x00, 0x00,
  0xae, 0x10, 0x00, 0x00, 0xa5, 0x23, 0x00, 0x00, 0x72, 0x17, 0x00, 0x00,
  0x53, 0x24, 0x00, 0x00, 0x6f, 0x24, 0x00, 0x00, 0x8a, 0x03, 0x00, 0x00,
  0x80, 0xf9, 0xff, 0xff, 0xe2, 0xec, 0xff, 0xff, 0x13, 0x02, 0x00, 0x00,
  0xf3, 0x03, 0x00, 0x00, 0xfe, 0xfe, 0xff, 0xff, 0x8a, 0x08, 0x00, 0x00,
  0x9b, 0xeb, 0xff, 0xff, 0x05, 0x02, 0x00, 0x00, 0x09, 0xe3, 0xff, 0xff,
  0xfd, 0xf0, 0xff, 0xff, 0xe6, 0x01, 0x00, 0x00, 0x68, 0xef, 0xff, 0xff,
  0x30, 0xef, 0xff, 0xff, 0xa9, 0x07, 0x00, 0x00, 0x67, 0x23, 0x00, 0x00,
  0x14, 0xea, 0xff, 0xff, 0x2a, 0xf2, 0xff, 0xff, 0xc4, 0x02, 0x00, 0x00,
  0x4a, 0xef, 0xff, 0xff, 0x61, 0xf6, 0xff, 0xff, 0xbd, 0x00, 0x00, 0x00,
  0x0d, 0xed, 0xff, 0xff, 0x94, 0xfe, 0xff, 0xff, 0xf8, 0x0e, 0x00, 0x00,
  0x20, 0xfa, 0xff, 0xff, 0x8f, 0xfe, 0xff, 0xff, 0x02, 0x18, 0x00, 0x00,
  0x78, 0xf5, 0xff, 0xff, 0xfb, 0xfc, 0xff, 0xff, 0x8b, 0xff, 0xff, 0xff,
  0xa4, 0xfd, 0xff, 0xff, 0x5d, 0x04, 0x00, 0x00, 0x02, 0xa1, 0xff, 0xff,
  0x04, 0x00, 0x00, 0x00, 0x00, 0x03, 0x00, 0x00, 0xf6, 0x07, 0xf7, 0xff,
  0xf4, 0x0b, 0xf7, 0xf1, 0x01, 0x27, 0xfa, 0xf3, 0x27, 0xf4, 0x08, 0x01,
  0x1a, 0x7f, 0x9f, 0xf9, 0xce, 0x3e, 0xe0, 0xee, 0x2f, 0xee, 0x84, 0xaa,
  0x44, 0xe5, 0xec, 0x2c, 0x11, 0xf7, 0x05, 0x28, 0x1d, 0xf6, 0x04, 0x04,
  0xfe, 0x0e, 0xf0, 0x03, 0xf8, 0xeb, 0x03, 0x12, 0xf7, 0x7f, 0x1e, 0x28,
  0xf4, 0xaa, 0x9f, 0x35, 0xe9, 0x0b, 0x09, 0xcc, 0x04, 0xb8, 0xe0, 0x07,
  0xfa, 0xfb, 0x36, 0x3d, 0xcf, 0xdf, 0xeb, 0xe2, 0xf8, 0xdf, 0xf9, 0xca,
  0xc4, 0xf0, 0xe1, 0x3b, 0xd3, 0x7d, 0x13, 0xb7, 0x71, 0xc6, 0xa5, 0x43,
  0x30, 0x50, 0xd7, 0x0c, 0xc9, 0x0e, 0x81, 0xde, 0x1b, 0xe7, 0xf0, 0xfb,
  0xd4, 0xfd, 0xff, 0xf3, 0x26, 0x25, 0xf0, 0xf0, 0x13, 0xc5, 0xfc, 0xec,
  0x03, 0x15, 0xfa, 0xdb, 0x0a, 0xf1, 0xfd, 0xed, 0xd4, 0xfc, 0xf6, 0xfe,
  0xf9, 0x0e, 0xea, 0xf9, 0xe8, 0x13, 0x04, 0xe3, 0xf8, 0xe8, 0xef, 0xf3,
  0x17, 0x11, 0xfe, 0xf2, 0x01, 0xf1, 0x01, 0x01, 0xed, 0x45, 0x1d, 0xf2,
  0xe3, 0x26, 0x17, 0x45, 0x04, 0xc2, 0xd7, 0xe5, 0xe4, 0xe8, 0xeb, 0x19,
  0x07, 0xc4, 0x0e, 0xd1, 0x09, 0xfa, 0x05, 0xf8, 0xf7, 0xf7, 0xfa, 0x0a,
  0x01, 0x03, 0x1e, 0xee, 0xf6, 0x0a, 0x10, 0xed, 0xf8, 0xf8, 0xf7, 0x0a,
  0x00, 0x0e, 0xff, 0xee, 0x04, 0x0c, 0xf3, 0x06, 0xed, 0x2b, 0x18, 0xf9,
  0x00, 0xea, 0xd6, 0x16, 0x27, 0x21, 0xe8, 0x21, 0x11, 0xf9, 0x04, 0xe3,
  0x15, 0x09, 0x1b, 0xdc, 0xf1, 0xfa, 0xf0, 0x01, 0xf7, 0x06, 0x04, 0xfb,
  0x18, 0xff, 0xf3, 0xda, 0xfe, 0x12, 0xfe, 0xe7, 0xf8, 0x0b, 0xfe, 0x00,
  0xff, 0x02, 0x06, 0xfd, 0x0b, 0x07, 0xf3, 0xfa, 0x29, 0x3d, 0x11, 0x2e,
  0xb4, 0xfe, 0x26, 0x33, 0xf8, 0x04, 0x34, 0x3f, 0x60, 0xbe, 0x7f, 0x1a,
  0x1c, 0x06, 0xf1, 0xda, 0x2a, 0xf7, 0xeb, 0x2c, 0x04, 0xcc, 0xef, 0xd4,
  0x3d, 0xee, 0x7f, 0x4d, 0x03, 0x05, 0xfa, 0x10, 0x0f, 0xf3, 0x01, 0x09,
  0xfe, 0xf7, 0x08, 0xe1, 0x00, 0x42, 0x34, 0xea, 0x08, 0x52, 0x0c, 0x09,
  0x81, 0x5a, 0xa2, 0xf5, 0xe1, 0xfd, 0xad, 0x0a, 0xe0, 0xe0, 0xc7, 0xfd,
  0x44, 0x7f, 0x39, 0xc1, 0x2b, 0x55, 0x0b, 0x11, 0xf6, 0xd6, 0x15, 0x2c,
  0xe5, 0xf0, 0xda, 0x2b, 0x19, 0xdb, 0x93, 0x0b, 0x74, 0xc1, 0xc0, 0xec,
  0x2d, 0x0f, 0x01, 0x81, 0xd3, 0x05, 0x3a, 0x2b, 0xe0, 0xa5, 0x04, 0x2d,
  0x4f, 0xc3, 0xaf, 0xcd, 0xf6, 0xed, 0x25, 0x24, 0x76, 0x57, 0x6f, 0x55,
  0xf6, 0x29, 0xd6, 0x0a, 0xf6, 0x19, 0xf6, 0xf3, 0xc4, 0xdb, 0xf4, 0xff,
  0x03, 0x22, 0xef, 0x05, 0x1e, 0xdd, 0xdb, 0xe2, 0xfb, 0x4b, 0x16, 0xdb,
  0x06, 0x5a, 0x81, 0xf6, 0x20, 0x38, 0xc6, 0x14, 0x1b, 0xf1, 0xfb, 0x0b,
  0x09, 0xe6, 0x0c, 0x15, 0xde, 0xf8, 0x0d, 0x15, 0xeb, 0x0d, 0x14, 0xff,
  0x05, 0xe6, 0xef, 0x07, 0x1c, 0x04, 0x09, 0x17, 0xe9, 0xf2, 0xf4, 0x17,
  0x01, 0x05, 0xf0, 0x15, 0x34, 0xea, 0x15, 0x19, 0xd1, 0xec, 0x03, 0x15,
  0x2e, 0x13, 0x81, 0xb8, 0x30, 0x14, 0x31, 0xcc, 0xf2, 0xdf, 0xe0, 0x1a,
  0x15, 0x12, 0x00, 0x12, 0x0e, 0x01, 0xe6, 0x1a, 0xf2, 0x02, 0x28, 0xfb,
  0xe2, 0x0e, 0xca, 0x04, 0xe0, 0x25, 0xf8, 0x25, 0xf6, 0x02, 0x23, 0x04,
  0xd4, 0x0f, 0x01, 0x1c, 0x22, 0x33, 0xc0, 0xf5, 0xfd, 0xf4, 0x7f, 0xd5,
  0xfe, 0xfd, 0x0c, 0x02, 0x27, 0xbf, 0x1c, 0xaf, 0xe7, 0xf3, 0x06, 0xec,
  0x05, 0x0c, 0x27, 0x06, 0x0f, 0x0f, 0xdd, 0xdc, 0x24, 0x15, 0x07, 0x08,
  0x31, 0xfe, 0xf1, 0xf1, 0x02, 0x01, 0xed, 0x28, 0x0c, 0x0d, 0xf0, 0x1c,
  0xd6, 0x2e, 0x29, 0x24, 0xb7, 0xb3, 0x00, 0x04, 0x1d, 0xd9, 0xe2, 0xe3,
  0x01, 0xb7, 0xe1, 0x19, 0x2e, 0xed, 0x0e, 0x18, 0x49, 0xf2, 0x47, 0x06,
  0x1a, 0xff, 0xb9, 0xdc, 0x24, 0x26, 0xab, 0x3d, 0xf6, 0xe9, 0xf7, 0x7f,
  0xd4, 0x01, 0xfa, 0xf6, 0x07, 0xa6, 0x24, 0xff, 0xd1, 0x27, 0xee, 0xfb,
  0x21, 0x1a, 0x22, 0x17, 0x31, 0x3d, 0xd5, 0x05, 0x01, 0x96, 0xf1, 0xbf,
  0x31, 0x33, 0x00, 0x35, 0x4f, 0x3a, 0xe1, 0x47, 0x2b, 0xf6, 0xcc, 0xd1,
  0xcf, 0xf7, 0x0b, 0x1d, 0x7f, 0xb8, 0x08, 0xea, 0x7b, 0xfb, 0xe8, 0x15,
  0x0e, 0xd7, 0xde, 0x19, 0xda, 0xc3, 0x2e, 0xd9, 0x1c, 0xcf, 0x01, 0x23,
  0xe5, 0x26, 0x12, 0x51, 0xd6, 0xdc, 0x47, 0xcc, 0xfe, 0x2b, 0x2d, 0x50,
  0xc6, 0x45, 0x54, 0x81, 0x26, 0xe9, 0xbe, 0x44, 0x05, 0x0f, 0xca, 0x07,
  0x11, 0x19, 0xe2, 0x00, 0xbf, 0x14, 0x3e, 0xeb, 0x17, 0x55, 0xd7, 0xe7,
  0xe8, 0x37, 0xc8, 0xa7, 0x1a, 0x03, 0xca, 0xf5, 0xb7, 0xf0, 0xdd, 0x6c,
  0xf2, 0x84, 0x58, 0x0d, 0xe5, 0x0e, 0x06, 0x7f, 0x53, 0x42, 0x3b, 0x3f,
  0x00, 0x14, 0xfa, 0x1f, 0x60, 0xff, 0x3b, 0x0c, 0xed, 0x0f, 0xd5, 0x04,
  0xfe, 0xd1, 0xe9, 0x33, 0xfc, 0xe1, 0x01, 0xf2, 0x03, 0xff, 0xd5, 0xdc,
  0x15, 0x1e, 0xde, 0x18, 0xf4, 0x16, 0xce, 0x21, 0xc8, 0x10, 0xf5, 0x16,
  0x0c, 0xe4, 0xd2, 0x27, 0xf5, 0x94, 0xda, 0xcd, 0xda, 0x36, 0x7f, 0x8b,
  0x3f, 0x5b, 0xa2, 0xe3, 0xfb, 0x1d, 0x20, 0xf9, 0xee, 0x2e, 0x26, 0x24,
  0xa8, 0x05, 0x27, 0x40, 0x02, 0x0a, 0xd0, 0x7f, 0xe0, 0x06, 0xbd, 0xc1,
  0x7d, 0x89, 0xf4, 0x07, 0x4d, 0xc5, 0x2e, 0xbd, 0x51, 0xc4, 0xc6, 0xff,
  0x1c, 0x81, 0x5c, 0x54, 0xef, 0x30, 0x7f, 0x36, 0x2d, 0x13, 0x00, 0x9a,
  0xef, 0xe5, 0xec, 0xf5, 0x04, 0xf4, 0x15, 0xcd, 0x0e, 0xa4, 0xff, 0xff,
  0x04, 0x00, 0x00, 0x00, 0x00, 0x03, 0x00, 0x00, 0xe0, 0x18, 0xe3, 0xfb,
  0xd8, 0x25, 0xe2, 0xce, 0x04, 0x7e, 0xec, 0xd5, 0x7f, 0xd8, 0x19, 0x03,
  0x1a, 0x7f, 0x9f, 0xf9, 0xce, 0x3e, 0xe0, 0xee, 0x2f, 0xee, 0x84, 0xaa,
  0x44, 0xe5, 0xec, 0x2c, 0x35, 0xe2, 0x0f, 0x7f, 0x5c, 0xe0, 0x0c, 0x0d,
  0xf9, 0x2c, 0xce, 0x08, 0xe7, 0xbf, 0x0a, 0x38, 0xf7, 0x7f, 0x1e, 0x28,
  0xf4, 0xaa, 0x9f, 0x35, 0xe9, 0x0b, 0x09, 0xcc, 0x04, 0xb8, 0xe0, 0x07,
  0xf2, 0xf6, 0x72, 0x7f, 0x98, 0xba, 0xd4, 0xc2, 0xef, 0xbb, 0xf1, 0x8e,
  0x81, 0xdf, 0xbf, 0x7c, 0xd3, 0x7d, 0x13, 0xb7, 0x71, 0xc6, 0xa5, 0x43,
  0x30, 0x50, 0xd7, 0x0c, 0xc9, 0x0e, 0x81, 0xde, 0x3a, 0xca, 0xdd, 0xf5,
  0xa1, 0xf9, 0xfd, 0xe4, 0x51, 0x50, 0xdd, 0xde, 0x29, 0x81, 0xf6, 0xd4,
  0x08, 0x3d, 0xee, 0x94, 0x1c, 0xd6, 0xf8, 0xc8, 0x81, 0xf3, 0xe2, 0xfb,
  0xeb, 0x29, 0xc0, 0xec, 0x97, 0x53, 0x10, 0x81, 0xdf, 0x98, 0xb8, 0xc8,
  0x63, 0x48, 0xf8, 0xc4, 0x03, 0xbf, 0x05, 0x02, 0xde, 0x7f, 0x36, 0xe7,
  0xca, 0x46, 0x2b, 0x7f, 0x08, 0x8e, 0xb4, 0xce, 0xcd, 0xd4, 0xda, 0x2d,
  0x0f, 0x81, 0x1e, 0x9c, 0x13, 0xf4, 0x0a, 0xef, 0xee, 0xee, 0xf4, 0x16,
  0x02, 0x06, 0x40, 0xda, 0xbb, 0x43, 0x6c, 0x81, 0xca, 0xc9, 0xc4, 0x45,
  0xfd, 0x5c, 0xfa, 0x86, 0x19, 0x4f, 0xaa, 0x28, 0xc8, 0x7f, 0x46, 0xec,
  0x01, 0xc1, 0x86, 0x41, 0x72, 0x60, 0xb9, 0x60, 0x33, 0xec, 0x0d, 0xac,
  0x45, 0x1c, 0x59, 0x88, 0xcd, 0xec, 0xcb, 0x05, 0xe3, 0x15, 0x0e, 0xee,
  0x4e, 0xfd, 0xd6, 0x81, 0xf4, 0x59, 0xf4, 0x81, 0xd6, 0x35, 0xf8, 0xff,
  0xfc, 0x0c, 0x1f, 0xf0, 0x38, 0x24, 0xbe, 0xe0, 0x29, 0x3d, 0x11, 0x2e,
  0xb4, 0xfe, 0x26, 0x33, 0xf8, 0x04, 0x34, 0x3f, 0x60, 0xbe, 0x7f, 0x1a,
  0x1c, 0x06, 0xf1, 0xda, 0x2a, 0xf7, 0xeb, 0x2c, 0x04, 0xcc, 0xef, 0xd4,
  0x3d, 0xee, 0x7f, 0x4d, 0x07, 0x0a, 0xf4, 0x1e, 0x1d, 0xe7, 0x02, 0x10,
  0xfd, 0xef, 0x0f, 0xc4, 0x00, 0x7f, 0x64, 0xd6, 0x08, 0x52, 0x0c, 0x09,
  0x81, 0x5a, 0xa2, 0xf5, 0xe1, 0xfd, 0xad, 0x0a, 0xe0, 0xe0, 0xc7, 0xfd,
  0x44, 0x7f, 0x39, 0xc1, 0x2b, 0x55, 0x0b, 0x11, 0xf6, 0xd6, 0x15, 0x2c,
  0xe5, 0xf0, 0xda, 0x2b, 0x19, 0xdb, 0x93, 0x0b, 0x74, 0xc1, 0xc0, 0xec,
  0x2d, 0x0f, 0x01, 0x81, 0xd3, 0x05, 0x3a, 0x2b, 0xde, 0x9e, 0x04, 0x31,
  0x55, 0xbe, 0xa8, 0xc9, 0xf5, 0xeb, 0x28, 0x26, 0x7f, 0x5e, 0x78, 0x5c,
  0xeb, 0x57, 0xa7, 0x15, 0xec, 0x35, 0xea, 0xe5, 0x81, 0xb3, 0xe7, 0xfe,
  0x05, 0x48, 0xdd, 0x0b, 0x1e, 0xdd, 0xdb, 0xe2, 0xfb, 0x4b, 0x16, 0xdb,
  0x06, 0x5a, 0x81, 0xf6, 0x20, 0x38, 0xc6, 0x14, 0x64, 0xc7, 0xee, 0x2a,
  0x23, 0x9e, 0x2c, 0x4f, 0x81, 0xe3, 0x2f, 0x4d, 0xb3, 0x32, 0x4a, 0xfc,
  0x17, 0x89, 0xb2, 0x21, 0x7f, 0x11, 0x2b, 0x68, 0x95, 0xc1, 0xc8, 0x68,
  0x02, 0x19, 0xb6, 0x63, 0x34, 0xea, 0x15, 0x19, 0xd1, 0xec, 0x03, 0x15,
  0x2e, 0x13, 0x81, 0xb8, 0x30, 0x14, 0x31, 0xcc, 0xd4, 0x98, 0x9a, 0x52,
  0x42, 0x37, 0x00, 0x39, 0x2d, 0x04, 0xae, 0x53, 0xd3, 0x07, 0x7f, 0xf1,
  0xb8, 0x22, 0x81, 0x0a, 0xb5, 0x58, 0xee, 0x58, 0xe8, 0x04, 0x53, 0x09,
  0x98, 0x23, 0x02, 0x43, 0x22, 0x33, 0xc0, 0xf5, 0xfd, 0xf4, 0x7f, 0xd5,
  0xfe, 0xfd, 0x0c, 0x02, 0x27, 0xbf, 0x1c, 0xaf, 0xaf, 0xd5, 0x15, 0xc0,
  0x10, 0x26, 0x7f, 0x13, 0x2f, 0x2f, 0x8f, 0x8b, 0x74, 0x44, 0x16, 0x1a,
  0x7f, 0xfb, 0xda, 0xd9, 0x06, 0x03, 0xce, 0x66, 0x1f, 0x23, 0xd7, 0x48,
  0x94, 0x77, 0x6a, 0x5c, 0x87, 0x81, 0xff, 0x07, 0x30, 0xc1, 0xcf, 0xd0,
  0x02, 0x89, 0xcd, 0x29, 0x4c, 0xe1, 0x16, 0x28, 0x49, 0xf2, 0x47, 0x06,
  0x1a, 0xff, 0xb9, 0xdc, 0x24, 0x26, 0xab, 0x3d, 0xf6, 0xe9, 0xf7, 0x7f,
  0xc2, 0x02, 0xf7, 0xf2, 0x0a, 0x81, 0x33, 0xfe, 0xbe, 0x37, 0xe6, 0xf9,
  0x2e, 0x25, 0x2f, 0x20, 0x3a, 0x49, 0xcd, 0x06, 0x01, 0x81, 0xee, 0xb2,
  0x3b, 0x3d, 0x00, 0x3f, 0x5e, 0x45, 0xdb, 0x55, 0x2b, 0xf6, 0xcc, 0xd1,
  0xcf, 0xf7, 0x0b, 0x1d, 0x7f, 0xb8, 0x08, 0xea, 0x7b, 0xfb, 0xe8, 0x15,
  0x17, 0xc0, 0xcb, 0x26, 0xc5, 0xa1, 0x47, 0xc4, 0x2b, 0xb4, 0x01, 0x37,
  0xd6, 0x3c, 0x1c, 0x7f, 0xd6, 0xdc, 0x47, 0xcc, 0xfe, 0x2b, 0x2d, 0x50,
  0xc6, 0x45, 0x54, 0x81, 0x26, 0xe9, 0xbe, 0x44, 0x07, 0x17, 0xaf, 0x0b,
  0x1a, 0x25, 0xd4, 0x00, 0x9e, 0x1e, 0x5d, 0xe0, 0x22, 0x7f, 0xc2, 0xdb,
  0xe7, 0x38, 0xc7, 0xa5, 0x1b, 0x03, 0xc8, 0xf4, 0xb5, 0xef, 0xdc, 0x6f,
  0xf2, 0x81, 0x5b, 0x0e, 0xe5, 0x0e, 0x06, 0x7f, 0x53, 0x42, 0x3b, 0x3f,
  0x00, 0x14, 0xfa, 0x1f, 0x60, 0xff, 0x3b, 0x0c, 0xcf, 0x26, 0x95, 0x0a,
  0xfc, 0x89, 0xc6, 0x7f, 0xf7, 0xb2, 0x02, 0xde, 0x07, 0xfd, 0x94, 0xa7,
  0x31, 0x44, 0xb2, 0x36, 0xe6, 0x32, 0x8e, 0x4b, 0x81, 0x24, 0xe6, 0x33,
  0x1b, 0xc1, 0x98, 0x59, 0xf5, 0x94, 0xda, 0xcd, 0xda, 0x36, 0x7f, 0x8b,
  0x3f, 0x5b, 0xa2, 0xe3, 0xfb, 0x1d, 0x20, 0xf9, 0xee, 0x2e, 0x26, 0x24,
  0xa8, 0x05, 0x27, 0x40, 0x02, 0x0a, 0xd0, 0x7f, 0xe0, 0x06, 0xbd, 0xc1,
  0x7d, 0x89, 0xf4, 0x07, 0x4d, 0xc5, 0x2e, 0xbd, 0x51, 0xc4, 0xc6, 0xff,
  0x1c, 0x81, 0x5c, 0x54, 0xef, 0x30, 0x7f, 0x36, 0x2d, 0x13, 0x00, 0x9a,
  0xef, 0xe5, 0xec, 0xf5, 0x04, 0xf4, 0x15, 0xcd, 0x1a, 0xa7, 0xff, 0xff,
  0x04, 0x00, 0x00, 0x00, 0xc0, 0x00, 0x00, 0x00, 0x12, 0x15, 0x00, 0x00,
  0x44, 0x03, 0x00, 0x00, 0x4f, 0x14, 0x00, 0x00, 0x87, 0x03, 0x00, 0x00,
  0x84, 0x0d, 0x00, 0x00, 0x0c, 0x03, 0x00, 0x00, 0xe6, 0x0d, 0x00, 0x00,
  0xd0, 0x12, 0x00, 0x00, 0xda, 0x1b, 0x00, 0x00, 0xe1, 0x0b, 0x00, 0x00,
  0xa4, 0x0d, 0x00, 0x00, 0x9a, 0x2b, 0x00, 0x00, 0xd2, 0x12, 0x00, 0x00,
  0x5a, 0x15, 0x00, 0x00, 0x4d, 0x20, 0x00, 0x00, 0x33, 0x03, 0x00, 0x00,
  0x95, 0xfa, 0xff, 0xff, 0x8e, 0xf3, 0xff, 0xff, 0x5c, 0x01, 0x00, 0x00,
  0x12, 0x02, 0x00, 0x00, 0xfa, 0xfe, 0xff, 0xff, 0xf6, 0x06, 0x00, 0x00,
  0x6f, 0xf2, 0xff, 0xff, 0xd1, 0x01, 0x00, 0x00, 0x1e, 0xe8, 0xff, 0xff,
  0x5b, 0xe2, 0xff, 0xff, 0xc0, 0x00, 0x00, 0x00, 0xb2, 0xeb, 0xff, 0xff,
  0xd5, 0xf0, 0xff, 0xff, 0xf0, 0x05, 0x00, 0x00, 0xdc, 0x14, 0x00, 0x00,
  0x72, 0xef, 0xff, 0xff, 0x68, 0xf5, 0xff, 0xff, 0x2b, 0x04, 0x00, 0x00,
  0xee, 0xf6, 0xff, 0xff, 0x47, 0xf8, 0xff, 0xff, 0x85, 0x04, 0x00, 0x00,
  0xf0, 0xf5, 0xff, 0xff, 0x33, 0x02, 0x00, 0x00, 0xa5, 0x09, 0x00, 0x00,
  0x62, 0xf9, 0xff, 0xff, 0x3f, 0xff, 0xff, 0xff, 0x25, 0x10, 0x00, 0x00,
  0x59, 0xf1, 0xff, 0xff, 0x9a, 0x00, 0x00, 0x00, 0x5e, 0xff, 0xff, 0xff,
  0x5f, 0xfd, 0xff, 0xff, 0x7d, 0x02, 0x00, 0x00, 0xe6, 0xa7, 0xff, 0xff,
  0x04, 0x00, 0x00, 0x00, 0xc0, 0x00, 0x00, 0x00, 0x96, 0x15, 0x00, 0x00,
  0x59, 0x03, 0x00, 0x00, 0xcf, 0x14, 0x00, 0x00, 0x9d, 0x03, 0x00, 0x00,
  0xd9, 0x0d, 0x00, 0x00, 0x1f, 0x03, 0x00, 0x00, 0x3e, 0x0e, 0x00, 0x00,
  0x46, 0x13, 0x00, 0x00, 0x89, 0x1c, 0x00, 0x00, 0x2c, 0x0c, 0x00, 0x00,
  0xf9, 0x0d, 0x00, 0x00, 0xab, 0x2c, 0x00, 0x00, 0x48, 0x13, 0x00, 0x00,
  0xe0, 0x15, 0x00, 0x00, 0x18, 0x21, 0x00, 0x00, 0x47, 0x03, 0x00, 0x00,
  0x73, 0xfa, 0xff, 0xff, 0x40, 0xf3, 0xff, 0xff, 0x65, 0x01, 0x00, 0x00,
  0x1f, 0x02, 0x00, 0x00, 0xf3, 0xfe, 0xff, 0xff, 0x22, 0x07, 0x00, 0x00,
  0x1a, 0xf2, 0xff, 0xff, 0xdc, 0x01, 0x00, 0x00, 0x89, 0xe7, 0xff, 0xff,
  0xa2, 0xe1, 0xff, 0xff, 0xc4, 0x00, 0x00, 0x00, 0x33, 0xeb, 0xff, 0xff,
  0x76, 0xf0, 0xff, 0xff, 0x15, 0x06, 0x00, 0x00, 0x5f, 0x15, 0x00, 0x00,
  0x0b, 0xef, 0xff, 0xff, 0x26, 0xf5, 0xff, 0xff, 0x45, 0x04, 0x00, 0x00,
  0xb5, 0xf6, 0xff, 0xff, 0x17, 0xf8, 0xff, 0xff, 0xa1, 0x04, 0x00, 0x00,
  0xb1, 0xf5, 0xff, 0xff, 0x41, 0x02, 0x00, 0x00, 0xe1, 0x09, 0x00, 0x00,
  0x38, 0xf9, 0xff, 0xff, 0x3b, 0xff, 0xff, 0xff, 0x8a, 0x10, 0x00, 0x00,
  0xfe, 0xf0, 0xff, 0xff, 0x9e, 0x00, 0x00, 0x00, 0x5a, 0xff, 0xff, 0xff,
  0x4e, 0xfd, 0xff, 0xff, 0x8d, 0x02, 0x00, 0x00, 0xb2, 0xa8, 0xff, 0xff,
  0x04, 0x00, 0x00, 0x00, 0xc0, 0x00, 0x00, 0x00, 0xbe, 0x15, 0x00, 0x00,
  0x5f, 0x03, 0x00, 0x00, 0xf5, 0x14, 0x00, 0x00, 0xa4, 0x03, 0x00, 0x00,
  0xf3, 0x0d, 0x00, 0x00, 0x25, 0x03, 0x00, 0x00, 0x58, 0x0e, 0x00, 0x00,
  0x6a, 0x13, 0x00, 0x00, 0xbe, 0x1c, 0x00, 0x00, 0x42, 0x0c, 0x00, 0x00,
  0x13, 0x0e, 0x00, 0x00, 0xff, 0x2c, 0x00, 0x00, 0x6c, 0x13, 0x00, 0x00,
  0x09, 0x16, 0x00, 0x00, 0x56, 0x21, 0x00, 0x00, 0x4d, 0x03, 0x00, 0x00,
  0x68, 0xfa, 0xff, 0xff, 0x28, 0xf3, 0xff, 0xff, 0x67, 0x01, 0x00, 0x00,
  0x23, 0x02, 0x00, 0x00, 0xf1, 0xfe, 0xff, 0xff, 0x2f, 0x07, 0x00, 0x00,
  0x00, 0xf2, 0xff, 0xff, 0xdf, 0x01, 0x00, 0x00, 0x5b, 0xe7, 0xff, 0xff,
  0x69, 0xe1, 0xff, 0xff, 0xc6, 0x00, 0x00, 0x00, 0x0c, 0xeb, 0xff, 0xff,
  0x59, 0xf0, 0xff, 0xff, 0x20, 0x06, 0x00, 0x00, 0x87, 0x15, 0x00, 0x00,
  0xeb, 0xee, 0xff, 0xff, 0x11, 0xf5, 0xff, 0xff, 0x4d, 0x04, 0x00, 0x00,
  0xa4, 0xf6, 0xff, 0xff, 0x08, 0xf8, 0xff, 0xff, 0xaa, 0x04, 0x00, 0x00,
  0x9d, 0xf5, 0xff, 0xff, 0x45, 0x02, 0x00, 0x00, 0xf4, 0x09, 0x00, 0x00,
  0x2c, 0xf9, 0xff, 0xff, 0x39, 0xff, 0xff, 0xff, 0xa9, 0x10, 0x00, 0x00,
  0xe2, 0xf0, 0xff, 0xff, 0x9f, 0x00, 0x00, 0x00, 0x59, 0xff, 0xff, 0xff,
  0x49, 0xfd, 0xff, 0xff, 0x91, 0x02, 0x00, 0x00, 0x7e, 0xa9, 0xff, 0xff,
  0x04, 0x00, 0x00, 0x00, 0xc0, 0x00, 0x00, 0x00, 0x95, 0x15, 0x00, 0x00,
  0x59, 0x03, 0x00, 0x00, 0xce, 0x14, 0x00, 0x00, 0x9d, 0x03, 0x00, 0x00,
  0xd8, 0x0d, 0x00, 0x00, 0x1f, 0x03, 0x00, 0x00, 0x3d, 0x0e, 0x00, 0x00,
  0x45, 0x13, 0x00, 0x00, 0x87, 0x1c, 0x00, 0x00, 0x2b, 0x0c, 0x00, 0x00,
  0xf8, 0x0d, 0x00, 0x00, 0xa9, 0x2c, 0x00, 0x00, 0x47, 0x13, 0x00, 0x00,
  0xdf, 0x15, 0x00, 0x00, 0x16, 0x21, 0x00, 0x00, 0x46, 0x03, 0x00, 0x00,
  0x73, 0xfa, 0xff, 0xff, 0x40, 0xf3, 0xff, 0xff, 0x65, 0x01, 0x00, 0x00,
  0x1f, 0x02, 0x00, 0x00, 0xf3, 0xfe, 0xff, 0xff, 0x22, 0x07, 0x00, 0x00,
  0x1a, 0xf2, 0xff, 0xff, 0xdc, 0x01, 0x00, 0x00, 0x8a, 0xe7, 0xff, 0xff,
  0xa3, 0xe1, 0xff, 0xff, 0xc4, 0x00, 0x00, 0x00, 0x34, 0xeb, 0xff, 0xff,
  0x77, 0xf0, 0xff, 0xff, 0x14, 0x06, 0x00, 0x00, 0x5e, 0x15, 0x00, 0x00,
  0x0b, 0xef, 0xff, 0xff, 0x26, 0xf5, 0xff, 0xff, 0x45, 0x04, 0x00, 0x00,
  0xb6, 0xf6, 0xff, 0xff, 0x17, 0xf8, 0xff, 0xff, 0xa1, 0x04, 0x00, 0x00,
  0xb1, 0xf5, 0xff, 0xff, 0x41, 0x02, 0x00, 0x00, 0xe1, 0x09, 0x00, 0x00,
  0x38, 0xf9, 0xff, 0xff, 0x3b, 0xff, 0xff, 0xff, 0x8a, 0x10, 0x00, 0x00,
  0xfe, 0xf0, 0xff, 0xff, 0x9e, 0x00, 0x00, 0x00, 0x5b, 0xff, 0xff, 0xff,
  0x4f, 0xfd, 0xff, 0xff, 0x8c, 0x02, 0x00, 0x00, 0x4a, 0xaa, 0xff, 0xff,
  0x04, 0x00, 0x00, 0x00, 0xc0, 0x00, 0x00, 0x00, 0x64, 0x15, 0x00, 0x00,
  0x51, 0x03, 0x00, 0x00, 0x9f, 0x14, 0x00, 0x00, 0x95, 0x03, 0x00, 0x00,
  0xb9, 0x0d, 0x00, 0x00, 0x18, 0x03, 0x00, 0x00, 0x1d, 0x0e, 0x00, 0x00,
  0x1a, 0x13, 0x00, 0x00, 0x47, 0x1c, 0x00, 0x00, 0x10, 0x0c, 0x00, 0x00,
  0xd9, 0x0d, 0x00, 0x00, 0x44, 0x2c, 0x00, 0x00, 0x1c, 0x13, 0x00, 0x00,
  0xae, 0x15, 0x00, 0x00, 0xcc, 0x20, 0x00, 0x00, 0x3f, 0x03, 0x00, 0x00,
  0x80, 0xfa, 0xff, 0xff, 0x5d, 0xf3, 0xff, 0xff, 0x62, 0x01, 0x00, 0x00,
  0x1a, 0x02, 0x00, 0x00, 0xf6, 0xfe, 0xff, 0xff, 0x12, 0x07, 0x00, 0x00,
  0x3a, 0xf2, 0xff, 0xff, 0xd8, 0x01, 0x00, 0x00, 0xc1, 0xe7, 0xff, 0xff,
  0xe7, 0xe1, 0xff, 0xff, 0xc3, 0x00, 0x00, 0x00, 0x63, 0xeb, 0xff, 0xff,
  0x9a, 0xf0, 0xff, 0xff, 0x07, 0x06, 0x00, 0x00, 0x2e, 0x15, 0x00, 0x00,
  0x32, 0xef, 0xff, 0xff, 0x3f, 0xf5, 0xff, 0xff, 0x3c, 0x04, 0x00, 0x00,
  0xcb, 0xf6, 0xff, 0xff, 0x29, 0xf8, 0xff, 0xff, 0x96, 0x04, 0x00, 0x00,
  0xc8, 0xf5, 0xff, 0xff, 0x3c, 0x02, 0x00, 0x00, 0xca, 0x09, 0x00, 0x00,
  0x48, 0xf9, 0xff, 0xff, 0x3c, 0xff, 0xff, 0xff, 0x64, 0x10, 0x00, 0x00,
  0x20, 0xf1, 0xff, 0xff, 0x9c, 0x00, 0x00, 0x00, 0x5c, 0xff, 0xff, 0xff,
  0x55, 0xfd, 0xff, 0xff, 0x87, 0x02, 0x00, 0x00, 0x16, 0xab, 0xff, 0xff,
  0x04, 0x00, 0x00, 0x00, 0xc0, 0x00, 0x00, 0x00, 0xd9, 0x15, 0x00, 0x00,
  0x63, 0x03, 0x00, 0x00, 0x0f, 0x15, 0x00, 0x00, 0xa9, 0x03, 0x00, 0x00,
  0x04, 0x0e, 0x00, 0x00, 0x29, 0x03, 0x00, 0x00, 0x6a, 0x0e, 0x00, 0x00,
  0x82, 0x13, 0x00, 0x00, 0xe2, 0x1c, 0x00, 0x00, 0x52, 0x0c, 0x00, 0x00,
  0x25, 0x0e, 0x00, 0x00, 0x36, 0x2d, 0x00, 0x00, 0x84, 0x13, 0x00, 0x00,
  0x24, 0x16, 0x00, 0x00, 0x7f, 0x21, 0x00, 0x00, 0x51, 0x03, 0x00, 0x00,
  0x62, 0xfa, 0xff, 0xff, 0x18, 0xf3, 0xff, 0xff, 0x69, 0x01, 0x00, 0x00,
  0x26, 0x02, 0x00, 0x00, 0xf0, 0xfe, 0xff, 0xff, 0x38, 0x07, 0x00, 0x00,
  0xef, 0xf1, 0xff, 0xff, 0xe2, 0x01, 0x00, 0x00, 0x3d, 0xe7, 0xff, 0xff,
  0x43, 0xe1, 0xff, 0xff, 0xc7, 0x00, 0x00, 0x00, 0xf2, 0xea, 0xff, 0xff,
  0x46, 0xf0, 0xff, 0xff, 0x28, 0x06, 0x00, 0x00, 0xa1, 0x15, 0x00, 0x00,
  0xd6, 0xee, 0xff, 0xff, 0x04, 0xf5, 0xff, 0xff, 0x53, 0x04, 0x00, 0x00,
  0x98, 0xf6, 0xff, 0xff, 0xfe, 0xf7, 0xff, 0xff, 0xaf, 0x04, 0x00, 0x00,
  0x91, 0xf5, 0xff, 0xff, 0x48, 0x02, 0x00, 0x00, 0x00, 0x0a, 0x00, 0x00,
  0x23, 0xf9, 0xff, 0xff, 0x38, 0xff, 0xff, 0xff, 0xbe, 0x10, 0x00, 0x00,
  0xcf, 0xf0, 0xff, 0xff, 0xa0, 0x00, 0x00, 0x00, 0x58, 0xff, 0xff, 0xff,
  0x46, 0xfd, 0xff, 0xff, 0x94, 0x02, 0x00, 0x00, 0xe2, 0xab, 0xff, 0xff,
  0x04, 0x00, 0x00, 0x00, 0xc0, 0x00, 0x00, 0x00, 0x33, 0x16, 0x00, 0x00,
  0x71, 0x03, 0x00, 0x00, 0x66, 0x15, 0x00, 0x00, 0xb8, 0x03, 0x00, 0x00,
  0x3e, 0x0e, 0x00, 0x00, 0x36, 0x03, 0x00, 0x00, 0xa5, 0x0e, 0x00, 0x00,
  0xd3, 0x13, 0x00, 0x00, 0x59, 0x1d, 0x00, 0x00, 0x84, 0x0c, 0x00, 0x00,
  0x5f, 0x0e, 0x00, 0x00, 0xf1, 0x2d, 0x00, 0x00, 0xd5, 0x13, 0x00, 0x00,
  0x80, 0x16, 0x00, 0x00, 0x09, 0x22, 0x00, 0x00, 0x5f, 0x03, 0x00, 0x00,
  0x4a, 0xfa, 0xff, 0xff, 0xe3, 0xf2, 0xff, 0xff, 0x6f, 0x01, 0x00, 0x00,
  0x2f, 0x02, 0x00, 0x00, 0xec, 0xfe, 0xff, 0xff, 0x56, 0x07, 0x00, 0x00,
  0xb4, 0xf1, 0xff, 0xff, 0xe9, 0x01, 0x00, 0x00, 0xd6, 0xe6, 0xff, 0xff,
  0xc4, 0xe0, 0xff, 0xff, 0xca, 0x00, 0x00, 0x00, 0x9b, 0xea, 0xff, 0xff,
  0x05, 0xf0, 0xff, 0xff, 0x41, 0x06, 0x00, 0x00, 0xfb, 0x15, 0x00, 0x00,
  0x8f, 0xee, 0xff, 0xff, 0xd7, 0xf4, 0xff, 0xff, 0x65, 0x04, 0x00, 0x00,
  0x71, 0xf6, 0xff, 0xff, 0xdd, 0xf7, 0xff, 0xff, 0xc3, 0x04, 0x00, 0x00,
  0x65, 0xf5, 0xff, 0xff, 0x51, 0x02, 0x00, 0x00, 0x29, 0x0a, 0x00, 0x00,
  0x07, 0xf9, 0xff, 0xff, 0x35, 0xff, 0xff, 0xff, 0x03, 0x11, 0x00, 0x00,
  0x90, 0xf0, 0xff, 0xff, 0xa2, 0x00, 0x00, 0x00, 0x56, 0xff, 0xff, 0xff,
  0x3b, 0xfd, 0xff, 0xff, 0x9f, 0x02, 0x00, 0x00, 0xae, 0xac, 0xff, 0xff,
  0x04, 0x00, 0x00, 0x00, 0xc0, 0x00, 0x00, 0x00, 0x65, 0x16, 0x00, 0x00,
  0x79, 0x03, 0x00, 0x00, 0x96, 0x15, 0x00, 0x00, 0xc0, 0x03, 0x00, 0x00,
  0x5e, 0x0e, 0x00, 0x00, 0x3d, 0x03, 0x00, 0x00, 0xc6, 0x0e, 0x00, 0x00,
  0xff, 0x13, 0x00, 0x00, 0x9b, 0x1d, 0x00, 0x00, 0xa1, 0x0c, 0x00, 0x00,
  0x7f, 0x0e, 0x00, 0x00, 0x58, 0x2e, 0x00, 0x00, 0x02, 0x14, 0x00, 0x00,
  0xb2, 0x16, 0x00, 0x00, 0x56, 0x22, 0x00, 0x00, 0x66, 0x03, 0x00, 0x00,
  0x3d, 0xfa, 0xff, 0xff, 0xc5, 0xf2, 0xff, 0xff, 0x72, 0x01, 0x00, 0x00,
  0x34, 0x02, 0x00, 0x00, 0xe9, 0xfe, 0xff, 0xff, 0x67, 0x07, 0x00, 0x00,
  0x94, 0xf1, 0xff, 0xff, 0xee, 0x01, 0x00, 0x00, 0x9e, 0xe6, 0xff, 0xff,
  0x7e, 0xe0, 0xff, 0xff, 0xcc, 0x00, 0x00, 0x00, 0x6b, 0xea, 0xff, 0xff,
  0xe1, 0xef, 0xff, 0xff, 0x4f, 0x06, 0x00, 0x00, 0x2c, 0x16, 0x00, 0x00,
  0x68, 0xee, 0xff, 0xff, 0xbd, 0xf4, 0xff, 0xff, 0x6e, 0x04, 0x00, 0x00,
  0x5c, 0xf6, 0xff, 0xff, 0xcb, 0xf7, 0xff, 0xff, 0xcd, 0x04, 0x00, 0x00,
  0x4e, 0xf5, 0xff, 0xff, 0x57, 0x02, 0x00, 0x00, 0x40, 0x0a, 0x00, 0x00,
  0xf7, 0xf8, 0xff, 0xff, 0x33, 0xff, 0xff, 0xff, 0x29, 0x11, 0x00, 0x00,
  0x6d, 0xf0, 0xff, 0xff, 0xa4, 0x00, 0x00, 0x00, 0x54, 0xff, 0xff, 0xff,
  0x35, 0xfd, 0xff, 0xff, 0xa5, 0x02, 0x00, 0x00, 0x7a, 0xad, 0xff, 0xff,
  0x04, 0x00, 0x00, 0x00, 0xc0, 0x00, 0x00, 0x00, 0xc4, 0x15, 0x00, 0x00,
  0x60, 0x03, 0x00, 0x00, 0xfc, 0x14, 0x00, 0x00, 0xa5, 0x03, 0x00, 0x00,
  0xf7, 0x0d, 0x00, 0x00, 0x26, 0x03, 0x00, 0x00, 0x5c, 0x0e, 0x00, 0x00,
  0x70, 0x13, 0x00, 0x00, 0xc7, 0x1c, 0x00, 0x00, 0x46, 0x0c, 0x00, 0x00,
  0x17, 0x0e, 0x00, 0x00, 0x0c, 0x2d, 0x00, 0x00, 0x72, 0x13, 0x00, 0x00,
  0x10, 0x16, 0x00, 0x00, 0x5f, 0x21, 0x00, 0x00, 0x4e, 0x03, 0x00, 0x00,
  0x67, 0xfa, 0xff, 0xff, 0x24, 0xf3, 0xff, 0xff, 0x68, 0x01, 0x00, 0x00,
  0x24, 0x02, 0x00, 0x00, 0xf1, 0xfe, 0xff, 0xff, 0x31, 0x07, 0x00, 0x00,
  0xfc, 0xf1, 0xff, 0xff, 0xe0, 0x01, 0x00, 0x00, 0x54, 0xe7, 0xff, 0xff,
  0x60, 0xe1, 0xff, 0xff, 0xc6, 0x00, 0x00, 0x00, 0x06, 0xeb, 0xff, 0xff,
  0x54, 0xf0, 0xff, 0xff, 0x22, 0x06, 0x00, 0x00, 0x8d, 0x15, 0x00, 0x00,
  0xe6, 0xee, 0xff, 0xff, 0x0e, 0xf5, 0xff, 0xff, 0x4f, 0x04, 0x00, 0x00,
  0xa1, 0xf6, 0xff, 0xff, 0x06, 0xf8, 0xff, 0xff, 0xab, 0x04, 0x00, 0x00,
  0x9a, 0xf5, 0xff, 0xff, 0x46, 0x02, 0x00, 0x00, 0xf7, 0x09, 0x00, 0x00,
  0x29, 0xf9, 0xff, 0xff, 0x39, 0xff, 0xff, 0xff, 0xae, 0x10, 0x00, 0x00,
  0xdd, 0xf0, 0xff, 0xff, 0x9f, 0x00, 0x00, 0x00, 0x59, 0xff, 0xff, 0xff,
  0x49, 0xfd, 0xff, 0xff, 0x92, 0x02, 0x00, 0x00, 0x46, 0xae, 0xff, 0xff,
  0x04, 0x00, 0x00, 0x00, 0xc0, 0x00, 0x00, 0x00, 0x57, 0x16, 0x00, 0x00,
  0x77, 0x03, 0x00, 0x00, 0x89, 0x15, 0x00, 0x00, 0xbe, 0x03, 0x00, 0x00,
  0x55, 0x0e, 0x00, 0x00, 0x3b, 0x03, 0x00, 0x00, 0xbd, 0x0e, 0x00, 0x00,
  0xf3, 0x13, 0x00, 0x00, 0x89, 0x1d, 0x00, 0x00, 0x99, 0x0c, 0x00, 0x00,
  0x76, 0x0e, 0x00, 0x00, 0x3c, 0x2e, 0x00, 0x00, 0xf5, 0x13, 0x00, 0x00,
  0xa4, 0x16, 0x00, 0x00, 0x41, 0x22, 0x00, 0x00, 0x64, 0x03, 0x00, 0x00,
  0x41, 0xfa, 0xff, 0xff, 0xcd, 0xf2, 0xff, 0xff, 0x71, 0x01, 0x00, 0x00,
  0x32, 0x02, 0x00, 0x00, 0xea, 0xfe, 0xff, 0xff, 0x62, 0x07, 0x00, 0x00,
  0x9d, 0xf1, 0xff, 0xff, 0xed, 0x01, 0x00, 0x00, 0xad, 0xe6, 0xff, 0xff,
  0x91, 0xe0, 0xff, 0xff, 0xcb, 0x00, 0x00, 0x00, 0x78, 0xea, 0xff, 0xff,
  0xeb, 0xef, 0xff, 0xff, 0x4b, 0x06, 0x00, 0x00, 0x1f, 0x16, 0x00, 0x00,
  0x72, 0xee, 0xff, 0xff, 0xc4, 0xf4, 0xff, 0xff, 0x6c, 0x04, 0x00, 0x00,
  0x62, 0xf6, 0xff, 0xff, 0xd0, 0xf7, 0xff, 0xff, 0xca, 0x04, 0x00, 0x00,
  0x54, 0xf5, 0xff, 0xff, 0x55, 0x02, 0x00, 0x00, 0x3a, 0x0a, 0x00, 0x00,
  0xfb, 0xf8, 0xff, 0xff, 0x34, 0xff, 0xff, 0xff, 0x1f, 0x11, 0x00, 0x00,
  0x77, 0xf0, 0xff, 0xff, 0xa3, 0x00, 0x00, 0x00, 0x55, 0xff, 0xff, 0xff,
  0x36, 0xfd, 0xff, 0xff, 0xa3, 0x02, 0x00, 0x00, 0x12, 0xaf, 0xff, 0xff,
  0x04, 0x00, 0x00, 0x00, 0xc0, 0x00, 0x00, 0x00, 0xc5, 0x15, 0x00, 0x00,
  0x60, 0x03, 0x00, 0x00, 0xfc, 0x14, 0x00, 0x00, 0xa5, 0x03, 0x00, 0x00,
  0xf7, 0x0d, 0x00, 0x00, 0x26, 0x03, 0x00, 0x00, 0x5d, 0x0e, 0x00, 0x00,
  0x71, 0x13, 0x00, 0x00, 0xc8, 0x1c, 0x00, 0x00, 0x47, 0x0c, 0x00, 0x00,
  0x18, 0x0e, 0x00, 0x00, 0x0e, 0x2d, 0x00, 0x00, 0x73, 0x13, 0x00, 0x00,
  0x10, 0x16, 0x00, 0x00, 0x61, 0x21, 0x00, 0x00, 0x4e, 0x03, 0x00, 0x00,
  0x67, 0xfa, 0xff, 0xff, 0x24, 0xf3, 0xff, 0xff, 0x68, 0x01, 0x00, 0x00,
  0x24, 0x02, 0x00, 0x00, 0xf1, 0xfe, 0xff, 0xff, 0x32, 0x07, 0x00, 0x00,
  0xfb, 0xf1, 0xff, 0xff, 0xe0, 0x01, 0x00, 0x00, 0x53, 0xe7, 0xff, 0xff,
  0x5e, 0xe1, 0xff, 0xff, 0xc6, 0x00, 0x00, 0x00, 0x05, 0xeb, 0xff, 0xff,
  0x54, 0xf0, 0xff, 0xff, 0x22, 0x06, 0x00, 0x00, 0x8e, 0x15, 0x00, 0x00,
  0xe5, 0xee, 0xff, 0xff, 0x0e, 0xf5, 0xff, 0xff, 0x4f, 0x04, 0x00, 0x00,
  0xa1, 0xf6, 0xff, 0xff, 0x06, 0xf8, 0xff, 0xff, 0xab, 0x04, 0x00, 0x00,
  0x9a, 0xf5, 0xff, 0xff, 0x46, 0x02, 0x00, 0x00, 0xf7, 0x09, 0x00, 0x00,
  0x29, 0xf9, 0xff, 0xff, 0x39, 0xff, 0xff, 0xff, 0xaf, 0x10, 0x00, 0x00,
  0xdc, 0xf0, 0xff, 0xff, 0x9f, 0x00, 0x00, 0x00, 0x59, 0xff, 0xff, 0xff,
  0x49, 0xfd, 0xff, 0xff, 0x92, 0x02, 0x00, 0x00, 0xde, 0xaf, 0xff, 0xff,
  0x04, 0x00, 0x00, 0x00, 0xc0, 0x00, 0x00, 0x00, 0x3d, 0x16, 0x00, 0x00,
  0x73, 0x03, 0x00, 0x00, 0x70, 0x15, 0x00, 0x00, 0xb9, 0x03, 0x00, 0x00,
  0x44, 0x0e, 0x00, 0x00, 0x37, 0x03, 0x00, 0x00, 0xac, 0x0e, 0x00, 0x00,
  0xdc, 0x13, 0x00, 0x00, 0x66, 0x1d, 0x00, 0x00, 0x8a, 0x0c, 0x00, 0x00,
  0x65, 0x0e, 0x00, 0x00, 0x05, 0x2e, 0x00, 0x00, 0xde, 0x13, 0x00, 0x00,
  0x8a, 0x16, 0x00, 0x00, 0x18, 0x22, 0x00, 0x00, 0x60, 0x03, 0x00, 0x00,
  0x48, 0xfa, 0xff, 0xff, 0xdd, 0xf2, 0xff, 0xff, 0x70, 0x01, 0x00, 0x00,
  0x30, 0x02, 0x00, 0x00, 0xeb, 0xfe, 0xff, 0xff, 0x59, 0x07, 0x00, 0x00,
  0xae, 0xf1, 0xff, 0xff, 0xea, 0x01, 0x00, 0x00, 0xcb, 0xe6, 0xff, 0xff,
  0xb6, 0xe0, 0xff, 0xff, 0xca, 0x00, 0x00, 0x00, 0x92, 0xea, 0xff, 0xff,
  0xfe, 0xef, 0xff, 0xff, 0x44, 0x06, 0x00, 0x00, 0x05, 0x16, 0x00, 0x00,
  0x87, 0xee, 0xff, 0xff, 0xd2, 0xf4, 0xff, 0xff, 0x66, 0x04, 0x00, 0x00,
  0x6d, 0xf6, 0xff, 0xff, 0xda, 0xf7, 0xff, 0xff, 0xc5, 0x04, 0x00, 0x00,
  0x61, 0xf5, 0xff, 0xff, 0x52, 0x02, 0x00, 0x00, 0x2e, 0x0a, 0x00, 0x00,
  0x04, 0xf9, 0xff, 0xff, 0x35, 0xff, 0xff, 0xff, 0x0b, 0x11, 0x00, 0x00,
  0x89, 0xf0, 0xff, 0xff, 0xa2, 0x00, 0x00, 0x00, 0x55, 0xff, 0xff, 0xff,
  0x3a, 0xfd, 0xff, 0xff, 0xa0, 0x02, 0x00, 0x00, 0xaa, 0xb0, 0xff, 0xff,
  0x04, 0x00, 0x00, 0x00, 0xc0, 0x00, 0x00, 0x00, 0x5a, 0x16, 0x00, 0x00,
  0x77, 0x03, 0x00, 0x00, 0x8c, 0x15, 0x00, 0x00, 0xbe, 0x03, 0x00, 0x00,
  0x57, 0x0e, 0x00, 0x00, 0x3c, 0x03, 0x00, 0x00, 0xbf, 0x0e, 0x00, 0x00,
  0xf6, 0x13, 0x00, 0x00, 0x8c, 0x1d, 0x00, 0x00, 0x9a, 0x0c, 0x00, 0x00,
  0x78, 0x0e, 0x00, 0x00, 0x41, 0x2e, 0x00, 0x00, 0xf8, 0x13, 0x00, 0x00,
  0xa7, 0x16, 0x00, 0x00, 0x45, 0x22, 0x00, 0x00, 0x64, 0x03, 0x00, 0x00,
  0x40, 0xfa, 0xff, 0xff, 0xcc, 0xf2, 0xff, 0xff, 0x71, 0x01, 0x00, 0x00,
  0x33, 0x02, 0x00, 0x00, 0xea, 0xfe, 0xff, 0xff, 0x63, 0x07, 0x00, 0x00,
  0x9b, 0xf1, 0xff, 0xff, 0xed, 0x01, 0x00, 0x00, 0xaa, 0xe6, 0xff, 0xff,
  0x8d, 0xe0, 0xff, 0xff, 0xcb, 0x00, 0x00, 0x00, 0x76, 0xea, 0xff, 0xff,
  0xe9, 0xef, 0xff, 0xff, 0x4c, 0x06, 0x00, 0x00, 0x21, 0x16, 0x00, 0x00,
  0x70, 0xee, 0xff, 0xff, 0xc3, 0xf4, 0xff, 0xff, 0x6c, 0x04, 0x00, 0x00,
  0x61, 0xf6, 0xff, 0xff, 0xcf, 0xf7, 0xff, 0xff, 0xcb, 0x04, 0x00, 0x00,
  0x53, 0xf5, 0xff, 0xff, 0x55, 0x02, 0x00, 0x00, 0x3b, 0x0a, 0x00, 0x00,
  0xfb, 0xf8, 0xff, 0xff, 0x34, 0xff, 0xff, 0xff, 0x21, 0x11, 0x00, 0x00,
  0x75, 0xf0, 0xff, 0xff, 0xa3, 0x00, 0x00, 0x00, 0x55, 0xff, 0xff, 0xff,
  0x36, 0xfd, 0xff, 0xff, 0xa4, 0x02, 0x00, 0x00, 0x76, 0xb1, 0xff, 0xff,
  0x04, 0x00, 0x00, 0x00, 0xc0, 0x00, 0x00, 0x00, 0x8e, 0x16, 0x00, 0x00,
  0x7f, 0x03, 0x00, 0x00, 0xbe, 0x15, 0x00, 0x00, 0xc7, 0x03, 0x00, 0x00,
  0x78, 0x0e, 0x00, 0x00, 0x43, 0x03, 0x00, 0x00, 0xe1, 0x0e, 0x00, 0x00,
  0x24, 0x14, 0x00, 0x00, 0xd1, 0x1d, 0x00, 0x00, 0xb8, 0x0c, 0x00, 0x00,
  0x9a, 0x0e, 0x00, 0x00, 0xad, 0x2e, 0x00, 0x00, 0x26, 0x14, 0x00, 0x00,
  0xdc, 0x16, 0x00, 0x00, 0x94, 0x22, 0x00, 0x00, 0x6c, 0x03, 0x00, 0x00,
  0x33, 0xfa, 0xff, 0xff, 0xad, 0xf2, 0xff, 0xff, 0x75, 0x01, 0x00, 0x00,
  0x38, 0x02, 0x00, 0x00, 0xe7, 0xfe, 0xff, 0xff, 0x74, 0x07, 0x00, 0x00,
  0x7a, 0xf1, 0xff, 0xff, 0xf1, 0x01, 0x00, 0x00, 0x6f, 0xe6, 0xff, 0xff,
  0x44, 0xe0, 0xff, 0xff, 0xcd, 0x00, 0x00, 0x00, 0x44, 0xea, 0xff, 0xff,
  0xc3, 0xef, 0xff, 0xff, 0x5b, 0x06, 0x00, 0x00, 0x55, 0x16, 0x00, 0x00,
  0x48, 0xee, 0xff, 0xff, 0xa9, 0xf4, 0xff, 0xff, 0x76, 0x04, 0x00, 0x00,
  0x4a, 0xf6, 0xff, 0xff, 0xbc, 0xf7, 0xff, 0xff, 0xd6, 0x04, 0x00, 0x00,
  0x3a, 0xf5, 0xff, 0xff, 0x5b, 0x02, 0x00, 0x00, 0x53, 0x0a, 0x00, 0x00,
  0xea, 0xf8, 0xff, 0xff, 0x32, 0xff, 0xff, 0xff, 0x49, 0x11, 0x00, 0x00,
  0x51, 0xf0, 0xff, 0xff, 0xa5, 0x00, 0x00, 0x00, 0x53, 0xff, 0xff, 0xff,
  0x2f, 0xfd, 0xff, 0xff, 0xaa, 0x02, 0x00, 0x00, 0x42, 0xb2, 0xff, 0xff,
  0x04, 0x00, 0x00, 0x00, 0xc0, 0x00, 0x00, 0x00, 0xfa, 0x14, 0x00, 0x00,
  0x41, 0x03, 0x00, 0x00, 0x38, 0x14, 0x00, 0x00, 0x83, 0x03, 0x00, 0x00,
  0x75, 0x0d, 0x00, 0x00, 0x09, 0x03, 0x00, 0x00, 0xd7, 0x0d, 0x00, 0x00,
  0xbb, 0x12, 0x00, 0x00, 0xba, 0x1b, 0x00, 0x00, 0xd4, 0x0b, 0x00, 0x00,
  0x94, 0x0d, 0x00, 0x00, 0x68, 0x2b, 0x00, 0x00, 0xbd, 0x12, 0x00, 0x00,
  0x42, 0x15, 0x00, 0x00, 0x28, 0x20, 0x00, 0x00, 0x2f, 0x03, 0x00, 0x00,
  0x9b, 0xfa, 0xff, 0xff, 0x9c, 0xf3, 0xff, 0xff, 0x5b, 0x01, 0x00, 0x00,
  0x10, 0x02, 0x00, 0x00, 0xfb, 0xfe, 0xff, 0xff, 0xee, 0x06, 0x00, 0x00,
  0x7e, 0xf2, 0xff, 0xff, 0xce, 0x01, 0x00, 0x00, 0x3a, 0xe8, 0xff, 0xff,
  0x7d, 0xe2, 0xff, 0xff, 0xbf, 0x00, 0x00, 0x00, 0xc9, 0xeb, 0xff, 0xff,
  0xe6, 0xf0, 0xff, 0xff, 0xe9, 0x05, 0x00, 0x00, 0xc4, 0x14, 0x00, 0x00,
  0x85, 0xef, 0xff, 0xff, 0x74, 0xf5, 0xff, 0xff, 0x26, 0x04, 0x00, 0x00,
  0xf8, 0xf6, 0xff, 0xff, 0x50, 0xf8, 0xff, 0xff, 0x80, 0x04, 0x00, 0x00,
  0xfb, 0xf5, 0xff, 0xff, 0x31, 0x02, 0x00, 0x00, 0x9a, 0x09, 0x00, 0x00,
  0x69, 0xf9, 0xff, 0xff, 0x40, 0xff, 0xff, 0xff, 0x13, 0x10, 0x00, 0x00,
  0x6a, 0xf1, 0xff, 0xff, 0x99, 0x00, 0x00, 0x00, 0x5f, 0xff, 0xff, 0xff,
  0x62, 0xfd, 0xff, 0xff, 0x7a, 0x02, 0x00, 0x00, 0x0e, 0xb3, 0xff, 0xff,
  0x04, 0x00, 0x00, 0x00, 0xc0, 0x00, 0x00, 0x00, 0xe1, 0x17, 0x00, 0x00,
  0xb4, 0x03, 0x00, 0x00, 0x04, 0x17, 0x00, 0x00, 0x00, 0x04, 0x00, 0x00,
  0x51, 0x0f, 0x00, 0x00, 0x74, 0x03, 0x00, 0x00, 0xc1, 0x0f, 0x00, 0x00,
  0x53, 0x15, 0x00, 0x00, 0x91, 0x1f, 0x00, 0x00, 0x77, 0x0d, 0x00, 0x00,
  0x75, 0x0f, 0x00, 0x00, 0x6a, 0x31, 0x00, 0x00, 0x55, 0x15, 0x00, 0x00,
  0x33, 0x18, 0x00, 0x00, 0x9c, 0x24, 0x00, 0x00, 0xa0, 0x03, 0x00, 0x00,
  0xdc, 0xf9, 0xff, 0xff, 0xe5, 0xf1, 0xff, 0xff, 0x8b, 0x01, 0x00, 0x00,
  0x59, 0x02, 0x00, 0x00, 0xd7, 0xfe, 0xff, 0xff, 0xe4, 0x07, 0x00, 0x00,
  0xa0, 0xf0, 0xff, 0xff, 0x0e, 0x02, 0x00, 0x00, 0xef, 0xe4, 0xff, 0xff,
  0x68, 0xde, 0xff, 0xff, 0xd9, 0x00, 0x00, 0x00, 0xfd, 0xe8, 0xff, 0xff,
  0xcf, 0xee, 0xff, 0xff, 0xba, 0x06, 0x00, 0x00, 0xa4, 0x17, 0x00, 0x00,
  0x3d, 0xed, 0xff, 0xff, 0xff, 0xf3, 0xff, 0xff, 0xba, 0x04, 0x00, 0x00,
  0xb8, 0xf5, 0xff, 0xff, 0x40, 0xf7, 0xff, 0xff, 0x1f, 0x05, 0x00, 0x00,
  0x98, 0xf4, 0xff, 0xff, 0x7e, 0x02, 0x00, 0x00, 0xee, 0x0a, 0x00, 0x00,
  0x80, 0xf8, 0xff, 0xff, 0x26, 0xff, 0xff, 0xff, 0x4c, 0x12, 0x00, 0x00,
  0x65, 0xef, 0xff, 0xff, 0xae, 0x00, 0x00, 0x00, 0x49, 0xff, 0xff, 0xff,
  0x05, 0xfd, 0xff, 0xff, 0xd2, 0x02, 0x00, 0x00, 0xda, 0xb3, 0xff, 0xff,
  0x04, 0x00, 0x00, 0x00, 0xc0, 0x00, 0x00, 0x00, 0xe1, 0x17, 0x00, 0x00,
  0xb4, 0x03, 0x00, 0x00, 0x05, 0x17, 0x00, 0x00, 0x00, 0x04, 0x00, 0x00,
  0x52, 0x0f, 0x00, 0x00, 0x74, 0x03, 0x00, 0x00, 0xc1, 0x0f, 0x00, 0x00,
  0x53, 0x15, 0x00, 0x00, 0x91, 0x1f, 0x00, 0x00, 0x77, 0x0d, 0x00, 0x00,
  0x75, 0x0f, 0x00, 0x00, 0x6a, 0x31, 0x00, 0x00, 0x55, 0x15, 0x00, 0x00,
  0x33, 0x18, 0x00, 0x00, 0x9c, 0x24, 0x00, 0x00, 0xa0, 0x03, 0x00, 0x00,
  0xdc, 0xf9, 0xff, 0xff, 0xe5, 0xf1, 0xff, 0xff, 0x8b, 0x01, 0x00, 0x00,
  0x59, 0x02, 0x00, 0x00, 0xd7, 0xfe, 0xff, 0xff, 0xe4, 0x07, 0x00, 0x00,
  0xa0, 0xf0, 0xff, 0xff, 0x0e, 0x02, 0x00, 0x00, 0xef, 0xe4, 0xff, 0xff,
  0x67, 0xde, 0xff, 0xff, 0xd9, 0x00, 0x00, 0x00, 0xfd, 0xe8, 0xff, 0xff,
  0xcf, 0xee, 0xff, 0xff, 0xba, 0x06, 0x00, 0x00, 0xa4, 0x17, 0x00, 0x00,
  0x3d, 0xed, 0xff, 0xff, 0xfe, 0xf3, 0xff, 0xff, 0xba, 0x04, 0x00, 0x00,
  0xb8, 0xf5, 0xff, 0xff, 0x40, 0xf7, 0xff, 0xff, 0x1f, 0x05, 0x00, 0x00,
  0x98, 0xf4, 0xff, 0xff, 0x7e, 0x02, 0x00, 0x00, 0xee, 0x0a, 0x00, 0x00,
  0x80, 0xf8, 0xff, 0xff, 0x26, 0xff, 0xff, 0xff, 0x4c, 0x12, 0x00, 0x00,
  0x65, 0xef, 0xff, 0xff, 0xae, 0x00, 0x00, 0x00, 0x49, 0xff, 0xff, 0xff,
  0x05, 0xfd, 0xff, 0xff, 0xd2, 0x02, 0x00, 0x00, 0xa6, 0xb4, 0xff, 0xff,
  0x04, 0x00, 0x00, 0x00, 0xc0, 0x00, 0x00, 0x00, 0xa0, 0x19, 0x00, 0x00,
  0xf9, 0x03, 0x00, 0x00, 0xb4, 0x18, 0x00, 0x00, 0x4b, 0x04, 0x00, 0x00,
  0x71, 0x10, 0x00, 0x00, 0xb5, 0x03, 0x00, 0x00, 0xe8, 0x10, 0x00, 0x00,
  0xe2, 0x16, 0x00, 0x00, 0xe1, 0x21, 0x00, 0x00, 0x73, 0x0e, 0x00, 0x00,
  0x97, 0x10, 0x00, 0x00, 0x09, 0x35, 0x00, 0x00, 0xe5, 0x16, 0x00, 0x00,
  0xf9, 0x19, 0x00, 0x00, 0x4a, 0x27, 0x00, 0x00, 0xe4, 0x03, 0x00, 0x00,
  0x69, 0xf9, 0xff, 0xff, 0xdc, 0xf0, 0xff, 0xff, 0xa8, 0x01, 0x00, 0x00,
  0x85, 0x02, 0x00, 0x00, 0xc1, 0xfe, 0xff, 0xff, 0x78, 0x08, 0x00, 0x00,
  0x7f, 0xef, 0xff, 0xff, 0x35, 0x02, 0x00, 0x00, 0xf4, 0xe2, 0xff, 0xff,
  0xf2, 0xdb, 0xff, 0xff, 0xe9, 0x00, 0x00, 0x00, 0x4e, 0xe7, 0xff, 0xff,
  0x8d, 0xed, 0xff, 0xff, 0x38, 0x07, 0x00, 0x00, 0x60, 0x19, 0x00, 0x00,
  0xdd, 0xeb, 0xff, 0xff, 0x1d, 0xf3, 0xff, 0xff, 0x12, 0x05, 0x00, 0x00,
  0xf8, 0xf4, 0xff, 0xff, 0x9c, 0xf6, 0xff, 0xff, 0x7f, 0x05, 0x00, 0x00,
  0xc2, 0xf3, 0xff, 0xff, 0xad, 0x02, 0x00, 0x00, 0xbb, 0x0b, 0x00, 0x00,
  0xf3, 0xf7, 0xff, 0xff, 0x16, 0xff, 0xff, 0xff, 0xa4, 0x13, 0x00, 0x00,
  0x2e, 0xee, 0xff, 0xff, 0xbb, 0x00, 0x00, 0x00, 0x3b, 0xff, 0xff, 0xff,
  0xcd, 0xfc, 0xff, 0xff, 0x07, 0x03, 0x00, 0x00, 0x72, 0xb5, 0xff, 0xff,
  0x04, 0x00, 0x00, 0x00, 0xc0, 0x00, 0x00, 0x00, 0x70, 0x20, 0x00, 0x00,
  0x08, 0x05, 0x00, 0x00, 0x45, 0x1f, 0x00, 0x00, 0x6f, 0x05, 0x00, 0x00,
  0xcf, 0x14, 0x00, 0x00, 0xb1, 0x04, 0x00, 0x00, 0x67, 0x15, 0x00, 0x00,
  0xf7, 0x1c, 0x00, 0x00, 0xe1, 0x2a, 0x00, 0x00, 0x4a, 0x12, 0x00, 0x00,
  0x00, 0x15, 0x00, 0x00, 0x20, 0x43, 0x00, 0x00, 0xfa, 0x1c, 0x00, 0x00,
  0xe0, 0x20, 0x00, 0x00, 0xbb, 0x31, 0x00, 0x00, 0xec, 0x04, 0x00, 0x00,
  0xa8, 0xf7, 0xff, 0xff, 0xd6, 0xec, 0xff, 0xff, 0x18, 0x02, 0x00, 0x00,
  0x30, 0x03, 0x00, 0x00, 0x6c, 0xfe, 0xff, 0xff, 0xb8, 0x0a, 0x00, 0x00,
  0x1d, 0xeb, 0xff, 0xff, 0xcb, 0x02, 0x00, 0x00, 0x3c, 0xdb, 0xff, 0xff,
  0x5d, 0xd2, 0xff, 0xff, 0x27, 0x01, 0x00, 0x00, 0xbe, 0xe0, 0xff, 0xff,
  0xa6, 0xe8, 0xff, 0xff, 0x23, 0x09, 0x00, 0x00, 0x1e, 0x20, 0x00, 0x00,
  0x84, 0xe6, 0xff, 0xff, 0xb1, 0xef, 0xff, 0xff, 0x6b, 0x06, 0x00, 0x00,
  0x09, 0xf2, 0xff, 0xff, 0x1d, 0xf4, 0xff, 0xff, 0xf5, 0x06, 0x00, 0x00,
  0x82, 0xf0, 0xff, 0xff, 0x63, 0x03, 0x00, 0x00, 0xd9, 0x0e, 0x00, 0x00,
  0xcf, 0xf5, 0xff, 0xff, 0xd7, 0xfe, 0xff, 0xff, 0xdc, 0x18, 0x00, 0x00,
  0x72, 0xe9, 0xff, 0xff, 0xed, 0x00, 0x00, 0x00, 0x07, 0xff, 0xff, 0xff,
  0xf4, 0xfb, 0xff, 0xff, 0xd5, 0x03, 0x00, 0x00, 0x3e, 0xb6, 0xff, 0xff,
  0x04, 0x00, 0x00, 0x00, 0xc0, 0x00, 0x00, 0x00, 0x00, 0x00, 0x00, 0x40,
  0x00, 0x9e, 0x6e, 0x20, 0x00, 0x00, 0x00, 0x40, 0x80, 0x0f, 0x07, 0x23,
  0x00, 0x00, 0x00, 0x40, 0x60, 0x52, 0x40, 0x1e, 0x00, 0x00, 0x00, 0x40,
  0x00, 0x00, 0x00, 0x40, 0x00, 0x00, 0x00, 0x40, 0x00, 0x00, 0x00, 0x40,
  0x00, 0x00, 0x00, 0x40, 0x00, 0x00, 0x00, 0x40, 0x00, 0x00, 0x00, 0x40,
  0x00, 0x00, 0x00, 0x40, 0xc0, 0xff, 0xff, 0x3f, 0x60, 0xec, 0xbe, 0x1f,
  0x80, 0xeb, 0x33, 0xca, 0x00, 0x00, 0x00, 0xc0, 0xf0, 0x81, 0x81, 0x0d,
  0x40, 0xc2, 0x90, 0x14, 0xd0, 0xf5, 0xd2, 0xf5, 0x00, 0x00, 0x00, 0x40,
  0x40, 0x00, 0x00, 0xc0, 0x80, 0xbf, 0x03, 0x12, 0x00, 0x00, 0x00, 0xc0,
  0x40, 0x00, 0x00, 0xc0, 0xb0, 0x9a, 0x6e, 0x07, 0x00, 0x00, 0x00, 0xc0,
  0x40, 0x00, 0x00, 0xc0, 0x40, 0xdc, 0xed, 0x3a, 0xc0, 0xff, 0xff, 0x3f,
  0x00, 0x00, 0x00, 0xc0, 0x00, 0x00, 0x00, 0xc0, 0x40, 0x44, 0x63, 0x29,
  0x00, 0x00, 0x00, 0xc0, 0x00, 0x00, 0x00, 0xc0, 0xc0, 0x04, 0xdb, 0x2c,
  0x00, 0x00, 0x00, 0xc0, 0x20, 0x19, 0xd6, 0x15, 0x00, 0x00, 0x00, 0x40,
  0x00, 0x00, 0x00, 0xc0, 0x68, 0x99, 0x87, 0xf8, 0x00, 0x00, 0x00, 0x40,
  0x00, 0x00, 0x00, 0xc0, 0x68, 0x3e, 0xf7, 0x05, 0xb0, 0x08, 0xbc, 0xf9,
  0x80, 0x2d, 0xe6, 0xe5, 0x20, 0x71, 0xb3, 0x18, 0x0a, 0xb7, 0xff, 0xff,
  0x04, 0x00, 0x00, 0x00, 0x01, 0x00, 0x00, 0x00, 0x7f, 0x00, 0x00, 0x00,
  0x1a, 0xb7, 0xff, 0xff, 0x04, 0x00, 0x00, 0x00, 0x40, 0x00, 0x00, 0x00,
  0xa5, 0x96, 0x2e, 0xb4, 0x32, 0xc0, 0x3f, 0x67, 0xc3, 0xc4, 0x42, 0x3e,
  0x7f, 0x06, 0xa0, 0x9f, 0x3d, 0x1e, 0x13, 0x7f, 0x1f, 0xeb, 0x60, 0xd8,
  0xba, 0x1a, 0x6e, 0x9b, 0x32, 0xf4, 0x95, 0xf2, 0x68, 0x01, 0xc8, 0xdc,
  0xac, 0x3e, 0xf5, 0x20, 0x5f, 0xe6, 0xac, 0x7f, 0xb7, 0x39, 0x81, 0xd7,
  0x7f, 0x91, 0x2d, 0x2c, 0x6f, 0x14, 0x05, 0xfd, 0xf1, 0xcf, 0xab, 0x5b,
  0x26, 0xea, 0x21, 0xcc, 0x66, 0xb7, 0xff, 0xff, 0x04, 0x00, 0x00, 0x00,
  0x10, 0x00, 0x00, 0x00, 0x97, 0x03, 0x00, 0x00, 0x91, 0xea, 0xff, 0xff,
  0xd3, 0xfc, 0xff, 0xff, 0x54, 0xf8, 0xff, 0xff, 0x82, 0xb7, 0xff, 0xff,
  0x04, 0x00, 0x00, 0x00, 0x08, 0x00, 0x00, 0x00, 0x00, 0x00, 0x00, 0x00,
  0x20, 0x00, 0x00, 0x00, 0x96, 0xb7, 0xff, 0xff, 0x04, 0x00, 0x00, 0x00,
  0x08, 0x00, 0x00, 0x00, 0x01, 0x00, 0x00, 0x00, 0x01, 0x00, 0x00, 0x00,
  0xaa, 0xb7, 0xff, 0xff, 0x04, 0x00, 0x00, 0x00, 0x08, 0x00, 0x00, 0x00,
  0x00, 0x00, 0x00, 0x00, 0x10, 0x00, 0x00, 0x00, 0xbe, 0xb7, 0xff, 0xff,
  0x04, 0x00, 0x00, 0x00, 0x08, 0x00, 0x00, 0x00, 0x00, 0x00, 0x00, 0x00,
  0x00, 0x00, 0x00, 0x00, 0xd2, 0xb7, 0xff, 0xff, 0x04, 0x00, 0x00, 0x00,
  0x04, 0x00, 0x00, 0x00, 0xff, 0xff, 0xff, 0xff, 0xe2, 0xb7, 0xff, 0xff,
  0x04, 0x00, 0x00, 0x00, 0x04, 0x00, 0x00, 0x00, 0x10, 0x00, 0x00, 0x00,
  0xf2, 0xb7, 0xff, 0xff, 0x04, 0x00, 0x00, 0x00, 0x0c, 0x00, 0x00, 0x00,
  0x01, 0x00, 0x00, 0x00, 0x00, 0x00, 0x00, 0x00, 0x02, 0x00, 0x00, 0x00,
  0x0a, 0xb8, 0xff, 0xff, 0x04, 0x00, 0x00, 0x00, 0x04, 0x00, 0x00, 0x00,
  0x01, 0x00, 0x00, 0x00, 0x1a, 0xb8, 0xff, 0xff, 0x04, 0x00, 0x00, 0x00,
  0x04, 0x00, 0x00, 0x00, 0x00, 0x00, 0x00, 0x00, 0x2c, 0x26, 0xfe, 0xff,
  0x30, 0x26, 0xfe, 0xff, 0x0f, 0x00, 0x00, 0x00, 0x4d, 0x4c, 0x49, 0x52,
  0x20, 0x43, 0x6f, 0x6e, 0x76, 0x65, 0x72, 0x74, 0x65, 0x64, 0x2e, 0x00,
  0x01, 0x00, 0x00, 0x00, 0x14, 0x00, 0x00, 0x00, 0x00, 0x00, 0x0e, 0x00,
  0x18, 0x00, 0x14, 0x00, 0x10, 0x00, 0x0c, 0x00, 0x08, 0x00, 0x04, 0x00,
  0x0e, 0x00, 0x00, 0x00, 0x14, 0x00, 0x00, 0x00, 0x1c, 0x00, 0x00, 0x00,
  0xd0, 0x48, 0x00, 0x00, 0xd4, 0x48, 0x00, 0x00, 0xd8, 0x48, 0x00, 0x00,
  0x04, 0x00, 0x00, 0x00, 0x6d, 0x61, 0x69, 0x6e, 0x00, 0x00, 0x00, 0x00,
  0x5b, 0x01, 0x00, 0x00, 0x80, 0x48, 0x00, 0x00, 0x20, 0x48, 0x00, 0x00,
  0xe8, 0x47, 0x00, 0x00, 0x54, 0x47, 0x00, 0x00, 0x1c, 0x47, 0x00, 0x00,
  0xe4, 0x46, 0x00, 0x00, 0xac, 0x46, 0x00, 0x00, 0x6c, 0x46, 0x00, 0x00,
  0x34, 0x46, 0x00, 0x00, 0xe8, 0x45, 0x00, 0x00, 0xb4, 0x45, 0x00, 0x00,
  0x90, 0x45, 0x00, 0x00, 0x5c, 0x45, 0x00, 0x00, 0x28, 0x45, 0x00, 0x00,
  0xe4, 0x44, 0x00, 0x00, 0xb0, 0x44, 0x00, 0x00, 0x8c, 0x44, 0x00, 0x00,
  0x48, 0x44, 0x00, 0x00, 0x14, 0x44, 0x00, 0x00, 0xe0, 0x43, 0x00, 0x00,
  0xbc, 0x43, 0x00, 0x00, 0x88, 0x43, 0x00, 0x00, 0x54, 0x43, 0x00, 0x00,
  0x1c, 0x43, 0x00, 0x00, 0xdc, 0x42, 0x00, 0x00, 0xa4, 0x42, 0x00, 0x00,
  0x64, 0x42, 0x00, 0x00, 0x2c, 0x42, 0x00, 0x00, 0xec, 0x41, 0x00, 0x00,
  0xb4, 0x41, 0x00, 0x00, 0x74, 0x41, 0x00, 0x00, 0x3c, 0x41, 0x00, 0x00,
  0xfc, 0x40, 0x00, 0x00, 0xc4, 0x40, 0x00, 0x00, 0x84, 0x40, 0x00, 0x00,
  0x4c, 0x40, 0x00, 0x00, 0x0c, 0x40, 0x00, 0x00, 0xd4, 0x3f, 0x00, 0x00,
  0x94, 0x3f, 0x00, 0x00, 0x5c, 0x3f, 0x00, 0x00, 0x1c, 0x3f, 0x00, 0x00,
  0xe4, 0x3e, 0x00, 0x00, 0xa4, 0x3e, 0x00, 0x00, 0x6c, 0x3e, 0x00, 0x00,
  0x2c, 0x3e, 0x00, 0x00, 0xf4, 0x3d, 0x00, 0x00, 0xb0, 0x3d, 0x00, 0x00,
  0x7c, 0x3d, 0x00, 0x00, 0x58, 0x3d, 0x00, 0x00, 0x24, 0x3d, 0x00, 0x00,
  0xf0, 0x3c, 0x00, 0x00, 0xac, 0x3c, 0x00, 0x00, 0x78, 0x3c, 0x00, 0x00,
  0x54, 0x3c, 0x00, 0x00, 0x10, 0x3c, 0x00, 0x00, 0xdc, 0x3b, 0x00, 0x00,
  0xa8, 0x3b, 0x00, 0x00, 0x84, 0x3b, 0x00, 0x00, 0x50, 0x3b, 0x00, 0x00,
  0x1c, 0x3b, 0x00, 0x00, 0xe4, 0x3a, 0x00, 0x00, 0xa4, 0x3a, 0x00, 0x00,
  0x6c, 0x3a, 0x00, 0x00, 0x2c, 0x3a, 0x00, 0x00, 0xf4, 0x39, 0x00, 0x00,
  0xb4, 0x39, 0x00, 0x00, 0x7c, 0x39, 0x00, 0x00, 0x3c, 0x39, 0x00, 0x00,
  0x04, 0x39, 0x00, 0x00, 0xc4, 0x38, 0x00, 0x00, 0x8c, 0x38, 0x00, 0x00,
  0x4c, 0x38, 0x00, 0x00, 0x14, 0x38, 0x00, 0x00, 0xd0, 0x37, 0x00, 0x00,
  0x9c, 0x37, 0x00, 0x00, 0x78, 0x37, 0x00, 0x00, 0x44, 0x37, 0x00, 0x00,
  0x10, 0x37, 0x00, 0x00, 0xcc, 0x36, 0x00, 0x00, 0x98, 0x36, 0x00, 0x00,
  0x74, 0x36, 0x00, 0x00, 0x30, 0x36, 0x00, 0x00, 0xfc, 0x35, 0x00, 0x00,
  0xc8, 0x35, 0x00, 0x00, 0xa4, 0x35, 0x00, 0x00, 0x70, 0x35, 0x00, 0x00,
  0x3c, 0x35, 0x00, 0x00, 0x04, 0x35, 0x00, 0x00, 0xc4, 0x34, 0x00, 0x00,
  0x8c, 0x34, 0x00, 0x00, 0x48, 0x34, 0x00, 0x00, 0x14, 0x34, 0x00, 0x00,
  0xf0, 0x33, 0x00, 0x00, 0xbc, 0x33, 0x00, 0x00, 0x88, 0x33, 0x00, 0x00,
  0x44, 0x33, 0x00, 0x00, 0x10, 0x33, 0x00, 0x00, 0xec, 0x32, 0x00, 0x00,
  0xa8, 0x32, 0x00, 0x00, 0x74, 0x32, 0x00, 0x00, 0x40, 0x32, 0x00, 0x00,
  0x1c, 0x32, 0x00, 0x00, 0xe8, 0x31, 0x00, 0x00, 0xb4, 0x31, 0x00, 0x00,
  0x7c, 0x31, 0x00, 0x00, 0x3c, 0x31, 0x00, 0x00, 0x04, 0x31, 0x00, 0x00,
  0xc0, 0x30, 0x00, 0x00, 0x8c, 0x30, 0x00, 0x00, 0x68, 0x30, 0x00, 0x00,
  0x34, 0x30, 0x00, 0x00, 0x00, 0x30, 0x00, 0x00, 0xbc, 0x2f, 0x00, 0x00,
  0x88, 0x2f, 0x00, 0x00, 0x64, 0x2f, 0x00, 0x00, 0x20, 0x2f, 0x00, 0x00,
  0xec, 0x2e, 0x00, 0x00, 0xb8, 0x2e, 0x00, 0x00, 0x94, 0x2e, 0x00, 0x00,
  0x60, 0x2e, 0x00, 0x00, 0x2c, 0x2e, 0x00, 0x00, 0xf4, 0x2d, 0x00, 0x00,
  0xb0, 0x2d, 0x00, 0x00, 0x7c, 0x2d, 0x00, 0x00, 0x58, 0x2d, 0x00, 0x00,
  0x24, 0x2d, 0x00, 0x00, 0xf0, 0x2c, 0x00, 0x00, 0xac, 0x2c, 0x00, 0x00,
  0x78, 0x2c, 0x00, 0x00, 0x54, 0x2c, 0x00, 0x00, 0x10, 0x2c, 0x00, 0x00,
  0xdc, 0x2b, 0x00, 0x00, 0xa8, 0x2b, 0x00, 0x00, 0x84, 0x2b, 0x00, 0x00,
  0x50, 0x2b, 0x00, 0x00, 0x1c, 0x2b, 0x00, 0x00, 0xe4, 0x2a, 0x00, 0x00,
  0xa0, 0x2a, 0x00, 0x00, 0x6c, 0x2a, 0x00, 0x00, 0x48, 0x2a, 0x00, 0x00,
  0x14, 0x2a, 0x00, 0x00, 0xe0, 0x29, 0x00, 0x00, 0x9c, 0x29, 0x00, 0x00,
  0x68, 0x29, 0x00, 0x00, 0x44, 0x29, 0x00, 0x00, 0x00, 0x29, 0x00, 0x00,
  0xcc, 0x28, 0x00, 0x00, 0x98, 0x28, 0x00, 0x00, 0x74, 0x28, 0x00, 0x00,
  0x40, 0x28, 0x00, 0x00, 0x0c, 0x28, 0x00, 0x00, 0xd4, 0x27, 0x00, 0x00,
  0x90, 0x27, 0x00, 0x00, 0x5c, 0x27, 0x00, 0x00, 0x38, 0x27, 0x00, 0x00,
  0x04, 0x27, 0x00, 0x00, 0xd0, 0x26, 0x00, 0x00, 0x8c, 0x26, 0x00, 0x00,
  0x58, 0x26, 0x00, 0x00, 0x34, 0x26, 0x00, 0x00, 0xf0, 0x25, 0x00, 0x00,
  0xbc, 0x25, 0x00, 0x00, 0x88, 0x25, 0x00, 0x00, 0x64, 0x25, 0x00, 0x00,
  0x30, 0x25, 0x00, 0x00, 0xfc, 0x24, 0x00, 0x00, 0xc4, 0x24, 0x00, 0x00,
  0x80, 0x24, 0x00, 0x00, 0x4c, 0x24, 0x00, 0x00, 0x28, 0x24, 0x00, 0x00,
  0xf4, 0x23, 0x00, 0x00, 0xc0, 0x23, 0x00, 0x00, 0x7c, 0x23, 0x00, 0x00,
  0x48, 0x23, 0x00, 0x00, 0x24, 0x23, 0x00, 0x00, 0xe0, 0x22, 0x00, 0x00,
  0xac, 0x22, 0x00, 0x00, 0x78, 0x22, 0x00, 0x00, 0x54, 0x22, 0x00, 0x00,
  0x20, 0x22, 0x00, 0x00, 0xec, 0x21, 0x00, 0x00, 0xb4, 0x21, 0x00, 0x00,
  0x70, 0x21, 0x00, 0x00, 0x3c, 0x21, 0x00, 0x00, 0x18, 0x21, 0x00, 0x00,
  0xe4, 0x20, 0x00, 0x00, 0xb0, 0x20, 0x00, 0x00, 0x6c, 0x20, 0x00, 0x00,
  0x38, 0x20, 0x00, 0x00, 0x14, 0x20, 0x00, 0x00, 0xd0, 0x1f, 0x00, 0x00,
  0x9c, 0x1f, 0x00, 0x00, 0x68, 0x1f, 0x00, 0x00, 0x44, 0x1f, 0x00, 0x00,
  0x10, 0x1f, 0x00, 0x00, 0xdc, 0x1e, 0x00, 0x00, 0xa4, 0x1e, 0x00, 0x00,
  0x60, 0x1e, 0x00, 0x00, 0x2c, 0x1e, 0x00, 0x00, 0x08, 0x1e, 0x00, 0x00,
  0xd4, 0x1d, 0x00, 0x00, 0xa0, 0x1d, 0x00, 0x00, 0x5c, 0x1d, 0x00, 0x00,
  0x28, 0x1d, 0x00, 0x00, 0x04, 0x1d, 0x00, 0x00, 0xc0, 0x1c, 0x00, 0x00,
  0x8c, 0x1c, 0x00, 0x00, 0x58, 0x1c, 0x00, 0x00, 0x34, 0x1c, 0x00, 0x00,
  0x00, 0x1c, 0x00, 0x00, 0xcc, 0x1b, 0x00, 0x00, 0x94, 0x1b, 0x00, 0x00,
  0x50, 0x1b, 0x00, 0x00, 0x1c, 0x1b, 0x00, 0x00, 0xf8, 0x1a, 0x00, 0x00,
  0xc4, 0x1a, 0x00, 0x00, 0x90, 0x1a, 0x00, 0x00, 0x4c, 0x1a, 0x00, 0x00,
  0x18, 0x1a, 0x00, 0x00, 0xf4, 0x19, 0x00, 0x00, 0xb0, 0x19, 0x00, 0x00,
  0x7c, 0x19, 0x00, 0x00, 0x48, 0x19, 0x00, 0x00, 0x24, 0x19, 0x00, 0x00,
  0xf0, 0x18, 0x00, 0x00, 0xbc, 0x18, 0x00, 0x00, 0x84, 0x18, 0x00, 0x00,
  0x40, 0x18, 0x00, 0x00, 0x0c, 0x18, 0x00, 0x00, 0xe8, 0x17, 0x00, 0x00,
  0xb4, 0x17, 0x00, 0x00, 0x80, 0x17, 0x00, 0x00, 0x3c, 0x17, 0x00, 0x00,
  0x08, 0x17, 0x00, 0x00, 0xe4, 0x16, 0x00, 0x00, 0xa0, 0x16, 0x00, 0x00,
  0x6c, 0x16, 0x00, 0x00, 0x38, 0x16, 0x00, 0x00, 0x14, 0x16, 0x00, 0x00,
  0xe0, 0x15, 0x00, 0x00, 0xac, 0x15, 0x00, 0x00, 0x74, 0x15, 0x00, 0x00,
  0x30, 0x15, 0x00, 0x00, 0xfc, 0x14, 0x00, 0x00, 0xd8, 0x14, 0x00, 0x00,
  0xa4, 0x14, 0x00, 0x00, 0x70, 0x14, 0x00, 0x00, 0x2c, 0x14, 0x00, 0x00,
  0xf8, 0x13, 0x00, 0x00, 0xd4, 0x13, 0x00, 0x00, 0x90, 0x13, 0x00, 0x00,
  0x5c, 0x13, 0x00, 0x00, 0x28, 0x13, 0x00, 0x00, 0x04, 0x13, 0x00, 0x00,
  0xd0, 0x12, 0x00, 0x00, 0x9c, 0x12, 0x00, 0x00, 0x64, 0x12, 0x00, 0x00,
  0x20, 0x12, 0x00, 0x00, 0xec, 0x11, 0x00, 0x00, 0xc8, 0x11, 0x00, 0x00,
  0x94, 0x11, 0x00, 0x00, 0x60, 0x11, 0x00, 0x00, 0x1c, 0x11, 0x00, 0x00,
  0xe8, 0x10, 0x00, 0x00, 0xc4, 0x10, 0x00, 0x00, 0x80, 0x10, 0x00, 0x00,
  0x4c, 0x10, 0x00, 0x00, 0x18, 0x10, 0x00, 0x00, 0xf4, 0x0f, 0x00, 0x00,
  0xc0, 0x0f, 0x00, 0x00, 0x8c, 0x0f, 0x00, 0x00, 0x54, 0x0f, 0x00, 0x00,
  0x10, 0x0f, 0x00, 0x00, 0xdc, 0x0e, 0x00, 0x00, 0xb8, 0x0e, 0x00, 0x00,
  0x84, 0x0e, 0x00, 0x00, 0x50, 0x0e, 0x00, 0x00, 0x0c, 0x0e, 0x00, 0x00,
  0xd8, 0x0d, 0x00, 0x00, 0xb4, 0x0d, 0x00, 0x00, 0x70, 0x0d, 0x00, 0x00,
  0x3c, 0x0d, 0x00, 0x00, 0x08, 0x0d, 0x00, 0x00, 0xe4, 0x0c, 0x00, 0x00,
  0xb0, 0x0c, 0x00, 0x00, 0x7c, 0x0c, 0x00, 0x00, 0x44, 0x0c, 0x00, 0x00,
  0x00, 0x0c, 0x00, 0x00, 0xcc, 0x0b, 0x00, 0x00, 0xa8, 0x0b, 0x00, 0x00,
  0x74, 0x0b, 0x00, 0x00, 0x40, 0x0b, 0x00, 0x00, 0xfc, 0x0a, 0x00, 0x00,
  0xc8, 0x0a, 0x00, 0x00, 0xa4, 0x0a, 0x00, 0x00, 0x60, 0x0a, 0x00, 0x00,
  0x2c, 0x0a, 0x00, 0x00, 0xf8, 0x09, 0x00, 0x00, 0xd4, 0x09, 0x00, 0x00,
  0xa0, 0x09, 0x00, 0x00, 0x6c, 0x09, 0x00, 0x00, 0x34, 0x09, 0x00, 0x00,
  0xf0, 0x08, 0x00, 0x00, 0xbc, 0x08, 0x00, 0x00, 0x98, 0x08, 0x00, 0x00,
  0x64, 0x08, 0x00, 0x00, 0x30, 0x08, 0x00, 0x00, 0xec, 0x07, 0x00, 0x00,
  0xb8, 0x07, 0x00, 0x00, 0x94, 0x07, 0x00, 0x00, 0x50, 0x07, 0x00, 0x00,
  0x1c, 0x07, 0x00, 0x00, 0xe8, 0x06, 0x00, 0x00, 0xc4, 0x06, 0x00, 0x00,
  0x90, 0x06, 0x00, 0x00, 0x5c, 0x06, 0x00, 0x00, 0x24, 0x06, 0x00, 0x00,
  0xe0, 0x05, 0x00, 0x00, 0xac, 0x05, 0x00, 0x00, 0x88, 0x05, 0x00, 0x00,
  0x54, 0x05, 0x00, 0x00, 0x20, 0x05, 0x00, 0x00, 0xdc, 0x04, 0x00, 0x00,
  0xa8, 0x04, 0x00, 0x00, 0x84, 0x04, 0x00, 0x00, 0x40, 0x04, 0x00, 0x00,
  0x0c, 0x04, 0x00, 0x00, 0xd8, 0x03, 0x00, 0x00, 0xb4, 0x03, 0x00, 0x00,
  0x80, 0x03, 0x00, 0x00, 0x4c, 0x03, 0x00, 0x00, 0x14, 0x03, 0x00, 0x00,
  0xd0, 0x02, 0x00, 0x00, 0x9c, 0x02, 0x00, 0x00, 0x78, 0x02, 0x00, 0x00,
  0x44, 0x02, 0x00, 0x00, 0x10, 0x02, 0x00, 0x00, 0xcc, 0x01, 0x00, 0x00,
  0x98, 0x01, 0x00, 0x00, 0x74, 0x01, 0x00, 0x00, 0x30, 0x01, 0x00, 0x00,
  0xfc, 0x00, 0x00, 0x00, 0xc8, 0x00, 0x00, 0x00, 0xa4, 0x00, 0x00, 0x00,
  0x70, 0x00, 0x00, 0x00, 0x3c, 0x00, 0x00, 0x00, 0x04, 0x00, 0x00, 0x00,
  0x4e, 0xbe, 0xff, 0xff, 0x14, 0x00, 0x00, 0x00, 0x00, 0x00, 0x00, 0x08,
  0x10, 0x00, 0x00, 0x00, 0x14, 0x00, 0x00, 0x00, 0x06, 0x00, 0x00, 0x00,
  0x0c, 0x2c, 0xfe, 0xff, 0x01, 0x00, 0x00, 0x00, 0xce, 0x01, 0x00, 0x00,
  0x03, 0x00, 0x00, 0x00, 0xcd, 0x01, 0x00, 0x00, 0x0b, 0x00, 0x00, 0x00,
  0x0a, 0x00, 0x00, 0x00, 0x82, 0xbe, 0xff, 0xff, 0x14, 0x00, 0x00, 0x00,
  0x00, 0x00, 0x00, 0x0b, 0x10, 0x00, 0x00, 0x00, 0x14, 0x00, 0x00, 0x00,
  0x08, 0x00, 0x00, 0x00, 0x40, 0x2c, 0xfe, 0xff, 0x01, 0x00, 0x00, 0x00,
  0xcd, 0x01, 0x00, 0x00, 0x02, 0x00, 0x00, 0x00, 0xc4, 0x01, 0x00, 0x00,
  0xcc, 0x01, 0x00, 0x00, 0xb2, 0xbe, 0xff, 0xff, 0x14, 0x00, 0x00, 0x00,
  0x00, 0x00, 0x00, 0x15, 0x10, 0x00, 0x00, 0x00, 0x14, 0x00, 0x00, 0x00,
  0x0a, 0x00, 0x00, 0x00, 0x70, 0x2c, 0xfe, 0xff, 0x01, 0x00, 0x00, 0x00,
  0xcc, 0x01, 0x00, 0x00, 0x02, 0x00, 0x00, 0x00, 0xc3, 0x01, 0x00, 0x00,
  0xcb, 0x01, 0x00, 0x00, 0x1a, 0xbe, 0xff, 0xff, 0x0c, 0x00, 0x00, 0x00,
  0x10, 0x00, 0x00, 0x00, 0x0c, 0x00, 0x00, 0x00, 0x01, 0x00, 0x00, 0x00,
  0xcb, 0x01, 0x00, 0x00, 0x01, 0x00, 0x00, 0x00, 0xca, 0x01, 0x00, 0x00,
  0x02, 0xbf, 0xff, 0xff, 0x14, 0x00, 0x00, 0x00, 0x00, 0x00, 0x00, 0x0b,
  0x10, 0x00, 0x00, 0x00, 0x14, 0x00, 0x00, 0x00, 0x08, 0x00, 0x00, 0x00,
  0xc0, 0x2c, 0xfe, 0xff, 0x01, 0x00, 0x00, 0x00, 0xca, 0x01, 0x00, 0x00,
  0x02, 0x00, 0x00, 0x00, 0xb3, 0x00, 0x00, 0x00, 0xc9, 0x01, 0x00, 0x00,
  0x32, 0xbf, 0xff, 0xff, 0x14, 0x00, 0x00, 0x00, 0x00, 0x00, 0x00, 0x15,
  0x10, 0x00, 0x00, 0x00, 0x14, 0x00, 0x00, 0x00, 0x0a, 0x00, 0x00, 0x00,
  0xf0, 0x2c, 0xfe, 0xff, 0x01, 0x00, 0x00, 0x00, 0xc9, 0x01, 0x00, 0x00,
  0x02, 0x00, 0x00, 0x00, 0xc7, 0x01, 0x00, 0x00, 0xc8, 0x01, 0x00, 0x00,
  0x62, 0xbf, 0xff, 0xff, 0x14, 0x00, 0x00, 0x00, 0x00, 0x00, 0x00, 0x20,
  0x18, 0x00, 0x00, 0x00, 0x1c, 0x00, 0x00, 0x00, 0x01, 0x00, 0x00, 0x00,
  0x74, 0xc0, 0xff, 0xff, 0x03, 0x00, 0x00, 0x00, 0x01, 0x00, 0x00, 0x00,
  0x01, 0x00, 0x00, 0x00, 0xc8, 0x01, 0x00, 0x00, 0x04, 0x00, 0x00, 0x00,
  0xbf, 0x01, 0x00, 0x00, 0x09, 0x00, 0x00, 0x00, 0x06, 0x00, 0x00, 0x00,
  0x08, 0x00, 0x00, 0x00, 0xda, 0xbe, 0xff, 0xff, 0x0c, 0x00, 0x00, 0x00,
  0x10, 0x00, 0x00, 0x00, 0x09, 0x00, 0x00, 0x00, 0x01, 0x00, 0x00, 0x00,
  0xc7, 0x01, 0x00, 0x00, 0x01, 0x00, 0x00, 0x00, 0xc6, 0x01, 0x00, 0x00,
  0xc2, 0xbf, 0xff, 0xff, 0x14, 0x00, 0x00, 0x00, 0x00, 0x00, 0x00, 0x0b,
  0x10, 0x00, 0x00, 0x00, 0x14, 0x00, 0x00, 0x00, 0x08, 0x00, 0x00, 0x00,
  0x80, 0x2d, 0xfe, 0xff, 0x01, 0x00, 0x00, 0x00, 0xc6, 0x01, 0x00, 0x00,
  0x02, 0x00, 0x00, 0x00, 0xb2, 0x00, 0x00, 0x00, 0xc5, 0x01, 0x00, 0x00,
  0xf2, 0xbf, 0xff, 0xff, 0x14, 0x00, 0x00, 0x00, 0x00, 0x00, 0x00, 0x20,
  0x18, 0x00, 0x00, 0x00, 0x1c, 0x00, 0x00, 0x00, 0x01, 0x00, 0x00, 0x00,
  0x04, 0xc1, 0xff, 0xff, 0x01, 0x00, 0x00, 0x00, 0x01, 0x00, 0x00, 0x00,
  0x01, 0x00, 0x00, 0x00, 0xc5, 0x01, 0x00, 0x00, 0x04, 0x00, 0x00, 0x00,
  0xbf, 0x01, 0x00, 0x00, 0x07, 0x00, 0x00, 0x00, 0x09, 0x00, 0x00, 0x00,
  0x08, 0x00, 0x00, 0x00, 0x32, 0xc0, 0xff, 0xff, 0x14, 0x00, 0x00, 0x00,
  0x00, 0x00, 0x00, 0x15, 0x10, 0x00, 0x00, 0x00, 0x14, 0x00, 0x00, 0x00,
  0x0a, 0x00, 0x00, 0x00, 0xf0, 0x2d, 0xfe, 0xff, 0x01, 0x00, 0x00, 0x00,
  0xc4, 0x01, 0x00, 0x00, 0x02, 0x00, 0x00, 0x00, 0xc2, 0x01, 0x00, 0x00,
  0xbe, 0x01, 0x00, 0x00, 0x62, 0xc0, 0xff, 0xff, 0x14, 0x00, 0x00, 0x00,
  0x00, 0x00, 0x00, 0x1c, 0x10, 0x00, 0x00, 0x00, 0x14, 0x00, 0x00, 0x00,
  0x0b, 0x00, 0x00, 0x00, 0x20, 0x2e, 0xfe, 0xff, 0x01, 0x00, 0x00, 0x00,
  0xc3, 0x01, 0x00, 0x00, 0x02, 0x00, 0x00, 0x00, 0x0c, 0x00, 0x00, 0x00,
  0xc2, 0x01, 0x00, 0x00, 0xca, 0xbf, 0xff, 0xff, 0x0c, 0x00, 0x00, 0x00,
  0x10, 0x00, 0x00, 0x00, 0x09, 0x00, 0x00, 0x00, 0x01, 0x00, 0x00, 0x00,
  0xc2, 0x01, 0x00, 0x00, 0x01, 0x00, 0x00, 0x00, 0xc1, 0x01, 0x00, 0x00,
  0xb2, 0xc0, 0xff, 0xff, 0x14, 0x00, 0x00, 0x00, 0x00, 0x00, 0x00, 0x0b,
  0x10, 0x00, 0x00, 0x00, 0x14, 0x00, 0x00, 0x00, 0x08, 0x00, 0x00, 0x00,
  0x70, 0x2e, 0xfe, 0xff, 0x01, 0x00, 0x00, 0x00, 0xc1, 0x01, 0x00, 0x00,
  0x02, 0x00, 0x00, 0x00, 0xb1, 0x00, 0x00, 0x00, 0xc0, 0x01, 0x00, 0x00,
  0xe2, 0xc0, 0xff, 0xff, 0x14, 0x00, 0x00, 0x00, 0x00, 0x00, 0x00, 0x20,
  0x18, 0x00, 0x00, 0x00, 0x1c, 0x00, 0x00, 0x00, 0x01, 0x00, 0x00, 0x00,
  0xf4, 0xc1, 0xff, 0xff, 0x01, 0x00, 0x00, 0x00, 0x03, 0x00, 0x00, 0x00,
  0x01, 0x00, 0x00, 0x00, 0xc0, 0x01, 0x00, 0x00, 0x04, 0x00, 0x00, 0x00,
  0xbf, 0x01, 0x00, 0x00, 0x06, 0x00, 0x00, 0x00, 0x07, 0x00, 0x00, 0x00,
  0x08, 0x00, 0x00, 0x00, 0x22, 0xc1, 0xff, 0xff, 0x14, 0x00, 0x00, 0x00,
  0x00, 0x00, 0x00, 0x08, 0x10, 0x00, 0x00, 0x00, 0x14, 0x00, 0x00, 0x00,
  0x06, 0x00, 0x00, 0x00, 0xe0, 0x2e, 0xfe, 0xff, 0x01, 0x00, 0x00, 0x00,
  0xbf, 0x01, 0x00, 0x00, 0x03, 0x00, 0x00, 0x00, 0xbe, 0x01, 0x00, 0x00,
  0x21, 0x00, 0x00, 0x00, 0x20, 0x00, 0x00, 0x00, 0x56, 0xc1, 0xff, 0xff,
  0x14, 0x00, 0x00, 0x00, 0x00, 0x00, 0x00, 0x0b, 0x10, 0x00, 0x00, 0x00,
  0x14, 0x00, 0x00, 0x00, 0x08, 0x00, 0x00, 0x00, 0x14, 0x2f, 0xfe, 0xff,
  0x01, 0x00, 0x00, 0x00, 0xbe, 0x01, 0x00, 0x00, 0x02, 0x00, 0x00, 0x00,
  0xb5, 0x01, 0x00, 0x00, 0xbd, 0x01, 0x00, 0x00, 0x86, 0xc1, 0xff, 0xff,
  0x14, 0x00, 0x00, 0x00, 0x00, 0x00, 0x00, 0x15, 0x10, 0x00, 0x00, 0x00,
  0x14, 0x00, 0x00, 0x00, 0x0a, 0x00, 0x00, 0x00, 0x44, 0x2f, 0xfe, 0xff,
  0x01, 0x00, 0x00, 0x00, 0xbd, 0x01, 0x00, 0x00, 0x02, 0x00, 0x00, 0x00,
  0xb4, 0x01, 0x00, 0x00, 0xbc, 0x01, 0x00, 0x00, 0xee, 0xc0, 0xff, 0xff,
  0x0c, 0x00, 0x00, 0x00, 0x10, 0x00, 0x00, 0x00, 0x0c, 0x00, 0x00, 0x00,
  0x01, 0x00, 0x00, 0x00, 0xbc, 0x01, 0x00, 0x00, 0x01, 0x00, 0x00, 0x00,
  0xbb, 0x01, 0x00, 0x00, 0xd6, 0xc1, 0xff, 0xff, 0x14, 0x00, 0x00, 0x00,
  0x00, 0x00, 0x00, 0x0b, 0x10, 0x00, 0x00, 0x00, 0x14, 0x00, 0x00, 0x00,
  0x08, 0x00, 0x00, 0x00, 0x94, 0x2f, 0xfe, 0xff, 0x01, 0x00, 0x00, 0x00,
  0xbb, 0x01, 0x00, 0x00, 0x02, 0x00, 0x00, 0x00, 0xaf, 0x00, 0x00, 0x00,
  0xba, 0x01, 0x00, 0x00, 0x06, 0xc2, 0xff, 0xff, 0x14, 0x00, 0x00, 0x00,
  0x00, 0x00, 0x00, 0x15, 0x10, 0x00, 0x00, 0x00, 0x14, 0x00, 0x00, 0x00,
  0x0a, 0x00, 0x00, 0x00, 0xc4, 0x2f, 0xfe, 0xff, 0x01, 0x00, 0x00, 0x00,
  0xba, 0x01, 0x00, 0x00, 0x02, 0x00, 0x00, 0x00, 0xb8, 0x01, 0x00, 0x00,
  0xb9, 0x01, 0x00, 0x00, 0x36, 0xc2, 0xff, 0xff, 0x14, 0x00, 0x00, 0x00,
  0x00, 0x00, 0x00, 0x20, 0x18, 0x00, 0x00, 0x00, 0x1c, 0x00, 0x00, 0x00,
  0x01, 0x00, 0x00, 0x00, 0x48, 0xc3, 0xff, 0xff, 0x03, 0x00, 0x00, 0x00,
  0x01, 0x00, 0x00, 0x00, 0x01, 0x00, 0x00, 0x00, 0xb9, 0x01, 0x00, 0x00,
  0x04, 0x00, 0x00, 0x00, 0xb0, 0x01, 0x00, 0x00, 0x09, 0x00, 0x00, 0x00,
  0x06, 0x00, 0x00, 0x00, 0x08, 0x00, 0x00, 0x00, 0xae, 0xc1, 0xff, 0xff,
  0x0c, 0x00, 0x00, 0x00, 0x10, 0x00, 0x00, 0x00, 0x09, 0x00, 0x00, 0x00,
  0x01, 0x00, 0x00, 0x00, 0xb8, 0x01, 0x00, 0x00, 0x01, 0x00, 0x00, 0x00,
  0xb7, 0x01, 0x00, 0x00, 0x96, 0xc2, 0xff, 0xff, 0x14, 0x00, 0x00, 0x00,
  0x00, 0x00, 0x00, 0x0b, 0x10, 0x00, 0x00, 0x00, 0x14, 0x00, 0x00, 0x00,
  0x08, 0x00, 0x00, 0x00, 0x54, 0x30, 0xfe, 0xff, 0x01, 0x00, 0x00, 0x00,
  0xb7, 0x01, 0x00, 0x00, 0x02, 0x00, 0x00, 0x00, 0xae, 0x00, 0x00, 0x00,
  0xb6, 0x01, 0x00, 0x00, 0xc6, 0xc2, 0xff, 0xff, 0x14, 0x00, 0x00, 0x00,
  0x00, 0x00, 0x00, 0x20, 0x18, 0x00, 0x00, 0x00, 0x1c, 0x00, 0x00, 0x00,
  0x01, 0x00, 0x00, 0x00, 0xd8, 0xc3, 0xff, 0xff, 0x01, 0x00, 0x00, 0x00,
  0x01, 0x00, 0x00, 0x00, 0x01, 0x00, 0x00, 0x00, 0xb6, 0x01, 0x00, 0x00,
  0x04, 0x00, 0x00, 0x00, 0xb0, 0x01, 0x00, 0x00, 0x07, 0x00, 0x00, 0x00,
  0x09, 0x00, 0x00, 0x00, 0x08, 0x00, 0x00, 0x00, 0x06, 0xc3, 0xff, 0xff,
  0x14, 0x00, 0x00, 0x00, 0x00, 0x00, 0x00, 0x15, 0x10, 0x00, 0x00, 0x00,
  0x14, 0x00, 0x00, 0x00, 0x0a, 0x00, 0x00, 0x00, 0xc4, 0x30, 0xfe, 0xff,
  0x01, 0x00, 0x00, 0x00, 0xb5, 0x01, 0x00, 0x00, 0x02, 0x00, 0x00, 0x00,
  0xb3, 0x01, 0x00, 0x00, 0xaf, 0x01, 0x00, 0x00, 0x36, 0xc3, 0xff, 0xff,
  0x14, 0x00, 0x00, 0x00, 0x00, 0x00, 0x00, 0x1c, 0x10, 0x00, 0x00, 0x00,
  0x14, 0x00, 0x00, 0x00, 0x0b, 0x00, 0x00, 0x00, 0xf4, 0x30, 0xfe, 0xff,
  0x01, 0x00, 0x00, 0x00, 0xb4, 0x01, 0x00, 0x00, 0x02, 0x00, 0x00, 0x00,
  0x0c, 0x00, 0x00, 0x00, 0xb3, 0x01, 0x00, 0x00, 0x9e, 0xc2, 0xff, 0xff,
  0x0c, 0x00, 0x00, 0x00, 0x10, 0x00, 0x00, 0x00, 0x09, 0x00, 0x00, 0x00,
  0x01, 0x00, 0x00, 0x00, 0xb3, 0x01, 0x00, 0x00, 0x01, 0x00, 0x00, 0x00,
  0xb2, 0x01, 0x00, 0x00, 0x86, 0xc3, 0xff, 0xff, 0x14, 0x00, 0x00, 0x00,
  0x00, 0x00, 0x00, 0x0b, 0x10, 0x00, 0x00, 0x00, 0x14, 0x00, 0x00, 0x00,
  0x08, 0x00, 0x00, 0x00, 0x44, 0x31, 0xfe, 0xff, 0x01, 0x00, 0x00, 0x00,
  0xb2, 0x01, 0x00, 0x00, 0x02, 0x00, 0x00, 0x00, 0xad, 0x00, 0x00, 0x00,
  0xb1, 0x01, 0x00, 0x00, 0xb6, 0xc3, 0xff, 0xff, 0x14, 0x00, 0x00, 0x00,
  0x00, 0x00, 0x00, 0x20, 0x18, 0x00, 0x00, 0x00, 0x1c, 0x00, 0x00, 0x00,
  0x01, 0x00, 0x00, 0x00, 0xc8, 0xc4, 0xff, 0xff, 0x01, 0x00, 0x00, 0x00,
  0x03, 0x00, 0x00, 0x00, 0x01, 0x00, 0x00, 0x00, 0xb1, 0x01, 0x00, 0x00,
  0x04, 0x00, 0x00, 0x00, 0xb0, 0x01, 0x00, 0x00, 0x06, 0x00, 0x00, 0x00,
  0x07, 0x00, 0x00, 0x00, 0x08, 0x00, 0x00, 0x00, 0xf6, 0xc3, 0xff, 0xff,
  0x14, 0x00, 0x00, 0x00, 0x00, 0x00, 0x00, 0x08, 0x10, 0x00, 0x00, 0x00,
  0x14, 0x00, 0x00, 0x00, 0x06, 0x00, 0x00, 0x00, 0xb4, 0x31, 0xfe, 0xff,
  0x01, 0x00, 0x00, 0x00, 0xb0, 0x01, 0x00, 0x00, 0x03, 0x00, 0x00, 0x00,
  0xaf, 0x01, 0x00, 0x00, 0x21, 0x00, 0x00, 0x00, 0x1f, 0x00, 0x00, 0x00,
  0x2a, 0xc4, 0xff, 0xff, 0x14, 0x00, 0x00, 0x00, 0x00, 0x00, 0x00, 0x0b,
  0x10, 0x00, 0x00, 0x00, 0x14, 0x00, 0x00, 0x00, 0x08, 0x00, 0x00, 0x00,
  0xe8, 0x31, 0xfe, 0xff, 0x01, 0x00, 0x00, 0x00, 0xaf, 0x01, 0x00, 0x00,
  0x02, 0x00, 0x00, 0x00, 0xa6, 0x01, 0x00, 0x00, 0xae, 0x01, 0x00, 0x00,
  0x5a, 0xc4, 0xff, 0xff, 0x14, 0x00, 0x00, 0x00, 0x00, 0x00, 0x00, 0x15,
  0x10, 0x00, 0x00, 0x00, 0x14, 0x00, 0x00, 0x00, 0x0a, 0x00, 0x00, 0x00,
  0x18, 0x32, 0xfe, 0xff, 0x01, 0x00, 0x00, 0x00, 0xae, 0x01, 0x00, 0x00,
  0x02, 0x00, 0x00, 0x00, 0xa5, 0x01, 0x00, 0x00, 0xad, 0x01, 0x00, 0x00,
  0xc2, 0xc3, 0xff, 0xff, 0x0c, 0x00, 0x00, 0x00, 0x10, 0x00, 0x00, 0x00,
  0x0c, 0x00, 0x00, 0x00, 0x01, 0x00, 0x00, 0x00, 0xad, 0x01, 0x00, 0x00,
  0x01, 0x00, 0x00, 0x00, 0xac, 0x01, 0x00, 0x00, 0xaa, 0xc4, 0xff, 0xff,
  0x14, 0x00, 0x00, 0x00, 0x00, 0x00, 0x00, 0x0b, 0x10, 0x00, 0x00, 0x00,
  0x14, 0x00, 0x00, 0x00, 0x08, 0x00, 0x00, 0x00, 0x68, 0x32, 0xfe, 0xff,
  0x01, 0x00, 0x00, 0x00, 0xac, 0x01, 0x00, 0x00, 0x02, 0x00, 0x00, 0x00,
  0xab, 0x00, 0x00, 0x00, 0xab, 0x01, 0x00, 0x00, 0xda, 0xc4, 0xff, 0xff,
  0x14, 0x00, 0x00, 0x00, 0x00, 0x00, 0x00, 0x15, 0x10, 0x00, 0x00, 0x00,
  0x14, 0x00, 0x00, 0x00, 0x0a, 0x00, 0x00, 0x00, 0x98, 0x32, 0xfe, 0xff,
  0x01, 0x00, 0x00, 0x00, 0xab, 0x01, 0x00, 0x00, 0x02, 0x00, 0x00, 0x00,
  0xa9, 0x01, 0x00, 0x00, 0xaa, 0x01, 0x00, 0x00, 0x0a, 0xc5, 0xff, 0xff,
  0x14, 0x00, 0x00, 0x00, 0x00, 0x00, 0x00, 0x20, 0x18, 0x00, 0x00, 0x00,
  0x1c, 0x00, 0x00, 0x00, 0x01, 0x00, 0x00, 0x00, 0x1c, 0xc6, 0xff, 0xff,
  0x03, 0x00, 0x00, 0x00, 0x01, 0x00, 0x00, 0x00, 0x01, 0x00, 0x00, 0x00,
  0xaa, 0x01, 0x00, 0x00, 0x04, 0x00, 0x00, 0x00, 0xa1, 0x01, 0x00, 0x00,
  0x09, 0x00, 0x00, 0x00, 0x06, 0x00, 0x00, 0x00, 0x08, 0x00, 0x00, 0x00,
  0x82, 0xc4, 0xff, 0xff, 0x0c, 0x00, 0x00, 0x00, 0x10, 0x00, 0x00, 0x00,
  0x09, 0x00, 0x00, 0x00, 0x01, 0x00, 0x00, 0x00, 0xa9, 0x01, 0x00, 0x00,
  0x01, 0x00, 0x00, 0x00, 0xa8, 0x01, 0x00, 0x00, 0x6a, 0xc5, 0xff, 0xff,
  0x14, 0x00, 0x00, 0x00, 0x00, 0x00, 0x00, 0x0b, 0x10, 0x00, 0x00, 0x00,
  0x14, 0x00, 0x00, 0x00, 0x08, 0x00, 0x00, 0x00, 0x28, 0x33, 0xfe, 0xff,
  0x01, 0x00, 0x00, 0x00, 0xa8, 0x01, 0x00, 0x00, 0x02, 0x00, 0x00, 0x00,
  0xaa, 0x00, 0x00, 0x00, 0xa7, 0x01, 0x00, 0x00, 0x9a, 0xc5, 0xff, 0xff,
  0x14, 0x00, 0x00, 0x00, 0x00, 0x00, 0x00, 0x20, 0x18, 0x00, 0x00, 0x00,
  0x1c, 0x00, 0x00, 0x00, 0x01, 0x00, 0x00, 0x00, 0xac, 0xc6, 0xff, 0xff,
  0x01, 0x00, 0x00, 0x00, 0x01, 0x00, 0x00, 0x00, 0x01, 0x00, 0x00, 0x00,
  0xa7, 0x01, 0x00, 0x00, 0x04, 0x00, 0x00, 0x00, 0xa1, 0x01, 0x00, 0x00,
  0x07, 0x00, 0x00, 0x00, 0x09, 0x00, 0x00, 0x00, 0x08, 0x00, 0x00, 0x00,
  0xda, 0xc5, 0xff, 0xff, 0x14, 0x00, 0x00, 0x00, 0x00, 0x00, 0x00, 0x15,
  0x10, 0x00, 0x00, 0x00, 0x14, 0x00, 0x00, 0x00, 0x0a, 0x00, 0x00, 0x00,
  0x98, 0x33, 0xfe, 0xff, 0x01, 0x00, 0x00, 0x00, 0xa6, 0x01, 0x00, 0x00,
  0x02, 0x00, 0x00, 0x00, 0xa4, 0x01, 0x00, 0x00, 0xa0, 0x01, 0x00, 0x00,
  0x0a, 0xc6, 0xff, 0xff, 0x14, 0x00, 0x00, 0x00, 0x00, 0x00, 0x00, 0x1c,
  0x10, 0x00, 0x00, 0x00, 0x14, 0x00, 0x00, 0x00, 0x0b, 0x00, 0x00, 0x00,
  0xc8, 0x33, 0xfe, 0xff, 0x01, 0x00, 0x00, 0x00, 0xa5, 0x01, 0x00, 0x00,
  0x02, 0x00, 0x00, 0x00, 0x0c, 0x00, 0x00, 0x00, 0xa4, 0x01, 0x00, 0x00,
  0x72, 0xc5, 0xff, 0xff, 0x0c, 0x00, 0x00, 0x00, 0x10, 0x00, 0x00, 0x00,
  0x09, 0x00, 0x00, 0x00, 0x01, 0x00, 0x00, 0x00, 0xa4, 0x01, 0x00, 0x00,
  0x01, 0x00, 0x00, 0x00, 0xa3, 0x01, 0x00, 0x00, 0x5a, 0xc6, 0xff, 0xff,
  0x14, 0x00, 0x00, 0x00, 0x00, 0x00, 0x00, 0x0b, 0x10, 0x00, 0x00, 0x00,
  0x14, 0x00, 0x00, 0x00, 0x08, 0x00, 0x00, 0x00, 0x18, 0x34, 0xfe, 0xff,
  0x01, 0x00, 0x00, 0x00, 0xa3, 0x01, 0x00, 0x00, 0x02, 0x00, 0x00, 0x00,
  0xa9, 0x00, 0x00, 0x00, 0xa2, 0x01, 0x00, 0x00, 0x8a, 0xc6, 0xff, 0xff,
  0x14, 0x00, 0x00, 0x00, 0x00, 0x00, 0x00, 0x20, 0x18, 0x00, 0x00, 0x00,
  0x1c, 0x00, 0x00, 0x00, 0x01, 0x00, 0x00, 0x00, 0x9c, 0xc7, 0xff, 0xff,
  0x01, 0x00, 0x00, 0x00, 0x03, 0x00, 0x00, 0x00, 0x01, 0x00, 0x00, 0x00,
  0xa2, 0x01, 0x00, 0x00, 0x04, 0x00, 0x00, 0x00, 0xa1, 0x01, 0x00, 0x00,
  0x06, 0x00, 0x00, 0x00, 0x07, 0x00, 0x00, 0x00, 0x08, 0x00, 0x00, 0x00,
  0xca, 0xc6, 0xff, 0xff, 0x14, 0x00, 0x00, 0x00, 0x00, 0x00, 0x00, 0x08,
  0x10, 0x00, 0x00, 0x00, 0x14, 0x00, 0x00, 0x00, 0x06, 0x00, 0x00, 0x00,
  0x88, 0x34, 0xfe, 0xff, 0x01, 0x00, 0x00, 0x00, 0xa1, 0x01, 0x00, 0x00,
  0x03, 0x00, 0x00, 0x00, 0xa0, 0x01, 0x00, 0x00, 0x21, 0x00, 0x00, 0x00,
  0x1e, 0x00, 0x00, 0x00, 0xfe, 0xc6, 0xff, 0xff, 0x14, 0x00, 0x00, 0x00,
  0x00, 0x00, 0x00, 0x0b, 0x10, 0x00, 0x00, 0x00, 0x14, 0x00, 0x00, 0x00,
  0x08, 0x00, 0x00, 0x00, 0xbc, 0x34, 0xfe, 0xff, 0x01, 0x00, 0x00, 0x00,
  0xa0, 0x01, 0x00, 0x00, 0x02, 0x00, 0x00, 0x00, 0x97, 0x01, 0x00, 0x00,
  0x9f, 0x01, 0x00, 0x00, 0x2e, 0xc7, 0xff, 0xff, 0x14, 0x00, 0x00, 0x00,
  0x00, 0x00, 0x00, 0x15, 0x10, 0x00, 0x00, 0x00, 0x14, 0x00, 0x00, 0x00,
  0x0a, 0x00, 0x00, 0x00, 0xec, 0x34, 0xfe, 0xff, 0x01, 0x00, 0x00, 0x00,
  0x9f, 0x01, 0x00, 0x00, 0x02, 0x00, 0x00, 0x00, 0x96, 0x01, 0x00, 0x00,
  0x9e, 0x01, 0x00, 0x00, 0x96, 0xc6, 0xff, 0xff, 0x0c, 0x00, 0x00, 0x00,
  0x10, 0x00, 0x00, 0x00, 0x0c, 0x00, 0x00, 0x00, 0x01, 0x00, 0x00, 0x00,
  0x9e, 0x01, 0x00, 0x00, 0x01, 0x00, 0x00, 0x00, 0x9d, 0x01, 0x00, 0x00,
  0x7e, 0xc7, 0xff, 0xff, 0x14, 0x00, 0x00, 0x00, 0x00, 0x00, 0x00, 0x0b,
  0x10, 0x00, 0x00, 0x00, 0x14, 0x00, 0x00, 0x00, 0x08, 0x00, 0x00, 0x00,
  0x3c, 0x35, 0xfe, 0xff, 0x01, 0x00, 0x00, 0x00, 0x9d, 0x01, 0x00, 0x00,
  0x02, 0x00, 0x00, 0x00, 0xa7, 0x00, 0x00, 0x00, 0x9c, 0x01, 0x00, 0x00,
  0xae, 0xc7, 0xff, 0xff, 0x14, 0x00, 0x00, 0x00, 0x00, 0x00, 0x00, 0x15,
  0x10, 0x00, 0x00, 0x00, 0x14, 0x00, 0x00, 0x00, 0x0a, 0x00, 0x00, 0x00,
  0x6c, 0x35, 0xfe, 0xff, 0x01, 0x00, 0x00, 0x00, 0x9c, 0x01, 0x00, 0x00,
  0x02, 0x00, 0x00, 0x00, 0x9a, 0x01, 0x00, 0x00, 0x9b, 0x01, 0x00, 0x00,
  0xde, 0xc7, 0xff, 0xff, 0x14, 0x00, 0x00, 0x00, 0x00, 0x00, 0x00, 0x20,
  0x18, 0x00, 0x00, 0x00, 0x1c, 0x00, 0x00, 0x00, 0x01, 0x00, 0x00, 0x00,
  0xf0, 0xc8, 0xff, 0xff, 0x03, 0x00, 0x00, 0x00, 0x01, 0x00, 0x00, 0x00,
  0x01, 0x00, 0x00, 0x00, 0x9b, 0x01, 0x00, 0x00, 0x04, 0x00, 0x00, 0x00,
  0x92, 0x01, 0x00, 0x00, 0x09, 0x00, 0x00, 0x00, 0x06, 0x00, 0x00, 0x00,
  0x08, 0x00, 0x00, 0x00, 0x56, 0xc7, 0xff, 0xff, 0x0c, 0x00, 0x00, 0x00,
  0x10, 0x00, 0x00, 0x00, 0x09, 0x00, 0x00, 0x00, 0x01, 0x00, 0x00, 0x00,
  0x9a, 0x01, 0x00, 0x00, 0x01, 0x00, 0x00, 0x00, 0x99, 0x01, 0x00, 0x00,
  0x3e, 0xc8, 0xff, 0xff, 0x14, 0x00, 0x00, 0x00, 0x00, 0x00, 0x00, 0x0b,
  0x10, 0x00, 0x00, 0x00, 0x14, 0x00, 0x00, 0x00, 0x08, 0x00, 0x00, 0x00,
  0xfc, 0x35, 0xfe, 0xff, 0x01, 0x00, 0x00, 0x00, 0x99, 0x01, 0x00, 0x00,
  0x02, 0x00, 0x00, 0x00, 0xa6, 0x00, 0x00, 0x00, 0x98, 0x01, 0x00, 0x00,
  0x6e, 0xc8, 0xff, 0xff, 0x14, 0x00, 0x00, 0x00, 0x00, 0x00, 0x00, 0x20,
  0x18, 0x00, 0x00, 0x00, 0x1c, 0x00, 0x00, 0x00, 0x01, 0x00, 0x00, 0x00,
  0x80, 0xc9, 0xff, 0xff, 0x01, 0x00, 0x00, 0x00, 0x01, 0x00, 0x00, 0x00,
  0x01, 0x00, 0x00, 0x00, 0x98, 0x01, 0x00, 0x00, 0x04, 0x00, 0x00, 0x00,
  0x92, 0x01, 0x00, 0x00, 0x07, 0x00, 0x00, 0x00, 0x09, 0x00, 0x00, 0x00,
  0x08, 0x00, 0x00, 0x00, 0xae, 0xc8, 0xff, 0xff, 0x14, 0x00, 0x00, 0x00,
  0x00, 0x00, 0x00, 0x15, 0x10, 0x00, 0x00, 0x00, 0x14, 0x00, 0x00, 0x00,
  0x0a, 0x00, 0x00, 0x00, 0x6c, 0x36, 0xfe, 0xff, 0x01, 0x00, 0x00, 0x00,
  0x97, 0x01, 0x00, 0x00, 0x02, 0x00, 0x00, 0x00, 0x95, 0x01, 0x00, 0x00,
  0x91, 0x01, 0x00, 0x00, 0xde, 0xc8, 0xff, 0xff, 0x14, 0x00, 0x00, 0x00,
  0x00, 0x00, 0x00, 0x1c, 0x10, 0x00, 0x00, 0x00, 0x14, 0x00, 0x00, 0x00,
  0x0b, 0x00, 0x00, 0x00, 0x9c, 0x36, 0xfe, 0xff, 0x01, 0x00, 0x00, 0x00,
  0x96, 0x01, 0x00, 0x00, 0x02, 0x00, 0x00, 0x00, 0x0c, 0x00, 0x00, 0x00,
  0x95, 0x01, 0x00, 0x00, 0x46, 0xc8, 0xff, 0xff, 0x0c, 0x00, 0x00, 0x00,
  0x10, 0x00, 0x00, 0x00, 0x09, 0x00, 0x00, 0x00, 0x01, 0x00, 0x00, 0x00,
  0x95, 0x01, 0x00, 0x00, 0x01, 0x00, 0x00, 0x00, 0x94, 0x01, 0x00, 0x00,
  0x2e, 0xc9, 0xff, 0xff, 0x14, 0x00, 0x00, 0x00, 0x00, 0x00, 0x00, 0x0b,
  0x10, 0x00, 0x00, 0x00, 0x14, 0x00, 0x00, 0x00, 0x08, 0x00, 0x00, 0x00,
  0xec, 0x36, 0xfe, 0xff, 0x01, 0x00, 0x00, 0x00, 0x94, 0x01, 0x00, 0x00,
  0x02, 0x00, 0x00, 0x00, 0xa5, 0x00, 0x00, 0x00, 0x93, 0x01, 0x00, 0x00,
  0x5e, 0xc9, 0xff, 0xff, 0x14, 0x00, 0x00, 0x00, 0x00, 0x00, 0x00, 0x20,
  0x18, 0x00, 0x00, 0x00, 0x1c, 0x00, 0x00, 0x00, 0x01, 0x00, 0x00, 0x00,
  0x70, 0xca, 0xff, 0xff, 0x01, 0x00, 0x00, 0x00, 0x03, 0x00, 0x00, 0x00,
  0x01, 0x00, 0x00, 0x00, 0x93, 0x01, 0x00, 0x00, 0x04, 0x00, 0x00, 0x00,
  0x92, 0x01, 0x00, 0x00, 0x06, 0x00, 0x00, 0x00, 0x07, 0x00, 0x00, 0x00,
  0x08, 0x00, 0x00, 0x00, 0x9e, 0xc9, 0xff, 0xff, 0x14, 0x00, 0x00, 0x00,
  0x00, 0x00, 0x00, 0x08, 0x10, 0x00, 0x00, 0x00, 0x14, 0x00, 0x00, 0x00,
  0x06, 0x00, 0x00, 0x00, 0x5c, 0x37, 0xfe, 0xff, 0x01, 0x00, 0x00, 0x00,
  0x92, 0x01, 0x00, 0x00, 0x03, 0x00, 0x00, 0x00, 0x91, 0x01, 0x00, 0x00,
  0x21, 0x00, 0x00, 0x00, 0x1d, 0x00, 0x00, 0x00, 0xd2, 0xc9, 0xff, 0xff,
  0x14, 0x00, 0x00, 0x00, 0x00, 0x00, 0x00, 0x0b, 0x10, 0x00, 0x00, 0x00,
  0x14, 0x00, 0x00, 0x00, 0x08, 0x00, 0x00, 0x00, 0x90, 0x37, 0xfe, 0xff,
  0x01, 0x00, 0x00, 0x00, 0x91, 0x01, 0x00, 0x00, 0x02, 0x00, 0x00, 0x00,
  0x88, 0x01, 0x00, 0x00, 0x90, 0x01, 0x00, 0x00, 0x02, 0xca, 0xff, 0xff,
  0x14, 0x00, 0x00, 0x00, 0x00, 0x00, 0x00, 0x15, 0x10, 0x00, 0x00, 0x00,
  0x14, 0x00, 0x00, 0x00, 0x0a, 0x00, 0x00, 0x00, 0xc0, 0x37, 0xfe, 0xff,
  0x01, 0x00, 0x00, 0x00, 0x90, 0x01, 0x00, 0x00, 0x02, 0x00, 0x00, 0x00,
  0x87, 0x01, 0x00, 0x00, 0x8f, 0x01, 0x00, 0x00, 0x6a, 0xc9, 0xff, 0xff,
  0x0c, 0x00, 0x00, 0x00, 0x10, 0x00, 0x00, 0x00, 0x0c, 0x00, 0x00, 0x00,
  0x01, 0x00, 0x00, 0x00, 0x8f, 0x01, 0x00, 0x00, 0x01, 0x00, 0x00, 0x00,
  0x8e, 0x01, 0x00, 0x00, 0x52, 0xca, 0xff, 0xff, 0x14, 0x00, 0x00, 0x00,
  0x00, 0x00, 0x00, 0x0b, 0x10, 0x00, 0x00, 0x00, 0x14, 0x00, 0x00, 0x00,
  0x08, 0x00, 0x00, 0x00, 0x10, 0x38, 0xfe, 0xff, 0x01, 0x00, 0x00, 0x00,
  0x8e, 0x01, 0x00, 0x00, 0x02, 0x00, 0x00, 0x00, 0xa3, 0x00, 0x00, 0x00,
  0x8d, 0x01, 0x00, 0x00, 0x82, 0xca, 0xff, 0xff, 0x14, 0x00, 0x00, 0x00,
  0x00, 0x00, 0x00, 0x15, 0x10, 0x00, 0x00, 0x00, 0x14, 0x00, 0x00, 0x00,
  0x0a, 0x00, 0x00, 0x00, 0x40, 0x38, 0xfe, 0xff, 0x01, 0x00, 0x00, 0x00,
  0x8d, 0x01, 0x00, 0x00, 0x02, 0x00, 0x00, 0x00, 0x8b, 0x01, 0x00, 0x00,
  0x8c, 0x01, 0x00, 0x00, 0xb2, 0xca, 0xff, 0xff, 0x14, 0x00, 0x00, 0x00,
  0x00, 0x00, 0x00, 0x20, 0x18, 0x00, 0x00, 0x00, 0x1c, 0x00, 0x00, 0x00,
  0x01, 0x00, 0x00, 0x00, 0xc4, 0xcb, 0xff, 0xff, 0x03, 0x00, 0x00, 0x00,
  0x01, 0x00, 0x00, 0x00, 0x01, 0x00, 0x00, 0x00, 0x8c, 0x01, 0x00, 0x00,
  0x04, 0x00, 0x00, 0x00, 0x83, 0x01, 0x00, 0x00, 0x09, 0x00, 0x00, 0x00,
  0x06, 0x00, 0x00, 0x00, 0x08, 0x00, 0x00, 0x00, 0x2a, 0xca, 0xff, 0xff,
  0x0c, 0x00, 0x00, 0x00, 0x10, 0x00, 0x00, 0x00, 0x09, 0x00, 0x00, 0x00,
  0x01, 0x00, 0x00, 0x00, 0x8b, 0x01, 0x00, 0x00, 0x01, 0x00, 0x00, 0x00,
  0x8a, 0x01, 0x00, 0x00, 0x12, 0xcb, 0xff, 0xff, 0x14, 0x00, 0x00, 0x00,
  0x00, 0x00, 0x00, 0x0b, 0x10, 0x00, 0x00, 0x00, 0x14, 0x00, 0x00, 0x00,
  0x08, 0x00, 0x00, 0x00, 0xd0, 0x38, 0xfe, 0xff, 0x01, 0x00, 0x00, 0x00,
  0x8a, 0x01, 0x00, 0x00, 0x02, 0x00, 0x00, 0x00, 0xa2, 0x00, 0x00, 0x00,
  0x89, 0x01, 0x00, 0x00, 0x42, 0xcb, 0xff, 0xff, 0x14, 0x00, 0x00, 0x00,
  0x00, 0x00, 0x00, 0x20, 0x18, 0x00, 0x00, 0x00, 0x1c, 0x00, 0x00, 0x00,
  0x01, 0x00, 0x00, 0x00, 0x54, 0xcc, 0xff, 0xff, 0x01, 0x00, 0x00, 0x00,
  0x01, 0x00, 0x00, 0x00, 0x01, 0x00, 0x00, 0x00, 0x89, 0x01, 0x00, 0x00,
  0x04, 0x00, 0x00, 0x00, 0x83, 0x01, 0x00, 0x00, 0x07, 0x00, 0x00, 0x00,
  0x09, 0x00, 0x00, 0x00, 0x08, 0x00, 0x00, 0x00, 0x82, 0xcb, 0xff, 0xff,
  0x14, 0x00, 0x00, 0x00, 0x00, 0x00, 0x00, 0x15, 0x10, 0x00, 0x00, 0x00,
  0x14, 0x00, 0x00, 0x00, 0x0a, 0x00, 0x00, 0x00, 0x40, 0x39, 0xfe, 0xff,
  0x01, 0x00, 0x00, 0x00, 0x88, 0x01, 0x00, 0x00, 0x02, 0x00, 0x00, 0x00,
  0x86, 0x01, 0x00, 0x00, 0x82, 0x01, 0x00, 0x00, 0xb2, 0xcb, 0xff, 0xff,
  0x14, 0x00, 0x00, 0x00, 0x00, 0x00, 0x00, 0x1c, 0x10, 0x00, 0x00, 0x00,
  0x14, 0x00, 0x00, 0x00, 0x0b, 0x00, 0x00, 0x00, 0x70, 0x39, 0xfe, 0xff,
  0x01, 0x00, 0x00, 0x00, 0x87, 0x01, 0x00, 0x00, 0x02, 0x00, 0x00, 0x00,
  0x0c, 0x00, 0x00, 0x00, 0x86, 0x01, 0x00, 0x00, 0x1a, 0xcb, 0xff, 0xff,
  0x0c, 0x00, 0x00, 0x00, 0x10, 0x00, 0x00, 0x00, 0x09, 0x00, 0x00, 0x00,
  0x01, 0x00, 0x00, 0x00, 0x86, 0x01, 0x00, 0x00, 0x01, 0x00, 0x00, 0x00,
  0x85, 0x01, 0x00, 0x00, 0x02, 0xcc, 0xff, 0xff, 0x14, 0x00, 0x00, 0x00,
  0x00, 0x00, 0x00, 0x0b, 0x10, 0x00, 0x00, 0x00, 0x14, 0x00, 0x00, 0x00,
  0x08, 0x00, 0x00, 0x00, 0xc0, 0x39, 0xfe, 0xff, 0x01, 0x00, 0x00, 0x00,
  0x85, 0x01, 0x00, 0x00, 0x02, 0x00, 0x00, 0x00, 0xa1, 0x00, 0x00, 0x00,
  0x84, 0x01, 0x00, 0x00, 0x32, 0xcc, 0xff, 0xff, 0x14, 0x00, 0x00, 0x00,
  0x00, 0x00, 0x00, 0x20, 0x18, 0x00, 0x00, 0x00, 0x1c, 0x00, 0x00, 0x00,
  0x01, 0x00, 0x00, 0x00, 0x44, 0xcd, 0xff, 0xff, 0x01, 0x00, 0x00, 0x00,
  0x03, 0x00, 0x00, 0x00, 0x01, 0x00, 0x00, 0x00, 0x84, 0x01, 0x00, 0x00,
  0x04, 0x00, 0x00, 0x00, 0x83, 0x01, 0x00, 0x00, 0x06, 0x00, 0x00, 0x00,
  0x07, 0x00, 0x00, 0x00, 0x08, 0x00, 0x00, 0x00, 0x72, 0xcc, 0xff, 0xff,
  0x14, 0x00, 0x00, 0x00, 0x00, 0x00, 0x00, 0x08, 0x10, 0x00, 0x00, 0x00,
  0x14, 0x00, 0x00, 0x00, 0x06, 0x00, 0x00, 0x00, 0x30, 0x3a, 0xfe, 0xff,
  0x01, 0x00, 0x00, 0x00, 0x83, 0x01, 0x00, 0x00, 0x03, 0x00, 0x00, 0x00,
  0x82, 0x01, 0x00, 0x00, 0x21, 0x00, 0x00, 0x00, 0x1c, 0x00, 0x00, 0x00,
  0xa6, 0xcc, 0xff, 0xff, 0x14, 0x00, 0x00, 0x00, 0x00, 0x00, 0x00, 0x0b,
  0x10, 0x00, 0x00, 0x00, 0x14, 0x00, 0x00, 0x00, 0x08, 0x00, 0x00, 0x00,
  0x64, 0x3a, 0xfe, 0xff, 0x01, 0x00, 0x00, 0x00, 0x82, 0x01, 0x00, 0x00,
  0x02, 0x00, 0x00, 0x00, 0x79, 0x01, 0x00, 0x00, 0x81, 0x01, 0x00, 0x00,
  0xd6, 0xcc, 0xff, 0xff, 0x14, 0x00, 0x00, 0x00, 0x00, 0x00, 0x00, 0x15,
  0x10, 0x00, 0x00, 0x00, 0x14, 0x00, 0x00, 0x00, 0x0a, 0x00, 0x00, 0x00,
  0x94, 0x3a, 0xfe, 0xff, 0x01, 0x00, 0x00, 0x00, 0x81, 0x01, 0x00, 0x00,
  0x02, 0x00, 0x00, 0x00, 0x78, 0x01, 0x00, 0x00, 0x80, 0x01, 0x00, 0x00,
  0x3e, 0xcc, 0xff, 0xff, 0x0c, 0x00, 0x00, 0x00, 0x10, 0x00, 0x00, 0x00,
  0x0c, 0x00, 0x00, 0x00, 0x01, 0x00, 0x00, 0x00, 0x80, 0x01, 0x00, 0x00,
  0x01, 0x00, 0x00, 0x00, 0x7f, 0x01, 0x00, 0x00, 0x26, 0xcd, 0xff, 0xff,
  0x14, 0x00, 0x00, 0x00, 0x00, 0x00, 0x00, 0x0b, 0x10, 0x00, 0x00, 0x00,
  0x14, 0x00, 0x00, 0x00, 0x08, 0x00, 0x00, 0x00, 0xe4, 0x3a, 0xfe, 0xff,
  0x01, 0x00, 0x00, 0x00, 0x7f, 0x01, 0x00, 0x00, 0x02, 0x00, 0x00, 0x00,
  0x8c, 0x00, 0x00, 0x00, 0x7e, 0x01, 0x00, 0x00, 0x56, 0xcd, 0xff, 0xff,
  0x14, 0x00, 0x00, 0x00, 0x00, 0x00, 0x00, 0x15, 0x10, 0x00, 0x00, 0x00,
  0x14, 0x00, 0x00, 0x00, 0x0a, 0x00, 0x00, 0x00, 0x14, 0x3b, 0xfe, 0xff,
  0x01, 0x00, 0x00, 0x00, 0x7e, 0x01, 0x00, 0x00, 0x02, 0x00, 0x00, 0x00,
  0x7c, 0x01, 0x00, 0x00, 0x7d, 0x01, 0x00, 0x00, 0x86, 0xcd, 0xff, 0xff,
  0x14, 0x00, 0x00, 0x00, 0x00, 0x00, 0x00, 0x20, 0x18, 0x00, 0x00, 0x00,
  0x1c, 0x00, 0x00, 0x00, 0x01, 0x00, 0x00, 0x00, 0x98, 0xce, 0xff, 0xff,
  0x03, 0x00, 0x00, 0x00, 0x01, 0x00, 0x00, 0x00, 0x01, 0x00, 0x00, 0x00,
  0x7d, 0x01, 0x00, 0x00, 0x04, 0x00, 0x00, 0x00, 0x74, 0x01, 0x00, 0x00,
  0x09, 0x00, 0x00, 0x00, 0x06, 0x00, 0x00, 0x00, 0x08, 0x00, 0x00, 0x00,
  0xfe, 0xcc, 0xff, 0xff, 0x0c, 0x00, 0x00, 0x00, 0x10, 0x00, 0x00, 0x00,
  0x09, 0x00, 0x00, 0x00, 0x01, 0x00, 0x00, 0x00, 0x7c, 0x01, 0x00, 0x00,
  0x01, 0x00, 0x00, 0x00, 0x7b, 0x01, 0x00, 0x00, 0xe6, 0xcd, 0xff, 0xff,
  0x14, 0x00, 0x00, 0x00, 0x00, 0x00, 0x00, 0x0b, 0x10, 0x00, 0x00, 0x00,
  0x14, 0x00, 0x00, 0x00, 0x08, 0x00, 0x00, 0x00, 0xa4, 0x3b, 0xfe, 0xff,
  0x01, 0x00, 0x00, 0x00, 0x7b, 0x01, 0x00, 0x00, 0x02, 0x00, 0x00, 0x00,
  0x8b, 0x00, 0x00, 0x00, 0x7a, 0x01, 0x00, 0x00, 0x16, 0xce, 0xff, 0xff,
  0x14, 0x00, 0x00, 0x00, 0x00, 0x00, 0x00, 0x20, 0x18, 0x00, 0x00, 0x00,
  0x1c, 0x00, 0x00, 0x00, 0x01, 0x00, 0x00, 0x00, 0x28, 0xcf, 0xff, 0xff,
  0x01, 0x00, 0x00, 0x00, 0x01, 0x00, 0x00, 0x00, 0x01, 0x00, 0x00, 0x00,
  0x7a, 0x01, 0x00, 0x00, 0x04, 0x00, 0x00, 0x00, 0x74, 0x01, 0x00, 0x00,
  0x07, 0x00, 0x00, 0x00, 0x09, 0x00, 0x00, 0x00, 0x08, 0x00, 0x00, 0x00,
  0x56, 0xce, 0xff, 0xff, 0x14, 0x00, 0x00, 0x00, 0x00, 0x00, 0x00, 0x15,
  0x10, 0x00, 0x00, 0x00, 0x14, 0x00, 0x00, 0x00, 0x0a, 0x00, 0x00, 0x00,
  0x14, 0x3c, 0xfe, 0xff, 0x01, 0x00, 0x00, 0x00, 0x79, 0x01, 0x00, 0x00,
  0x02, 0x00, 0x00, 0x00, 0x77, 0x01, 0x00, 0x00, 0x73, 0x01, 0x00, 0x00,
  0x86, 0xce, 0xff, 0xff, 0x14, 0x00, 0x00, 0x00, 0x00, 0x00, 0x00, 0x1c,
  0x10, 0x00, 0x00, 0x00, 0x14, 0x00, 0x00, 0x00, 0x0b, 0x00, 0x00, 0x00,
  0x44, 0x3c, 0xfe, 0xff, 0x01, 0x00, 0x00, 0x00, 0x78, 0x01, 0x00, 0x00,
  0x02, 0x00, 0x00, 0x00, 0x0c, 0x00, 0x00, 0x00, 0x77, 0x01, 0x00, 0x00,
  0xee, 0xcd, 0xff, 0xff, 0x0c, 0x00, 0x00, 0x00, 0x10, 0x00, 0x00, 0x00,
  0x09, 0x00, 0x00, 0x00, 0x01, 0x00, 0x00, 0x00, 0x77, 0x01, 0x00, 0x00,
  0x01, 0x00, 0x00, 0x00, 0x76, 0x01, 0x00, 0x00, 0xd6, 0xce, 0xff, 0xff,
  0x14, 0x00, 0x00, 0x00, 0x00, 0x00, 0x00, 0x0b, 0x10, 0x00, 0x00, 0x00,
  0x14, 0x00, 0x00, 0x00, 0x08, 0x00, 0x00, 0x00, 0x94, 0x3c, 0xfe, 0xff,
  0x01, 0x00, 0x00, 0x00, 0x76, 0x01, 0x00, 0x00, 0x02, 0x00, 0x00, 0x00,
  0x8a, 0x00, 0x00, 0x00, 0x75, 0x01, 0x00, 0x00, 0x06, 0xcf, 0xff, 0xff,
  0x14, 0x00, 0x00, 0x00, 0x00, 0x00, 0x00, 0x20, 0x18, 0x00, 0x00, 0x00,
  0x1c, 0x00, 0x00, 0x00, 0x01, 0x00, 0x00, 0x00, 0x18, 0xd0, 0xff, 0xff,
  0x01, 0x00, 0x00, 0x00, 0x03, 0x00, 0x00, 0x00, 0x01, 0x00, 0x00, 0x00,
  0x75, 0x01, 0x00, 0x00, 0x04, 0x00, 0x00, 0x00, 0x74, 0x01, 0x00, 0x00,
  0x06, 0x00, 0x00, 0x00, 0x07, 0x00, 0x00, 0x00, 0x08, 0x00, 0x00, 0x00,
  0x46, 0xcf, 0xff, 0xff, 0x14, 0x00, 0x00, 0x00, 0x00, 0x00, 0x00, 0x08,
  0x10, 0x00, 0x00, 0x00, 0x14, 0x00, 0x00, 0x00, 0x06, 0x00, 0x00, 0x00,
  0x04, 0x3d, 0xfe, 0xff, 0x01, 0x00, 0x00, 0x00, 0x74, 0x01, 0x00, 0x00,
  0x03, 0x00, 0x00, 0x00, 0x73, 0x01, 0x00, 0x00, 0x21, 0x00, 0x00, 0x00,
  0x1b, 0x00, 0x00, 0x00, 0x7a, 0xcf, 0xff, 0xff, 0x14, 0x00, 0x00, 0x00,
  0x00, 0x00, 0x00, 0x0b, 0x10, 0x00, 0x00, 0x00, 0x14, 0x00, 0x00, 0x00,
  0x08, 0x00, 0x00, 0x00, 0x38, 0x3d, 0xfe, 0xff, 0x01, 0x00, 0x00, 0x00,
  0x73, 0x01, 0x00, 0x00, 0x02, 0x00, 0x00, 0x00, 0x6a, 0x01, 0x00, 0x00,
  0x72, 0x01, 0x00, 0x00, 0xaa, 0xcf, 0xff, 0xff, 0x14, 0x00, 0x00, 0x00,
  0x00, 0x00, 0x00, 0x15, 0x10, 0x00, 0x00, 0x00, 0x14, 0x00, 0x00, 0x00,
  0x0a, 0x00, 0x00, 0x00, 0x68, 0x3d, 0xfe, 0xff, 0x01, 0x00, 0x00, 0x00,
  0x72, 0x01, 0x00, 0x00, 0x02, 0x00, 0x00, 0x00, 0x69, 0x01, 0x00, 0x00,
  0x71, 0x01, 0x00, 0x00, 0x12, 0xcf, 0xff, 0xff, 0x0c, 0x00, 0x00, 0x00,
  0x10, 0x00, 0x00, 0x00, 0x0c, 0x00, 0x00, 0x00, 0x01, 0x00, 0x00, 0x00,
  0x71, 0x01, 0x00, 0x00, 0x01, 0x00, 0x00, 0x00, 0x70, 0x01, 0x00, 0x00,
  0xfa, 0xcf, 0xff, 0xff, 0x14, 0x00, 0x00, 0x00, 0x00, 0x00, 0x00, 0x0b,
  0x10, 0x00, 0x00, 0x00, 0x14, 0x00, 0x00, 0x00, 0x08, 0x00, 0x00, 0x00,
  0xb8, 0x3d, 0xfe, 0xff, 0x01, 0x00, 0x00, 0x00, 0x70, 0x01, 0x00, 0x00,
  0x02, 0x00, 0x00, 0x00, 0x88, 0x00, 0x00, 0x00, 0x6f, 0x01, 0x00, 0x00,
  0x2a, 0xd0, 0xff, 0xff, 0x14, 0x00, 0x00, 0x00, 0x00, 0x00, 0x00, 0x15,
  0x10, 0x00, 0x00, 0x00, 0x14, 0x00, 0x00, 0x00, 0x0a, 0x00, 0x00, 0x00,
  0xe8, 0x3d, 0xfe, 0xff, 0x01, 0x00, 0x00, 0x00, 0x6f, 0x01, 0x00, 0x00,
  0x02, 0x00, 0x00, 0x00, 0x6d, 0x01, 0x00, 0x00, 0x6e, 0x01, 0x00, 0x00,
  0x5a, 0xd0, 0xff, 0xff, 0x14, 0x00, 0x00, 0x00, 0x00, 0x00, 0x00, 0x20,
  0x18, 0x00, 0x00, 0x00, 0x1c, 0x00, 0x00, 0x00, 0x01, 0x00, 0x00, 0x00,
  0x6c, 0xd1, 0xff, 0xff, 0x03, 0x00, 0x00, 0x00, 0x01, 0x00, 0x00, 0x00,
  0x01, 0x00, 0x00, 0x00, 0x6e, 0x01, 0x00, 0x00, 0x04, 0x00, 0x00, 0x00,
  0x65, 0x01, 0x00, 0x00, 0x09, 0x00, 0x00, 0x00, 0x06, 0x00, 0x00, 0x00,
  0x08, 0x00, 0x00, 0x00, 0xd2, 0xcf, 0xff, 0xff, 0x0c, 0x00, 0x00, 0x00,
  0x10, 0x00, 0x00, 0x00, 0x09, 0x00, 0x00, 0x00, 0x01, 0x00, 0x00, 0x00,
  0x6d, 0x01, 0x00, 0x00, 0x01, 0x00, 0x00, 0x00, 0x6c, 0x01, 0x00, 0x00,
  0xba, 0xd0, 0xff, 0xff, 0x14, 0x00, 0x00, 0x00, 0x00, 0x00, 0x00, 0x0b,
  0x10, 0x00, 0x00, 0x00, 0x14, 0x00, 0x00, 0x00, 0x08, 0x00, 0x00, 0x00,
  0x78, 0x3e, 0xfe, 0xff, 0x01, 0x00, 0x00, 0x00, 0x6c, 0x01, 0x00, 0x00,
  0x02, 0x00, 0x00, 0x00, 0x87, 0x00, 0x00, 0x00, 0x6b, 0x01, 0x00, 0x00,
  0xea, 0xd0, 0xff, 0xff, 0x14, 0x00, 0x00, 0x00, 0x00, 0x00, 0x00, 0x20,
  0x18, 0x00, 0x00, 0x00, 0x1c, 0x00, 0x00, 0x00, 0x01, 0x00, 0x00, 0x00,
  0xfc, 0xd1, 0xff, 0xff, 0x01, 0x00, 0x00, 0x00, 0x01, 0x00, 0x00, 0x00,
  0x01, 0x00, 0x00, 0x00, 0x6b, 0x01, 0x00, 0x00, 0x04, 0x00, 0x00, 0x00,
  0x65, 0x01, 0x00, 0x00, 0x07, 0x00, 0x00, 0x00, 0x09, 0x00, 0x00, 0x00,
  0x08, 0x00, 0x00, 0x00, 0x2a, 0xd1, 0xff, 0xff, 0x14, 0x00, 0x00, 0x00,
  0x00, 0x00, 0x00, 0x15, 0x10, 0x00, 0x00, 0x00, 0x14, 0x00, 0x00, 0x00,
  0x0a, 0x00, 0x00, 0x00, 0xe8, 0x3e, 0xfe, 0xff, 0x01, 0x00, 0x00, 0x00,
  0x6a, 0x01, 0x00, 0x00, 0x02, 0x00, 0x00, 0x00, 0x68, 0x01, 0x00, 0x00,
  0x64, 0x01, 0x00, 0x00, 0x5a, 0xd1, 0xff, 0xff, 0x14, 0x00, 0x00, 0x00,
  0x00, 0x00, 0x00, 0x1c, 0x10, 0x00, 0x00, 0x00, 0x14, 0x00, 0x00, 0x00,
  0x0b, 0x00, 0x00, 0x00, 0x18, 0x3f, 0xfe, 0xff, 0x01, 0x00, 0x00, 0x00,
  0x69, 0x01, 0x00, 0x00, 0x02, 0x00, 0x00, 0x00, 0x0c, 0x00, 0x00, 0x00,
  0x68, 0x01, 0x00, 0x00, 0xc2, 0xd0, 0xff, 0xff, 0x0c, 0x00, 0x00, 0x00,
  0x10, 0x00, 0x00, 0x00, 0x09, 0x00, 0x00, 0x00, 0x01, 0x00, 0x00, 0x00,
  0x68, 0x01, 0x00, 0x00, 0x01, 0x00, 0x00, 0x00, 0x67, 0x01, 0x00, 0x00,
  0xaa, 0xd1, 0xff, 0xff, 0x14, 0x00, 0x00, 0x00, 0x00, 0x00, 0x00, 0x0b,
  0x10, 0x00, 0x00, 0x00, 0x14, 0x00, 0x00, 0x00, 0x08, 0x00, 0x00, 0x00,
  0x68, 0x3f, 0xfe, 0xff, 0x01, 0x00, 0x00, 0x00, 0x67, 0x01, 0x00, 0x00,
  0x02, 0x00, 0x00, 0x00, 0x86, 0x00, 0x00, 0x00, 0x66, 0x01, 0x00, 0x00,
  0xda, 0xd1, 0xff, 0xff, 0x14, 0x00, 0x00, 0x00, 0x00, 0x00, 0x00, 0x20,
  0x18, 0x00, 0x00, 0x00, 0x1c, 0x00, 0x00, 0x00, 0x01, 0x00, 0x00, 0x00,
  0xec, 0xd2, 0xff, 0xff, 0x01, 0x00, 0x00, 0x00, 0x03, 0x00, 0x00, 0x00,
  0x01, 0x00, 0x00, 0x00, 0x66, 0x01, 0x00, 0x00, 0x04, 0x00, 0x00, 0x00,
  0x65, 0x01, 0x00, 0x00, 0x06, 0x00, 0x00, 0x00, 0x07, 0x00, 0x00, 0x00,
  0x08, 0x00, 0x00, 0x00, 0x1a, 0xd2, 0xff, 0xff, 0x14, 0x00, 0x00, 0x00,
  0x00, 0x00, 0x00, 0x08, 0x10, 0x00, 0x00, 0x00, 0x14, 0x00, 0x00, 0x00,
  0x06, 0x00, 0x00, 0x00, 0xd8, 0x3f, 0xfe, 0xff, 0x01, 0x00, 0x00, 0x00,
  0x65, 0x01, 0x00, 0x00, 0x03, 0x00, 0x00, 0x00, 0x64, 0x01, 0x00, 0x00,
  0x21, 0x00, 0x00, 0x00, 0x1a, 0x00, 0x00, 0x00, 0x4e, 0xd2, 0xff, 0xff,
  0x14, 0x00, 0x00, 0x00, 0x00, 0x00, 0x00, 0x0b, 0x10, 0x00, 0x00, 0x00,
  0x14, 0x00, 0x00, 0x00, 0x08, 0x00, 0x00, 0x00, 0x0c, 0x40, 0xfe, 0xff,
  0x01, 0x00, 0x00, 0x00, 0x64, 0x01, 0x00, 0x00, 0x02, 0x00, 0x00, 0x00,
  0x5b, 0x01, 0x00, 0x00, 0x63, 0x01, 0x00, 0x00, 0x7e, 0xd2, 0xff, 0xff,
  0x14, 0x00, 0x00, 0x00, 0x00, 0x00, 0x00, 0x15, 0x10, 0x00, 0x00, 0x00,
  0x14, 0x00, 0x00, 0x00, 0x0a, 0x00, 0x00, 0x00, 0x3c, 0x40, 0xfe, 0xff,
  0x01, 0x00, 0x00, 0x00, 0x63, 0x01, 0x00, 0x00, 0x02, 0x00, 0x00, 0x00,
  0x5a, 0x01, 0x00, 0x00, 0x62, 0x01, 0x00, 0x00, 0xe6, 0xd1, 0xff, 0xff,
  0x0c, 0x00, 0x00, 0x00, 0x10, 0x00, 0x00, 0x00, 0x0c, 0x00, 0x00, 0x00,
  0x01, 0x00, 0x00, 0x00, 0x62, 0x01, 0x00, 0x00, 0x01, 0x00, 0x00, 0x00,
  0x61, 0x01, 0x00, 0x00, 0xce, 0xd2, 0xff, 0xff, 0x14, 0x00, 0x00, 0x00,
  0x00, 0x00, 0x00, 0x0b, 0x10, 0x00, 0x00, 0x00, 0x14, 0x00, 0x00, 0x00,
  0x08, 0x00, 0x00, 0x00, 0x8c, 0x40, 0xfe, 0xff, 0x01, 0x00, 0x00, 0x00,
  0x61, 0x01, 0x00, 0x00, 0x02, 0x00, 0x00, 0x00, 0x84, 0x00, 0x00, 0x00,
  0x60, 0x01, 0x00, 0x00, 0xfe, 0xd2, 0xff, 0xff, 0x14, 0x00, 0x00, 0x00,
  0x00, 0x00, 0x00, 0x15, 0x10, 0x00, 0x00, 0x00, 0x14, 0x00, 0x00, 0x00,
  0x0a, 0x00, 0x00, 0x00, 0xbc, 0x40, 0xfe, 0xff, 0x01, 0x00, 0x00, 0x00,
  0x60, 0x01, 0x00, 0x00, 0x02, 0x00, 0x00, 0x00, 0x5e, 0x01, 0x00, 0x00,
  0x5f, 0x01, 0x00, 0x00, 0x2e, 0xd3, 0xff, 0xff, 0x14, 0x00, 0x00, 0x00,
  0x00, 0x00, 0x00, 0x20, 0x18, 0x00, 0x00, 0x00, 0x1c, 0x00, 0x00, 0x00,
  0x01, 0x00, 0x00, 0x00, 0x40, 0xd4, 0xff, 0xff, 0x03, 0x00, 0x00, 0x00,
  0x01, 0x00, 0x00, 0x00, 0x01, 0x00, 0x00, 0x00, 0x5f, 0x01, 0x00, 0x00,
  0x04, 0x00, 0x00, 0x00, 0x56, 0x01, 0x00, 0x00, 0x09, 0x00, 0x00, 0x00,
  0x06, 0x00, 0x00, 0x00, 0x08, 0x00, 0x00, 0x00, 0xa6, 0xd2, 0xff, 0xff,
  0x0c, 0x00, 0x00, 0x00, 0x10, 0x00, 0x00, 0x00, 0x09, 0x00, 0x00, 0x00,
  0x01, 0x00, 0x00, 0x00, 0x5e, 0x01, 0x00, 0x00, 0x01, 0x00, 0x00, 0x00,
  0x5d, 0x01, 0x00, 0x00, 0x8e, 0xd3, 0xff, 0xff, 0x14, 0x00, 0x00, 0x00,
  0x00, 0x00, 0x00, 0x0b, 0x10, 0x00, 0x00, 0x00, 0x14, 0x00, 0x00, 0x00,
  0x08, 0x00, 0x00, 0x00, 0x4c, 0x41, 0xfe, 0xff, 0x01, 0x00, 0x00, 0x00,
  0x5d, 0x01, 0x00, 0x00, 0x02, 0x00, 0x00, 0x00, 0x83, 0x00, 0x00, 0x00,
  0x5c, 0x01, 0x00, 0x00, 0xbe, 0xd3, 0xff, 0xff, 0x14, 0x00, 0x00, 0x00,
  0x00, 0x00, 0x00, 0x20, 0x18, 0x00, 0x00, 0x00, 0x1c, 0x00, 0x00, 0x00,
  0x01, 0x00, 0x00, 0x00, 0xd0, 0xd4, 0xff, 0xff, 0x01, 0x00, 0x00, 0x00,
  0x01, 0x00, 0x00, 0x00, 0x01, 0x00, 0x00, 0x00, 0x5c, 0x01, 0x00, 0x00,
  0x04, 0x00, 0x00, 0x00, 0x56, 0x01, 0x00, 0x00, 0x07, 0x00, 0x00, 0x00,
  0x09, 0x00, 0x00, 0x00, 0x08, 0x00, 0x00, 0x00, 0xfe, 0xd3, 0xff, 0xff,
  0x14, 0x00, 0x00, 0x00, 0x00, 0x00, 0x00, 0x15, 0x10, 0x00, 0x00, 0x00,
  0x14, 0x00, 0x00, 0x00, 0x0a, 0x00, 0x00, 0x00, 0xbc, 0x41, 0xfe, 0xff,
  0x01, 0x00, 0x00, 0x00, 0x5b, 0x01, 0x00, 0x00, 0x02, 0x00, 0x00, 0x00,
  0x59, 0x01, 0x00, 0x00, 0x55, 0x01, 0x00, 0x00, 0x2e, 0xd4, 0xff, 0xff,
  0x14, 0x00, 0x00, 0x00, 0x00, 0x00, 0x00, 0x1c, 0x10, 0x00, 0x00, 0x00,
  0x14, 0x00, 0x00, 0x00, 0x0b, 0x00, 0x00, 0x00, 0xec, 0x41, 0xfe, 0xff,
  0x01, 0x00, 0x00, 0x00, 0x5a, 0x01, 0x00, 0x00, 0x02, 0x00, 0x00, 0x00,
  0x0c, 0x00, 0x00, 0x00, 0x59, 0x01, 0x00, 0x00, 0x96, 0xd3, 0xff, 0xff,
  0x0c, 0x00, 0x00, 0x00, 0x10, 0x00, 0x00, 0x00, 0x09, 0x00, 0x00, 0x00,
  0x01, 0x00, 0x00, 0x00, 0x59, 0x01, 0x00, 0x00, 0x01, 0x00, 0x00, 0x00,
  0x58, 0x01, 0x00, 0x00, 0x7e, 0xd4, 0xff, 0xff, 0x14, 0x00, 0x00, 0x00,
  0x00, 0x00, 0x00, 0x0b, 0x10, 0x00, 0x00, 0x00, 0x14, 0x00, 0x00, 0x00,
  0x08, 0x00, 0x00, 0x00, 0x3c, 0x42, 0xfe, 0xff, 0x01, 0x00, 0x00, 0x00,
  0x58, 0x01, 0x00, 0x00, 0x02, 0x00, 0x00, 0x00, 0x82, 0x00, 0x00, 0x00,
  0x57, 0x01, 0x00, 0x00, 0xae, 0xd4, 0xff, 0xff, 0x14, 0x00, 0x00, 0x00,
  0x00, 0x00, 0x00, 0x20, 0x18, 0x00, 0x00, 0x00, 0x1c, 0x00, 0x00, 0x00,
  0x01, 0x00, 0x00, 0x00, 0xc0, 0xd5, 0xff, 0xff, 0x01, 0x00, 0x00, 0x00,
  0x03, 0x00, 0x00, 0x00, 0x01, 0x00, 0x00, 0x00, 0x57, 0x01, 0x00, 0x00,
  0x04, 0x00, 0x00, 0x00, 0x56, 0x01, 0x00, 0x00, 0x06, 0x00, 0x00, 0x00,
  0x07, 0x00, 0x00, 0x00, 0x08, 0x00, 0x00, 0x00, 0xee, 0xd4, 0xff, 0xff,
  0x14, 0x00, 0x00, 0x00, 0x00, 0x00, 0x00, 0x08, 0x10, 0x00, 0x00, 0x00,
  0x14, 0x00, 0x00, 0x00, 0x06, 0x00, 0x00, 0x00, 0xac, 0x42, 0xfe, 0xff,
  0x01, 0x00, 0x00, 0x00, 0x56, 0x01, 0x00, 0x00, 0x03, 0x00, 0x00, 0x00,
  0x55, 0x01, 0x00, 0x00, 0x21, 0x00, 0x00, 0x00, 0x19, 0x00, 0x00, 0x00,
  0x22, 0xd5, 0xff, 0xff, 0x14, 0x00, 0x00, 0x00, 0x00, 0x00, 0x00, 0x0b,
  0x10, 0x00, 0x00, 0x00, 0x14, 0x00, 0x00, 0x00, 0x08, 0x00, 0x00, 0x00,
  0xe0, 0x42, 0xfe, 0xff, 0x01, 0x00, 0x00, 0x00, 0x55, 0x01, 0x00, 0x00,
  0x02, 0x00, 0x00, 0x00, 0x4c, 0x01, 0x00, 0x00, 0x54, 0x01, 0x00, 0x00,
  0x52, 0xd5, 0xff, 0xff, 0x14, 0x00, 0x00, 0x00, 0x00, 0x00, 0x00, 0x15,
  0x10, 0x00, 0x00, 0x00, 0x14, 0x00, 0x00, 0x00, 0x0a, 0x00, 0x00, 0x00,
  0x10, 0x43, 0xfe, 0xff, 0x01, 0x00, 0x00, 0x00, 0x54, 0x01, 0x00, 0x00,
  0x02, 0x00, 0x00, 0x00, 0x4b, 0x01, 0x00, 0x00, 0x53, 0x01, 0x00, 0x00,
  0xba, 0xd4, 0xff, 0xff, 0x0c, 0x00, 0x00, 0x00, 0x10, 0x00, 0x00, 0x00,
  0x0c, 0x00, 0x00, 0x00, 0x01, 0x00, 0x00, 0x00, 0x53, 0x01, 0x00, 0x00,
  0x01, 0x00, 0x00, 0x00, 0x52, 0x01, 0x00, 0x00, 0xa2, 0xd5, 0xff, 0xff,
  0x14, 0x00, 0x00, 0x00, 0x00, 0x00, 0x00, 0x0b, 0x10, 0x00, 0x00, 0x00,
  0x14, 0x00, 0x00, 0x00, 0x08, 0x00, 0x00, 0x00, 0x60, 0x43, 0xfe, 0xff,
  0x01, 0x00, 0x00, 0x00, 0x52, 0x01, 0x00, 0x00, 0x02, 0x00, 0x00, 0x00,
  0x80, 0x00, 0x00, 0x00, 0x51, 0x01, 0x00, 0x00, 0xd2, 0xd5, 0xff, 0xff,
  0x14, 0x00, 0x00, 0x00, 0x00, 0x00, 0x00, 0x15, 0x10, 0x00, 0x00, 0x00,
  0x14, 0x00, 0x00, 0x00, 0x0a, 0x00, 0x00, 0x00, 0x90, 0x43, 0xfe, 0xff,
  0x01, 0x00, 0x00, 0x00, 0x51, 0x01, 0x00, 0x00, 0x02, 0x00, 0x00, 0x00,
  0x4f, 0x01, 0x00, 0x00, 0x50, 0x01, 0x00, 0x00, 0x02, 0xd6, 0xff, 0xff,
  0x14, 0x00, 0x00, 0x00, 0x00, 0x00, 0x00, 0x20, 0x18, 0x00, 0x00, 0x00,
  0x1c, 0x00, 0x00, 0x00, 0x01, 0x00, 0x00, 0x00, 0x14, 0xd7, 0xff, 0xff,
  0x03, 0x00, 0x00, 0x00, 0x01, 0x00, 0x00, 0x00, 0x01, 0x00, 0x00, 0x00,
  0x50, 0x01, 0x00, 0x00, 0x04, 0x00, 0x00, 0x00, 0x47, 0x01, 0x00, 0x00,
  0x09, 0x00, 0x00, 0x00, 0x06, 0x00, 0x00, 0x00, 0x08, 0x00, 0x00, 0x00,
  0x7a, 0xd5, 0xff, 0xff, 0x0c, 0x00, 0x00, 0x00, 0x10, 0x00, 0x00, 0x00,
  0x09, 0x00, 0x00, 0x00, 0x01, 0x00, 0x00, 0x00, 0x4f, 0x01, 0x00, 0x00,
  0x01, 0x00, 0x00, 0x00, 0x4e, 0x01, 0x00, 0x00, 0x62, 0xd6, 0xff, 0xff,
  0x14, 0x00, 0x00, 0x00, 0x00, 0x00, 0x00, 0x0b, 0x10, 0x00, 0x00, 0x00,
  0x14, 0x00, 0x00, 0x00, 0x08, 0x00, 0x00, 0x00, 0x20, 0x44, 0xfe, 0xff,
  0x01, 0x00, 0x00, 0x00, 0x4e, 0x01, 0x00, 0x00, 0x02, 0x00, 0x00, 0x00,
  0x7f, 0x00, 0x00, 0x00, 0x4d, 0x01, 0x00, 0x00, 0x92, 0xd6, 0xff, 0xff,
  0x14, 0x00, 0x00, 0x00, 0x00, 0x00, 0x00, 0x20, 0x18, 0x00, 0x00, 0x00,
  0x1c, 0x00, 0x00, 0x00, 0x01, 0x00, 0x00, 0x00, 0xa4, 0xd7, 0xff, 0xff,
  0x01, 0x00, 0x00, 0x00, 0x01, 0x00, 0x00, 0x00, 0x01, 0x00, 0x00, 0x00,
  0x4d, 0x01, 0x00, 0x00, 0x04, 0x00, 0x00, 0x00, 0x47, 0x01, 0x00, 0x00,
  0x07, 0x00, 0x00, 0x00, 0x09, 0x00, 0x00, 0x00, 0x08, 0x00, 0x00, 0x00,
  0xd2, 0xd6, 0xff, 0xff, 0x14, 0x00, 0x00, 0x00, 0x00, 0x00, 0x00, 0x15,
  0x10, 0x00, 0x00, 0x00, 0x14, 0x00, 0x00, 0x00, 0x0a, 0x00, 0x00, 0x00,
  0x90, 0x44, 0xfe, 0xff, 0x01, 0x00, 0x00, 0x00, 0x4c, 0x01, 0x00, 0x00,
  0x02, 0x00, 0x00, 0x00, 0x4a, 0x01, 0x00, 0x00, 0x46, 0x01, 0x00, 0x00,
  0x02, 0xd7, 0xff, 0xff, 0x14, 0x00, 0x00, 0x00, 0x00, 0x00, 0x00, 0x1c,
  0x10, 0x00, 0x00, 0x00, 0x14, 0x00, 0x00, 0x00, 0x0b, 0x00, 0x00, 0x00,
  0xc0, 0x44, 0xfe, 0xff, 0x01, 0x00, 0x00, 0x00, 0x4b, 0x01, 0x00, 0x00,
  0x02, 0x00, 0x00, 0x00, 0x0c, 0x00, 0x00, 0x00, 0x4a, 0x01, 0x00, 0x00,
  0x6a, 0xd6, 0xff, 0xff, 0x0c, 0x00, 0x00, 0x00, 0x10, 0x00, 0x00, 0x00,
  0x09, 0x00, 0x00, 0x00, 0x01, 0x00, 0x00, 0x00, 0x4a, 0x01, 0x00, 0x00,
  0x01, 0x00, 0x00, 0x00, 0x49, 0x01, 0x00, 0x00, 0x52, 0xd7, 0xff, 0xff,
  0x14, 0x00, 0x00, 0x00, 0x00, 0x00, 0x00, 0x0b, 0x10, 0x00, 0x00, 0x00,
  0x14, 0x00, 0x00, 0x00, 0x08, 0x00, 0x00, 0x00, 0x10, 0x45, 0xfe, 0xff,
  0x01, 0x00, 0x00, 0x00, 0x49, 0x01, 0x00, 0x00, 0x02, 0x00, 0x00, 0x00,
  0x7e, 0x00, 0x00, 0x00, 0x48, 0x01, 0x00, 0x00, 0x82, 0xd7, 0xff, 0xff,
  0x14, 0x00, 0x00, 0x00, 0x00, 0x00, 0x00, 0x20, 0x18, 0x00, 0x00, 0x00,
  0x1c, 0x00, 0x00, 0x00, 0x01, 0x00, 0x00, 0x00, 0x94, 0xd8, 0xff, 0xff,
  0x01, 0x00, 0x00, 0x00, 0x03, 0x00, 0x00, 0x00, 0x01, 0x00, 0x00, 0x00,
  0x48, 0x01, 0x00, 0x00, 0x04, 0x00, 0x00, 0x00, 0x47, 0x01, 0x00, 0x00,
  0x06, 0x00, 0x00, 0x00, 0x07, 0x00, 0x00, 0x00, 0x08, 0x00, 0x00, 0x00,
  0xc2, 0xd7, 0xff, 0xff, 0x14, 0x00, 0x00, 0x00, 0x00, 0x00, 0x00, 0x08,
  0x10, 0x00, 0x00, 0x00, 0x14, 0x00, 0x00, 0x00, 0x06, 0x00, 0x00, 0x00,
  0x80, 0x45, 0xfe, 0xff, 0x01, 0x00, 0x00, 0x00, 0x47, 0x01, 0x00, 0x00,
  0x03, 0x00, 0x00, 0x00, 0x46, 0x01, 0x00, 0x00, 0x21, 0x00, 0x00, 0x00,
  0x18, 0x00, 0x00, 0x00, 0xf6, 0xd7, 0xff, 0xff, 0x14, 0x00, 0x00, 0x00,
  0x00, 0x00, 0x00, 0x0b, 0x10, 0x00, 0x00, 0x00, 0x14, 0x00, 0x00, 0x00,
  0x08, 0x00, 0x00, 0x00, 0xb4, 0x45, 0xfe, 0xff, 0x01, 0x00, 0x00, 0x00,
  0x46, 0x01, 0x00, 0x00, 0x02, 0x00, 0x00, 0x00, 0x3d, 0x01, 0x00, 0x00,
  0x45, 0x01, 0x00, 0x00, 0x26, 0xd8, 0xff, 0xff, 0x14, 0x00, 0x00, 0x00,
  0x00, 0x00, 0x00, 0x15, 0x10, 0x00, 0x00, 0x00, 0x14, 0x00, 0x00, 0x00,
  0x0a, 0x00, 0x00, 0x00, 0xe4, 0x45, 0xfe, 0xff, 0x01, 0x00, 0x00, 0x00,
  0x45, 0x01, 0x00, 0x00, 0x02, 0x00, 0x00, 0x00, 0x3c, 0x01, 0x00, 0x00,
  0x44, 0x01, 0x00, 0x00, 0x8e, 0xd7, 0xff, 0xff, 0x0c, 0x00, 0x00, 0x00,
  0x10, 0x00, 0x00, 0x00, 0x0c, 0x00, 0x00, 0x00, 0x01, 0x00, 0x00, 0x00,
  0x44, 0x01, 0x00, 0x00, 0x01, 0x00, 0x00, 0x00, 0x43, 0x01, 0x00, 0x00,
  0x76, 0xd8, 0xff, 0xff, 0x14, 0x00, 0x00, 0x00, 0x00, 0x00, 0x00, 0x0b,
  0x10, 0x00, 0x00, 0x00, 0x14, 0x00, 0x00, 0x00, 0x08, 0x00, 0x00, 0x00,
  0x34, 0x46, 0xfe, 0xff, 0x01, 0x00, 0x00, 0x00, 0x43, 0x01, 0x00, 0x00,
  0x02, 0x00, 0x00, 0x00, 0x7c, 0x00, 0x00, 0x00, 0x42, 0x01, 0x00, 0x00,
  0xa6, 0xd8, 0xff, 0xff, 0x14, 0x00, 0x00, 0x00, 0x00, 0x00, 0x00, 0x15,
  0x10, 0x00, 0x00, 0x00, 0x14, 0x00, 0x00, 0x00, 0x0a, 0x00, 0x00, 0x00,
  0x64, 0x46, 0xfe, 0xff, 0x01, 0x00, 0x00, 0x00, 0x42, 0x01, 0x00, 0x00,
  0x02, 0x00, 0x00, 0x00, 0x40, 0x01, 0x00, 0x00, 0x41, 0x01, 0x00, 0x00,
  0xd6, 0xd8, 0xff, 0xff, 0x14, 0x00, 0x00, 0x00, 0x00, 0x00, 0x00, 0x20,
  0x18, 0x00, 0x00, 0x00, 0x1c, 0x00, 0x00, 0x00, 0x01, 0x00, 0x00, 0x00,
  0xe8, 0xd9, 0xff, 0xff, 0x03, 0x00, 0x00, 0x00, 0x01, 0x00, 0x00, 0x00,
  0x01, 0x00, 0x00, 0x00, 0x41, 0x01, 0x00, 0x00, 0x04, 0x00, 0x00, 0x00,
  0x38, 0x01, 0x00, 0x00, 0x09, 0x00, 0x00, 0x00, 0x06, 0x00, 0x00, 0x00,
  0x08, 0x00, 0x00, 0x00, 0x4e, 0xd8, 0xff, 0xff, 0x0c, 0x00, 0x00, 0x00,
  0x10, 0x00, 0x00, 0x00, 0x09, 0x00, 0x00, 0x00, 0x01, 0x00, 0x00, 0x00,
  0x40, 0x01, 0x00, 0x00, 0x01, 0x00, 0x00, 0x00, 0x3f, 0x01, 0x00, 0x00,
  0x36, 0xd9, 0xff, 0xff, 0x14, 0x00, 0x00, 0x00, 0x00, 0x00, 0x00, 0x0b,
  0x10, 0x00, 0x00, 0x00, 0x14, 0x00, 0x00, 0x00, 0x08, 0x00, 0x00, 0x00,
  0xf4, 0x46, 0xfe, 0xff, 0x01, 0x00, 0x00, 0x00, 0x3f, 0x01, 0x00, 0x00,
  0x02, 0x00, 0x00, 0x00, 0x7b, 0x00, 0x00, 0x00, 0x3e, 0x01, 0x00, 0x00,
  0x66, 0xd9, 0xff, 0xff, 0x14, 0x00, 0x00, 0x00, 0x00, 0x00, 0x00, 0x20,
  0x18, 0x00, 0x00, 0x00, 0x1c, 0x00, 0x00, 0x00, 0x01, 0x00, 0x00, 0x00,
  0x78, 0xda, 0xff, 0xff, 0x01, 0x00, 0x00, 0x00, 0x01, 0x00, 0x00, 0x00,
  0x01, 0x00, 0x00, 0x00, 0x3e, 0x01, 0x00, 0x00, 0x04, 0x00, 0x00, 0x00,
  0x38, 0x01, 0x00, 0x00, 0x07, 0x00, 0x00, 0x00, 0x09, 0x00, 0x00, 0x00,
  0x08, 0x00, 0x00, 0x00, 0xa6, 0xd9, 0xff, 0xff, 0x14, 0x00, 0x00, 0x00,
  0x00, 0x00, 0x00, 0x15, 0x10, 0x00, 0x00, 0x00, 0x14, 0x00, 0x00, 0x00,
  0x0a, 0x00, 0x00, 0x00, 0x64, 0x47, 0xfe, 0xff, 0x01, 0x00, 0x00, 0x00,
  0x3d, 0x01, 0x00, 0x00, 0x02, 0x00, 0x00, 0x00, 0x3b, 0x01, 0x00, 0x00,
  0x37, 0x01, 0x00, 0x00, 0xd6, 0xd9, 0xff, 0xff, 0x14, 0x00, 0x00, 0x00,
  0x00, 0x00, 0x00, 0x1c, 0x10, 0x00, 0x00, 0x00, 0x14, 0x00, 0x00, 0x00,
  0x0b, 0x00, 0x00, 0x00, 0x94, 0x47, 0xfe, 0xff, 0x01, 0x00, 0x00, 0x00,
  0x3c, 0x01, 0x00, 0x00, 0x02, 0x00, 0x00, 0x00, 0x0c, 0x00, 0x00, 0x00,
  0x3b, 0x01, 0x00, 0x00, 0x3e, 0xd9, 0xff, 0xff, 0x0c, 0x00, 0x00, 0x00,
  0x10, 0x00, 0x00, 0x00, 0x09, 0x00, 0x00, 0x00, 0x01, 0x00, 0x00, 0x00,
  0x3b, 0x01, 0x00, 0x00, 0x01, 0x00, 0x00, 0x00, 0x3a, 0x01, 0x00, 0x00,
  0x26, 0xda, 0xff, 0xff, 0x14, 0x00, 0x00, 0x00, 0x00, 0x00, 0x00, 0x0b,
  0x10, 0x00, 0x00, 0x00, 0x14, 0x00, 0x00, 0x00, 0x08, 0x00, 0x00, 0x00,
  0xe4, 0x47, 0xfe, 0xff, 0x01, 0x00, 0x00, 0x00, 0x3a, 0x01, 0x00, 0x00,
  0x02, 0x00, 0x00, 0x00, 0x7a, 0x00, 0x00, 0x00, 0x39, 0x01, 0x00, 0x00,
  0x56, 0xda, 0xff, 0xff, 0x14, 0x00, 0x00, 0x00, 0x00, 0x00, 0x00, 0x20,
  0x18, 0x00, 0x00, 0x00, 0x1c, 0x00, 0x00, 0x00, 0x01, 0x00, 0x00, 0x00,
  0x68, 0xdb, 0xff, 0xff, 0x01, 0x00, 0x00, 0x00, 0x03, 0x00, 0x00, 0x00,
  0x01, 0x00, 0x00, 0x00, 0x39, 0x01, 0x00, 0x00, 0x04, 0x00, 0x00, 0x00,
  0x38, 0x01, 0x00, 0x00, 0x06, 0x00, 0x00, 0x00, 0x07, 0x00, 0x00, 0x00,
  0x08, 0x00, 0x00, 0x00, 0x96, 0xda, 0xff, 0xff, 0x14, 0x00, 0x00, 0x00,
  0x00, 0x00, 0x00, 0x08, 0x10, 0x00, 0x00, 0x00, 0x14, 0x00, 0x00, 0x00,
  0x06, 0x00, 0x00, 0x00, 0x54, 0x48, 0xfe, 0xff, 0x01, 0x00, 0x00, 0x00,
  0x38, 0x01, 0x00, 0x00, 0x03, 0x00, 0x00, 0x00, 0x37, 0x01, 0x00, 0x00,
  0x21, 0x00, 0x00, 0x00, 0x17, 0x00, 0x00, 0x00, 0xca, 0xda, 0xff, 0xff,
  0x14, 0x00, 0x00, 0x00, 0x00, 0x00, 0x00, 0x0b, 0x10, 0x00, 0x00, 0x00,
  0x14, 0x00, 0x00, 0x00, 0x08, 0x00, 0x00, 0x00, 0x88, 0x48, 0xfe, 0xff,
  0x01, 0x00, 0x00, 0x00, 0x37, 0x01, 0x00, 0x00, 0x02, 0x00, 0x00, 0x00,
  0x2e, 0x01, 0x00, 0x00, 0x36, 0x01, 0x00, 0x00, 0xfa, 0xda, 0xff, 0xff,
  0x14, 0x00, 0x00, 0x00, 0x00, 0x00, 0x00, 0x15, 0x10, 0x00, 0x00, 0x00,
  0x14, 0x00, 0x00, 0x00, 0x0a, 0x00, 0x00, 0x00, 0xb8, 0x48, 0xfe, 0xff,
  0x01, 0x00, 0x00, 0x00, 0x36, 0x01, 0x00, 0x00, 0x02, 0x00, 0x00, 0x00,
  0x2d, 0x01, 0x00, 0x00, 0x35, 0x01, 0x00, 0x00, 0x62, 0xda, 0xff, 0xff,
  0x0c, 0x00, 0x00, 0x00, 0x10, 0x00, 0x00, 0x00, 0x0c, 0x00, 0x00, 0x00,
  0x01, 0x00, 0x00, 0x00, 0x35, 0x01, 0x00, 0x00, 0x01, 0x00, 0x00, 0x00,
  0x34, 0x01, 0x00, 0x00, 0x4a, 0xdb, 0xff, 0xff, 0x14, 0x00, 0x00, 0x00,
  0x00, 0x00, 0x00, 0x0b, 0x10, 0x00, 0x00, 0x00, 0x14, 0x00, 0x00, 0x00,
  0x08, 0x00, 0x00, 0x00, 0x08, 0x49, 0xfe, 0xff, 0x01, 0x00, 0x00, 0x00,
  0x34, 0x01, 0x00, 0x00, 0x02, 0x00, 0x00, 0x00, 0x78, 0x00, 0x00, 0x00,
  0x33, 0x01, 0x00, 0x00, 0x7a, 0xdb, 0xff, 0xff, 0x14, 0x00, 0x00, 0x00,
  0x00, 0x00, 0x00, 0x15, 0x10, 0x00, 0x00, 0x00, 0x14, 0x00, 0x00, 0x00,
  0x0a, 0x00, 0x00, 0x00, 0x38, 0x49, 0xfe, 0xff, 0x01, 0x00, 0x00, 0x00,
  0x33, 0x01, 0x00, 0x00, 0x02, 0x00, 0x00, 0x00, 0x31, 0x01, 0x00, 0x00,
  0x32, 0x01, 0x00, 0x00, 0xaa, 0xdb, 0xff, 0xff, 0x14, 0x00, 0x00, 0x00,
  0x00, 0x00, 0x00, 0x20, 0x18, 0x00, 0x00, 0x00, 0x1c, 0x00, 0x00, 0x00,
  0x01, 0x00, 0x00, 0x00, 0xbc, 0xdc, 0xff, 0xff, 0x03, 0x00, 0x00, 0x00,
  0x01, 0x00, 0x00, 0x00, 0x01, 0x00, 0x00, 0x00, 0x32, 0x01, 0x00, 0x00,
  0x04, 0x00, 0x00, 0x00, 0x29, 0x01, 0x00, 0x00, 0x09, 0x00, 0x00, 0x00,
  0x06, 0x00, 0x00, 0x00, 0x08, 0x00, 0x00, 0x00, 0x22, 0xdb, 0xff, 0xff,
  0x0c, 0x00, 0x00, 0x00, 0x10, 0x00, 0x00, 0x00, 0x09, 0x00, 0x00, 0x00,
  0x01, 0x00, 0x00, 0x00, 0x31, 0x01, 0x00, 0x00, 0x01, 0x00, 0x00, 0x00,
  0x30, 0x01, 0x00, 0x00, 0x0a, 0xdc, 0xff, 0xff, 0x14, 0x00, 0x00, 0x00,
  0x00, 0x00, 0x00, 0x0b, 0x10, 0x00, 0x00, 0x00, 0x14, 0x00, 0x00, 0x00,
  0x08, 0x00, 0x00, 0x00, 0xc8, 0x49, 0xfe, 0xff, 0x01, 0x00, 0x00, 0x00,
  0x30, 0x01, 0x00, 0x00, 0x02, 0x00, 0x00, 0x00, 0x77, 0x00, 0x00, 0x00,
  0x2f, 0x01, 0x00, 0x00, 0x3a, 0xdc, 0xff, 0xff, 0x14, 0x00, 0x00, 0x00,
  0x00, 0x00, 0x00, 0x20, 0x18, 0x00, 0x00, 0x00, 0x1c, 0x00, 0x00, 0x00,
  0x01, 0x00, 0x00, 0x00, 0x4c, 0xdd, 0xff, 0xff, 0x01, 0x00, 0x00, 0x00,
  0x01, 0x00, 0x00, 0x00, 0x01, 0x00, 0x00, 0x00, 0x2f, 0x01, 0x00, 0x00,
  0x04, 0x00, 0x00, 0x00, 0x29, 0x01, 0x00, 0x00, 0x07, 0x00, 0x00, 0x00,
  0x09, 0x00, 0x00, 0x00, 0x08, 0x00, 0x00, 0x00, 0x7a, 0xdc, 0xff, 0xff,
  0x14, 0x00, 0x00, 0x00, 0x00, 0x00, 0x00, 0x15, 0x10, 0x00, 0x00, 0x00,
  0x14, 0x00, 0x00, 0x00, 0x0a, 0x00, 0x00, 0x00, 0x38, 0x4a, 0xfe, 0xff,
  0x01, 0x00, 0x00, 0x00, 0x2e, 0x01, 0x00, 0x00, 0x02, 0x00, 0x00, 0x00,
  0x2c, 0x01, 0x00, 0x00, 0x28, 0x01, 0x00, 0x00, 0xaa, 0xdc, 0xff, 0xff,
  0x14, 0x00, 0x00, 0x00, 0x00, 0x00, 0x00, 0x1c, 0x10, 0x00, 0x00, 0x00,
  0x14, 0x00, 0x00, 0x00, 0x0b, 0x00, 0x00, 0x00, 0x68, 0x4a, 0xfe, 0xff,
  0x01, 0x00, 0x00, 0x00, 0x2d, 0x01, 0x00, 0x00, 0x02, 0x00, 0x00, 0x00,
  0x0c, 0x00, 0x00, 0x00, 0x2c, 0x01, 0x00, 0x00, 0x12, 0xdc, 0xff, 0xff,
  0x0c, 0x00, 0x00, 0x00, 0x10, 0x00, 0x00, 0x00, 0x09, 0x00, 0x00, 0x00,
  0x01, 0x00, 0x00, 0x00, 0x2c, 0x01, 0x00, 0x00, 0x01, 0x00, 0x00, 0x00,
  0x2b, 0x01, 0x00, 0x00, 0xfa, 0xdc, 0xff, 0xff, 0x14, 0x00, 0x00, 0x00,
  0x00, 0x00, 0x00, 0x0b, 0x10, 0x00, 0x00, 0x00, 0x14, 0x00, 0x00, 0x00,
  0x08, 0x00, 0x00, 0x00, 0xb8, 0x4a, 0xfe, 0xff, 0x01, 0x00, 0x00, 0x00,
  0x2b, 0x01, 0x00, 0x00, 0x02, 0x00, 0x00, 0x00, 0x76, 0x00, 0x00, 0x00,
  0x2a, 0x01, 0x00, 0x00, 0x2a, 0xdd, 0xff, 0xff, 0x14, 0x00, 0x00, 0x00,
  0x00, 0x00, 0x00, 0x20, 0x18, 0x00, 0x00, 0x00, 0x1c, 0x00, 0x00, 0x00,
  0x01, 0x00, 0x00, 0x00, 0x3c, 0xde, 0xff, 0xff, 0x01, 0x00, 0x00, 0x00,
  0x03, 0x00, 0x00, 0x00, 0x01, 0x00, 0x00, 0x00, 0x2a, 0x01, 0x00, 0x00,
  0x04, 0x00, 0x00, 0x00, 0x29, 0x01, 0x00, 0x00, 0x06, 0x00, 0x00, 0x00,
  0x07, 0x00, 0x00, 0x00, 0x08, 0x00, 0x00, 0x00, 0x6a, 0xdd, 0xff, 0xff,
  0x14, 0x00, 0x00, 0x00, 0x00, 0x00, 0x00, 0x08, 0x10, 0x00, 0x00, 0x00,
  0x14, 0x00, 0x00, 0x00, 0x06, 0x00, 0x00, 0x00, 0x28, 0x4b, 0xfe, 0xff,
  0x01, 0x00, 0x00, 0x00, 0x29, 0x01, 0x00, 0x00, 0x03, 0x00, 0x00, 0x00,
  0x28, 0x01, 0x00, 0x00, 0x21, 0x00, 0x00, 0x00, 0x16, 0x00, 0x00, 0x00,
  0x9e, 0xdd, 0xff, 0xff, 0x14, 0x00, 0x00, 0x00, 0x00, 0x00, 0x00, 0x0b,
  0x10, 0x00, 0x00, 0x00, 0x14, 0x00, 0x00, 0x00, 0x08, 0x00, 0x00, 0x00,
  0x5c, 0x4b, 0xfe, 0xff, 0x01, 0x00, 0x00, 0x00, 0x28, 0x01, 0x00, 0x00,
  0x02, 0x00, 0x00, 0x00, 0x1f, 0x01, 0x00, 0x00, 0x27, 0x01, 0x00, 0x00,
  0xce, 0xdd, 0xff, 0xff, 0x14, 0x00, 0x00, 0x00, 0x00, 0x00, 0x00, 0x15,
  0x10, 0x00, 0x00, 0x00, 0x14, 0x00, 0x00, 0x00, 0x0a, 0x00, 0x00, 0x00,
  0x8c, 0x4b, 0xfe, 0xff, 0x01, 0x00, 0x00, 0x00, 0x27, 0x01, 0x00, 0x00,
  0x02, 0x00, 0x00, 0x00, 0x1e, 0x01, 0x00, 0x00, 0x26, 0x01, 0x00, 0x00,
  0x36, 0xdd, 0xff, 0xff, 0x0c, 0x00, 0x00, 0x00, 0x10, 0x00, 0x00, 0x00,
  0x0c, 0x00, 0x00, 0x00, 0x01, 0x00, 0x00, 0x00, 0x26, 0x01, 0x00, 0x00,
  0x01, 0x00, 0x00, 0x00, 0x25, 0x01, 0x00, 0x00, 0x1e, 0xde, 0xff, 0xff,
  0x14, 0x00, 0x00, 0x00, 0x00, 0x00, 0x00, 0x0b, 0x10, 0x00, 0x00, 0x00,
  0x14, 0x00, 0x00, 0x00, 0x08, 0x00, 0x00, 0x00, 0xdc, 0x4b, 0xfe, 0xff,
  0x01, 0x00, 0x00, 0x00, 0x25, 0x01, 0x00, 0x00, 0x02, 0x00, 0x00, 0x00,
  0x74, 0x00, 0x00, 0x00, 0x24, 0x01, 0x00, 0x00, 0x4e, 0xde, 0xff, 0xff,
  0x14, 0x00, 0x00, 0x00, 0x00, 0x00, 0x00, 0x15, 0x10, 0x00, 0x00, 0x00,
  0x14, 0x00, 0x00, 0x00, 0x0a, 0x00, 0x00, 0x00, 0x0c, 0x4c, 0xfe, 0xff,
  0x01, 0x00, 0x00, 0x00, 0x24, 0x01, 0x00, 0x00, 0x02, 0x00, 0x00, 0x00,
  0x22, 0x01, 0x00, 0x00, 0x23, 0x01, 0x00, 0x00, 0x7e, 0xde, 0xff, 0xff,
  0x14, 0x00, 0x00, 0x00, 0x00, 0x00, 0x00, 0x20, 0x18, 0x00, 0x00, 0x00,
  0x1c, 0x00, 0x00, 0x00, 0x01, 0x00, 0x00, 0x00, 0x90, 0xdf, 0xff, 0xff,
  0x03, 0x00, 0x00, 0x00, 0x01, 0x00, 0x00, 0x00, 0x01, 0x00, 0x00, 0x00,
  0x23, 0x01, 0x00, 0x00, 0x04, 0x00, 0x00, 0x00, 0x1a, 0x01, 0x00, 0x00,
  0x09, 0x00, 0x00, 0x00, 0x06, 0x00, 0x00, 0x00, 0x08, 0x00, 0x00, 0x00,
  0xf6, 0xdd, 0xff, 0xff, 0x0c, 0x00, 0x00, 0x00, 0x10, 0x00, 0x00, 0x00,
  0x09, 0x00, 0x00, 0x00, 0x01, 0x00, 0x00, 0x00, 0x22, 0x01, 0x00, 0x00,
  0x01, 0x00, 0x00, 0x00, 0x21, 0x01, 0x00, 0x00, 0xde, 0xde, 0xff, 0xff,
  0x14, 0x00, 0x00, 0x00, 0x00, 0x00, 0x00, 0x0b, 0x10, 0x00, 0x00, 0x00,
  0x14, 0x00, 0x00, 0x00, 0x08, 0x00, 0x00, 0x00, 0x9c, 0x4c, 0xfe, 0xff,
  0x01, 0x00, 0x00, 0x00, 0x21, 0x01, 0x00, 0x00, 0x02, 0x00, 0x00, 0x00,
  0x73, 0x00, 0x00, 0x00, 0x20, 0x01, 0x00, 0x00, 0x0e, 0xdf, 0xff, 0xff,
  0x14, 0x00, 0x00, 0x00, 0x00, 0x00, 0x00, 0x20, 0x18, 0x00, 0x00, 0x00,
  0x1c, 0x00, 0x00, 0x00, 0x01, 0x00, 0x00, 0x00, 0x20, 0xe0, 0xff, 0xff,
  0x01, 0x00, 0x00, 0x00, 0x01, 0x00, 0x00, 0x00, 0x01, 0x00, 0x00, 0x00,
  0x20, 0x01, 0x00, 0x00, 0x04, 0x00, 0x00, 0x00, 0x1a, 0x01, 0x00, 0x00,
  0x07, 0x00, 0x00, 0x00, 0x09, 0x00, 0x00, 0x00, 0x08, 0x00, 0x00, 0x00,
  0x4e, 0xdf, 0xff, 0xff, 0x14, 0x00, 0x00, 0x00, 0x00, 0x00, 0x00, 0x15,
  0x10, 0x00, 0x00, 0x00, 0x14, 0x00, 0x00, 0x00, 0x0a, 0x00, 0x00, 0x00,
  0x0c, 0x4d, 0xfe, 0xff, 0x01, 0x00, 0x00, 0x00, 0x1f, 0x01, 0x00, 0x00,
  0x02, 0x00, 0x00, 0x00, 0x1d, 0x01, 0x00, 0x00, 0x19, 0x01, 0x00, 0x00,
  0x7e, 0xdf, 0xff, 0xff, 0x14, 0x00, 0x00, 0x00, 0x00, 0x00, 0x00, 0x1c,
  0x10, 0x00, 0x00, 0x00, 0x14, 0x00, 0x00, 0x00, 0x0b, 0x00, 0x00, 0x00,
  0x3c, 0x4d, 0xfe, 0xff, 0x01, 0x00, 0x00, 0x00, 0x1e, 0x01, 0x00, 0x00,
  0x02, 0x00, 0x00, 0x00, 0x0c, 0x00, 0x00, 0x00, 0x1d, 0x01, 0x00, 0x00,
  0xe6, 0xde, 0xff, 0xff, 0x0c, 0x00, 0x00, 0x00, 0x10, 0x00, 0x00, 0x00,
  0x09, 0x00, 0x00, 0x00, 0x01, 0x00, 0x00, 0x00, 0x1d, 0x01, 0x00, 0x00,
  0x01, 0x00, 0x00, 0x00, 0x1c, 0x01, 0x00, 0x00, 0xce, 0xdf, 0xff, 0xff,
  0x14, 0x00, 0x00, 0x00, 0x00, 0x00, 0x00, 0x0b, 0x10, 0x00, 0x00, 0x00,
  0x14, 0x00, 0x00, 0x00, 0x08, 0x00, 0x00, 0x00, 0x8c, 0x4d, 0xfe, 0xff,
  0x01, 0x00, 0x00, 0x00, 0x1c, 0x01, 0x00, 0x00, 0x02, 0x00, 0x00, 0x00,
  0x72, 0x00, 0x00, 0x00, 0x1b, 0x01, 0x00, 0x00, 0xfe, 0xdf, 0xff, 0xff,
  0x14, 0x00, 0x00, 0x00, 0x00, 0x00, 0x00, 0x20, 0x18, 0x00, 0x00, 0x00,
  0x1c, 0x00, 0x00, 0x00, 0x01, 0x00, 0x00, 0x00, 0x10, 0xe1, 0xff, 0xff,
  0x01, 0x00, 0x00, 0x00, 0x03, 0x00, 0x00, 0x00, 0x01, 0x00, 0x00, 0x00,
  0x1b, 0x01, 0x00, 0x00, 0x04, 0x00, 0x00, 0x00, 0x1a, 0x01, 0x00, 0x00,
  0x06, 0x00, 0x00, 0x00, 0x07, 0x00, 0x00, 0x00, 0x08, 0x00, 0x00, 0x00,
  0x3e, 0xe0, 0xff, 0xff, 0x14, 0x00, 0x00, 0x00, 0x00, 0x00, 0x00, 0x08,
  0x10, 0x00, 0x00, 0x00, 0x14, 0x00, 0x00, 0x00, 0x06, 0x00, 0x00, 0x00,
  0xfc, 0x4d, 0xfe, 0xff, 0x01, 0x00, 0x00, 0x00, 0x1a, 0x01, 0x00, 0x00,
  0x03, 0x00, 0x00, 0x00, 0x19, 0x01, 0x00, 0x00, 0x21, 0x00, 0x00, 0x00,
  0x15, 0x00, 0x00, 0x00, 0x72, 0xe0, 0xff, 0xff, 0x14, 0x00, 0x00, 0x00,
  0x00, 0x00, 0x00, 0x0b, 0x10, 0x00, 0x00, 0x00, 0x14, 0x00, 0x00, 0x00,
  0x08, 0x00, 0x00, 0x00, 0x30, 0x4e, 0xfe, 0xff, 0x01, 0x00, 0x00, 0x00,
  0x19, 0x01, 0x00, 0x00, 0x02, 0x00, 0x00, 0x00, 0x10, 0x01, 0x00, 0x00,
  0x18, 0x01, 0x00, 0x00, 0xa2, 0xe0, 0xff, 0xff, 0x14, 0x00, 0x00, 0x00,
  0x00, 0x00, 0x00, 0x15, 0x10, 0x00, 0x00, 0x00, 0x14, 0x00, 0x00, 0x00,
  0x0a, 0x00, 0x00, 0x00, 0x60, 0x4e, 0xfe, 0xff, 0x01, 0x00, 0x00, 0x00,
  0x18, 0x01, 0x00, 0x00, 0x02, 0x00, 0x00, 0x00, 0x0f, 0x01, 0x00, 0x00,
  0x17, 0x01, 0x00, 0x00, 0x0a, 0xe0, 0xff, 0xff, 0x0c, 0x00, 0x00, 0x00,
  0x10, 0x00, 0x00, 0x00, 0x0c, 0x00, 0x00, 0x00, 0x01, 0x00, 0x00, 0x00,
  0x17, 0x01, 0x00, 0x00, 0x01, 0x00, 0x00, 0x00, 0x16, 0x01, 0x00, 0x00,
  0xf2, 0xe0, 0xff, 0xff, 0x14, 0x00, 0x00, 0x00, 0x00, 0x00, 0x00, 0x0b,
  0x10, 0x00, 0x00, 0x00, 0x14, 0x00, 0x00, 0x00, 0x08, 0x00, 0x00, 0x00,
  0xb0, 0x4e, 0xfe, 0xff, 0x01, 0x00, 0x00, 0x00, 0x16, 0x01, 0x00, 0x00,
  0x02, 0x00, 0x00, 0x00, 0x70, 0x00, 0x00, 0x00, 0x15, 0x01, 0x00, 0x00,
  0x22, 0xe1, 0xff, 0xff, 0x14, 0x00, 0x00, 0x00, 0x00, 0x00, 0x00, 0x15,
  0x10, 0x00, 0x00, 0x00, 0x14, 0x00, 0x00, 0x00, 0x0a, 0x00, 0x00, 0x00,
  0xe0, 0x4e, 0xfe, 0xff, 0x01, 0x00, 0x00, 0x00, 0x15, 0x01, 0x00, 0x00,
  0x02, 0x00, 0x00, 0x00, 0x13, 0x01, 0x00, 0x00, 0x14, 0x01, 0x00, 0x00,
  0x52, 0xe1, 0xff, 0xff, 0x14, 0x00, 0x00, 0x00, 0x00, 0x00, 0x00, 0x20,
  0x18, 0x00, 0x00, 0x00, 0x1c, 0x00, 0x00, 0x00, 0x01, 0x00, 0x00, 0x00,
  0x64, 0xe2, 0xff, 0xff, 0x03, 0x00, 0x00, 0x00, 0x01, 0x00, 0x00, 0x00,
  0x01, 0x00, 0x00, 0x00, 0x14, 0x01, 0x00, 0x00, 0x04, 0x00, 0x00, 0x00,
  0x0b, 0x01, 0x00, 0x00, 0x09, 0x00, 0x00, 0x00, 0x06, 0x00, 0x00, 0x00,
  0x08, 0x00, 0x00, 0x00, 0xca, 0xe0, 0xff, 0xff, 0x0c, 0x00, 0x00, 0x00,
  0x10, 0x00, 0x00, 0x00, 0x09, 0x00, 0x00, 0x00, 0x01, 0x00, 0x00, 0x00,
  0x13, 0x01, 0x00, 0x00, 0x01, 0x00, 0x00, 0x00, 0x12, 0x01, 0x00, 0x00,
  0xb2, 0xe1, 0xff, 0xff, 0x14, 0x00, 0x00, 0x00, 0x00, 0x00, 0x00, 0x0b,
  0x10, 0x00, 0x00, 0x00, 0x14, 0x00, 0x00, 0x00, 0x08, 0x00, 0x00, 0x00,
  0x70, 0x4f, 0xfe, 0xff, 0x01, 0x00, 0x00, 0x00, 0x12, 0x01, 0x00, 0x00,
  0x02, 0x00, 0x00, 0x00, 0x6f, 0x00, 0x00, 0x00, 0x11, 0x01, 0x00, 0x00,
  0xe2, 0xe1, 0xff, 0xff, 0x14, 0x00, 0x00, 0x00, 0x00, 0x00, 0x00, 0x20,
  0x18, 0x00, 0x00, 0x00, 0x1c, 0x00, 0x00, 0x00, 0x01, 0x00, 0x00, 0x00,
  0xf4, 0xe2, 0xff, 0xff, 0x01, 0x00, 0x00, 0x00, 0x01, 0x00, 0x00, 0x00,
  0x01, 0x00, 0x00, 0x00, 0x11, 0x01, 0x00, 0x00, 0x04, 0x00, 0x00, 0x00,
  0x0b, 0x01, 0x00, 0x00, 0x07, 0x00, 0x00, 0x00, 0x09, 0x00, 0x00, 0x00,
  0x08, 0x00, 0x00, 0x00, 0x22, 0xe2, 0xff, 0xff, 0x14, 0x00, 0x00, 0x00,
  0x00, 0x00, 0x00, 0x15, 0x10, 0x00, 0x00, 0x00, 0x14, 0x00, 0x00, 0x00,
  0x0a, 0x00, 0x00, 0x00, 0xe0, 0x4f, 0xfe, 0xff, 0x01, 0x00, 0x00, 0x00,
  0x10, 0x01, 0x00, 0x00, 0x02, 0x00, 0x00, 0x00, 0x0e, 0x01, 0x00, 0x00,
  0x0a, 0x01, 0x00, 0x00, 0x52, 0xe2, 0xff, 0xff, 0x14, 0x00, 0x00, 0x00,
  0x00, 0x00, 0x00, 0x1c, 0x10, 0x00, 0x00, 0x00, 0x14, 0x00, 0x00, 0x00,
  0x0b, 0x00, 0x00, 0x00, 0x10, 0x50, 0xfe, 0xff, 0x01, 0x00, 0x00, 0x00,
  0x0f, 0x01, 0x00, 0x00, 0x02, 0x00, 0x00, 0x00, 0x0c, 0x00, 0x00, 0x00,
  0x0e, 0x01, 0x00, 0x00, 0xba, 0xe1, 0xff, 0xff, 0x0c, 0x00, 0x00, 0x00,
  0x10, 0x00, 0x00, 0x00, 0x09, 0x00, 0x00, 0x00, 0x01, 0x00, 0x00, 0x00,
  0x0e, 0x01, 0x00, 0x00, 0x01, 0x00, 0x00, 0x00, 0x0d, 0x01, 0x00, 0x00,
  0xa2, 0xe2, 0xff, 0xff, 0x14, 0x00, 0x00, 0x00, 0x00, 0x00, 0x00, 0x0b,
  0x10, 0x00, 0x00, 0x00, 0x14, 0x00, 0x00, 0x00, 0x08, 0x00, 0x00, 0x00,
  0x60, 0x50, 0xfe, 0xff, 0x01, 0x00, 0x00, 0x00, 0x0d, 0x01, 0x00, 0x00,
  0x02, 0x00, 0x00, 0x00, 0x6e, 0x00, 0x00, 0x00, 0x0c, 0x01, 0x00, 0x00,
  0xd2, 0xe2, 0xff, 0xff, 0x14, 0x00, 0x00, 0x00, 0x00, 0x00, 0x00, 0x20,
  0x18, 0x00, 0x00, 0x00, 0x1c, 0x00, 0x00, 0x00, 0x01, 0x00, 0x00, 0x00,
  0xe4, 0xe3, 0xff, 0xff, 0x01, 0x00, 0x00, 0x00, 0x03, 0x00, 0x00, 0x00,
  0x01, 0x00, 0x00, 0x00, 0x0c, 0x01, 0x00, 0x00, 0x04, 0x00, 0x00, 0x00,
  0x0b, 0x01, 0x00, 0x00, 0x06, 0x00, 0x00, 0x00, 0x07, 0x00, 0x00, 0x00,
  0x08, 0x00, 0x00, 0x00, 0x12, 0xe3, 0xff, 0xff, 0x14, 0x00, 0x00, 0x00,
  0x00, 0x00, 0x00, 0x08, 0x10, 0x00, 0x00, 0x00, 0x14, 0x00, 0x00, 0x00,
  0x06, 0x00, 0x00, 0x00, 0xd0, 0x50, 0xfe, 0xff, 0x01, 0x00, 0x00, 0x00,
  0x0b, 0x01, 0x00, 0x00, 0x03, 0x00, 0x00, 0x00, 0x0a, 0x01, 0x00, 0x00,
  0x21, 0x00, 0x00, 0x00, 0x14, 0x00, 0x00, 0x00, 0x46, 0xe3, 0xff, 0xff,
  0x14, 0x00, 0x00, 0x00, 0x00, 0x00, 0x00, 0x0b, 0x10, 0x00, 0x00, 0x00,
  0x14, 0x00, 0x00, 0x00, 0x08, 0x00, 0x00, 0x00, 0x04, 0x51, 0xfe, 0xff,
  0x01, 0x00, 0x00, 0x00, 0x0a, 0x01, 0x00, 0x00, 0x02, 0x00, 0x00, 0x00,
  0x01, 0x01, 0x00, 0x00, 0x09, 0x01, 0x00, 0x00, 0x76, 0xe3, 0xff, 0xff,
  0x14, 0x00, 0x00, 0x00, 0x00, 0x00, 0x00, 0x15, 0x10, 0x00, 0x00, 0x00,
  0x14, 0x00, 0x00, 0x00, 0x0a, 0x00, 0x00, 0x00, 0x34, 0x51, 0xfe, 0xff,
  0x01, 0x00, 0x00, 0x00, 0x09, 0x01, 0x00, 0x00, 0x02, 0x00, 0x00, 0x00,
  0x00, 0x01, 0x00, 0x00, 0x08, 0x01, 0x00, 0x00, 0xde, 0xe2, 0xff, 0xff,
  0x0c, 0x00, 0x00, 0x00, 0x10, 0x00, 0x00, 0x00, 0x0c, 0x00, 0x00, 0x00,
  0x01, 0x00, 0x00, 0x00, 0x08, 0x01, 0x00, 0x00, 0x01, 0x00, 0x00, 0x00,
  0x07, 0x01, 0x00, 0x00, 0xc6, 0xe3, 0xff, 0xff, 0x14, 0x00, 0x00, 0x00,
  0x00, 0x00, 0x00, 0x0b, 0x10, 0x00, 0x00, 0x00, 0x14, 0x00, 0x00, 0x00,
  0x08, 0x00, 0x00, 0x00, 0x84, 0x51, 0xfe, 0xff, 0x01, 0x00, 0x00, 0x00,
  0x07, 0x01, 0x00, 0x00, 0x02, 0x00, 0x00, 0x00, 0x6c, 0x00, 0x00, 0x00,
  0x06, 0x01, 0x00, 0x00, 0xf6, 0xe3, 0xff, 0xff, 0x14, 0x00, 0x00, 0x00,
  0x00, 0x00, 0x00, 0x15, 0x10, 0x00, 0x00, 0x00, 0x14, 0x00, 0x00, 0x00,
  0x0a, 0x00, 0x00, 0x00, 0xb4, 0x51, 0xfe, 0xff, 0x01, 0x00, 0x00, 0x00,
  0x06, 0x01, 0x00, 0x00, 0x02, 0x00, 0x00, 0x00, 0x04, 0x01, 0x00, 0x00,
  0x05, 0x01, 0x00, 0x00, 0x26, 0xe4, 0xff, 0xff, 0x14, 0x00, 0x00, 0x00,
  0x00, 0x00, 0x00, 0x20, 0x18, 0x00, 0x00, 0x00, 0x1c, 0x00, 0x00, 0x00,
  0x01, 0x00, 0x00, 0x00, 0x38, 0xe5, 0xff, 0xff, 0x03, 0x00, 0x00, 0x00,
  0x01, 0x00, 0x00, 0x00, 0x01, 0x00, 0x00, 0x00, 0x05, 0x01, 0x00, 0x00,
  0x04, 0x00, 0x00, 0x00, 0xfc, 0x00, 0x00, 0x00, 0x09, 0x00, 0x00, 0x00,
  0x06, 0x00, 0x00, 0x00, 0x08, 0x00, 0x00, 0x00, 0x9e, 0xe3, 0xff, 0xff,
  0x0c, 0x00, 0x00, 0x00, 0x10, 0x00, 0x00, 0x00, 0x09, 0x00, 0x00, 0x00,
  0x01, 0x00, 0x00, 0x00, 0x04, 0x01, 0x00, 0x00, 0x01, 0x00, 0x00, 0x00,
  0x03, 0x01, 0x00, 0x00, 0x86, 0xe4, 0xff, 0xff, 0x14, 0x00, 0x00, 0x00,
  0x00, 0x00, 0x00, 0x0b, 0x10, 0x00, 0x00, 0x00, 0x14, 0x00, 0x00, 0x00,
  0x08, 0x00, 0x00, 0x00, 0x44, 0x52, 0xfe, 0xff, 0x01, 0x00, 0x00, 0x00,
  0x03, 0x01, 0x00, 0x00, 0x02, 0x00, 0x00, 0x00, 0x6b, 0x00, 0x00, 0x00,
  0x02, 0x01, 0x00, 0x00, 0xb6, 0xe4, 0xff, 0xff, 0x14, 0x00, 0x00, 0x00,
  0x00, 0x00, 0x00, 0x20, 0x18, 0x00, 0x00, 0x00, 0x1c, 0x00, 0x00, 0x00,
  0x01, 0x00, 0x00, 0x00, 0xc8, 0xe5, 0xff, 0xff, 0x01, 0x00, 0x00, 0x00,
  0x01, 0x00, 0x00, 0x00, 0x01, 0x00, 0x00, 0x00, 0x02, 0x01, 0x00, 0x00,
  0x04, 0x00, 0x00, 0x00, 0xfc, 0x00, 0x00, 0x00, 0x07, 0x00, 0x00, 0x00,
  0x09, 0x00, 0x00, 0x00, 0x08, 0x00, 0x00, 0x00, 0xf6, 0xe4, 0xff, 0xff,
  0x14, 0x00, 0x00, 0x00, 0x00, 0x00, 0x00, 0x15, 0x10, 0x00, 0x00, 0x00,
  0x14, 0x00, 0x00, 0x00, 0x0a, 0x00, 0x00, 0x00, 0xb4, 0x52, 0xfe, 0xff,
  0x01, 0x00, 0x00, 0x00, 0x01, 0x01, 0x00, 0x00, 0x02, 0x00, 0x00, 0x00,
  0xff, 0x00, 0x00, 0x00, 0xfb, 0x00, 0x00, 0x00, 0x26, 0xe5, 0xff, 0xff,
  0x14, 0x00, 0x00, 0x00, 0x00, 0x00, 0x00, 0x1c, 0x10, 0x00, 0x00, 0x00,
  0x14, 0x00, 0x00, 0x00, 0x0b, 0x00, 0x00, 0x00, 0xe4, 0x52, 0xfe, 0xff,
  0x01, 0x00, 0x00, 0x00, 0x00, 0x01, 0x00, 0x00, 0x02, 0x00, 0x00, 0x00,
  0x0c, 0x00, 0x00, 0x00, 0xff, 0x00, 0x00, 0x00, 0x8e, 0xe4, 0xff, 0xff,
  0x0c, 0x00, 0x00, 0x00, 0x10, 0x00, 0x00, 0x00, 0x09, 0x00, 0x00, 0x00,
  0x01, 0x00, 0x00, 0x00, 0xff, 0x00, 0x00, 0x00, 0x01, 0x00, 0x00, 0x00,
  0xfe, 0x00, 0x00, 0x00, 0x76, 0xe5, 0xff, 0xff, 0x14, 0x00, 0x00, 0x00,
  0x00, 0x00, 0x00, 0x0b, 0x10, 0x00, 0x00, 0x00, 0x14, 0x00, 0x00, 0x00,
  0x08, 0x00, 0x00, 0x00, 0x34, 0x53, 0xfe, 0xff, 0x01, 0x00, 0x00, 0x00,
  0xfe, 0x00, 0x00, 0x00, 0x02, 0x00, 0x00, 0x00, 0x6a, 0x00, 0x00, 0x00,
  0xfd, 0x00, 0x00, 0x00, 0xa6, 0xe5, 0xff, 0xff, 0x14, 0x00, 0x00, 0x00,
  0x00, 0x00, 0x00, 0x20, 0x18, 0x00, 0x00, 0x00, 0x1c, 0x00, 0x00, 0x00,
  0x01, 0x00, 0x00, 0x00, 0xb8, 0xe6, 0xff, 0xff, 0x01, 0x00, 0x00, 0x00,
  0x03, 0x00, 0x00, 0x00, 0x01, 0x00, 0x00, 0x00, 0xfd, 0x00, 0x00, 0x00,
  0x04, 0x00, 0x00, 0x00, 0xfc, 0x00, 0x00, 0x00, 0x06, 0x00, 0x00, 0x00,
  0x07, 0x00, 0x00, 0x00, 0x08, 0x00, 0x00, 0x00, 0xe6, 0xe5, 0xff, 0xff,
  0x14, 0x00, 0x00, 0x00, 0x00, 0x00, 0x00, 0x08, 0x10, 0x00, 0x00, 0x00,
  0x14, 0x00, 0x00, 0x00, 0x06, 0x00, 0x00, 0x00, 0xa4, 0x53, 0xfe, 0xff,
  0x01, 0x00, 0x00, 0x00, 0xfc, 0x00, 0x00, 0x00, 0x03, 0x00, 0x00, 0x00,
  0xfb, 0x00, 0x00, 0x00, 0x21, 0x00, 0x00, 0x00, 0x13, 0x00, 0x00, 0x00,
  0x1a, 0xe6, 0xff, 0xff, 0x14, 0x00, 0x00, 0x00, 0x00, 0x00, 0x00, 0x0b,
  0x10, 0x00, 0x00, 0x00, 0x14, 0x00, 0x00, 0x00, 0x08, 0x00, 0x00, 0x00,
  0xd8, 0x53, 0xfe, 0xff, 0x01, 0x00, 0x00, 0x00, 0xfb, 0x00, 0x00, 0x00,
  0x02, 0x00, 0x00, 0x00, 0xf2, 0x00, 0x00, 0x00, 0xfa, 0x00, 0x00, 0x00,
  0x4a, 0xe6, 0xff, 0xff, 0x14, 0x00, 0x00, 0x00, 0x00, 0x00, 0x00, 0x15,
  0x10, 0x00, 0x00, 0x00, 0x14, 0x00, 0x00, 0x00, 0x0a, 0x00, 0x00, 0x00,
  0x08, 0x54, 0xfe, 0xff, 0x01, 0x00, 0x00, 0x00, 0xfa, 0x00, 0x00, 0x00,
  0x02, 0x00, 0x00, 0x00, 0xf1, 0x00, 0x00, 0x00, 0xf9, 0x00, 0x00, 0x00,
  0xb2, 0xe5, 0xff, 0xff, 0x0c, 0x00, 0x00, 0x00, 0x10, 0x00, 0x00, 0x00,
  0x0c, 0x00, 0x00, 0x00, 0x01, 0x00, 0x00, 0x00, 0xf9, 0x00, 0x00, 0x00,
  0x01, 0x00, 0x00, 0x00, 0xf8, 0x00, 0x00, 0x00, 0x9a, 0xe6, 0xff, 0xff,
  0x14, 0x00, 0x00, 0x00, 0x00, 0x00, 0x00, 0x0b, 0x10, 0x00, 0x00, 0x00,
  0x14, 0x00, 0x00, 0x00, 0x08, 0x00, 0x00, 0x00, 0x58, 0x54, 0xfe, 0xff,
  0x01, 0x00, 0x00, 0x00, 0xf8, 0x00, 0x00, 0x00, 0x02, 0x00, 0x00, 0x00,
  0x68, 0x00, 0x00, 0x00, 0xf7, 0x00, 0x00, 0x00, 0xca, 0xe6, 0xff, 0xff,
  0x14, 0x00, 0x00, 0x00, 0x00, 0x00, 0x00, 0x15, 0x10, 0x00, 0x00, 0x00,
  0x14, 0x00, 0x00, 0x00, 0x0a, 0x00, 0x00, 0x00, 0x88, 0x54, 0xfe, 0xff,
  0x01, 0x00, 0x00, 0x00, 0xf7, 0x00, 0x00, 0x00, 0x02, 0x00, 0x00, 0x00,
  0xf5, 0x00, 0x00, 0x00, 0xf6, 0x00, 0x00, 0x00, 0xfa, 0xe6, 0xff, 0xff,
  0x14, 0x00, 0x00, 0x00, 0x00, 0x00, 0x00, 0x20, 0x18, 0x00, 0x00, 0x00,
  0x1c, 0x00, 0x00, 0x00, 0x01, 0x00, 0x00, 0x00, 0x0c, 0xe8, 0xff, 0xff,
  0x03, 0x00, 0x00, 0x00, 0x01, 0x00, 0x00, 0x00, 0x01, 0x00, 0x00, 0x00,
  0xf6, 0x00, 0x00, 0x00, 0x04, 0x00, 0x00, 0x00, 0xed, 0x00, 0x00, 0x00,
  0x09, 0x00, 0x00, 0x00, 0x06, 0x00, 0x00, 0x00, 0x08, 0x00, 0x00, 0x00,
  0x72, 0xe6, 0xff, 0xff, 0x0c, 0x00, 0x00, 0x00, 0x10, 0x00, 0x00, 0x00,
  0x09, 0x00, 0x00, 0x00, 0x01, 0x00, 0x00, 0x00, 0xf5, 0x00, 0x00, 0x00,
  0x01, 0x00, 0x00, 0x00, 0xf4, 0x00, 0x00, 0x00, 0x5a, 0xe7, 0xff, 0xff,
  0x14, 0x00, 0x00, 0x00, 0x00, 0x00, 0x00, 0x0b, 0x10, 0x00, 0x00, 0x00,
  0x14, 0x00, 0x00, 0x00, 0x08, 0x00, 0x00, 0x00, 0x18, 0x55, 0xfe, 0xff,
  0x01, 0x00, 0x00, 0x00, 0xf4, 0x00, 0x00, 0x00, 0x02, 0x00, 0x00, 0x00,
  0x67, 0x00, 0x00, 0x00, 0xf3, 0x00, 0x00, 0x00, 0x8a, 0xe7, 0xff, 0xff,
  0x14, 0x00, 0x00, 0x00, 0x00, 0x00, 0x00, 0x20, 0x18, 0x00, 0x00, 0x00,
  0x1c, 0x00, 0x00, 0x00, 0x01, 0x00, 0x00, 0x00, 0x9c, 0xe8, 0xff, 0xff,
  0x01, 0x00, 0x00, 0x00, 0x01, 0x00, 0x00, 0x00, 0x01, 0x00, 0x00, 0x00,
  0xf3, 0x00, 0x00, 0x00, 0x04, 0x00, 0x00, 0x00, 0xed, 0x00, 0x00, 0x00,
  0x07, 0x00, 0x00, 0x00, 0x09, 0x00, 0x00, 0x00, 0x08, 0x00, 0x00, 0x00,
  0xca, 0xe7, 0xff, 0xff, 0x14, 0x00, 0x00, 0x00, 0x00, 0x00, 0x00, 0x15,
  0x10, 0x00, 0x00, 0x00, 0x14, 0x00, 0x00, 0x00, 0x0a, 0x00, 0x00, 0x00,
  0x88, 0x55, 0xfe, 0xff, 0x01, 0x00, 0x00, 0x00, 0xf2, 0x00, 0x00, 0x00,
  0x02, 0x00, 0x00, 0x00, 0xf0, 0x00, 0x00, 0x00, 0xec, 0x00, 0x00, 0x00,
  0xfa, 0xe7, 0xff, 0xff, 0x14, 0x00, 0x00, 0x00, 0x00, 0x00, 0x00, 0x1c,
  0x10, 0x00, 0x00, 0x00, 0x14, 0x00, 0x00, 0x00, 0x0b, 0x00, 0x00, 0x00,
  0xb8, 0x55, 0xfe, 0xff, 0x01, 0x00, 0x00, 0x00, 0xf1, 0x00, 0x00, 0x00,
  0x02, 0x00, 0x00, 0x00, 0x0c, 0x00, 0x00, 0x00, 0xf0, 0x00, 0x00, 0x00,
  0x62, 0xe7, 0xff, 0xff, 0x0c, 0x00, 0x00, 0x00, 0x10, 0x00, 0x00, 0x00,
  0x09, 0x00, 0x00, 0x00, 0x01, 0x00, 0x00, 0x00, 0xf0, 0x00, 0x00, 0x00,
  0x01, 0x00, 0x00, 0x00, 0xef, 0x00, 0x00, 0x00, 0x4a, 0xe8, 0xff, 0xff,
  0x14, 0x00, 0x00, 0x00, 0x00, 0x00, 0x00, 0x0b, 0x10, 0x00, 0x00, 0x00,
  0x14, 0x00, 0x00, 0x00, 0x08, 0x00, 0x00, 0x00, 0x08, 0x56, 0xfe, 0xff,
  0x01, 0x00, 0x00, 0x00, 0xef, 0x00, 0x00, 0x00, 0x02, 0x00, 0x00, 0x00,
  0x66, 0x00, 0x00, 0x00, 0xee, 0x00, 0x00, 0x00, 0x7a, 0xe8, 0xff, 0xff,
  0x14, 0x00, 0x00, 0x00, 0x00, 0x00, 0x00, 0x20, 0x18, 0x00, 0x00, 0x00,
  0x1c, 0x00, 0x00, 0x00, 0x01, 0x00, 0x00, 0x00, 0x8c, 0xe9, 0xff, 0xff,
  0x01, 0x00, 0x00, 0x00, 0x03, 0x00, 0x00, 0x00, 0x01, 0x00, 0x00, 0x00,
  0xee, 0x00, 0x00, 0x00, 0x04, 0x00, 0x00, 0x00, 0xed, 0x00, 0x00, 0x00,
  0x06, 0x00, 0x00, 0x00, 0x07, 0x00, 0x00, 0x00, 0x08, 0x00, 0x00, 0x00,
  0xba, 0xe8, 0xff, 0xff, 0x14, 0x00, 0x00, 0x00, 0x00, 0x00, 0x00, 0x08,
  0x10, 0x00, 0x00, 0x00, 0x14, 0x00, 0x00, 0x00, 0x06, 0x00, 0x00, 0x00,
  0x78, 0x56, 0xfe, 0xff, 0x01, 0x00, 0x00, 0x00, 0xed, 0x00, 0x00, 0x00,
  0x03, 0x00, 0x00, 0x00, 0xec, 0x00, 0x00, 0x00, 0x21, 0x00, 0x00, 0x00,
  0x12, 0x00, 0x00, 0x00, 0xee, 0xe8, 0xff, 0xff, 0x14, 0x00, 0x00, 0x00,
  0x00, 0x00, 0x00, 0x0b, 0x10, 0x00, 0x00, 0x00, 0x14, 0x00, 0x00, 0x00,
  0x08, 0x00, 0x00, 0x00, 0xac, 0x56, 0xfe, 0xff, 0x01, 0x00, 0x00, 0x00,
  0xec, 0x00, 0x00, 0x00, 0x02, 0x00, 0x00, 0x00, 0xe2, 0x00, 0x00, 0x00,
  0xeb, 0x00, 0x00, 0x00, 0x1e, 0xe9, 0xff, 0xff, 0x14, 0x00, 0x00, 0x00,
  0x00, 0x00, 0x00, 0x15, 0x10, 0x00, 0x00, 0x00, 0x14, 0x00, 0x00, 0x00,
  0x0a, 0x00, 0x00, 0x00, 0xdc, 0x56, 0xfe, 0xff, 0x01, 0x00, 0x00, 0x00,
  0xeb, 0x00, 0x00, 0x00, 0x02, 0x00, 0x00, 0x00, 0xe3, 0x00, 0x00, 0x00,
  0xea, 0x00, 0x00, 0x00, 0x86, 0xe8, 0xff, 0xff, 0x0c, 0x00, 0x00, 0x00,
  0x10, 0x00, 0x00, 0x00, 0x0c, 0x00, 0x00, 0x00, 0x01, 0x00, 0x00, 0x00,
  0xea, 0x00, 0x00, 0x00, 0x01, 0x00, 0x00, 0x00, 0xe9, 0x00, 0x00, 0x00,
  0x6e, 0xe9, 0xff, 0xff, 0x14, 0x00, 0x00, 0x00, 0x00, 0x00, 0x00, 0x0b,
  0x10, 0x00, 0x00, 0x00, 0x14, 0x00, 0x00, 0x00, 0x08, 0x00, 0x00, 0x00,
  0x2c, 0x57, 0xfe, 0xff, 0x01, 0x00, 0x00, 0x00, 0xe9, 0x00, 0x00, 0x00,
  0x02, 0x00, 0x00, 0x00, 0xdd, 0x00, 0x00, 0x00, 0xe8, 0x00, 0x00, 0x00,
  0x9e, 0xe9, 0xff, 0xff, 0x14, 0x00, 0x00, 0x00, 0x00, 0x00, 0x00, 0x15,
  0x10, 0x00, 0x00, 0x00, 0x14, 0x00, 0x00, 0x00, 0x0a, 0x00, 0x00, 0x00,
  0x5c, 0x57, 0xfe, 0xff, 0x01, 0x00, 0x00, 0x00, 0xe8, 0x00, 0x00, 0x00,
  0x02, 0x00, 0x00, 0x00, 0xe6, 0x00, 0x00, 0x00, 0xe7, 0x00, 0x00, 0x00,
  0xce, 0xe9, 0xff, 0xff, 0x14, 0x00, 0x00, 0x00, 0x00, 0x00, 0x00, 0x20,
  0x18, 0x00, 0x00, 0x00, 0x1c, 0x00, 0x00, 0x00, 0x01, 0x00, 0x00, 0x00,
  0xe0, 0xea, 0xff, 0xff, 0x03, 0x00, 0x00, 0x00, 0x01, 0x00, 0x00, 0x00,
  0x01, 0x00, 0x00, 0x00, 0xe7, 0x00, 0x00, 0x00, 0x04, 0x00, 0x00, 0x00,
  0xde, 0x00, 0x00, 0x00, 0x09, 0x00, 0x00, 0x00, 0x06, 0x00, 0x00, 0x00,
  0x08, 0x00, 0x00, 0x00, 0x46, 0xe9, 0xff, 0xff, 0x0c, 0x00, 0x00, 0x00,
  0x10, 0x00, 0x00, 0x00, 0x09, 0x00, 0x00, 0x00, 0x01, 0x00, 0x00, 0x00,
  0xe6, 0x00, 0x00, 0x00, 0x01, 0x00, 0x00, 0x00, 0xe5, 0x00, 0x00, 0x00,
  0x2e, 0xea, 0xff, 0xff, 0x14, 0x00, 0x00, 0x00, 0x00, 0x00, 0x00, 0x0b,
  0x10, 0x00, 0x00, 0x00, 0x14, 0x00, 0x00, 0x00, 0x08, 0x00, 0x00, 0x00,
  0xec, 0x57, 0xfe, 0xff, 0x01, 0x00, 0x00, 0x00, 0xe5, 0x00, 0x00, 0x00,
  0x02, 0x00, 0x00, 0x00, 0xdc, 0x00, 0x00, 0x00, 0xe4, 0x00, 0x00, 0x00,
  0x5e, 0xea, 0xff, 0xff, 0x14, 0x00, 0x00, 0x00, 0x00, 0x00, 0x00, 0x20,
  0x18, 0x00, 0x00, 0x00, 0x1c, 0x00, 0x00, 0x00, 0x01, 0x00, 0x00, 0x00,
  0x70, 0xeb, 0xff, 0xff, 0x01, 0x00, 0x00, 0x00, 0x01, 0x00, 0x00, 0x00,
  0x01, 0x00, 0x00, 0x00, 0xe4, 0x00, 0x00, 0x00, 0x04, 0x00, 0x00, 0x00,
  0xde, 0x00, 0x00, 0x00, 0x07, 0x00, 0x00, 0x00, 0x09, 0x00, 0x00, 0x00,
  0x08, 0x00, 0x00, 0x00, 0x9e, 0xea, 0xff, 0xff, 0x14, 0x00, 0x00, 0x00,
  0x00, 0x00, 0x00, 0x1c, 0x10, 0x00, 0x00, 0x00, 0x14, 0x00, 0x00, 0x00,
  0x0b, 0x00, 0x00, 0x00, 0x5c, 0x58, 0xfe, 0xff, 0x01, 0x00, 0x00, 0x00,
  0xe3, 0x00, 0x00, 0x00, 0x02, 0x00, 0x00, 0x00, 0x0c, 0x00, 0x00, 0x00,
  0xe1, 0x00, 0x00, 0x00, 0xce, 0xea, 0xff, 0xff, 0x14, 0x00, 0x00, 0x00,
  0x00, 0x00, 0x00, 0x15, 0x10, 0x00, 0x00, 0x00, 0x14, 0x00, 0x00, 0x00,
  0x0a, 0x00, 0x00, 0x00, 0x8c, 0x58, 0xfe, 0xff, 0x01, 0x00, 0x00, 0x00,
  0xe2, 0x00, 0x00, 0x00, 0x02, 0x00, 0x00, 0x00, 0xe1, 0x00, 0x00, 0x00,
  0xd9, 0x00, 0x00, 0x00, 0x36, 0xea, 0xff, 0xff, 0x0c, 0x00, 0x00, 0x00,
  0x10, 0x00, 0x00, 0x00, 0x09, 0x00, 0x00, 0x00, 0x01, 0x00, 0x00, 0x00,
  0xe1, 0x00, 0x00, 0x00, 0x01, 0x00, 0x00, 0x00, 0xe0, 0x00, 0x00, 0x00,
  0x1e, 0xeb, 0xff, 0xff, 0x14, 0x00, 0x00, 0x00, 0x00, 0x00, 0x00, 0x0b,
  0x10, 0x00, 0x00, 0x00, 0x14, 0x00, 0x00, 0x00, 0x08, 0x00, 0x00, 0x00,
  0xdc, 0x58, 0xfe, 0xff, 0x01, 0x00, 0x00, 0x00, 0xe0, 0x00, 0x00, 0x00,
  0x02, 0x00, 0x00, 0x00, 0xdb, 0x00, 0x00, 0x00, 0xdf, 0x00, 0x00, 0x00,
  0x4e, 0xeb, 0xff, 0xff, 0x14, 0x00, 0x00, 0x00, 0x00, 0x00, 0x00, 0x20,
  0x18, 0x00, 0x00, 0x00, 0x1c, 0x00, 0x00, 0x00, 0x01, 0x00, 0x00, 0x00,
  0x60, 0xec, 0xff, 0xff, 0x01, 0x00, 0x00, 0x00, 0x03, 0x00, 0x00, 0x00,
  0x01, 0x00, 0x00, 0x00, 0xdf, 0x00, 0x00, 0x00, 0x04, 0x00, 0x00, 0x00,
  0xde, 0x00, 0x00, 0x00, 0x06, 0x00, 0x00, 0x00, 0x07, 0x00, 0x00, 0x00,
  0x08, 0x00, 0x00, 0x00, 0x8e, 0xeb, 0xff, 0xff, 0x14, 0x00, 0x00, 0x00,
  0x00, 0x00, 0x00, 0x08, 0x10, 0x00, 0x00, 0x00, 0x14, 0x00, 0x00, 0x00,
  0x06, 0x00, 0x00, 0x00, 0x4c, 0x59, 0xfe, 0xff, 0x01, 0x00, 0x00, 0x00,
  0xde, 0x00, 0x00, 0x00, 0x03, 0x00, 0x00, 0x00, 0xd9, 0x00, 0x00, 0x00,
  0x21, 0x00, 0x00, 0x00, 0x11, 0x00, 0x00, 0x00, 0xc2, 0xeb, 0xff, 0xff,
  0x14, 0x00, 0x00, 0x00, 0x00, 0x00, 0x00, 0x23, 0x14, 0x00, 0x00, 0x00,
  0x20, 0x00, 0x00, 0x00, 0x07, 0x00, 0x00, 0x00, 0x7e, 0xeb, 0xff, 0xff,
  0x03, 0x00, 0x00, 0x00, 0x03, 0x00, 0x00, 0x00, 0xdb, 0x00, 0x00, 0x00,
  0xdc, 0x00, 0x00, 0x00, 0xdd, 0x00, 0x00, 0x00, 0x02, 0x00, 0x00, 0x00,
  0x05, 0x00, 0x00, 0x00, 0xda, 0x00, 0x00, 0x00, 0xfe, 0xeb, 0xff, 0xff,
  0x14, 0x00, 0x00, 0x00, 0x00, 0x00, 0x00, 0x08, 0x10, 0x00, 0x00, 0x00,
  0x14, 0x00, 0x00, 0x00, 0x06, 0x00, 0x00, 0x00, 0xbc, 0x59, 0xfe, 0xff,
  0x01, 0x00, 0x00, 0x00, 0xda, 0x00, 0x00, 0x00, 0x03, 0x00, 0x00, 0x00,
  0x40, 0x00, 0x00, 0x00, 0x37, 0x00, 0x00, 0x00, 0x36, 0x00, 0x00, 0x00,
  0x32, 0xec, 0xff, 0xff, 0x14, 0x00, 0x00, 0x00, 0x00, 0x00, 0x00, 0x0b,
  0x10, 0x00, 0x00, 0x00, 0x14, 0x00, 0x00, 0x00, 0x08, 0x00, 0x00, 0x00,
  0xf0, 0x59, 0xfe, 0xff, 0x01, 0x00, 0x00, 0x00, 0xd9, 0x00, 0x00, 0x00,
  0x02, 0x00, 0x00, 0x00, 0xcf, 0x00, 0x00, 0x00, 0xd8, 0x00, 0x00, 0x00,
  0x62, 0xec, 0xff, 0xff, 0x14, 0x00, 0x00, 0x00, 0x00, 0x00, 0x00, 0x15,
  0x10, 0x00, 0x00, 0x00, 0x14, 0x00, 0x00, 0x00, 0x0a, 0x00, 0x00, 0x00,
  0x20, 0x5a, 0xfe, 0xff, 0x01, 0x00, 0x00, 0x00, 0xd8, 0x00, 0x00, 0x00,
  0x02, 0x00, 0x00, 0x00, 0xd0, 0x00, 0x00, 0x00, 0xd7, 0x00, 0x00, 0x00,
  0xca, 0xeb, 0xff, 0xff, 0x0c, 0x00, 0x00, 0x00, 0x10, 0x00, 0x00, 0x00,
  0x0c, 0x00, 0x00, 0x00, 0x01, 0x00, 0x00, 0x00, 0xd7, 0x00, 0x00, 0x00,
  0x01, 0x00, 0x00, 0x00, 0xd6, 0x00, 0x00, 0x00, 0xb2, 0xec, 0xff, 0xff,
  0x14, 0x00, 0x00, 0x00, 0x00, 0x00, 0x00, 0x0b, 0x10, 0x00, 0x00, 0x00,
  0x14, 0x00, 0x00, 0x00, 0x08, 0x00, 0x00, 0x00, 0x70, 0x5a, 0xfe, 0xff,
  0x01, 0x00, 0x00, 0x00, 0xd6, 0x00, 0x00, 0x00, 0x02, 0x00, 0x00, 0x00,
  0xca, 0x00, 0x00, 0x00, 0xd5, 0x00, 0x00, 0x00, 0xe2, 0xec, 0xff, 0xff,
  0x14, 0x00, 0x00, 0x00, 0x00, 0x00, 0x00, 0x15, 0x10, 0x00, 0x00, 0x00,
  0x14, 0x00, 0x00, 0x00, 0x0a, 0x00, 0x00, 0x00, 0xa0, 0x5a, 0xfe, 0xff,
  0x01, 0x00, 0x00, 0x00, 0xd5, 0x00, 0x00, 0x00, 0x02, 0x00, 0x00, 0x00,
  0xd3, 0x00, 0x00, 0x00, 0xd4, 0x00, 0x00, 0x00, 0x12, 0xed, 0xff, 0xff,
  0x14, 0x00, 0x00, 0x00, 0x00, 0x00, 0x00, 0x20, 0x18, 0x00, 0x00, 0x00,
  0x1c, 0x00, 0x00, 0x00, 0x01, 0x00, 0x00, 0x00, 0x24, 0xee, 0xff, 0xff,
  0x03, 0x00, 0x00, 0x00, 0x01, 0x00, 0x00, 0x00, 0x01, 0x00, 0x00, 0x00,
  0xd4, 0x00, 0x00, 0x00, 0x04, 0x00, 0x00, 0x00, 0xcb, 0x00, 0x00, 0x00,
  0x09, 0x00, 0x00, 0x00, 0x06, 0x00, 0x00, 0x00, 0x08, 0x00, 0x00, 0x00,
  0x8a, 0xec, 0xff, 0xff, 0x0c, 0x00, 0x00, 0x00, 0x10, 0x00, 0x00, 0x00,
  0x09, 0x00, 0x00, 0x00, 0x01, 0x00, 0x00, 0x00, 0xd3, 0x00, 0x00, 0x00,
  0x01, 0x00, 0x00, 0x00, 0xd2, 0x00, 0x00, 0x00, 0x72, 0xed, 0xff, 0xff,
  0x14, 0x00, 0x00, 0x00, 0x00, 0x00, 0x00, 0x0b, 0x10, 0x00, 0x00, 0x00,
  0x14, 0x00, 0x00, 0x00, 0x08, 0x00, 0x00, 0x00, 0x30, 0x5b, 0xfe, 0xff,
  0x01, 0x00, 0x00, 0x00, 0xd2, 0x00, 0x00, 0x00, 0x02, 0x00, 0x00, 0x00,
  0xc9, 0x00, 0x00, 0x00, 0xd1, 0x00, 0x00, 0x00, 0xa2, 0xed, 0xff, 0xff,
  0x14, 0x00, 0x00, 0x00, 0x00, 0x00, 0x00, 0x20, 0x18, 0x00, 0x00, 0x00,
  0x1c, 0x00, 0x00, 0x00, 0x01, 0x00, 0x00, 0x00, 0xb4, 0xee, 0xff, 0xff,
  0x01, 0x00, 0x00, 0x00, 0x01, 0x00, 0x00, 0x00, 0x01, 0x00, 0x00, 0x00,
  0xd1, 0x00, 0x00, 0x00, 0x04, 0x00, 0x00, 0x00, 0xcb, 0x00, 0x00, 0x00,
  0x07, 0x00, 0x00, 0x00, 0x09, 0x00, 0x00, 0x00, 0x08, 0x00, 0x00, 0x00,
  0xe2, 0xed, 0xff, 0xff, 0x14, 0x00, 0x00, 0x00, 0x00, 0x00, 0x00, 0x1c,
  0x10, 0x00, 0x00, 0x00, 0x14, 0x00, 0x00, 0x00, 0x0b, 0x00, 0x00, 0x00,
  0xa0, 0x5b, 0xfe, 0xff, 0x01, 0x00, 0x00, 0x00, 0xd0, 0x00, 0x00, 0x00,
  0x02, 0x00, 0x00, 0x00, 0x0c, 0x00, 0x00, 0x00, 0xce, 0x00, 0x00, 0x00,
  0x12, 0xee, 0xff, 0xff, 0x14, 0x00, 0x00, 0x00, 0x00, 0x00, 0x00, 0x15,
  0x10, 0x00, 0x00, 0x00, 0x14, 0x00, 0x00, 0x00, 0x0a, 0x00, 0x00, 0x00,
  0xd0, 0x5b, 0xfe, 0xff, 0x01, 0x00, 0x00, 0x00, 0xcf, 0x00, 0x00, 0x00,
  0x02, 0x00, 0x00, 0x00, 0xce, 0x00, 0x00, 0x00, 0xc6, 0x00, 0x00, 0x00,
  0x7a, 0xed, 0xff, 0xff, 0x0c, 0x00, 0x00, 0x00, 0x10, 0x00, 0x00, 0x00,
  0x09, 0x00, 0x00, 0x00, 0x01, 0x00, 0x00, 0x00, 0xce, 0x00, 0x00, 0x00,
  0x01, 0x00, 0x00, 0x00, 0xcd, 0x00, 0x00, 0x00, 0x62, 0xee, 0xff, 0xff,
  0x14, 0x00, 0x00, 0x00, 0x00, 0x00, 0x00, 0x0b, 0x10, 0x00, 0x00, 0x00,
  0x14, 0x00, 0x00, 0x00, 0x08, 0x00, 0x00, 0x00, 0x20, 0x5c, 0xfe, 0xff,
  0x01, 0x00, 0x00, 0x00, 0xcd, 0x00, 0x00, 0x00, 0x02, 0x00, 0x00, 0x00,
  0xc8, 0x00, 0x00, 0x00, 0xcc, 0x00, 0x00, 0x00, 0x92, 0xee, 0xff, 0xff,
  0x14, 0x00, 0x00, 0x00, 0x00, 0x00, 0x00, 0x20, 0x18, 0x00, 0x00, 0x00,
  0x1c, 0x00, 0x00, 0x00, 0x01, 0x00, 0x00, 0x00, 0xa4, 0xef, 0xff, 0xff,
  0x01, 0x00, 0x00, 0x00, 0x03, 0x00, 0x00, 0x00, 0x01, 0x00, 0x00, 0x00,
  0xcc, 0x00, 0x00, 0x00, 0x04, 0x00, 0x00, 0x00, 0xcb, 0x00, 0x00, 0x00,
  0x06, 0x00, 0x00, 0x00, 0x07, 0x00, 0x00, 0x00, 0x08, 0x00, 0x00, 0x00,
  0xd2, 0xee, 0xff, 0xff, 0x14, 0x00, 0x00, 0x00, 0x00, 0x00, 0x00, 0x08,
  0x10, 0x00, 0x00, 0x00, 0x14, 0x00, 0x00, 0x00, 0x06, 0x00, 0x00, 0x00,
  0x90, 0x5c, 0xfe, 0xff, 0x01, 0x00, 0x00, 0x00, 0xcb, 0x00, 0x00, 0x00,
  0x03, 0x00, 0x00, 0x00, 0xc6, 0x00, 0x00, 0x00, 0x21, 0x00, 0x00, 0x00,
  0x10, 0x00, 0x00, 0x00, 0x06, 0xef, 0xff, 0xff, 0x14, 0x00, 0x00, 0x00,
  0x00, 0x00, 0x00, 0x23, 0x14, 0x00, 0x00, 0x00, 0x20, 0x00, 0x00, 0x00,
  0x07, 0x00, 0x00, 0x00, 0xc2, 0xee, 0xff, 0xff, 0x03, 0x00, 0x00, 0x00,
  0x03, 0x00, 0x00, 0x00, 0xc8, 0x00, 0x00, 0x00, 0xc9, 0x00, 0x00, 0x00,
  0xca, 0x00, 0x00, 0x00, 0x02, 0x00, 0x00, 0x00, 0x05, 0x00, 0x00, 0x00,
  0xc7, 0x00, 0x00, 0x00, 0x42, 0xef, 0xff, 0xff, 0x14, 0x00, 0x00, 0x00,
  0x00, 0x00, 0x00, 0x08, 0x10, 0x00, 0x00, 0x00, 0x14, 0x00, 0x00, 0x00,
  0x06, 0x00, 0x00, 0x00, 0x00, 0x5d, 0xfe, 0xff, 0x01, 0x00, 0x00, 0x00,
  0xc7, 0x00, 0x00, 0x00, 0x03, 0x00, 0x00, 0x00, 0x3f, 0x00, 0x00, 0x00,
  0x37, 0x00, 0x00, 0x00, 0x35, 0x00, 0x00, 0x00, 0x76, 0xef, 0xff, 0xff,
  0x14, 0x00, 0x00, 0x00, 0x00, 0x00, 0x00, 0x0b, 0x10, 0x00, 0x00, 0x00,
  0x14, 0x00, 0x00, 0x00, 0x08, 0x00, 0x00, 0x00, 0x34, 0x5d, 0xfe, 0xff,
  0x01, 0x00, 0x00, 0x00, 0xc6, 0x00, 0x00, 0x00, 0x02, 0x00, 0x00, 0x00,
  0xbc, 0x00, 0x00, 0x00, 0xc5, 0x00, 0x00, 0x00, 0xa6, 0xef, 0xff, 0xff,
  0x14, 0x00, 0x00, 0x00, 0x00, 0x00, 0x00, 0x15, 0x10, 0x00, 0x00, 0x00,
  0x14, 0x00, 0x00, 0x00, 0x0a, 0x00, 0x00, 0x00, 0x64, 0x5d, 0xfe, 0xff,
  0x01, 0x00, 0x00, 0x00, 0xc5, 0x00, 0x00, 0x00, 0x02, 0x00, 0x00, 0x00,
  0xbd, 0x00, 0x00, 0x00, 0xc4, 0x00, 0x00, 0x00, 0x0e, 0xef, 0xff, 0xff,
  0x0c, 0x00, 0x00, 0x00, 0x10, 0x00, 0x00, 0x00, 0x0c, 0x00, 0x00, 0x00,
  0x01, 0x00, 0x00, 0x00, 0xc4, 0x00, 0x00, 0x00, 0x01, 0x00, 0x00, 0x00,
  0xc3, 0x00, 0x00, 0x00, 0xf6, 0xef, 0xff, 0xff, 0x14, 0x00, 0x00, 0x00,
  0x00, 0x00, 0x00, 0x0b, 0x10, 0x00, 0x00, 0x00, 0x14, 0x00, 0x00, 0x00,
  0x08, 0x00, 0x00, 0x00, 0xb4, 0x5d, 0xfe, 0xff, 0x01, 0x00, 0x00, 0x00,
  0xc3, 0x00, 0x00, 0x00, 0x02, 0x00, 0x00, 0x00, 0xb7, 0x00, 0x00, 0x00,
  0xc2, 0x00, 0x00, 0x00, 0x26, 0xf0, 0xff, 0xff, 0x14, 0x00, 0x00, 0x00,
  0x00, 0x00, 0x00, 0x15, 0x10, 0x00, 0x00, 0x00, 0x14, 0x00, 0x00, 0x00,
  0x0a, 0x00, 0x00, 0x00, 0xe4, 0x5d, 0xfe, 0xff, 0x01, 0x00, 0x00, 0x00,
  0xc2, 0x00, 0x00, 0x00, 0x02, 0x00, 0x00, 0x00, 0xc0, 0x00, 0x00, 0x00,
  0xc1, 0x00, 0x00, 0x00, 0x56, 0xf0, 0xff, 0xff, 0x14, 0x00, 0x00, 0x00,
  0x00, 0x00, 0x00, 0x20, 0x18, 0x00, 0x00, 0x00, 0x1c, 0x00, 0x00, 0x00,
  0x01, 0x00, 0x00, 0x00, 0x68, 0xf1, 0xff, 0xff, 0x03, 0x00, 0x00, 0x00,
  0x01, 0x00, 0x00, 0x00, 0x01, 0x00, 0x00, 0x00, 0xc1, 0x00, 0x00, 0x00,
  0x04, 0x00, 0x00, 0x00, 0xb8, 0x00, 0x00, 0x00, 0x09, 0x00, 0x00, 0x00,
  0x06, 0x00, 0x00, 0x00, 0x08, 0x00, 0x00, 0x00, 0xce, 0xef, 0xff, 0xff,
  0x0c, 0x00, 0x00, 0x00, 0x10, 0x00, 0x00, 0x00, 0x09, 0x00, 0x00, 0x00,
  0x01, 0x00, 0x00, 0x00, 0xc0, 0x00, 0x00, 0x00, 0x01, 0x00, 0x00, 0x00,
  0xbf, 0x00, 0x00, 0x00, 0xb6, 0xf0, 0xff, 0xff, 0x14, 0x00, 0x00, 0x00,
  0x00, 0x00, 0x00, 0x0b, 0x10, 0x00, 0x00, 0x00, 0x14, 0x00, 0x00, 0x00,
  0x08, 0x00, 0x00, 0x00, 0x74, 0x5e, 0xfe, 0xff, 0x01, 0x00, 0x00, 0x00,
  0xbf, 0x00, 0x00, 0x00, 0x02, 0x00, 0x00, 0x00, 0xb6, 0x00, 0x00, 0x00,
  0xbe, 0x00, 0x00, 0x00, 0xe6, 0xf0, 0xff, 0xff, 0x14, 0x00, 0x00, 0x00,
  0x00, 0x00, 0x00, 0x20, 0x18, 0x00, 0x00, 0x00, 0x1c, 0x00, 0x00, 0x00,
  0x01, 0x00, 0x00, 0x00, 0xf8, 0xf1, 0xff, 0xff, 0x01, 0x00, 0x00, 0x00,
  0x01, 0x00, 0x00, 0x00, 0x01, 0x00, 0x00, 0x00, 0xbe, 0x00, 0x00, 0x00,
  0x04, 0x00, 0x00, 0x00, 0xb8, 0x00, 0x00, 0x00, 0x07, 0x00, 0x00, 0x00,
  0x09, 0x00, 0x00, 0x00, 0x08, 0x00, 0x00, 0x00, 0x26, 0xf1, 0xff, 0xff,
  0x14, 0x00, 0x00, 0x00, 0x00, 0x00, 0x00, 0x1c, 0x10, 0x00, 0x00, 0x00,
  0x14, 0x00, 0x00, 0x00, 0x0b, 0x00, 0x00, 0x00, 0xe4, 0x5e, 0xfe, 0xff,
  0x01, 0x00, 0x00, 0x00, 0xbd, 0x00, 0x00, 0x00, 0x02, 0x00, 0x00, 0x00,
  0x0c, 0x00, 0x00, 0x00, 0xbb, 0x00, 0x00, 0x00, 0x56, 0xf1, 0xff, 0xff,
  0x14, 0x00, 0x00, 0x00, 0x00, 0x00, 0x00, 0x15, 0x10, 0x00, 0x00, 0x00,
  0x14, 0x00, 0x00, 0x00, 0x0a, 0x00, 0x00, 0x00, 0x14, 0x5f, 0xfe, 0xff,
  0x01, 0x00, 0x00, 0x00, 0xbc, 0x00, 0x00, 0x00, 0x02, 0x00, 0x00, 0x00,
  0xbb, 0x00, 0x00, 0x00, 0x9f, 0x00, 0x00, 0x00, 0xbe, 0xf0, 0xff, 0xff,
  0x0c, 0x00, 0x00, 0x00, 0x10, 0x00, 0x00, 0x00, 0x09, 0x00, 0x00, 0x00,
  0x01, 0x00, 0x00, 0x00, 0xbb, 0x00, 0x00, 0x00, 0x01, 0x00, 0x00, 0x00,
  0xba, 0x00, 0x00, 0x00, 0xa6, 0xf1, 0xff, 0xff, 0x14, 0x00, 0x00, 0x00,
  0x00, 0x00, 0x00, 0x0b, 0x10, 0x00, 0x00, 0x00, 0x14, 0x00, 0x00, 0x00,
  0x08, 0x00, 0x00, 0x00, 0x64, 0x5f, 0xfe, 0xff, 0x01, 0x00, 0x00, 0x00,
  0xba, 0x00, 0x00, 0x00, 0x02, 0x00, 0x00, 0x00, 0xb5, 0x00, 0x00, 0x00,
  0xb9, 0x00, 0x00, 0x00, 0xd6, 0xf1, 0xff, 0xff, 0x14, 0x00, 0x00, 0x00,
  0x00, 0x00, 0x00, 0x20, 0x18, 0x00, 0x00, 0x00, 0x1c, 0x00, 0x00, 0x00,
  0x01, 0x00, 0x00, 0x00, 0xe8, 0xf2, 0xff, 0xff, 0x01, 0x00, 0x00, 0x00,
  0x03, 0x00, 0x00, 0x00, 0x01, 0x00, 0x00, 0x00, 0xb9, 0x00, 0x00, 0x00,
  0x04, 0x00, 0x00, 0x00, 0xb8, 0x00, 0x00, 0x00, 0x06, 0x00, 0x00, 0x00,
  0x07, 0x00, 0x00, 0x00, 0x08, 0x00, 0x00, 0x00, 0x16, 0xf2, 0xff, 0xff,
  0x14, 0x00, 0x00, 0x00, 0x00, 0x00, 0x00, 0x08, 0x10, 0x00, 0x00, 0x00,
  0x14, 0x00, 0x00, 0x00, 0x06, 0x00, 0x00, 0x00, 0xd4, 0x5f, 0xfe, 0xff,
  0x01, 0x00, 0x00, 0x00, 0xb8, 0x00, 0x00, 0x00, 0x03, 0x00, 0x00, 0x00,
  0x9f, 0x00, 0x00, 0x00, 0x21, 0x00, 0x00, 0x00, 0x0f, 0x00, 0x00, 0x00,
  0x4a, 0xf2, 0xff, 0xff, 0x14, 0x00, 0x00, 0x00, 0x00, 0x00, 0x00, 0x23,
  0x14, 0x00, 0x00, 0x00, 0x20, 0x00, 0x00, 0x00, 0x07, 0x00, 0x00, 0x00,
  0x06, 0xf2, 0xff, 0xff, 0x03, 0x00, 0x00, 0x00, 0x03, 0x00, 0x00, 0x00,
  0xb5, 0x00, 0x00, 0x00, 0xb6, 0x00, 0x00, 0x00, 0xb7, 0x00, 0x00, 0x00,
  0x02, 0x00, 0x00, 0x00, 0x05, 0x00, 0x00, 0x00, 0xb4, 0x00, 0x00, 0x00,
  0x86, 0xf2, 0xff, 0xff, 0x14, 0x00, 0x00, 0x00, 0x00, 0x00, 0x00, 0x08,
  0x10, 0x00, 0x00, 0x00, 0x14, 0x00, 0x00, 0x00, 0x06, 0x00, 0x00, 0x00,
  0x44, 0x60, 0xfe, 0xff, 0x01, 0x00, 0x00, 0x00, 0xb4, 0x00, 0x00, 0x00,
  0x03, 0x00, 0x00, 0x00, 0x3e, 0x00, 0x00, 0x00, 0x37, 0x00, 0x00, 0x00,
  0x34, 0x00, 0x00, 0x00, 0xba, 0xf2, 0xff, 0xff, 0x14, 0x00, 0x00, 0x00,
  0x00, 0x00, 0x00, 0x23, 0x14, 0x00, 0x00, 0x00, 0x20, 0x00, 0x00, 0x00,
  0x07, 0x00, 0x00, 0x00, 0x76, 0xf2, 0xff, 0xff, 0x03, 0x00, 0x00, 0x00,
  0x03, 0x00, 0x00, 0x00, 0xb1, 0x00, 0x00, 0x00, 0xb2, 0x00, 0x00, 0x00,
  0xb3, 0x00, 0x00, 0x00, 0x02, 0x00, 0x00, 0x00, 0x05, 0x00, 0x00, 0x00,
  0xb0, 0x00, 0x00, 0x00, 0xf6, 0xf2, 0xff, 0xff, 0x14, 0x00, 0x00, 0x00,
  0x00, 0x00, 0x00, 0x08, 0x10, 0x00, 0x00, 0x00, 0x14, 0x00, 0x00, 0x00,
  0x06, 0x00, 0x00, 0x00, 0xb4, 0x60, 0xfe, 0xff, 0x01, 0x00, 0x00, 0x00,
  0xb0, 0x00, 0x00, 0x00, 0x03, 0x00, 0x00, 0x00, 0x4f, 0x00, 0x00, 0x00,
  0x37, 0x00, 0x00, 0x00, 0x33, 0x00, 0x00, 0x00, 0x2a, 0xf3, 0xff, 0xff,
  0x14, 0x00, 0x00, 0x00, 0x00, 0x00, 0x00, 0x23, 0x14, 0x00, 0x00, 0x00,
  0x20, 0x00, 0x00, 0x00, 0x07, 0x00, 0x00, 0x00, 0xe6, 0xf2, 0xff, 0xff,
  0x03, 0x00, 0x00, 0x00, 0x03, 0x00, 0x00, 0x00, 0xad, 0x00, 0x00, 0x00,
  0xae, 0x00, 0x00, 0x00, 0xaf, 0x00, 0x00, 0x00, 0x02, 0x00, 0x00, 0x00,
  0x05, 0x00, 0x00, 0x00, 0xac, 0x00, 0x00, 0x00, 0x66, 0xf3, 0xff, 0xff,
  0x14, 0x00, 0x00, 0x00, 0x00, 0x00, 0x00, 0x08, 0x10, 0x00, 0x00, 0x00,
  0x14, 0x00, 0x00, 0x00, 0x06, 0x00, 0x00, 0x00, 0x24, 0x61, 0xfe, 0xff,
  0x01, 0x00, 0x00, 0x00, 0xac, 0x00, 0x00, 0x00, 0x03, 0x00, 0x00, 0x00,
  0x4e, 0x00, 0x00, 0x00, 0x37, 0x00, 0x00, 0x00, 0x32, 0x00, 0x00, 0x00,
  0x9a, 0xf3, 0xff, 0xff, 0x14, 0x00, 0x00, 0x00, 0x00, 0x00, 0x00, 0x23,
  0x14, 0x00, 0x00, 0x00, 0x20, 0x00, 0x00, 0x00, 0x07, 0x00, 0x00, 0x00,
  0x56, 0xf3, 0xff, 0xff, 0x03, 0x00, 0x00, 0x00, 0x03, 0x00, 0x00, 0x00,
  0xa9, 0x00, 0x00, 0x00, 0xaa, 0x00, 0x00, 0x00, 0xab, 0x00, 0x00, 0x00,
  0x02, 0x00, 0x00, 0x00, 0x05, 0x00, 0x00, 0x00, 0xa8, 0x00, 0x00, 0x00,
  0xd6, 0xf3, 0xff, 0xff, 0x14, 0x00, 0x00, 0x00, 0x00, 0x00, 0x00, 0x08,
  0x10, 0x00, 0x00, 0x00, 0x14, 0x00, 0x00, 0x00, 0x06, 0x00, 0x00, 0x00,
  0x94, 0x61, 0xfe, 0xff, 0x01, 0x00, 0x00, 0x00, 0xa8, 0x00, 0x00, 0x00,
  0x03, 0x00, 0x00, 0x00, 0x4d, 0x00, 0x00, 0x00, 0x37, 0x00, 0x00, 0x00,
  0x31, 0x00, 0x00, 0x00, 0x0a, 0xf4, 0xff, 0xff, 0x14, 0x00, 0x00, 0x00,
  0x00, 0x00, 0x00, 0x23, 0x14, 0x00, 0x00, 0x00, 0x20, 0x00, 0x00, 0x00,
  0x07, 0x00, 0x00, 0x00, 0xc6, 0xf3, 0xff, 0xff, 0x03, 0x00, 0x00, 0x00,
  0x03, 0x00, 0x00, 0x00, 0xa5, 0x00, 0x00, 0x00, 0xa6, 0x00, 0x00, 0x00,
  0xa7, 0x00, 0x00, 0x00, 0x02, 0x00, 0x00, 0x00, 0x05, 0x00, 0x00, 0x00,
  0xa4, 0x00, 0x00, 0x00, 0x46, 0xf4, 0xff, 0xff, 0x14, 0x00, 0x00, 0x00,
  0x00, 0x00, 0x00, 0x08, 0x10, 0x00, 0x00, 0x00, 0x14, 0x00, 0x00, 0x00,
  0x06, 0x00, 0x00, 0x00, 0x04, 0x62, 0xfe, 0xff, 0x01, 0x00, 0x00, 0x00,
  0xa4, 0x00, 0x00, 0x00, 0x03, 0x00, 0x00, 0x00, 0x4c, 0x00, 0x00, 0x00,
  0x37, 0x00, 0x00, 0x00, 0x30, 0x00, 0x00, 0x00, 0x7a, 0xf4, 0xff, 0xff,
  0x14, 0x00, 0x00, 0x00, 0x00, 0x00, 0x00, 0x23, 0x14, 0x00, 0x00, 0x00,
  0x20, 0x00, 0x00, 0x00, 0x07, 0x00, 0x00, 0x00, 0x36, 0xf4, 0xff, 0xff,
  0x03, 0x00, 0x00, 0x00, 0x03, 0x00, 0x00, 0x00, 0xa1, 0x00, 0x00, 0x00,
  0xa2, 0x00, 0x00, 0x00, 0xa3, 0x00, 0x00, 0x00, 0x02, 0x00, 0x00, 0x00,
  0x05, 0x00, 0x00, 0x00, 0xa0, 0x00, 0x00, 0x00, 0xb6, 0xf4, 0xff, 0xff,
  0x14, 0x00, 0x00, 0x00, 0x00, 0x00, 0x00, 0x08, 0x10, 0x00, 0x00, 0x00,
  0x14, 0x00, 0x00, 0x00, 0x06, 0x00, 0x00, 0x00, 0x74, 0x62, 0xfe, 0xff,
  0x01, 0x00, 0x00, 0x00, 0xa0, 0x00, 0x00, 0x00, 0x03, 0x00, 0x00, 0x00,
  0x4b, 0x00, 0x00, 0x00, 0x37, 0x00, 0x00, 0x00, 0x2f, 0x00, 0x00, 0x00,
  0xea, 0xf4, 0xff, 0xff, 0x14, 0x00, 0x00, 0x00, 0x00, 0x00, 0x00, 0x0b,
  0x10, 0x00, 0x00, 0x00, 0x14, 0x00, 0x00, 0x00, 0x08, 0x00, 0x00, 0x00,
  0xa8, 0x62, 0xfe, 0xff, 0x01, 0x00, 0x00, 0x00, 0x9f, 0x00, 0x00, 0x00,
  0x02, 0x00, 0x00, 0x00, 0x95, 0x00, 0x00, 0x00, 0x9e, 0x00, 0x00, 0x00,
  0x1a, 0xf5, 0xff, 0xff, 0x14, 0x00, 0x00, 0x00, 0x00, 0x00, 0x00, 0x15,
  0x10, 0x00, 0x00, 0x00, 0x14, 0x00, 0x00, 0x00, 0x0a, 0x00, 0x00, 0x00,
  0xd8, 0x62, 0xfe, 0xff, 0x01, 0x00, 0x00, 0x00, 0x9e, 0x00, 0x00, 0x00,
  0x02, 0x00, 0x00, 0x00, 0x96, 0x00, 0x00, 0x00, 0x9d, 0x00, 0x00, 0x00,
  0x82, 0xf4, 0xff, 0xff, 0x0c, 0x00, 0x00, 0x00, 0x10, 0x00, 0x00, 0x00,
  0x0c, 0x00, 0x00, 0x00, 0x01, 0x00, 0x00, 0x00, 0x9d, 0x00, 0x00, 0x00,
  0x01, 0x00, 0x00, 0x00, 0x9c, 0x00, 0x00, 0x00, 0x6a, 0xf5, 0xff, 0xff,
  0x14, 0x00, 0x00, 0x00, 0x00, 0x00, 0x00, 0x0b, 0x10, 0x00, 0x00, 0x00,
  0x14, 0x00, 0x00, 0x00, 0x08, 0x00, 0x00, 0x00, 0x28, 0x63, 0xfe, 0xff,
  0x01, 0x00, 0x00, 0x00, 0x9c, 0x00, 0x00, 0x00, 0x02, 0x00, 0x00, 0x00,
  0x90, 0x00, 0x00, 0x00, 0x9b, 0x00, 0x00, 0x00, 0x9a, 0xf5, 0xff, 0xff,
  0x14, 0x00, 0x00, 0x00, 0x00, 0x00, 0x00, 0x15, 0x10, 0x00, 0x00, 0x00,
  0x14, 0x00, 0x00, 0x00, 0x0a, 0x00, 0x00, 0x00, 0x58, 0x63, 0xfe, 0xff,
  0x01, 0x00, 0x00, 0x00, 0x9b, 0x00, 0x00, 0x00, 0x02, 0x00, 0x00, 0x00,
  0x99, 0x00, 0x00, 0x00, 0x9a, 0x00, 0x00, 0x00, 0xca, 0xf5, 0xff, 0xff,
  0x14, 0x00, 0x00, 0x00, 0x00, 0x00, 0x00, 0x20, 0x18, 0x00, 0x00, 0x00,
  0x1c, 0x00, 0x00, 0x00, 0x01, 0x00, 0x00, 0x00, 0xdc, 0xf6, 0xff, 0xff,
  0x03, 0x00, 0x00, 0x00, 0x01, 0x00, 0x00, 0x00, 0x01, 0x00, 0x00, 0x00,
  0x9a, 0x00, 0x00, 0x00, 0x04, 0x00, 0x00, 0x00, 0x91, 0x00, 0x00, 0x00,
  0x09, 0x00, 0x00, 0x00, 0x06, 0x00, 0x00, 0x00, 0x08, 0x00, 0x00, 0x00,
  0x42, 0xf5, 0xff, 0xff, 0x0c, 0x00, 0x00, 0x00, 0x10, 0x00, 0x00, 0x00,
  0x09, 0x00, 0x00, 0x00, 0x01, 0x00, 0x00, 0x00, 0x99, 0x00, 0x00, 0x00,
  0x01, 0x00, 0x00, 0x00, 0x98, 0x00, 0x00, 0x00, 0x2a, 0xf6, 0xff, 0xff,
  0x14, 0x00, 0x00, 0x00, 0x00, 0x00, 0x00, 0x0b, 0x10, 0x00, 0x00, 0x00,
  0x14, 0x00, 0x00, 0x00, 0x08, 0x00, 0x00, 0x00, 0xe8, 0x63, 0xfe, 0xff,
  0x01, 0x00, 0x00, 0x00, 0x98, 0x00, 0x00, 0x00, 0x02, 0x00, 0x00, 0x00,
  0x8f, 0x00, 0x00, 0x00, 0x97, 0x00, 0x00, 0x00, 0x5a, 0xf6, 0xff, 0xff,
  0x14, 0x00, 0x00, 0x00, 0x00, 0x00, 0x00, 0x20, 0x18, 0x00, 0x00, 0x00,
  0x1c, 0x00, 0x00, 0x00, 0x01, 0x00, 0x00, 0x00, 0x6c, 0xf7, 0xff, 0xff,
  0x01, 0x00, 0x00, 0x00, 0x01, 0x00, 0x00, 0x00, 0x01, 0x00, 0x00, 0x00,
  0x97, 0x00, 0x00, 0x00, 0x04, 0x00, 0x00, 0x00, 0x91, 0x00, 0x00, 0x00,
  0x07, 0x00, 0x00, 0x00, 0x09, 0x00, 0x00, 0x00, 0x08, 0x00, 0x00, 0x00,
  0x9a, 0xf6, 0xff, 0xff, 0x14, 0x00, 0x00, 0x00, 0x00, 0x00, 0x00, 0x1c,
  0x10, 0x00, 0x00, 0x00, 0x14, 0x00, 0x00, 0x00, 0x0b, 0x00, 0x00, 0x00,
  0x58, 0x64, 0xfe, 0xff, 0x01, 0x00, 0x00, 0x00, 0x96, 0x00, 0x00, 0x00,
  0x02, 0x00, 0x00, 0x00, 0x0c, 0x00, 0x00, 0x00, 0x94, 0x00, 0x00, 0x00,
  0xca, 0xf6, 0xff, 0xff, 0x14, 0x00, 0x00, 0x00, 0x00, 0x00, 0x00, 0x15,
  0x10, 0x00, 0x00, 0x00, 0x14, 0x00, 0x00, 0x00, 0x0a, 0x00, 0x00, 0x00,
  0x88, 0x64, 0xfe, 0xff, 0x01, 0x00, 0x00, 0x00, 0x95, 0x00, 0x00, 0x00,
  0x02, 0x00, 0x00, 0x00, 0x94, 0x00, 0x00, 0x00, 0x64, 0x00, 0x00, 0x00,
  0x32, 0xf6, 0xff, 0xff, 0x0c, 0x00, 0x00, 0x00, 0x10, 0x00, 0x00, 0x00,
  0x09, 0x00, 0x00, 0x00, 0x01, 0x00, 0x00, 0x00, 0x94, 0x00, 0x00, 0x00,
  0x01, 0x00, 0x00, 0x00, 0x93, 0x00, 0x00, 0x00, 0x1a, 0xf7, 0xff, 0xff,
  0x14, 0x00, 0x00, 0x00, 0x00, 0x00, 0x00, 0x0b, 0x10, 0x00, 0x00, 0x00,
  0x14, 0x00, 0x00, 0x00, 0x08, 0x00, 0x00, 0x00, 0xd8, 0x64, 0xfe, 0xff,
  0x01, 0x00, 0x00, 0x00, 0x93, 0x00, 0x00, 0x00, 0x02, 0x00, 0x00, 0x00,
  0x8e, 0x00, 0x00, 0x00, 0x92, 0x00, 0x00, 0x00, 0x4a, 0xf7, 0xff, 0xff,
  0x14, 0x00, 0x00, 0x00, 0x00, 0x00, 0x00, 0x20, 0x18, 0x00, 0x00, 0x00,
  0x1c, 0x00, 0x00, 0x00, 0x01, 0x00, 0x00, 0x00, 0x5c, 0xf8, 0xff, 0xff,
  0x01, 0x00, 0x00, 0x00, 0x03, 0x00, 0x00, 0x00, 0x01, 0x00, 0x00, 0x00,
  0x92, 0x00, 0x00, 0x00, 0x04, 0x00, 0x00, 0x00, 0x91, 0x00, 0x00, 0x00,
  0x06, 0x00, 0x00, 0x00, 0x07, 0x00, 0x00, 0x00, 0x08, 0x00, 0x00, 0x00,
  0x8a, 0xf7, 0xff, 0xff, 0x14, 0x00, 0x00, 0x00, 0x00, 0x00, 0x00, 0x08,
  0x10, 0x00, 0x00, 0x00, 0x14, 0x00, 0x00, 0x00, 0x06, 0x00, 0x00, 0x00,
  0x48, 0x65, 0xfe, 0xff, 0x01, 0x00, 0x00, 0x00, 0x91, 0x00, 0x00, 0x00,
  0x03, 0x00, 0x00, 0x00, 0x64, 0x00, 0x00, 0x00, 0x21, 0x00, 0x00, 0x00,
  0x0e, 0x00, 0x00, 0x00, 0xbe, 0xf7, 0xff, 0xff, 0x14, 0x00, 0x00, 0x00,
  0x00, 0x00, 0x00, 0x23, 0x14, 0x00, 0x00, 0x00, 0x20, 0x00, 0x00, 0x00,
  0x07, 0x00, 0x00, 0x00, 0x7a, 0xf7, 0xff, 0xff, 0x03, 0x00, 0x00, 0x00,
  0x03, 0x00, 0x00, 0x00, 0x8e, 0x00, 0x00, 0x00, 0x8f, 0x00, 0x00, 0x00,
  0x90, 0x00, 0x00, 0x00, 0x02, 0x00, 0x00, 0x00, 0x05, 0x00, 0x00, 0x00,
  0x8d, 0x00, 0x00, 0x00, 0xfa, 0xf7, 0xff, 0xff, 0x14, 0x00, 0x00, 0x00,
  0x00, 0x00, 0x00, 0x08, 0x10, 0x00, 0x00, 0x00, 0x14, 0x00, 0x00, 0x00,
  0x06, 0x00, 0x00, 0x00, 0xb8, 0x65, 0xfe, 0xff, 0x01, 0x00, 0x00, 0x00,
  0x8d, 0x00, 0x00, 0x00, 0x03, 0x00, 0x00, 0x00, 0x3d, 0x00, 0x00, 0x00,
  0x37, 0x00, 0x00, 0x00, 0x2e, 0x00, 0x00, 0x00, 0x2e, 0xf8, 0xff, 0xff,
  0x14, 0x00, 0x00, 0x00, 0x00, 0x00, 0x00, 0x23, 0x14, 0x00, 0x00, 0x00,
  0x20, 0x00, 0x00, 0x00, 0x07, 0x00, 0x00, 0x00, 0xea, 0xf7, 0xff, 0xff,
  0x03, 0x00, 0x00, 0x00, 0x03, 0x00, 0x00, 0x00, 0x8a, 0x00, 0x00, 0x00,
  0x8b, 0x00, 0x00, 0x00, 0x8c, 0x00, 0x00, 0x00, 0x02, 0x00, 0x00, 0x00,
  0x05, 0x00, 0x00, 0x00, 0x89, 0x00, 0x00, 0x00, 0x6a, 0xf8, 0xff, 0xff,
  0x14, 0x00, 0x00, 0x00, 0x00, 0x00, 0x00, 0x08, 0x10, 0x00, 0x00, 0x00,
  0x14, 0x00, 0x00, 0x00, 0x06, 0x00, 0x00, 0x00, 0x28, 0x66, 0xfe, 0xff,
  0x01, 0x00, 0x00, 0x00, 0x89, 0x00, 0x00, 0x00, 0x03, 0x00, 0x00, 0x00,
  0x4a, 0x00, 0x00, 0x00, 0x37, 0x00, 0x00, 0x00, 0x2d, 0x00, 0x00, 0x00,
  0x9e, 0xf8, 0xff, 0xff, 0x14, 0x00, 0x00, 0x00, 0x00, 0x00, 0x00, 0x23,
  0x14, 0x00, 0x00, 0x00, 0x20, 0x00, 0x00, 0x00, 0x07, 0x00, 0x00, 0x00,
  0x5a, 0xf8, 0xff, 0xff, 0x03, 0x00, 0x00, 0x00, 0x03, 0x00, 0x00, 0x00,
  0x86, 0x00, 0x00, 0x00, 0x87, 0x00, 0x00, 0x00, 0x88, 0x00, 0x00, 0x00,
  0x02, 0x00, 0x00, 0x00, 0x05, 0x00, 0x00, 0x00, 0x85, 0x00, 0x00, 0x00,
  0xda, 0xf8, 0xff, 0xff, 0x14, 0x00, 0x00, 0x00, 0x00, 0x00, 0x00, 0x08,
  0x10, 0x00, 0x00, 0x00, 0x14, 0x00, 0x00, 0x00, 0x06, 0x00, 0x00, 0x00,
  0x98, 0x66, 0xfe, 0xff, 0x01, 0x00, 0x00, 0x00, 0x85, 0x00, 0x00, 0x00,
  0x03, 0x00, 0x00, 0x00, 0x49, 0x00, 0x00, 0x00, 0x37, 0x00, 0x00, 0x00,
  0x2c, 0x00, 0x00, 0x00, 0x0e, 0xf9, 0xff, 0xff, 0x14, 0x00, 0x00, 0x00,
  0x00, 0x00, 0x00, 0x23, 0x14, 0x00, 0x00, 0x00, 0x20, 0x00, 0x00, 0x00,
  0x07, 0x00, 0x00, 0x00, 0xca, 0xf8, 0xff, 0xff, 0x03, 0x00, 0x00, 0x00,
  0x03, 0x00, 0x00, 0x00, 0x82, 0x00, 0x00, 0x00, 0x83, 0x00, 0x00, 0x00,
  0x84, 0x00, 0x00, 0x00, 0x02, 0x00, 0x00, 0x00, 0x05, 0x00, 0x00, 0x00,
  0x81, 0x00, 0x00, 0x00, 0x4a, 0xf9, 0xff, 0xff, 0x14, 0x00, 0x00, 0x00,
  0x00, 0x00, 0x00, 0x08, 0x10, 0x00, 0x00, 0x00, 0x14, 0x00, 0x00, 0x00,
  0x06, 0x00, 0x00, 0x00, 0x08, 0x67, 0xfe, 0xff, 0x01, 0x00, 0x00, 0x00,
  0x81, 0x00, 0x00, 0x00, 0x03, 0x00, 0x00, 0x00, 0x48, 0x00, 0x00, 0x00,
  0x37, 0x00, 0x00, 0x00, 0x2b, 0x00, 0x00, 0x00, 0x7e, 0xf9, 0xff, 0xff,
  0x14, 0x00, 0x00, 0x00, 0x00, 0x00, 0x00, 0x23, 0x14, 0x00, 0x00, 0x00,
  0x20, 0x00, 0x00, 0x00, 0x07, 0x00, 0x00, 0x00, 0x3a, 0xf9, 0xff, 0xff,
  0x03, 0x00, 0x00, 0x00, 0x03, 0x00, 0x00, 0x00, 0x7e, 0x00, 0x00, 0x00,
  0x7f, 0x00, 0x00, 0x00, 0x80, 0x00, 0x00, 0x00, 0x02, 0x00, 0x00, 0x00,
  0x05, 0x00, 0x00, 0x00, 0x7d, 0x00, 0x00, 0x00, 0xba, 0xf9, 0xff, 0xff,
  0x14, 0x00, 0x00, 0x00, 0x00, 0x00, 0x00, 0x08, 0x10, 0x00, 0x00, 0x00,
  0x14, 0x00, 0x00, 0x00, 0x06, 0x00, 0x00, 0x00, 0x78, 0x67, 0xfe, 0xff,
  0x01, 0x00, 0x00, 0x00, 0x7d, 0x00, 0x00, 0x00, 0x03, 0x00, 0x00, 0x00,
  0x47, 0x00, 0x00, 0x00, 0x37, 0x00, 0x00, 0x00, 0x2a, 0x00, 0x00, 0x00,
  0xee, 0xf9, 0xff, 0xff, 0x14, 0x00, 0x00, 0x00, 0x00, 0x00, 0x00, 0x23,
  0x14, 0x00, 0x00, 0x00, 0x20, 0x00, 0x00, 0x00, 0x07, 0x00, 0x00, 0x00,
  0xaa, 0xf9, 0xff, 0xff, 0x03, 0x00, 0x00, 0x00, 0x03, 0x00, 0x00, 0x00,
  0x7a, 0x00, 0x00, 0x00, 0x7b, 0x00, 0x00, 0x00, 0x7c, 0x00, 0x00, 0x00,
  0x02, 0x00, 0x00, 0x00, 0x05, 0x00, 0x00, 0x00, 0x79, 0x00, 0x00, 0x00,
  0x2a, 0xfa, 0xff, 0xff, 0x14, 0x00, 0x00, 0x00, 0x00, 0x00, 0x00, 0x08,
  0x10, 0x00, 0x00, 0x00, 0x14, 0x00, 0x00, 0x00, 0x06, 0x00, 0x00, 0x00,
  0xe8, 0x67, 0xfe, 0xff, 0x01, 0x00, 0x00, 0x00, 0x79, 0x00, 0x00, 0x00,
  0x03, 0x00, 0x00, 0x00, 0x46, 0x00, 0x00, 0x00, 0x37, 0x00, 0x00, 0x00,
  0x29, 0x00, 0x00, 0x00, 0x5e, 0xfa, 0xff, 0xff, 0x14, 0x00, 0x00, 0x00,
  0x00, 0x00, 0x00, 0x23, 0x14, 0x00, 0x00, 0x00, 0x20, 0x00, 0x00, 0x00,
  0x07, 0x00, 0x00, 0x00, 0x1a, 0xfa, 0xff, 0xff, 0x03, 0x00, 0x00, 0x00,
  0x03, 0x00, 0x00, 0x00, 0x76, 0x00, 0x00, 0x00, 0x77, 0x00, 0x00, 0x00,
  0x78, 0x00, 0x00, 0x00, 0x02, 0x00, 0x00, 0x00, 0x05, 0x00, 0x00, 0x00,
  0x75, 0x00, 0x00, 0x00, 0x9a, 0xfa, 0xff, 0xff, 0x14, 0x00, 0x00, 0x00,
  0x00, 0x00, 0x00, 0x08, 0x10, 0x00, 0x00, 0x00, 0x14, 0x00, 0x00, 0x00,
  0x06, 0x00, 0x00, 0x00, 0x58, 0x68, 0xfe, 0xff, 0x01, 0x00, 0x00, 0x00,
  0x75, 0x00, 0x00, 0x00, 0x03, 0x00, 0x00, 0x00, 0x45, 0x00, 0x00, 0x00,
  0x37, 0x00, 0x00, 0x00, 0x28, 0x00, 0x00, 0x00, 0xce, 0xfa, 0xff, 0xff,
  0x14, 0x00, 0x00, 0x00, 0x00, 0x00, 0x00, 0x23, 0x14, 0x00, 0x00, 0x00,
  0x20, 0x00, 0x00, 0x00, 0x07, 0x00, 0x00, 0x00, 0x8a, 0xfa, 0xff, 0xff,
  0x03, 0x00, 0x00, 0x00, 0x03, 0x00, 0x00, 0x00, 0x72, 0x00, 0x00, 0x00,
  0x73, 0x00, 0x00, 0x00, 0x74, 0x00, 0x00, 0x00, 0x02, 0x00, 0x00, 0x00,
  0x05, 0x00, 0x00, 0x00, 0x71, 0x00, 0x00, 0x00, 0x0a, 0xfb, 0xff, 0xff,
  0x14, 0x00, 0x00, 0x00, 0x00, 0x00, 0x00, 0x08, 0x10, 0x00, 0x00, 0x00,
  0x14, 0x00, 0x00, 0x00, 0x06, 0x00, 0x00, 0x00, 0xc8, 0x68, 0xfe, 0xff,
  0x01, 0x00, 0x00, 0x00, 0x71, 0x00, 0x00, 0x00, 0x03, 0x00, 0x00, 0x00,
  0x44, 0x00, 0x00, 0x00, 0x37, 0x00, 0x00, 0x00, 0x27, 0x00, 0x00, 0x00,
  0x3e, 0xfb, 0xff, 0xff, 0x14, 0x00, 0x00, 0x00, 0x00, 0x00, 0x00, 0x23,
  0x14, 0x00, 0x00, 0x00, 0x20, 0x00, 0x00, 0x00, 0x07, 0x00, 0x00, 0x00,
  0xfa, 0xfa, 0xff, 0xff, 0x03, 0x00, 0x00, 0x00, 0x03, 0x00, 0x00, 0x00,
  0x6e, 0x00, 0x00, 0x00, 0x6f, 0x00, 0x00, 0x00, 0x70, 0x00, 0x00, 0x00,
  0x02, 0x00, 0x00, 0x00, 0x05, 0x00, 0x00, 0x00, 0x6d, 0x00, 0x00, 0x00,
  0x7a, 0xfb, 0xff, 0xff, 0x14, 0x00, 0x00, 0x00, 0x00, 0x00, 0x00, 0x08,
  0x10, 0x00, 0x00, 0x00, 0x14, 0x00, 0x00, 0x00, 0x06, 0x00, 0x00, 0x00,
  0x38, 0x69, 0xfe, 0xff, 0x01, 0x00, 0x00, 0x00, 0x6d, 0x00, 0x00, 0x00,
  0x03, 0x00, 0x00, 0x00, 0x43, 0x00, 0x00, 0x00, 0x37, 0x00, 0x00, 0x00,
  0x26, 0x00, 0x00, 0x00, 0xae, 0xfb, 0xff, 0xff, 0x14, 0x00, 0x00, 0x00,
  0x00, 0x00, 0x00, 0x23, 0x14, 0x00, 0x00, 0x00, 0x20, 0x00, 0x00, 0x00,
  0x07, 0x00, 0x00, 0x00, 0x6a, 0xfb, 0xff, 0xff, 0x03, 0x00, 0x00, 0x00,
  0x03, 0x00, 0x00, 0x00, 0x6a, 0x00, 0x00, 0x00, 0x6b, 0x00, 0x00, 0x00,
  0x6c, 0x00, 0x00, 0x00, 0x02, 0x00, 0x00, 0x00, 0x05, 0x00, 0x00, 0x00,
  0x69, 0x00, 0x00, 0x00, 0xea, 0xfb, 0xff, 0xff, 0x14, 0x00, 0x00, 0x00,
  0x00, 0x00, 0x00, 0x08, 0x10, 0x00, 0x00, 0x00, 0x14, 0x00, 0x00, 0x00,
  0x06, 0x00, 0x00, 0x00, 0xa8, 0x69, 0xfe, 0xff, 0x01, 0x00, 0x00, 0x00,
  0x69, 0x00, 0x00, 0x00, 0x03, 0x00, 0x00, 0x00, 0x42, 0x00, 0x00, 0x00,
  0x37, 0x00, 0x00, 0x00, 0x25, 0x00, 0x00, 0x00, 0x1e, 0xfc, 0xff, 0xff,
  0x14, 0x00, 0x00, 0x00, 0x00, 0x00, 0x00, 0x23, 0x14, 0x00, 0x00, 0x00,
  0x20, 0x00, 0x00, 0x00, 0x07, 0x00, 0x00, 0x00, 0xda, 0xfb, 0xff, 0xff,
  0x03, 0x00, 0x00, 0x00, 0x03, 0x00, 0x00, 0x00, 0x66, 0x00, 0x00, 0x00,
  0x67, 0x00, 0x00, 0x00, 0x68, 0x00, 0x00, 0x00, 0x02, 0x00, 0x00, 0x00,
  0x05, 0x00, 0x00, 0x00, 0x65, 0x00, 0x00, 0x00, 0x5a, 0xfc, 0xff, 0xff,
  0x14, 0x00, 0x00, 0x00, 0x00, 0x00, 0x00, 0x08, 0x10, 0x00, 0x00, 0x00,
  0x14, 0x00, 0x00, 0x00, 0x06, 0x00, 0x00, 0x00, 0x18, 0x6a, 0xfe, 0xff,
  0x01, 0x00, 0x00, 0x00, 0x65, 0x00, 0x00, 0x00, 0x03, 0x00, 0x00, 0x00,
  0x41, 0x00, 0x00, 0x00, 0x37, 0x00, 0x00, 0x00, 0x24, 0x00, 0x00, 0x00,
  0x8e, 0xfc, 0xff, 0xff, 0x14, 0x00, 0x00, 0x00, 0x00, 0x00, 0x00, 0x0b,
  0x10, 0x00, 0x00, 0x00, 0x14, 0x00, 0x00, 0x00, 0x08, 0x00, 0x00, 0x00,
  0x4c, 0x6a, 0xfe, 0xff, 0x01, 0x00, 0x00, 0x00, 0x64, 0x00, 0x00, 0x00,
  0x02, 0x00, 0x00, 0x00, 0x5a, 0x00, 0x00, 0x00, 0x63, 0x00, 0x00, 0x00,
  0xbe, 0xfc, 0xff, 0xff, 0x14, 0x00, 0x00, 0x00, 0x00, 0x00, 0x00, 0x15,
  0x10, 0x00, 0x00, 0x00, 0x14, 0x00, 0x00, 0x00, 0x0a, 0x00, 0x00, 0x00,
  0x7c, 0x6a, 0xfe, 0xff, 0x01, 0x00, 0x00, 0x00, 0x63, 0x00, 0x00, 0x00,
  0x02, 0x00, 0x00, 0x00, 0x5b, 0x00, 0x00, 0x00, 0x62, 0x00, 0x00, 0x00,
  0x26, 0xfc, 0xff, 0xff, 0x0c, 0x00, 0x00, 0x00, 0x10, 0x00, 0x00, 0x00,
  0x0c, 0x00, 0x00, 0x00, 0x01, 0x00, 0x00, 0x00, 0x62, 0x00, 0x00, 0x00,
  0x01, 0x00, 0x00, 0x00, 0x61, 0x00, 0x00, 0x00, 0x0e, 0xfd, 0xff, 0xff,
  0x14, 0x00, 0x00, 0x00, 0x00, 0x00, 0x00, 0x0b, 0x10, 0x00, 0x00, 0x00,
  0x14, 0x00, 0x00, 0x00, 0x08, 0x00, 0x00, 0x00, 0xcc, 0x6a, 0xfe, 0xff,
  0x01, 0x00, 0x00, 0x00, 0x61, 0x00, 0x00, 0x00, 0x02, 0x00, 0x00, 0x00,
  0x55, 0x00, 0x00, 0x00, 0x60, 0x00, 0x00, 0x00, 0x3e, 0xfd, 0xff, 0xff,
  0x14, 0x00, 0x00, 0x00, 0x00, 0x00, 0x00, 0x15, 0x10, 0x00, 0x00, 0x00,
  0x14, 0x00, 0x00, 0x00, 0x0a, 0x00, 0x00, 0x00, 0xfc, 0x6a, 0xfe, 0xff,
  0x01, 0x00, 0x00, 0x00, 0x60, 0x00, 0x00, 0x00, 0x02, 0x00, 0x00, 0x00,
  0x5e, 0x00, 0x00, 0x00, 0x5f, 0x00, 0x00, 0x00, 0x6e, 0xfd, 0xff, 0xff,
  0x14, 0x00, 0x00, 0x00, 0x00, 0x00, 0x00, 0x20, 0x18, 0x00, 0x00, 0x00,
  0x1c, 0x00, 0x00, 0x00, 0x01, 0x00, 0x00, 0x00, 0x80, 0xfe, 0xff, 0xff,
  0x03, 0x00, 0x00, 0x00, 0x01, 0x00, 0x00, 0x00, 0x01, 0x00, 0x00, 0x00,
  0x5f, 0x00, 0x00, 0x00, 0x04, 0x00, 0x00, 0x00, 0x56, 0x00, 0x00, 0x00,
  0x09, 0x00, 0x00, 0x00, 0x06, 0x00, 0x00, 0x00, 0x08, 0x00, 0x00, 0x00,
  0xe6, 0xfc, 0xff, 0xff, 0x0c, 0x00, 0x00, 0x00, 0x10, 0x00, 0x00, 0x00,
  0x09, 0x00, 0x00, 0x00, 0x01, 0x00, 0x00, 0x00, 0x5e, 0x00, 0x00, 0x00,
  0x01, 0x00, 0x00, 0x00, 0x5d, 0x00, 0x00, 0x00, 0xce, 0xfd, 0xff, 0xff,
  0x14, 0x00, 0x00, 0x00, 0x00, 0x00, 0x00, 0x0b, 0x10, 0x00, 0x00, 0x00,
  0x14, 0x00, 0x00, 0x00, 0x08, 0x00, 0x00, 0x00, 0x8c, 0x6b, 0xfe, 0xff,
  0x01, 0x00, 0x00, 0x00, 0x5d, 0x00, 0x00, 0x00, 0x02, 0x00, 0x00, 0x00,
  0x54, 0x00, 0x00, 0x00, 0x5c, 0x00, 0x00, 0x00, 0xfe, 0xfd, 0xff, 0xff,
  0x14, 0x00, 0x00, 0x00, 0x00, 0x00, 0x00, 0x20, 0x18, 0x00, 0x00, 0x00,
  0x1c, 0x00, 0x00, 0x00, 0x01, 0x00, 0x00, 0x00, 0x10, 0xff, 0xff, 0xff,
  0x01, 0x00, 0x00, 0x00, 0x01, 0x00, 0x00, 0x00, 0x01, 0x00, 0x00, 0x00,
  0x5c, 0x00, 0x00, 0x00, 0x04, 0x00, 0x00, 0x00, 0x56, 0x00, 0x00, 0x00,
  0x07, 0x00, 0x00, 0x00, 0x09, 0x00, 0x00, 0x00, 0x08, 0x00, 0x00, 0x00,
  0x3e, 0xfe, 0xff, 0xff, 0x14, 0x00, 0x00, 0x00, 0x00, 0x00, 0x00, 0x1c,
  0x10, 0x00, 0x00, 0x00, 0x14, 0x00, 0x00, 0x00, 0x0b, 0x00, 0x00, 0x00,
  0xfc, 0x6b, 0xfe, 0xff, 0x01, 0x00, 0x00, 0x00, 0x5b, 0x00, 0x00, 0x00,
  0x02, 0x00, 0x00, 0x00, 0x0c, 0x00, 0x00, 0x00, 0x59, 0x00, 0x00, 0x00,
  0x6e, 0xfe, 0xff, 0xff, 0x14, 0x00, 0x00, 0x00, 0x00, 0x00, 0x00, 0x15,
  0x10, 0x00, 0x00, 0x00, 0x14, 0x00, 0x00, 0x00, 0x0a, 0x00, 0x00, 0x00,
  0x2c, 0x6c, 0xfe, 0xff, 0x01, 0x00, 0x00, 0x00, 0x5a, 0x00, 0x00, 0x00,
  0x02, 0x00, 0x00, 0x00, 0x59, 0x00, 0x00, 0x00, 0x51, 0x00, 0x00, 0x00,
  0xd6, 0xfd, 0xff, 0xff, 0x0c, 0x00, 0x00, 0x00, 0x10, 0x00, 0x00, 0x00,
  0x09, 0x00, 0x00, 0x00, 0x01, 0x00, 0x00, 0x00, 0x59, 0x00, 0x00, 0x00,
  0x01, 0x00, 0x00, 0x00, 0x58, 0x00, 0x00, 0x00, 0xbe, 0xfe, 0xff, 0xff,
  0x14, 0x00, 0x00, 0x00, 0x00, 0x00, 0x00, 0x0b, 0x10, 0x00, 0x00, 0x00,
  0x14, 0x00, 0x00, 0x00, 0x08, 0x00, 0x00, 0x00, 0x7c, 0x6c, 0xfe, 0xff,
  0x01, 0x00, 0x00, 0x00, 0x58, 0x00, 0x00, 0x00, 0x02, 0x00, 0x00, 0x00,
  0x53, 0x00, 0x00, 0x00, 0x57, 0x00, 0x00, 0x00, 0xee, 0xfe, 0xff, 0xff,
  0x1c, 0x00, 0x00, 0x00, 0x00, 0x00, 0x00, 0x20, 0x20, 0x00, 0x00, 0x00,
  0x24, 0x00, 0x00, 0x00, 0x01, 0x00, 0x00, 0x00, 0x08, 0x00, 0x0c, 0x00,
  0x08, 0x00, 0x04, 0x00, 0x08, 0x00, 0x00, 0x00, 0x01, 0x00, 0x00, 0x00,
  0x03, 0x00, 0x00, 0x00, 0x01, 0x00, 0x00, 0x00, 0x57, 0x00, 0x00, 0x00,
  0x04, 0x00, 0x00, 0x00, 0x56, 0x00, 0x00, 0x00, 0x06, 0x00, 0x00, 0x00,
  0x07, 0x00, 0x00, 0x00, 0x08, 0x00, 0x00, 0x00, 0x36, 0xff, 0xff, 0xff,
  0x14, 0x00, 0x00, 0x00, 0x00, 0x00, 0x00, 0x08, 0x10, 0x00, 0x00, 0x00,
  0x14, 0x00, 0x00, 0x00, 0x06, 0x00, 0x00, 0x00, 0xf4, 0x6c, 0xfe, 0xff,
  0x01, 0x00, 0x00, 0x00, 0x56, 0x00, 0x00, 0x00, 0x03, 0x00, 0x00, 0x00,
  0x51, 0x00, 0x00, 0x00, 0x22, 0x00, 0x00, 0x00, 0x0d, 0x00, 0x00, 0x00,
  0x6a, 0xff, 0xff, 0xff, 0x14, 0x00, 0x00, 0x00, 0x00, 0x00, 0x00, 0x23,
  0x14, 0x00, 0x00, 0x00, 0x20, 0x00, 0x00, 0x00, 0x07, 0x00, 0x00, 0x00,
  0x26, 0xff, 0xff, 0xff, 0x03, 0x00, 0x00, 0x00, 0x03, 0x00, 0x00, 0x00,
  0x53, 0x00, 0x00, 0x00, 0x54, 0x00, 0x00, 0x00, 0x55, 0x00, 0x00, 0x00,
  0x02, 0x00, 0x00, 0x00, 0x05, 0x00, 0x00, 0x00, 0x52, 0x00, 0x00, 0x00,
  0xa6, 0xff, 0xff, 0xff, 0x14, 0x00, 0x00, 0x00, 0x00, 0x00, 0x00, 0x08,
  0x10, 0x00, 0x00, 0x00, 0x14, 0x00, 0x00, 0x00, 0x06, 0x00, 0x00, 0x00,
  0x64, 0x6d, 0xfe, 0xff, 0x01, 0x00, 0x00, 0x00, 0x52, 0x00, 0x00, 0x00,
  0x03, 0x00, 0x00, 0x00, 0x3c, 0x00, 0x00, 0x00, 0x37, 0x00, 0x00, 0x00,
  0x23, 0x00, 0x00, 0x00, 0x12, 0xff, 0xff, 0xff, 0x0c, 0x00, 0x00, 0x00,
  0x10, 0x00, 0x00, 0x00, 0x05, 0x00, 0x00, 0x00, 0x01, 0x00, 0x00, 0x00,
  0x51, 0x00, 0x00, 0x00, 0x02, 0x00, 0x00, 0x00, 0x50, 0x00, 0x00, 0x00,
  0x38, 0x00, 0x00, 0x00, 0x00, 0x00, 0x0e, 0x00, 0x18, 0x00, 0x14, 0x00,
  0x10, 0x00, 0x0c, 0x00, 0x0b, 0x00, 0x04, 0x00, 0x0e, 0x00, 0x00, 0x00,
  0x14, 0x00, 0x00, 0x00, 0x00, 0x00, 0x00, 0x3b, 0x14, 0x00, 0x00, 0x00,
  0x18, 0x00, 0x00, 0x00, 0x04, 0x00, 0x00, 0x00, 0xca, 0xff, 0xff, 0xff,
  0x02, 0x00, 0x00, 0x00, 0x01, 0x00, 0x00, 0x00, 0x50, 0x00, 0x00, 0x00,
  0x02, 0x00, 0x00, 0x00, 0x3a, 0x00, 0x00, 0x00, 0x04, 0x00, 0x00, 0x00,
  0x4a, 0xff, 0xff, 0xff, 0x1c, 0x00, 0x00, 0x00, 0x00, 0x00, 0x00, 0x40,
  0x1c, 0x00, 0x00, 0x00, 0x6c, 0x00, 0x00, 0x00, 0x03, 0x00, 0x00, 0x00,
  0x00, 0x00, 0x06, 0x00, 0x08, 0x00, 0x04, 0x00, 0x06, 0x00, 0x00, 0x00,
  0x14, 0x00, 0x00, 0x00, 0x14, 0x00, 0x00, 0x00, 0x3c, 0x00, 0x00, 0x00,
  0x3d, 0x00, 0x00, 0x00, 0x3e, 0x00, 0x00, 0x00, 0x3f, 0x00, 0x00, 0x00,
  0x40, 0x00, 0x00, 0x00, 0x41, 0x00, 0x00, 0x00, 0x42, 0x00, 0x00, 0x00,
  0x43, 0x00, 0x00, 0x00, 0x44, 0x00, 0x00, 0x00, 0x45, 0x00, 0x00, 0x00,
  0x46, 0x00, 0x00, 0x00, 0x47, 0x00, 0x00, 0x00, 0x48, 0x00, 0x00, 0x00,
  0x49, 0x00, 0x00, 0x00, 0x4a, 0x00, 0x00, 0x00, 0x4b, 0x00, 0x00, 0x00,
  0x4c, 0x00, 0x00, 0x00, 0x4d, 0x00, 0x00, 0x00, 0x4e, 0x00, 0x00, 0x00,
  0x4f, 0x00, 0x00, 0x00, 0x01, 0x00, 0x00, 0x00, 0x3b, 0x00, 0x00, 0x00,
  0x00, 0x00, 0x0a, 0x00, 0x10, 0x00, 0x0c, 0x00, 0x08, 0x00, 0x04, 0x00,
  0x0a, 0x00, 0x00, 0x00, 0x0c, 0x00, 0x00, 0x00, 0x10, 0x00, 0x00, 0x00,
  0x02, 0x00, 0x00, 0x00, 0x01, 0x00, 0x00, 0x00, 0x3b, 0x00, 0x00, 0x00,
  0x02, 0x00, 0x00, 0x00, 0x00, 0x00, 0x00, 0x00, 0x03, 0x00, 0x00, 0x00,
  0x00, 0x00, 0x0e, 0x00, 0x1a, 0x00, 0x14, 0x00, 0x10, 0x00, 0x0c, 0x00,
  0x0b, 0x00, 0x04, 0x00, 0x0e, 0x00, 0x00, 0x00, 0x24, 0x00, 0x00, 0x00,
  0x00, 0x00, 0x00, 0x20, 0x24, 0x00, 0x00, 0x00, 0x28, 0x00, 0x00, 0x00,
  0x01, 0x00, 0x00, 0x00, 0x00, 0x00, 0x0e, 0x00, 0x08, 0x00, 0x00, 0x00,
  0x00, 0x00, 0x00, 0x00, 0x00, 0x00, 0x04, 0x00, 0x0e, 0x00, 0x00, 0x00,
  0x01, 0x00, 0x00, 0x00, 0x01, 0x00, 0x00, 0x00, 0x3a, 0x00, 0x00, 0x00,
  0x04, 0x00, 0x00, 0x00, 0x39, 0x00, 0x00, 0x00, 0x01, 0x00, 0x00, 0x00,
  0x02, 0x00, 0x00, 0x00, 0x02, 0x00, 0x00, 0x00, 0x00, 0x00, 0x0e, 0x00,
  0x16, 0x00, 0x00, 0x00, 0x10, 0x00, 0x0c, 0x00, 0x0b, 0x00, 0x04, 0x00,
  0x0e, 0x00, 0x00, 0x00, 0x18, 0x00, 0x00, 0x00, 0x00, 0x00, 0x00, 0x37,
  0x18, 0x00, 0x00, 0x00, 0x1c, 0x00, 0x00, 0x00, 0x00, 0x00, 0x06, 0x00,
  0x08, 0x00, 0x07, 0x00, 0x06, 0x00, 0x00, 0x00, 0x00, 0x00, 0x00, 0x02,
  0x01, 0x00, 0x00, 0x00, 0x39, 0x00, 0x00, 0x00, 0x01, 0x00, 0x00, 0x00,
  0x00, 0x00, 0x00, 0x00, 0x01, 0x00, 0x00, 0x00, 0xce, 0x01, 0x00, 0x00,
  0x01, 0x00, 0x00, 0x00, 0x00, 0x00, 0x00, 0x00, 0xcf, 0x01, 0x00, 0x00,
  0x04, 0x91, 0x01, 0x00, 0x90, 0x90, 0x01, 0x00, 0x38, 0x90, 0x01, 0x00,
  0xe4, 0x8f, 0x01, 0x00, 0x94, 0x8f, 0x01, 0x00, 0x54, 0x8f, 0x01, 0x00,
  0x14, 0x8f, 0x01, 0x00, 0xd4, 0x8e, 0x01, 0x00, 0x94, 0x8e, 0x01, 0x00,
  0x54, 0x8e, 0x01, 0x00, 0xc4, 0x8d, 0x01, 0x00, 0x30, 0x8d, 0x01, 0x00,
  0xd4, 0x8c, 0x01, 0x00, 0x40, 0x8a, 0x01, 0x00, 0xac, 0x87, 0x01, 0x00,
  0x18, 0x85, 0x01, 0x00, 0x84, 0x82, 0x01, 0x00, 0xf0, 0x7f, 0x01, 0x00,
  0x5c, 0x7d, 0x01, 0x00, 0xc8, 0x7a, 0x01, 0x00, 0x34, 0x78, 0x01, 0x00,
  0xa0, 0x75, 0x01, 0x00, 0x0c, 0x73, 0x01, 0x00, 0x78, 0x70, 0x01, 0x00,
  0xe4, 0x6d, 0x01, 0x00, 0x50, 0x6b, 0x01, 0x00, 0xbc, 0x68, 0x01, 0x00,
  0x28, 0x66, 0x01, 0x00, 0x94, 0x63, 0x01, 0x00, 0x00, 0x61, 0x01, 0x00,
  0x6c, 0x5e, 0x01, 0x00, 0xd8, 0x5b, 0x01, 0x00, 0x44, 0x59, 0x01, 0x00,
  0xa8, 0x56, 0x01, 0x00, 0x0c, 0x54, 0x01, 0x00, 0x78, 0x51, 0x01, 0x00,
  0xe4, 0x4e, 0x01, 0x00, 0x50, 0x4c, 0x01, 0x00, 0xbc, 0x49, 0x01, 0x00,
  0x28, 0x47, 0x01, 0x00, 0x94, 0x44, 0x01, 0x00, 0x00, 0x42, 0x01, 0x00,
  0x6c, 0x3f, 0x01, 0x00, 0xd8, 0x3c, 0x01, 0x00, 0x44, 0x3a, 0x01, 0x00,
  0xb0, 0x37, 0x01, 0x00, 0x1c, 0x35, 0x01, 0x00, 0x88, 0x32, 0x01, 0x00,
  0xf4, 0x2f, 0x01, 0x00, 0x60, 0x2d, 0x01, 0x00, 0xcc, 0x2a, 0x01, 0x00,
  0x38, 0x28, 0x01, 0x00, 0xa4, 0x25, 0x01, 0x00, 0x10, 0x23, 0x01, 0x00,
  0x7c, 0x20, 0x01, 0x00, 0xe0, 0x1d, 0x01, 0x00, 0x74, 0x1d, 0x01, 0x00,
  0x28, 0x1d, 0x01, 0x00, 0xd8, 0x1c, 0x01, 0x00, 0x4c, 0x1c, 0x01, 0x00,
  0xac, 0x19, 0x01, 0x00, 0x10, 0x17, 0x01, 0x00, 0x74, 0x14, 0x01, 0x00,
  0xd8, 0x11, 0x01, 0x00, 0x3c, 0x0f, 0x01, 0x00, 0xa0, 0x0c, 0x01, 0x00,
  0x04, 0x0a, 0x01, 0x00, 0x68, 0x07, 0x01, 0x00, 0xcc, 0x04, 0x01, 0x00,
  0x30, 0x02, 0x01, 0x00, 0x94, 0xff, 0x00, 0x00, 0xf8, 0xfc, 0x00, 0x00,
  0x5c, 0xfa, 0x00, 0x00, 0xc0, 0xf7, 0x00, 0x00, 0x24, 0xf5, 0x00, 0x00,
  0x88, 0xf2, 0x00, 0x00, 0xec, 0xef, 0x00, 0x00, 0x50, 0xed, 0x00, 0x00,
  0xb4, 0xea, 0x00, 0x00, 0x18, 0xe8, 0x00, 0x00, 0xc8, 0xe7, 0x00, 0x00,
  0x48, 0xe7, 0x00, 0x00, 0x9c, 0xe6, 0x00, 0x00, 0xc8, 0xe5, 0x00, 0x00,
  0xec, 0xe4, 0x00, 0x00, 0x10, 0xe4, 0x00, 0x00, 0x64, 0xe3, 0x00, 0x00,
  0xd8, 0xe2, 0x00, 0x00, 0x54, 0xe2, 0x00, 0x00, 0xc8, 0xe1, 0x00, 0x00,
  0x44, 0xe1, 0x00, 0x00, 0xc0, 0xe0, 0x00, 0x00, 0x2c, 0xe0, 0x00, 0x00,
  0xa8, 0xdf, 0x00, 0x00, 0x1c, 0xdf, 0x00, 0x00, 0x88, 0xde, 0x00, 0x00,
  0x04, 0xde, 0x00, 0x00, 0x80, 0xdd, 0x00, 0x00, 0xfc, 0xdc, 0x00, 0x00,
  0x78, 0xdc, 0x00, 0x00, 0xf4, 0xdb, 0x00, 0x00, 0x40, 0xdb, 0x00, 0x00,
  0x64, 0xda, 0x00, 0x00, 0x88, 0xd9, 0x00, 0x00, 0xac, 0xd8, 0x00, 0x00,
  0xf8, 0xd7, 0x00, 0x00, 0x1c, 0xd7, 0x00, 0x00, 0x40, 0xd6, 0x00, 0x00,
  0x64, 0xd5, 0x00, 0x00, 0xb0, 0xd4, 0x00, 0x00, 0xd4, 0xd3, 0x00, 0x00,
  0xf8, 0xd2, 0x00, 0x00, 0x1c, 0xd2, 0x00, 0x00, 0x68, 0xd1, 0x00, 0x00,
  0x8c, 0xd0, 0x00, 0x00, 0xb0, 0xcf, 0x00, 0x00, 0xd4, 0xce, 0x00, 0x00,
  0x20, 0xce, 0x00, 0x00, 0x44, 0xcd, 0x00, 0x00, 0x68, 0xcc, 0x00, 0x00,
  0x8c, 0xcb, 0x00, 0x00, 0xd8, 0xca, 0x00, 0x00, 0xfc, 0xc9, 0x00, 0x00,
  0x20, 0xc9, 0x00, 0x00, 0x44, 0xc8, 0x00, 0x00, 0x90, 0xc7, 0x00, 0x00,
  0xb4, 0xc6, 0x00, 0x00, 0xd8, 0xc5, 0x00, 0x00, 0xfc, 0xc4, 0x00, 0x00,
  0x48, 0xc4, 0x00, 0x00, 0x6c, 0xc3, 0x00, 0x00, 0x90, 0xc2, 0x00, 0x00,
  0xb4, 0xc1, 0x00, 0x00, 0x00, 0xc1, 0x00, 0x00, 0x24, 0xc0, 0x00, 0x00,
  0x48, 0xbf, 0x00, 0x00, 0x6c, 0xbe, 0x00, 0x00, 0xb8, 0xbd, 0x00, 0x00,
  0xdc, 0xbc, 0x00, 0x00, 0x00, 0xbc, 0x00, 0x00, 0x24, 0xbb, 0x00, 0x00,
  0x78, 0xba, 0x00, 0x00, 0xa4, 0xb9, 0x00, 0x00, 0xc8, 0xb8, 0x00, 0x00,
  0xec, 0xb7, 0x00, 0x00, 0x40, 0xb7, 0x00, 0x00, 0xb4, 0xb6, 0x00, 0x00,
  0x30, 0xb6, 0x00, 0x00, 0xa4, 0xb5, 0x00, 0x00, 0x20, 0xb5, 0x00, 0x00,
  0x9c, 0xb4, 0x00, 0x00, 0x08, 0xb4, 0x00, 0x00, 0x84, 0xb3, 0x00, 0x00,
  0xf8, 0xb2, 0x00, 0x00, 0x64, 0xb2, 0x00, 0x00, 0xe0, 0xb1, 0x00, 0x00,
  0x5c, 0xb1, 0x00, 0x00, 0xd8, 0xb0, 0x00, 0x00, 0x54, 0xb0, 0x00, 0x00,
  0xd0, 0xaf, 0x00, 0x00, 0x1c, 0xaf, 0x00, 0x00, 0x40, 0xae, 0x00, 0x00,
  0x64, 0xad, 0x00, 0x00, 0x88, 0xac, 0x00, 0x00, 0xd4, 0xab, 0x00, 0x00,
  0xf8, 0xaa, 0x00, 0x00, 0x1c, 0xaa, 0x00, 0x00, 0x40, 0xa9, 0x00, 0x00,
  0x8c, 0xa8, 0x00, 0x00, 0xb0, 0xa7, 0x00, 0x00, 0xd4, 0xa6, 0x00, 0x00,
  0xf8, 0xa5, 0x00, 0x00, 0x44, 0xa5, 0x00, 0x00, 0x68, 0xa4, 0x00, 0x00,
  0x8c, 0xa3, 0x00, 0x00, 0xb0, 0xa2, 0x00, 0x00, 0xfc, 0xa1, 0x00, 0x00,
  0x20, 0xa1, 0x00, 0x00, 0x44, 0xa0, 0x00, 0x00, 0x68, 0x9f, 0x00, 0x00,
  0xbc, 0x9e, 0x00, 0x00, 0xe8, 0x9d, 0x00, 0x00, 0x0c, 0x9d, 0x00, 0x00,
  0x30, 0x9c, 0x00, 0x00, 0x84, 0x9b, 0x00, 0x00, 0xf8, 0x9a, 0x00, 0x00,
  0x74, 0x9a, 0x00, 0x00, 0xe8, 0x99, 0x00, 0x00, 0x64, 0x99, 0x00, 0x00,
  0xe0, 0x98, 0x00, 0x00, 0x4c, 0x98, 0x00, 0x00, 0xc8, 0x97, 0x00, 0x00,
  0x3c, 0x97, 0x00, 0x00, 0xa8, 0x96, 0x00, 0x00, 0x24, 0x96, 0x00, 0x00,
  0xa0, 0x95, 0x00, 0x00, 0x1c, 0x95, 0x00, 0x00, 0x98, 0x94, 0x00, 0x00,
  0x14, 0x94, 0x00, 0x00, 0x68, 0x93, 0x00, 0x00, 0x94, 0x92, 0x00, 0x00,
  0xb8, 0x91, 0x00, 0x00, 0xdc, 0x90, 0x00, 0x00, 0x30, 0x90, 0x00, 0x00,
  0xa4, 0x8f, 0x00, 0x00, 0x20, 0x8f, 0x00, 0x00, 0x94, 0x8e, 0x00, 0x00,
  0x10, 0x8e, 0x00, 0x00, 0x8c, 0x8d, 0x00, 0x00, 0xf8, 0x8c, 0x00, 0x00,
  0x74, 0x8c, 0x00, 0x00, 0xe8, 0x8b, 0x00, 0x00, 0x54, 0x8b, 0x00, 0x00,
  0xd0, 0x8a, 0x00, 0x00, 0x4c, 0x8a, 0x00, 0x00, 0xc8, 0x89, 0x00, 0x00,
  0x44, 0x89, 0x00, 0x00, 0xc0, 0x88, 0x00, 0x00, 0x14, 0x88, 0x00, 0x00,
  0x40, 0x87, 0x00, 0x00, 0x64, 0x86, 0x00, 0x00, 0x88, 0x85, 0x00, 0x00,
  0xdc, 0x84, 0x00, 0x00, 0x50, 0x84, 0x00, 0x00, 0xcc, 0x83, 0x00, 0x00,
  0x40, 0x83, 0x00, 0x00, 0xbc, 0x82, 0x00, 0x00, 0x38, 0x82, 0x00, 0x00,
  0xa4, 0x81, 0x00, 0x00, 0x20, 0x81, 0x00, 0x00, 0x94, 0x80, 0x00, 0x00,
  0x00, 0x80, 0x00, 0x00, 0x7c, 0x7f, 0x00, 0x00, 0xf8, 0x7e, 0x00, 0x00,
  0x74, 0x7e, 0x00, 0x00, 0xf0, 0x7d, 0x00, 0x00, 0x6c, 0x7d, 0x00, 0x00,
  0xc0, 0x7c, 0x00, 0x00, 0x2c, 0x7c, 0x00, 0x00, 0xa0, 0x7b, 0x00, 0x00,
  0x14, 0x7b, 0x00, 0x00, 0x90, 0x7a, 0x00, 0x00, 0x04, 0x7a, 0x00, 0x00,
  0x70, 0x79, 0x00, 0x00, 0xe4, 0x78, 0x00, 0x00, 0x58, 0x78, 0x00, 0x00,
  0xc4, 0x77, 0x00, 0x00, 0x40, 0x77, 0x00, 0x00, 0xb4, 0x76, 0x00, 0x00,
  0x30, 0x76, 0x00, 0x00, 0xa4, 0x75, 0x00, 0x00, 0x18, 0x75, 0x00, 0x00,
  0x6c, 0x74, 0x00, 0x00, 0xd8, 0x73, 0x00, 0x00, 0x4c, 0x73, 0x00, 0x00,
  0xc0, 0x72, 0x00, 0x00, 0x3c, 0x72, 0x00, 0x00, 0xb0, 0x71, 0x00, 0x00,
  0x1c, 0x71, 0x00, 0x00, 0x90, 0x70, 0x00, 0x00, 0x04, 0x70, 0x00, 0x00,
  0x70, 0x6f, 0x00, 0x00, 0xec, 0x6e, 0x00, 0x00, 0x60, 0x6e, 0x00, 0x00,
  0xdc, 0x6d, 0x00, 0x00, 0x50, 0x6d, 0x00, 0x00, 0xc4, 0x6c, 0x00, 0x00,
  0x18, 0x6c, 0x00, 0x00, 0x84, 0x6b, 0x00, 0x00, 0xf8, 0x6a, 0x00, 0x00,
  0x6c, 0x6a, 0x00, 0x00, 0xe8, 0x69, 0x00, 0x00, 0x5c, 0x69, 0x00, 0x00,
  0xc8, 0x68, 0x00, 0x00, 0x3c, 0x68, 0x00, 0x00, 0xb0, 0x67, 0x00, 0x00,
  0x1c, 0x67, 0x00, 0x00, 0x98, 0x66, 0x00, 0x00, 0x0c, 0x66, 0x00, 0x00,
  0x88, 0x65, 0x00, 0x00, 0xfc, 0x64, 0x00, 0x00, 0x70, 0x64, 0x00, 0x00,
  0xc4, 0x63, 0x00, 0x00, 0x30, 0x63, 0x00, 0x00, 0xa4, 0x62, 0x00, 0x00,
  0x18, 0x62, 0x00, 0x00, 0x94, 0x61, 0x00, 0x00, 0x08, 0x61, 0x00, 0x00,
  0x74, 0x60, 0x00, 0x00, 0xe8, 0x5f, 0x00, 0x00, 0x5c, 0x5f, 0x00, 0x00,
  0xc8, 0x5e, 0x00, 0x00, 0x44, 0x5e, 0x00, 0x00, 0xb8, 0x5d, 0x00, 0x00,
  0x34, 0x5d, 0x00, 0x00, 0xa8, 0x5c, 0x00, 0x00, 0x1c, 0x5c, 0x00, 0x00,
  0x70, 0x5b, 0x00, 0x00, 0xdc, 0x5a, 0x00, 0x00, 0x50, 0x5a, 0x00, 0x00,
  0xc4, 0x59, 0x00, 0x00, 0x40, 0x59, 0x00, 0x00, 0xb4, 0x58, 0x00, 0x00,
  0x20, 0x58, 0x00, 0x00, 0x94, 0x57, 0x00, 0x00, 0x08, 0x57, 0x00, 0x00,
  0x74, 0x56, 0x00, 0x00, 0xf0, 0x55, 0x00, 0x00, 0x64, 0x55, 0x00, 0x00,
  0xe0, 0x54, 0x00, 0x00, 0x54, 0x54, 0x00, 0x00, 0xc8, 0x53, 0x00, 0x00,
  0x1c, 0x53, 0x00, 0x00, 0x88, 0x52, 0x00, 0x00, 0xfc, 0x51, 0x00, 0x00,
  0x70, 0x51, 0x00, 0x00, 0xec, 0x50, 0x00, 0x00, 0x60, 0x50, 0x00, 0x00,
  0xcc, 0x4f, 0x00, 0x00, 0x40, 0x4f, 0x00, 0x00, 0xb4, 0x4e, 0x00, 0x00,
  0x20, 0x4e, 0x00, 0x00, 0x9c, 0x4d, 0x00, 0x00, 0x10, 0x4d, 0x00, 0x00,
  0x8c, 0x4c, 0x00, 0x00, 0x00, 0x4c, 0x00, 0x00, 0x74, 0x4b, 0x00, 0x00,
  0xc8, 0x4a, 0x00, 0x00, 0x34, 0x4a, 0x00, 0x00, 0xa8, 0x49, 0x00, 0x00,
  0x1c, 0x49, 0x00, 0x00, 0x98, 0x48, 0x00, 0x00, 0x0c, 0x48, 0x00, 0x00,
  0x78, 0x47, 0x00, 0x00, 0xec, 0x46, 0x00, 0x00, 0x60, 0x46, 0x00, 0x00,
  0xcc, 0x45, 0x00, 0x00, 0x48, 0x45, 0x00, 0x00, 0xbc, 0x44, 0x00, 0x00,
  0x38, 0x44, 0x00, 0x00, 0xac, 0x43, 0x00, 0x00, 0x20, 0x43, 0x00, 0x00,
  0x74, 0x42, 0x00, 0x00, 0xe0, 0x41, 0x00, 0x00, 0x54, 0x41, 0x00, 0x00,
  0xc8, 0x40, 0x00, 0x00, 0x44, 0x40, 0x00, 0x00, 0xb8, 0x3f, 0x00, 0x00,
  0x24, 0x3f, 0x00, 0x00, 0x98, 0x3e, 0x00, 0x00, 0x0c, 0x3e, 0x00, 0x00,
  0x78, 0x3d, 0x00, 0x00, 0xf4, 0x3c, 0x00, 0x00, 0x68, 0x3c, 0x00, 0x00,
  0xe4, 0x3b, 0x00, 0x00, 0x58, 0x3b, 0x00, 0x00, 0xcc, 0x3a, 0x00, 0x00,
  0x20, 0x3a, 0x00, 0x00, 0x8c, 0x39, 0x00, 0x00, 0x00, 0x39, 0x00, 0x00,
  0x74, 0x38, 0x00, 0x00, 0xf0, 0x37, 0x00, 0x00, 0x64, 0x37, 0x00, 0x00,
  0xd0, 0x36, 0x00, 0x00, 0x44, 0x36, 0x00, 0x00, 0xb8, 0x35, 0x00, 0x00,
  0x24, 0x35, 0x00, 0x00, 0xa0, 0x34, 0x00, 0x00, 0x14, 0x34, 0x00, 0x00,
  0x90, 0x33, 0x00, 0x00, 0x04, 0x33, 0x00, 0x00, 0x78, 0x32, 0x00, 0x00,
  0xcc, 0x31, 0x00, 0x00, 0x38, 0x31, 0x00, 0x00, 0xac, 0x30, 0x00, 0x00,
  0x20, 0x30, 0x00, 0x00, 0x9c, 0x2f, 0x00, 0x00, 0x10, 0x2f, 0x00, 0x00,
  0x7c, 0x2e, 0x00, 0x00, 0xf0, 0x2d, 0x00, 0x00, 0x64, 0x2d, 0x00, 0x00,
  0xd0, 0x2c, 0x00, 0x00, 0x4c, 0x2c, 0x00, 0x00, 0xc0, 0x2b, 0x00, 0x00,
  0x3c, 0x2b, 0x00, 0x00, 0xb0, 0x2a, 0x00, 0x00, 0x24, 0x2a, 0x00, 0x00,
  0x78, 0x29, 0x00, 0x00, 0xe4, 0x28, 0x00, 0x00, 0x58, 0x28, 0x00, 0x00,
  0xcc, 0x27, 0x00, 0x00, 0x48, 0x27, 0x00, 0x00, 0xbc, 0x26, 0x00, 0x00,
  0x28, 0x26, 0x00, 0x00, 0x9c, 0x25, 0x00, 0x00, 0x10, 0x25, 0x00, 0x00,
  0x7c, 0x24, 0x00, 0x00, 0xf8, 0x23, 0x00, 0x00, 0x6c, 0x23, 0x00, 0x00,
  0xe8, 0x22, 0x00, 0x00, 0x5c, 0x22, 0x00, 0x00, 0xd0, 0x21, 0x00, 0x00,
  0x24, 0x21, 0x00, 0x00, 0x90, 0x20, 0x00, 0x00, 0x04, 0x20, 0x00, 0x00,
  0x78, 0x1f, 0x00, 0x00, 0xf4, 0x1e, 0x00, 0x00, 0x68, 0x1e, 0x00, 0x00,
  0xd4, 0x1d, 0x00, 0x00, 0x48, 0x1d, 0x00, 0x00, 0xbc, 0x1c, 0x00, 0x00,
  0x28, 0x1c, 0x00, 0x00, 0xa4, 0x1b, 0x00, 0x00, 0x18, 0x1b, 0x00, 0x00,
  0x94, 0x1a, 0x00, 0x00, 0x08, 0x1a, 0x00, 0x00, 0x7c, 0x19, 0x00, 0x00,
  0xd0, 0x18, 0x00, 0x00, 0x3c, 0x18, 0x00, 0x00, 0xb0, 0x17, 0x00, 0x00,
  0x24, 0x17, 0x00, 0x00, 0xa0, 0x16, 0x00, 0x00, 0x14, 0x16, 0x00, 0x00,
  0x80, 0x15, 0x00, 0x00, 0xf4, 0x14, 0x00, 0x00, 0x68, 0x14, 0x00, 0x00,
  0xd4, 0x13, 0x00, 0x00, 0x50, 0x13, 0x00, 0x00, 0xc4, 0x12, 0x00, 0x00,
  0x40, 0x12, 0x00, 0x00, 0xb4, 0x11, 0x00, 0x00, 0x28, 0x11, 0x00, 0x00,
  0x7c, 0x10, 0x00, 0x00, 0xe8, 0x0f, 0x00, 0x00, 0x5c, 0x0f, 0x00, 0x00,
  0xd0, 0x0e, 0x00, 0x00, 0x4c, 0x0e, 0x00, 0x00, 0xc0, 0x0d, 0x00, 0x00,
  0x2c, 0x0d, 0x00, 0x00, 0xa0, 0x0c, 0x00, 0x00, 0x14, 0x0c, 0x00, 0x00,
  0x80, 0x0b, 0x00, 0x00, 0xfc, 0x0a, 0x00, 0x00, 0x70, 0x0a, 0x00, 0x00,
  0xec, 0x09, 0x00, 0x00, 0x60, 0x09, 0x00, 0x00, 0xd4, 0x08, 0x00, 0x00,
  0x28, 0x08, 0x00, 0x00, 0x94, 0x07, 0x00, 0x00, 0x08, 0x07, 0x00, 0x00,
  0x7c, 0x06, 0x00, 0x00, 0xf8, 0x05, 0x00, 0x00, 0x6c, 0x05, 0x00, 0x00,
  0xd8, 0x04, 0x00, 0x00, 0x4c, 0x04, 0x00, 0x00, 0xc0, 0x03, 0x00, 0x00,
  0x2c, 0x03, 0x00, 0x00, 0xa8, 0x02, 0x00, 0x00, 0x1c, 0x02, 0x00, 0x00,
  0x98, 0x01, 0x00, 0x00, 0x0c, 0x01, 0x00, 0x00, 0x80, 0x00, 0x00, 0x00,
  0x04, 0x00, 0x00, 0x00, 0x4e, 0x76, 0xfe, 0xff, 0x00, 0x00, 0x00, 0x01,
  0x18, 0x00, 0x00, 0x00, 0x20, 0x00, 0x00, 0x00, 0x3c, 0x00, 0x00, 0x00,
  0xcf, 0x01, 0x00, 0x00, 0x00, 0x00, 0x00, 0x09, 0x50, 0x00, 0x00, 0x00,
  0x02, 0x00, 0x00, 0x00, 0xff, 0xff, 0xff, 0xff, 0x04, 0x00, 0x00, 0x00,
  0x34, 0x76, 0xfe, 0xff, 0x08, 0x00, 0x00, 0x00, 0x10, 0x00, 0x00, 0x00,
  0x01, 0x00, 0x00, 0x00, 0xf0, 0xff, 0xff, 0xff, 0xff, 0xff, 0xff, 0xff,
  0x01, 0x00, 0x00, 0x00, 0xb6, 0xe3, 0x12, 0x3c, 0x1b, 0x00, 0x00, 0x00,
  0x53, 0x74, 0x61, 0x74, 0x65, 0x66, 0x75, 0x6c, 0x50, 0x61, 0x72, 0x74,
  0x69, 0x74, 0x69, 0x6f, 0x6e, 0x65, 0x64, 0x43, 0x61, 0x6c, 0x6c, 0x5f,
  0x31, 0x3a, 0x30, 0x00, 0x02, 0x00, 0x00, 0x00, 0x01, 0x00, 0x00, 0x00,
  0x04, 0x00, 0x00, 0x00, 0xc6, 0x76, 0xfe, 0xff, 0x00, 0x00, 0x00, 0x01,
  0x18, 0x00, 0x00, 0x00, 0x20, 0x00, 0x00, 0x00, 0x40, 0x00, 0x00, 0x00,
  0xce, 0x01, 0x00, 0x00, 0x00, 0x00, 0x00, 0x09, 0x60, 0x00, 0x00, 0x00,
  0x02, 0x00, 0x00, 0x00, 0xff, 0xff, 0xff, 0xff, 0x10, 0x00, 0x00, 0x00,
  0xac, 0x76, 0xfe, 0xff, 0x08, 0x00, 0x00, 0x00, 0x14, 0x00, 0x00, 0x00,
  0x01, 0x00, 0x00, 0x00, 0x10, 0x00, 0x00, 0x00, 0x00, 0x00, 0x00, 0x00,
  0x00, 0x00, 0x00, 0x00, 0x01, 0x00, 0x00, 0x00, 0x6d, 0x49, 0xa4, 0x3b,
  0x24, 0x00, 0x00, 0x00, 0x73, 0x65, 0x71, 0x75, 0x65, 0x6e, 0x74, 0x69,
  0x61, 0x6c, 0x5f, 0x31, 0x2f, 0x67, 0x72, 0x75, 0x5f, 0x31, 0x2f, 0x67,
  0x72, 0x75, 0x5f, 0x63, 0x65, 0x6c, 0x6c, 0x5f, 0x33, 0x39, 0x2f, 0x61,
  0x64, 0x64, 0x5f, 0x34, 0x00, 0x00, 0x00, 0x00, 0x02, 0x00, 0x00, 0x00,
  0x01, 0x00, 0x00, 0x00, 0x10, 0x00, 0x00, 0x00, 0x4e, 0x77, 0xfe, 0xff,
  0x00, 0x00, 0x00, 0x01, 0x18, 0x00, 0x00, 0x00, 0x20, 0x00, 0x00, 0x00,
  0x40, 0x00, 0x00, 0x00, 0xcd, 0x01, 0x00, 0x00, 0x00, 0x00, 0x00, 0x09,
  0x60, 0x00, 0x00, 0x00, 0x02, 0x00, 0x00, 0x00, 0xff, 0xff, 0xff, 0xff,
  0x10, 0x00, 0x00, 0x00, 0x34, 0x77, 0xfe, 0xff, 0x08, 0x00, 0x00, 0x00,
  0x14, 0x00, 0x00, 0x00, 0x01, 0x00, 0x00, 0x00, 0x16, 0x00, 0x00, 0x00,
  0x00, 0x00, 0x00, 0x00, 0x00, 0x00, 0x00, 0x00, 0x01, 0x00, 0x00, 0x00,
  0x3f, 0x71, 0x35, 0x3b, 0x24, 0x00, 0x00, 0x00, 0x73, 0x65, 0x71, 0x75,
  0x65, 0x6e, 0x74, 0x69, 0x61, 0x6c, 0x5f, 0x31, 0x2f, 0x67, 0x72, 0x75,
  0x5f, 0x31, 0x2f, 0x67, 0x72, 0x75, 0x5f, 0x63, 0x65, 0x6c, 0x6c, 0x5f,
  0x33, 0x39, 0x2f, 0x6d, 0x75, 0x6c, 0x5f, 0x32, 0x00, 0x00, 0x00, 0x00,
  0x02, 0x00, 0x00, 0x00, 0x01, 0x00, 0x00, 0x00, 0x10, 0x00, 0x00, 0x00,
  0xd6, 0x77, 0xfe, 0xff, 0x00, 0x00, 0x00, 0x01, 0x18, 0x00, 0x00, 0x00,
  0x20, 0x00, 0x00, 0x00, 0x3c, 0x00, 0x00, 0x00, 0xcc, 0x01, 0x00, 0x00,
  0x00, 0x00, 0x00, 0x09, 0x58, 0x00, 0x00, 0x00, 0x02, 0x00, 0x00, 0x00,
  0xff, 0xff, 0xff, 0xff, 0x10, 0x00, 0x00, 0x00, 0xbc, 0x77, 0xfe, 0xff,
  0x08, 0x00, 0x00, 0x00, 0x10, 0x00, 0x00, 0x00, 0x01, 0x00, 0x00, 0x00,
  0x00, 0x00, 0x00, 0x00, 0x00, 0x00, 0x00, 0x00, 0x01, 0x00, 0x00, 0x00,
  0x00, 0x00, 0x00, 0x3c, 0x23, 0x00, 0x00, 0x00, 0x73, 0x65, 0x71, 0x75,
  0x65, 0x6e, 0x74, 0x69, 0x61, 0x6c, 0x5f, 0x31, 0x2f, 0x67, 0x72, 0x75,
  0x5f, 0x31, 0x2f, 0x67, 0x72, 0x75, 0x5f, 0x63, 0x65, 0x6c, 0x6c, 0x5f,
  0x33, 0x39, 0x2f, 0x54, 0x61, 0x6e, 0x68, 0x00, 0x02, 0x00, 0x00, 0x00,
  0x01, 0x00, 0x00, 0x00, 0x10, 0x00, 0x00, 0x00, 0x56, 0x78, 0xfe, 0xff,
  0x00, 0x00, 0x00, 0x01, 0x18, 0x00, 0x00, 0x00, 0x20, 0x00, 0x00, 0x00,
  0x40, 0x00, 0x00, 0x00, 0xcb, 0x01, 0x00, 0x00, 0x00, 0x00, 0x00, 0x09,
  0x60, 0x00, 0x00, 0x00, 0x02, 0x00, 0x00, 0x00, 0xff, 0xff, 0xff, 0xff,
  0x10, 0x00, 0x00, 0x00, 0x3c, 0x78, 0xfe, 0xff, 0x08, 0x00, 0x00, 0x00,
  0x14, 0x00, 0x00, 0x00, 0x01, 0x00, 0x00, 0x00, 0x06, 0x00, 0x00, 0x00,
  0x00, 0x00, 0x00, 0x00, 0x00, 0x00, 0x00, 0x00, 0x01, 0x00, 0x00, 0x00,
  0x57, 0xc3, 0xeb, 0x3b, 0x24, 0x00, 0x00, 0x00, 0x73, 0x65, 0x71, 0x75,
  0x65, 0x6e, 0x74, 0x69, 0x61, 0x6c, 0x5f, 0x31, 0x2f, 0x67, 0x72, 0x75,
  0x5f, 0x31, 0x2f, 0x67, 0x72, 0x75, 0x5f, 0x63, 0x65, 0x6c, 0x6c, 0x5f,
  0x33, 0x39, 0x2f, 0x61, 0x64, 0x64, 0x5f, 0x33, 0x00, 0x00, 0x00, 0x00,
  0x02, 0x00, 0x00, 0x00, 0x01, 0x00, 0x00, 0x00, 0x10, 0x00, 0x00, 0x00,
  0xde, 0x78, 0xfe, 0xff, 0x00, 0x00, 0x00, 0x01, 0x18, 0x00, 0x00, 0x00,
  0x20, 0x00, 0x00, 0x00, 0x3c, 0x00, 0x00, 0x00, 0xca, 0x01, 0x00, 0x00,
  0x00, 0x00, 0x00, 0x09, 0x58, 0x00, 0x00, 0x00, 0x02, 0x00, 0x00, 0x00,
  0xff, 0xff, 0xff, 0xff, 0x10, 0x00, 0x00, 0x00, 0xc4, 0x78, 0xfe, 0xff,
  0x08, 0x00, 0x00, 0x00, 0x10, 0x00, 0x00, 0x00, 0x01, 0x00, 0x00, 0x00,
  0x07, 0x00, 0x00, 0x00, 0x00, 0x00, 0x00, 0x00, 0x01, 0x00, 0x00, 0x00,
  0xb1, 0xc6, 0x4d, 0x3b, 0x22, 0x00, 0x00, 0x00, 0x73, 0x65, 0x71, 0x75,
  0x65, 0x6e, 0x74, 0x69, 0x61, 0x6c, 0x5f, 0x31, 0x2f, 0x67, 0x72, 0x75,
  0x5f, 0x31, 0x2f, 0x67, 0x72, 0x75, 0x5f, 0x63, 0x65, 0x6c, 0x6c, 0x5f,
  0x33, 0x39, 0x2f, 0x6d, 0x75, 0x6c, 0x00, 0x00, 0x02, 0x00, 0x00, 0x00,
  0x01, 0x00, 0x00, 0x00, 0x10, 0x00, 0x00, 0x00, 0x5e, 0x79, 0xfe, 0xff,
  0x00, 0x00, 0x00, 0x01, 0x18, 0x00, 0x00, 0x00, 0x20, 0x00, 0x00, 0x00,
  0x40, 0x00, 0x00, 0x00, 0xc9, 0x01, 0x00, 0x00, 0x00, 0x00, 0x00, 0x09,
  0x68, 0x00, 0x00, 0x00, 0x02, 0x00, 0x00, 0x00, 0xff, 0xff, 0xff, 0xff,
  0x10, 0x00, 0x00, 0x00, 0x44, 0x79, 0xfe, 0xff, 0x08, 0x00, 0x00, 0x00,
  0x14, 0x00, 0x00, 0x00, 0x01, 0x00, 0x00, 0x00, 0x02, 0x00, 0x00, 0x00,
  0x00, 0x00, 0x00, 0x00, 0x00, 0x00, 0x00, 0x00, 0x01, 0x00, 0x00, 0x00,
  0xef, 0xcc, 0xf5, 0x3b, 0x2e, 0x00, 0x00, 0x00, 0x73, 0x65, 0x71, 0x75,
  0x65, 0x6e, 0x74, 0x69, 0x61, 0x6c, 0x5f, 0x31, 0x2f, 0x67, 0x72, 0x75,
  0x5f, 0x31, 0x2f, 0x67, 0x72, 0x75, 0x5f, 0x63, 0x65, 0x6c, 0x6c, 0x5f,
  0x33, 0x39, 0x2f, 0x73, 0x74, 0x72, 0x69, 0x64, 0x65, 0x64, 0x5f, 0x73,
  0x6c, 0x69, 0x63, 0x65, 0x5f, 0x32, 0x00, 0x00, 0x02, 0x00, 0x00, 0x00,
  0x01, 0x00, 0x00, 0x00, 0x10, 0x00, 0x00, 0x00, 0xee, 0x79, 0xfe, 0xff,
  0x00, 0x00, 0x00, 0x01, 0x18, 0x00, 0x00, 0x00, 0x20, 0x00, 0x00, 0x00,
  0x3c, 0x00, 0x00, 0x00, 0xc8, 0x01, 0x00, 0x00, 0x00, 0x00, 0x00, 0x09,
  0x60, 0x00, 0x00, 0x00, 0x02, 0x00, 0x00, 0x00, 0xff, 0xff, 0xff, 0xff,
  0x10, 0x00, 0x00, 0x00, 0xd4, 0x79, 0xfe, 0xff, 0x08, 0x00, 0x00, 0x00,
  0x10, 0x00, 0x00, 0x00, 0x01, 0x00, 0x00, 0x00, 0x80, 0xff, 0xff, 0xff,
  0xff, 0xff, 0xff, 0xff, 0x01, 0x00, 0x00, 0x00, 0x00, 0x00, 0x80, 0x3b,
  0x28, 0x00, 0x00, 0x00, 0x73, 0x65, 0x71, 0x75, 0x65, 0x6e, 0x74, 0x69,
  0x61, 0x6c, 0x5f, 0x31, 0x2f, 0x67, 0x72, 0x75, 0x5f, 0x31, 0x2f, 0x67,
  0x72, 0x75, 0x5f, 0x63, 0x65, 0x6c, 0x6c, 0x5f, 0x33, 0x39, 0x2f, 0x53,
  0x69, 0x67, 0x6d, 0x6f, 0x69, 0x64, 0x5f, 0x31, 0x00, 0x00, 0x00, 0x00,
  0x02, 0x00, 0x00, 0x00, 0x01, 0x00, 0x00, 0x00, 0x10, 0x00, 0x00, 0x00,
  0x76, 0x7a, 0xfe, 0xff, 0x00, 0x00, 0x00, 0x01, 0x18, 0x00, 0x00, 0x00,
  0x20, 0x00, 0x00, 0x00, 0x40, 0x00, 0x00, 0x00, 0xc7, 0x01, 0x00, 0x00,
  0x00, 0x00, 0x00, 0x09, 0x60, 0x00, 0x00, 0x00, 0x02, 0x00, 0x00, 0x00,
  0xff, 0xff, 0xff, 0xff, 0x10, 0x00, 0x00, 0x00, 0x5c, 0x7a, 0xfe, 0xff,
  0x08, 0x00, 0x00, 0x00, 0x14, 0x00, 0x00, 0x00, 0x01, 0x00, 0x00, 0x00,
  0x02, 0x00, 0x00, 0x00, 0x00, 0x00, 0x00, 0x00, 0x00, 0x00, 0x00, 0x00,
  0x01, 0x00, 0x00, 0x00, 0x57, 0x3d, 0x7a, 0x3c, 0x24, 0x00, 0x00, 0x00,
  0x73, 0x65, 0x71, 0x75, 0x65, 0x6e, 0x74, 0x69, 0x61, 0x6c, 0x5f, 0x31,
  0x2f, 0x67, 0x72, 0x75, 0x5f, 0x31, 0x2f, 0x67, 0x72, 0x75, 0x5f, 0x63,
  0x65, 0x6c, 0x6c, 0x5f, 0x33, 0x39, 0x2f, 0x61, 0x64, 0x64, 0x5f, 0x32,
  0x00, 0x00, 0x00, 0x00, 0x02, 0x00, 0x00, 0x00, 0x01, 0x00, 0x00, 0x00,
  0x10, 0x00, 0x00, 0x00, 0xfe, 0x7a, 0xfe, 0xff, 0x00, 0x00, 0x00, 0x01,
  0x18, 0x00, 0x00, 0x00, 0x20, 0x00, 0x00, 0x00, 0x40, 0x00, 0x00, 0x00,
  0xc6, 0x01, 0x00, 0x00, 0x00, 0x00, 0x00, 0x09, 0x68, 0x00, 0x00, 0x00,
  0x02, 0x00, 0x00, 0x00, 0xff, 0xff, 0xff, 0xff, 0x10, 0x00, 0x00, 0x00,
  0xe4, 0x7a, 0xfe, 0xff, 0x08, 0x00, 0x00, 0x00, 0x14, 0x00, 0x00, 0x00,
  0x01, 0x00, 0x00, 0x00, 0x02, 0x00, 0x00, 0x00, 0x00, 0x00, 0x00, 0x00,
  0x00, 0x00, 0x00, 0x00, 0x01, 0x00, 0x00, 0x00, 0xef, 0xcc, 0xf5, 0x3b,
  0x2e, 0x00, 0x00, 0x00, 0x73, 0x65, 0x71, 0x75, 0x65, 0x6e, 0x74, 0x69,
  0x61, 0x6c, 0x5f, 0x31, 0x2f, 0x67, 0x72, 0x75, 0x5f, 0x31, 0x2f, 0x67,
  0x72, 0x75, 0x5f, 0x63, 0x65, 0x6c, 0x6c, 0x5f, 0x33, 0x39, 0x2f, 0x73,
  0x74, 0x72, 0x69, 0x64, 0x65, 0x64, 0x5f, 0x73, 0x6c, 0x69, 0x63, 0x65,
  0x5f, 0x31, 0x00, 0x00, 0x02, 0x00, 0x00, 0x00, 0x01, 0x00, 0x00, 0x00,
  0x10, 0x00, 0x00, 0x00, 0x8e, 0x7b, 0xfe, 0xff, 0x00, 0x00, 0x00, 0x01,
  0x18, 0x00, 0x00, 0x00, 0x20, 0x00, 0x00, 0x00, 0x40, 0x00, 0x00, 0x00,
  0xc5, 0x01, 0x00, 0x00, 0x00, 0x00, 0x00, 0x09, 0x60, 0x00, 0x00, 0x00,
  0x02, 0x00, 0x00, 0x00, 0xff, 0xff, 0xff, 0xff, 0x10, 0x00, 0x00, 0x00,
  0x74, 0x7b, 0xfe, 0xff, 0x08, 0x00, 0x00, 0x00, 0x14, 0x00, 0x00, 0x00,
  0x01, 0x00, 0x00, 0x00, 0x10, 0x00, 0x00, 0x00, 0x00, 0x00, 0x00, 0x00,
  0x00, 0x00, 0x00, 0x00, 0x01, 0x00, 0x00, 0x00, 0x6d, 0x49, 0xa4, 0x3b,
  0x24, 0x00, 0x00, 0x00, 0x73, 0x65, 0x71, 0x75, 0x65, 0x6e, 0x74, 0x69,
  0x61, 0x6c, 0x5f, 0x31, 0x2f, 0x67, 0x72, 0x75, 0x5f, 0x31, 0x2f, 0x67,
  0x72, 0x75, 0x5f, 0x63, 0x65, 0x6c, 0x6c, 0x5f, 0x33, 0x39, 0x2f, 0x6d,
  0x75, 0x6c, 0x5f, 0x31, 0x00, 0x00, 0x00, 0x00, 0x02, 0x00, 0x00, 0x00,
  0x01, 0x00, 0x00, 0x00, 0x10, 0x00, 0x00, 0x00, 0x16, 0x7c, 0xfe, 0xff,
  0x00, 0x00, 0x00, 0x01, 0x18, 0x00, 0x00, 0x00, 0x20, 0x00, 0x00, 0x00,
  0x3c, 0x00, 0x00, 0x00, 0xc4, 0x01, 0x00, 0x00, 0x00, 0x00, 0x00, 0x09,
  0x58, 0x00, 0x00, 0x00, 0x02, 0x00, 0x00, 0x00, 0xff, 0xff, 0xff, 0xff,
  0x10, 0x00, 0x00, 0x00, 0xfc, 0x7b, 0xfe, 0xff, 0x08, 0x00, 0x00, 0x00,
  0x10, 0x00, 0x00, 0x00, 0x01, 0x00, 0x00, 0x00, 0xe3, 0xff, 0xff, 0xff,
  0xff, 0xff, 0xff, 0xff, 0x01, 0x00, 0x00, 0x00, 0x38, 0x3d, 0x8a, 0x3b,
  0x22, 0x00, 0x00, 0x00, 0x73, 0x65, 0x71, 0x75, 0x65, 0x6e, 0x74, 0x69,
  0x61, 0x6c, 0x5f, 0x31, 0x2f, 0x67, 0x72, 0x75, 0x5f, 0x31, 0x2f, 0x67,
  0x72, 0x75, 0x5f, 0x63, 0x65, 0x6c, 0x6c, 0x5f, 0x33, 0x39, 0x2f, 0x73,
  0x75, 0x62, 0x00, 0x00, 0x02, 0x00, 0x00, 0x00, 0x01, 0x00, 0x00, 0x00,
  0x10, 0x00, 0x00, 0x00, 0x96, 0x7c, 0xfe, 0xff, 0x00, 0x00, 0x00, 0x01,
  0x18, 0x00, 0x00, 0x00, 0x20, 0x00, 0x00, 0x00, 0x40, 0x00, 0x00, 0x00,
  0xc3, 0x01, 0x00, 0x00, 0x00, 0x00, 0x00, 0x09, 0x60, 0x00, 0x00, 0x00,
  0x02, 0x00, 0x00, 0x00, 0xff, 0xff, 0xff, 0xff, 0x10, 0x00, 0x00, 0x00,
  0x7c, 0x7c, 0xfe, 0xff, 0x08, 0x00, 0x00, 0x00, 0x14, 0x00, 0x00, 0x00,
  0x01, 0x00, 0x00, 0x00, 0x80, 0xff, 0xff, 0xff, 0xff, 0xff, 0xff, 0xff,
  0x00, 0x00, 0x00, 0x00, 0x01, 0x00, 0x00, 0x00, 0x00, 0x00, 0x80, 0x3b,
  0x26, 0x00, 0x00, 0x00, 0x73, 0x65, 0x71, 0x75, 0x65, 0x6e, 0x74, 0x69,
  0x61, 0x6c, 0x5f, 0x31, 0x2f, 0x67, 0x72, 0x75, 0x5f, 0x31, 0x2f, 0x67,
  0x72, 0x75, 0x5f, 0x63, 0x65, 0x6c, 0x6c, 0x5f, 0x33, 0x39, 0x2f, 0x53,
  0x69, 0x67, 0x6d, 0x6f, 0x69, 0x64, 0x00, 0x00, 0x02, 0x00, 0x00, 0x00,
  0x01, 0x00, 0x00, 0x00, 0x10, 0x00, 0x00, 0x00, 0x1e, 0x7d, 0xfe, 0xff,
  0x00, 0x00, 0x00, 0x01, 0x18, 0x00, 0x00, 0x00, 0x20, 0x00, 0x00, 0x00,
  0x40, 0x00, 0x00, 0x00, 0xc2, 0x01, 0x00, 0x00, 0x00, 0x00, 0x00, 0x09,
  0x60, 0x00, 0x00, 0x00, 0x02, 0x00, 0x00, 0x00, 0xff, 0xff, 0xff, 0xff,
  0x10, 0x00, 0x00, 0x00, 0x04, 0x7d, 0xfe, 0xff, 0x08, 0x00, 0x00, 0x00,
  0x14, 0x00, 0x00, 0x00, 0x01, 0x00, 0x00, 0x00, 0xbb, 0xff, 0xff, 0xff,
  0xff, 0xff, 0xff, 0xff, 0x00, 0x00, 0x00, 0x00, 0x01, 0x00, 0x00, 0x00,
  0x01, 0xd3, 0x35, 0x3c, 0x24, 0x00, 0x00, 0x00, 0x73, 0x65, 0x71, 0x75,
  0x65, 0x6e, 0x74, 0x69, 0x61, 0x6c, 0x5f, 0x31, 0x2f, 0x67, 0x72, 0x75,
  0x5f, 0x31, 0x2f, 0x67, 0x72, 0x75, 0x5f, 0x63, 0x65, 0x6c, 0x6c, 0x5f,
  0x33, 0x39, 0x2f, 0x61, 0x64, 0x64, 0x5f, 0x31, 0x00, 0x00, 0x00, 0x00,
  0x02, 0x00, 0x00, 0x00, 0x01, 0x00, 0x00, 0x00, 0x10, 0x00, 0x00, 0x00,
  0xa6, 0x7d, 0xfe, 0xff, 0x00, 0x00, 0x00, 0x01, 0x18, 0x00, 0x00, 0x00,
  0x20, 0x00, 0x00, 0x00, 0x40, 0x00, 0x00, 0x00, 0xc1, 0x01, 0x00, 0x00,
  0x00, 0x00, 0x00, 0x09, 0x68, 0x00, 0x00, 0x00, 0x02, 0x00, 0x00, 0x00,
  0xff, 0xff, 0xff, 0xff, 0x10, 0x00, 0x00, 0x00, 0x8c, 0x7d, 0xfe, 0xff,
  0x08, 0x00, 0x00, 0x00, 0x14, 0x00, 0x00, 0x00, 0x01, 0x00, 0x00, 0x00,
  0x02, 0x00, 0x00, 0x00, 0x00, 0x00, 0x00, 0x00, 0x00, 0x00, 0x00, 0x00,
  0x01, 0x00, 0x00, 0x00, 0xef, 0xcc, 0xf5, 0x3b, 0x2c, 0x00, 0x00, 0x00,
  0x73, 0x65, 0x71, 0x75, 0x65, 0x6e, 0x74, 0x69, 0x61, 0x6c, 0x5f, 0x31,
  0x2f, 0x67, 0x72, 0x75, 0x5f, 0x31, 0x2f, 0x67, 0x72, 0x75, 0x5f, 0x63,
  0x65, 0x6c, 0x6c, 0x5f, 0x33, 0x39, 0x2f, 0x73, 0x74, 0x72, 0x69, 0x64,
  0x65, 0x64, 0x5f, 0x73, 0x6c, 0x69, 0x63, 0x65, 0x00, 0x00, 0x00, 0x00,
  0x02, 0x00, 0x00, 0x00, 0x01, 0x00, 0x00, 0x00, 0x10, 0x00, 0x00, 0x00,
  0x36, 0x7e, 0xfe, 0xff, 0x00, 0x00, 0x00, 0x01, 0x18, 0x00, 0x00, 0x00,
  0x20, 0x00, 0x00, 0x00, 0x3c, 0x00, 0x00, 0x00, 0xc0, 0x01, 0x00, 0x00,
  0x00, 0x00, 0x00, 0x09, 0x80, 0x00, 0x00, 0x00, 0x02, 0x00, 0x00, 0x00,
  0xff, 0xff, 0xff, 0xff, 0x30, 0x00, 0x00, 0x00, 0x1c, 0x7e, 0xfe, 0xff,
  0x08, 0x00, 0x00, 0x00, 0x10, 0x00, 0x00, 0x00, 0x01, 0x00, 0x00, 0x00,
  0x02, 0x00, 0x00, 0x00, 0x00, 0x00, 0x00, 0x00, 0x01, 0x00, 0x00, 0x00,
  0xef, 0xcc, 0xf5, 0x3b, 0x4a, 0x00, 0x00, 0x00, 0x73, 0x65, 0x71, 0x75,
  0x65, 0x6e, 0x74, 0x69, 0x61, 0x6c, 0x5f, 0x31, 0x2f, 0x67, 0x72, 0x75,
  0x5f, 0x31, 0x2f, 0x67, 0x72, 0x75, 0x5f, 0x63, 0x65, 0x6c, 0x6c, 0x5f,
  0x33, 0x39, 0x2f, 0x4d, 0x61, 0x74, 0x4d, 0x75, 0x6c, 0x5f, 0x31, 0x3b,
  0x73, 0x65, 0x71, 0x75, 0x65, 0x6e, 0x74, 0x69, 0x61, 0x6c, 0x5f, 0x31,
  0x2f, 0x67, 0x72, 0x75, 0x5f, 0x31, 0x2f, 0x67, 0x72, 0x75, 0x5f, 0x63,
  0x65, 0x6c, 0x6c, 0x5f, 0x33, 0x39, 0x2f, 0x61, 0x64, 0x64, 0x00, 0x00,
  0x02, 0x00, 0x00, 0x00, 0x01, 0x00, 0x00, 0x00, 0x30, 0x00, 0x00, 0x00,
  0xde, 0x7e, 0xfe, 0xff, 0x00, 0x00, 0x00, 0x01, 0x18, 0x00, 0x00, 0x00,
  0x20, 0x00, 0x00, 0x00, 0x40, 0x00, 0x00, 0x00, 0xbf, 0x01, 0x00, 0x00,
  0x00, 0x00, 0x00, 0x09, 0x60, 0x00, 0x00, 0x00, 0x02, 0x00, 0x00, 0x00,
  0xff, 0xff, 0xff, 0xff, 0x10, 0x00, 0x00, 0x00, 0xc4, 0x7e, 0xfe, 0xff,
  0x08, 0x00, 0x00, 0x00, 0x14, 0x00, 0x00, 0x00, 0x01, 0x00, 0x00, 0x00,
  0x10, 0x00, 0x00, 0x00, 0x00, 0x00, 0x00, 0x00, 0x00, 0x00, 0x00, 0x00,
  0x01, 0x00, 0x00, 0x00, 0x2e, 0x36, 0xa7, 0x3b, 0x24, 0x00, 0x00, 0x00,
  0x73, 0x65, 0x71, 0x75, 0x65, 0x6e, 0x74, 0x69, 0x61, 0x6c, 0x5f, 0x31,
  0x2f, 0x67, 0x72, 0x75, 0x5f, 0x31, 0x2f, 0x67, 0x72, 0x75, 0x5f, 0x63,
  0x65, 0x6c, 0x6c, 0x5f, 0x33, 0x37, 0x2f, 0x61, 0x64, 0x64, 0x5f, 0x34,
  0x00, 0x00, 0x00, 0x00, 0x02, 0x00, 0x00, 0x00, 0x01, 0x00, 0x00, 0x00,
  0x10, 0x00, 0x00, 0x00, 0x66, 0x7f, 0xfe, 0xff, 0x00, 0x00, 0x00, 0x01,
  0x18, 0x00, 0x00, 0x00, 0x20, 0x00, 0x00, 0x00, 0x40, 0x00, 0x00, 0x00,
  0xbe, 0x01, 0x00, 0x00, 0x00, 0x00, 0x00, 0x09, 0x60, 0x00, 0x00, 0x00,
  0x02, 0x00, 0x00, 0x00, 0xff, 0xff, 0xff, 0xff, 0x10, 0x00, 0x00, 0x00,
  0x4c, 0x7f, 0xfe, 0xff, 0x08, 0x00, 0x00, 0x00, 0x14, 0x00, 0x00, 0x00,
  0x01, 0x00, 0x00, 0x00, 0x0b, 0x00, 0x00, 0x00, 0x00, 0x00, 0x00, 0x00,
  0x00, 0x00, 0x00, 0x00, 0x01, 0x00, 0x00, 0x00, 0xf3, 0x58, 0x5a, 0x3b,
  0x24, 0x00, 0x00, 0x00, 0x73, 0x65, 0x71, 0x75, 0x65, 0x6e, 0x74, 0x69,
  0x61, 0x6c, 0x5f, 0x31, 0x2f, 0x67, 0x72, 0x75, 0x5f, 0x31, 0x2f, 0x67,
  0x72, 0x75, 0x5f, 0x63, 0x65, 0x6c, 0x6c, 0x5f, 0x33, 0x37, 0x2f, 0x6d,
  0x75, 0x6c, 0x5f, 0x32, 0x00, 0x00, 0x00, 0x00, 0x02, 0x00, 0x00, 0x00,
  0x01, 0x00, 0x00, 0x00, 0x10, 0x00, 0x00, 0x00, 0xee, 0x7f, 0xfe, 0xff,
  0x00, 0x00, 0x00, 0x01, 0x18, 0x00, 0x00, 0x00, 0x20, 0x00, 0x00, 0x00,
  0x3c, 0x00, 0x00, 0x00, 0xbd, 0x01, 0x00, 0x00, 0x00, 0x00, 0x00, 0x09,
  0x58, 0x00, 0x00, 0x00, 0x02, 0x00, 0x00, 0x00, 0xff, 0xff, 0xff, 0xff,
  0x10, 0x00, 0x00, 0x00, 0xd4, 0x7f, 0xfe, 0xff, 0x08, 0x00, 0x00, 0x00,
  0x10, 0x00, 0x00, 0x00, 0x01, 0x00, 0x00, 0x00, 0x00, 0x00, 0x00, 0x00,
  0x00, 0x00, 0x00, 0x00, 0x01, 0x00, 0x00, 0x00, 0x00, 0x00, 0x00, 0x3c,
  0x23, 0x00, 0x00, 0x00, 0x73, 0x65, 0x71, 0x75, 0x65, 0x6e, 0x74, 0x69,
  0x61, 0x6c, 0x5f, 0x31, 0x2f, 0x67, 0x72, 0x75, 0x5f, 0x31, 0x2f, 0x67,
  0x72, 0x75, 0x5f, 0x63, 0x65, 0x6c, 0x6c, 0x5f, 0x33, 0x37, 0x2f, 0x54,
  0x61, 0x6e, 0x68, 0x00, 0x02, 0x00, 0x00, 0x00, 0x01, 0x00, 0x00, 0x00,
  0x10, 0x00, 0x00, 0x00, 0x6e, 0x80, 0xfe, 0xff, 0x00, 0x00, 0x00, 0x01,
  0x18, 0x00, 0x00, 0x00, 0x20, 0x00, 0x00, 0x00, 0x40, 0x00, 0x00, 0x00,
  0xbc, 0x01, 0x00, 0x00, 0x00, 0x00, 0x00, 0x09, 0x60, 0x00, 0x00, 0x00,
  0x02, 0x00, 0x00, 0x00, 0xff, 0xff, 0xff, 0xff, 0x10, 0x00, 0x00, 0x00,
  0x54, 0x80, 0xfe, 0xff, 0x08, 0x00, 0x00, 0x00, 0x14, 0x00, 0x00, 0x00,
  0x01, 0x00, 0x00, 0x00, 0x0e, 0x00, 0x00, 0x00, 0x00, 0x00, 0x00, 0x00,
  0x00, 0x00, 0x00, 0x00, 0x01, 0x00, 0x00, 0x00, 0xd7, 0x74, 0x01, 0x3c,
  0x24, 0x00, 0x00, 0x00, 0x73, 0x65, 0x71, 0x75, 0x65, 0x6e, 0x74, 0x69,
  0x61, 0x6c, 0x5f, 0x31, 0x2f, 0x67, 0x72, 0x75, 0x5f, 0x31, 0x2f, 0x67,
  0x72, 0x75, 0x5f, 0x63, 0x65, 0x6c, 0x6c, 0x5f, 0x33, 0x37, 0x2f, 0x61,
  0x64, 0x64, 0x5f, 0x33, 0x00, 0x00, 0x00, 0x00, 0x02, 0x00, 0x00, 0x00,
  0x01, 0x00, 0x00, 0x00, 0x10, 0x00, 0x00, 0x00, 0xf6, 0x80, 0xfe, 0xff,
  0x00, 0x00, 0x00, 0x01, 0x18, 0x00, 0x00, 0x00, 0x20, 0x00, 0x00, 0x00,
  0x3c, 0x00, 0x00, 0x00, 0xbb, 0x01, 0x00, 0x00, 0x00, 0x00, 0x00, 0x09,
  0x58, 0x00, 0x00, 0x00, 0x02, 0x00, 0x00, 0x00, 0xff, 0xff, 0xff, 0xff,
  0x10, 0x00, 0x00, 0x00, 0xdc, 0x80, 0xfe, 0xff, 0x08, 0x00, 0x00, 0x00,
  0x10, 0x00, 0x00, 0x00, 0x01, 0x00, 0x00, 0x00, 0x07, 0x00, 0x00, 0x00,
  0x00, 0x00, 0x00, 0x00, 0x01, 0x00, 0x00, 0x00, 0x88, 0xe4, 0x46, 0x3b,
  0x22, 0x00, 0x00, 0x00, 0x73, 0x65, 0x71, 0x75, 0x65, 0x6e, 0x74, 0x69,
  0x61, 0x6c, 0x5f, 0x31, 0x2f, 0x67, 0x72, 0x75, 0x5f, 0x31, 0x2f, 0x67,
  0x72, 0x75, 0x5f, 0x63, 0x65, 0x6c, 0x6c, 0x5f, 0x33, 0x37, 0x2f, 0x6d,
  0x75, 0x6c, 0x00, 0x00, 0x02, 0x00, 0x00, 0x00, 0x01, 0x00, 0x00, 0x00,
  0x10, 0x00, 0x00, 0x00, 0x76, 0x81, 0xfe, 0xff, 0x00, 0x00, 0x00, 0x01,
  0x18, 0x00, 0x00, 0x00, 0x20, 0x00, 0x00, 0x00, 0x40, 0x00, 0x00, 0x00,
  0xba, 0x01, 0x00, 0x00, 0x00, 0x00, 0x00, 0x09, 0x68, 0x00, 0x00, 0x00,
  0x02, 0x00, 0x00, 0x00, 0xff, 0xff, 0xff, 0xff, 0x10, 0x00, 0x00, 0x00,
  0x5c, 0x81, 0xfe, 0xff, 0x08, 0x00, 0x00, 0x00, 0x14, 0x00, 0x00, 0x00,
  0x01, 0x00, 0x00, 0x00, 0xfd, 0xff, 0xff, 0xff, 0xff, 0xff, 0xff, 0xff,
  0x00, 0x00, 0x00, 0x00, 0x01, 0x00, 0x00, 0x00, 0x8c, 0x5f, 0xef, 0x3b,
  0x2e, 0x00, 0x00, 0x00, 0x73, 0x65, 0x71, 0x75, 0x65, 0x6e, 0x74, 0x69,
  0x61, 0x6c, 0x5f, 0x31, 0x2f, 0x67, 0x72, 0x75, 0x5f, 0x31, 0x2f, 0x67,
  0x72, 0x75, 0x5f, 0x63, 0x65, 0x6c, 0x6c, 0x5f, 0x33, 0x37, 0x2f, 0x73,
  0x74, 0x72, 0x69, 0x64, 0x65, 0x64, 0x5f, 0x73, 0x6c, 0x69, 0x63, 0x65,
  0x5f, 0x32, 0x00, 0x00, 0x02, 0x00, 0x00, 0x00, 0x01, 0x00, 0x00, 0x00,
  0x10, 0x00, 0x00, 0x00, 0x06, 0x82, 0xfe, 0xff, 0x00, 0x00, 0x00, 0x01,
  0x18, 0x00, 0x00, 0x00, 0x20, 0x00, 0x00, 0x00, 0x3c, 0x00, 0x00, 0x00,
  0xb9, 0x01, 0x00, 0x00, 0x00, 0x00, 0x00, 0x09, 0x60, 0x00, 0x00, 0x00,
  0x02, 0x00, 0x00, 0x00, 0xff, 0xff, 0xff, 0xff, 0x10, 0x00, 0x00, 0x00,
  0xec, 0x81, 0xfe, 0xff, 0x08, 0x00, 0x00, 0x00, 0x10, 0x00, 0x00, 0x00,
  0x01, 0x00, 0x00, 0x00, 0x80, 0xff, 0xff, 0xff, 0xff, 0xff, 0xff, 0xff,
  0x01, 0x00, 0x00, 0x00, 0x00, 0x00, 0x80, 0x3b, 0x28, 0x00, 0x00, 0x00,
  0x73, 0x65, 0x71, 0x75, 0x65, 0x6e, 0x74, 0x69, 0x61, 0x6c, 0x5f, 0x31,
  0x2f, 0x67, 0x72, 0x75, 0x5f, 0x31, 0x2f, 0x67, 0x72, 0x75, 0x5f, 0x63,
  0x65, 0x6c, 0x6c, 0x5f, 0x33, 0x37, 0x2f, 0x53, 0x69, 0x67, 0x6d, 0x6f,
  0x69, 0x64, 0x5f, 0x31, 0x00, 0x00, 0x00, 0x00, 0x02, 0x00, 0x00, 0x00,
  0x01, 0x00, 0x00, 0x00, 0x10, 0x00, 0x00, 0x00, 0x8e, 0x82, 0xfe, 0xff,
  0x00, 0x00, 0x00, 0x01, 0x18, 0x00, 0x00, 0x00, 0x20, 0x00, 0x00, 0x00,
  0x40, 0x00, 0x00, 0x00, 0xb8, 0x01, 0x00, 0x00, 0x00, 0x00, 0x00, 0x09,
  0x60, 0x00, 0x00, 0x00, 0x02, 0x00, 0x00, 0x00, 0xff, 0xff, 0xff, 0xff,
  0x10, 0x00, 0x00, 0x00, 0x74, 0x82, 0xfe, 0xff, 0x08, 0x00, 0x00, 0x00,
  0x14, 0x00, 0x00, 0x00, 0x01, 0x00, 0x00, 0x00, 0x0b, 0x00, 0x00, 0x00,
  0x00, 0x00, 0x00, 0x00, 0x00, 0x00, 0x00, 0x00, 0x01, 0x00, 0x00, 0x00,
  0xc2, 0xb4, 0x80, 0x3c, 0x24, 0x00, 0x00, 0x00, 0x73, 0x65, 0x71, 0x75,
  0x65, 0x6e, 0x74, 0x69, 0x61, 0x6c, 0x5f, 0x31, 0x2f, 0x67, 0x72, 0x75,
  0x5f, 0x31, 0x2f, 0x67, 0x72, 0x75, 0x5f, 0x63, 0x65, 0x6c, 0x6c, 0x5f,
  0x33, 0x37, 0x2f, 0x61, 0x64, 0x64, 0x5f, 0x32, 0x00, 0x00, 0x00, 0x00,
  0x02, 0x00, 0x00, 0x00, 0x01, 0x00, 0x00, 0x00, 0x10, 0x00, 0x00, 0x00,
  0x16, 0x83, 0xfe, 0xff, 0x00, 0x00, 0x00, 0x01, 0x18, 0x00, 0x00, 0x00,
  0x20, 0x00, 0x00, 0x00, 0x40, 0x00, 0x00, 0x00, 0xb7, 0x01, 0x00, 0x00,
  0x00, 0x00, 0x00, 0x09, 0x68, 0x00, 0x00, 0x00, 0x02, 0x00, 0x00, 0x00,
  0xff, 0xff, 0xff, 0xff, 0x10, 0x00, 0x00, 0x00, 0xfc, 0x82, 0xfe, 0xff,
  0x08, 0x00, 0x00, 0x00, 0x14, 0x00, 0x00, 0x00, 0x01, 0x00, 0x00, 0x00,
  0xfd, 0xff, 0xff, 0xff, 0xff, 0xff, 0xff, 0xff, 0x00, 0x00, 0x00, 0x00,
  0x01, 0x00, 0x00, 0x00, 0x8c, 0x5f, 0xef, 0x3b, 0x2e, 0x00, 0x00, 0x00,
  0x73, 0x65, 0x71, 0x75, 0x65, 0x6e, 0x74, 0x69, 0x61, 0x6c, 0x5f, 0x31,
  0x2f, 0x67, 0x72, 0x75, 0x5f, 0x31, 0x2f, 0x67, 0x72, 0x75, 0x5f, 0x63,
  0x65, 0x6c, 0x6c, 0x5f, 0x33, 0x37, 0x2f, 0x73, 0x74, 0x72, 0x69, 0x64,
  0x65, 0x64, 0x5f, 0x73, 0x6c, 0x69, 0x63, 0x65, 0x5f, 0x31, 0x00, 0x00,
  0x02, 0x00, 0x00, 0x00, 0x01, 0x00, 0x00, 0x00, 0x10, 0x00, 0x00, 0x00,
  0xa6, 0x83, 0xfe, 0xff, 0x00, 0x00, 0x00, 0x01, 0x18, 0x00, 0x00, 0x00,
  0x20, 0x00, 0x00, 0x00, 0x40, 0x00, 0x00, 0x00, 0xb6, 0x01, 0x00, 0x00,
  0x00, 0x00, 0x00, 0x09, 0x60, 0x00, 0x00, 0x00, 0x02, 0x00, 0x00, 0x00,
  0xff, 0xff, 0xff, 0xff, 0x10, 0x00, 0x00, 0x00, 0x8c, 0x83, 0xfe, 0xff,
  0x08, 0x00, 0x00, 0x00, 0x14, 0x00, 0x00, 0x00, 0x01, 0x00, 0x00, 0x00,
  0x10, 0x00, 0x00, 0x00, 0x00, 0x00, 0x00, 0x00, 0x00, 0x00, 0x00, 0x00,
  0x01, 0x00, 0x00, 0x00, 0x2e, 0x36, 0xa7, 0x3b, 0x24, 0x00, 0x00, 0x00,
  0x73, 0x65, 0x71, 0x75, 0x65, 0x6e, 0x74, 0x69, 0x61, 0x6c, 0x5f, 0x31,
  0x2f, 0x67, 0x72, 0x75, 0x5f, 0x31, 0x2f, 0x67, 0x72, 0x75, 0x5f, 0x63,
  0x65, 0x6c, 0x6c, 0x5f, 0x33, 0x37, 0x2f, 0x6d, 0x75, 0x6c, 0x5f, 0x31,
  0x00, 0x00, 0x00, 0x00, 0x02, 0x00, 0x00, 0x00, 0x01, 0x00, 0x00, 0x00,
  0x10, 0x00, 0x00, 0x00, 0x2e, 0x84, 0xfe, 0xff, 0x00, 0x00, 0x00, 0x01,
  0x18, 0x00, 0x00, 0x00, 0x20, 0x00, 0x00, 0x00, 0x3c, 0x00, 0x00, 0x00,
  0xb5, 0x01, 0x00, 0x00, 0x00, 0x00, 0x00, 0x09, 0x58, 0x00, 0x00, 0x00,
  0x02, 0x00, 0x00, 0x00, 0xff, 0xff, 0xff, 0xff, 0x10, 0x00, 0x00, 0x00,
  0x14, 0x84, 0xfe, 0xff, 0x08, 0x00, 0x00, 0x00, 0x10, 0x00, 0x00, 0x00,
  0x01, 0x00, 0x00, 0x00, 0xea, 0xff, 0xff, 0xff, 0xff, 0xff, 0xff, 0xff,
  0x01, 0x00, 0x00, 0x00, 0x43, 0xd1, 0x8f, 0x3b, 0x22, 0x00, 0x00, 0x00,
  0x73, 0x65, 0x71, 0x75, 0x65, 0x6e, 0x74, 0x69, 0x61, 0x6c, 0x5f, 0x31,
  0x2f, 0x67, 0x72, 0x75, 0x5f, 0x31, 0x2f, 0x67, 0x72, 0x75, 0x5f, 0x63,
  0x65, 0x6c, 0x6c, 0x5f, 0x33, 0x37, 0x2f, 0x73, 0x75, 0x62, 0x00, 0x00,
  0x02, 0x00, 0x00, 0x00, 0x01, 0x00, 0x00, 0x00, 0x10, 0x00, 0x00, 0x00,
  0xae, 0x84, 0xfe, 0xff, 0x00, 0x00, 0x00, 0x01, 0x18, 0x00, 0x00, 0x00,
  0x20, 0x00, 0x00, 0x00, 0x40, 0x00, 0x00, 0x00, 0xb4, 0x01, 0x00, 0x00,
  0x00, 0x00, 0x00, 0x09, 0x60, 0x00, 0x00, 0x00, 0x02, 0x00, 0x00, 0x00,
  0xff, 0xff, 0xff, 0xff, 0x10, 0x00, 0x00, 0x00, 0x94, 0x84, 0xfe, 0xff,
  0x08, 0x00, 0x00, 0x00, 0x14, 0x00, 0x00, 0x00, 0x01, 0x00, 0x00, 0x00,
  0x80, 0xff, 0xff, 0xff, 0xff, 0xff, 0xff, 0xff, 0x00, 0x00, 0x00, 0x00,
  0x01, 0x00, 0x00, 0x00, 0x00, 0x00, 0x80, 0x3b, 0x26, 0x00, 0x00, 0x00,
  0x73, 0x65, 0x71, 0x75, 0x65, 0x6e, 0x74, 0x69, 0x61, 0x6c, 0x5f, 0x31,
  0x2f, 0x67, 0x72, 0x75, 0x5f, 0x31, 0x2f, 0x67, 0x72, 0x75, 0x5f, 0x63,
  0x65, 0x6c, 0x6c, 0x5f, 0x33, 0x37, 0x2f, 0x53, 0x69, 0x67, 0x6d, 0x6f,
  0x69, 0x64, 0x00, 0x00, 0x02, 0x00, 0x00, 0x00, 0x01, 0x00, 0x00, 0x00,
  0x10, 0x00, 0x00, 0x00, 0x36, 0x85, 0xfe, 0xff, 0x00, 0x00, 0x00, 0x01,
  0x18, 0x00, 0x00, 0x00, 0x20, 0x00, 0x00, 0x00, 0x40, 0x00, 0x00, 0x00,
  0xb3, 0x01, 0x00, 0x00, 0x00, 0x00, 0x00, 0x09, 0x60, 0x00, 0x00, 0x00,
  0x02, 0x00, 0x00, 0x00, 0xff, 0xff, 0xff, 0xff, 0x10, 0x00, 0x00, 0x00,
  0x1c, 0x85, 0xfe, 0xff, 0x08, 0x00, 0x00, 0x00, 0x14, 0x00, 0x00, 0x00,
  0x01, 0x00, 0x00, 0x00, 0xb8, 0xff, 0xff, 0xff, 0xff, 0xff, 0xff, 0xff,
  0x00, 0x00, 0x00, 0x00, 0x01, 0x00, 0x00, 0x00, 0x5f, 0x1e, 0x3d, 0x3c,
  0x24, 0x00, 0x00, 0x00, 0x73, 0x65, 0x71, 0x75, 0x65, 0x6e, 0x74, 0x69,
  0x61, 0x6c, 0x5f, 0x31, 0x2f, 0x67, 0x72, 0x75, 0x5f, 0x31, 0x2f, 0x67,
  0x72, 0x75, 0x5f, 0x63, 0x65, 0x6c, 0x6c, 0x5f, 0x33, 0x37, 0x2f, 0x61,
  0x64, 0x64, 0x5f, 0x31, 0x00, 0x00, 0x00, 0x00, 0x02, 0x00, 0x00, 0x00,
  0x01, 0x00, 0x00, 0x00, 0x10, 0x00, 0x00, 0x00, 0xbe, 0x85, 0xfe, 0xff,
  0x00, 0x00, 0x00, 0x01, 0x18, 0x00, 0x00, 0x00, 0x20, 0x00, 0x00, 0x00,
  0x40, 0x00, 0x00, 0x00, 0xb2, 0x01, 0x00, 0x00, 0x00, 0x00, 0x00, 0x09,
  0x68, 0x00, 0x00, 0x00, 0x02, 0x00, 0x00, 0x00, 0xff, 0xff, 0xff, 0xff,
  0x10, 0x00, 0x00, 0x00, 0xa4, 0x85, 0xfe, 0xff, 0x08, 0x00, 0x00, 0x00,
  0x14, 0x00, 0x00, 0x00, 0x01, 0x00, 0x00, 0x00, 0xfd, 0xff, 0xff, 0xff,
  0xff, 0xff, 0xff, 0xff, 0x00, 0x00, 0x00, 0x00, 0x01, 0x00, 0x00, 0x00,
  0x8c, 0x5f, 0xef, 0x3b, 0x2c, 0x00, 0x00, 0x00, 0x73, 0x65, 0x71, 0x75,
  0x65, 0x6e, 0x74, 0x69, 0x61, 0x6c, 0x5f, 0x31, 0x2f, 0x67, 0x72, 0x75,
  0x5f, 0x31, 0x2f, 0x67, 0x72, 0x75, 0x5f, 0x63, 0x65, 0x6c, 0x6c, 0x5f,
  0x33, 0x37, 0x2f, 0x73, 0x74, 0x72, 0x69, 0x64, 0x65, 0x64, 0x5f, 0x73,
  0x6c, 0x69, 0x63, 0x65, 0x00, 0x00, 0x00, 0x00, 0x02, 0x00, 0x00, 0x00,
  0x01, 0x00, 0x00, 0x00, 0x10, 0x00, 0x00, 0x00, 0x4e, 0x86, 0xfe, 0xff,
  0x00, 0x00, 0x00, 0x01, 0x18, 0x00, 0x00, 0x00, 0x20, 0x00, 0x00, 0x00,
  0x3c, 0x00, 0x00, 0x00, 0xb1, 0x01, 0x00, 0x00, 0x00, 0x00, 0x00, 0x09,
  0x80, 0x00, 0x00, 0x00, 0x02, 0x00, 0x00, 0x00, 0xff, 0xff, 0xff, 0xff,
  0x30, 0x00, 0x00, 0x00, 0x34, 0x86, 0xfe, 0xff, 0x08, 0x00, 0x00, 0x00,
  0x10, 0x00, 0x00, 0x00, 0x01, 0x00, 0x00, 0x00, 0xfd, 0xff, 0xff, 0xff,
  0xff, 0xff, 0xff, 0xff, 0x01, 0x00, 0x00, 0x00, 0x8c, 0x5f, 0xef, 0x3b,
  0x4a, 0x00, 0x00, 0x00, 0x73, 0x65, 0x71, 0x75, 0x65, 0x6e, 0x74, 0x69,
  0x61, 0x6c, 0x5f, 0x31, 0x2f, 0x67, 0x72, 0x75, 0x5f, 0x31, 0x2f, 0x67,
  0x72, 0x75, 0x5f, 0x63, 0x65, 0x6c, 0x6c, 0x5f, 0x33, 0x37, 0x2f, 0x4d,
  0x61, 0x74, 0x4d, 0x75, 0x6c, 0x5f, 0x31, 0x3b, 0x73, 0x65, 0x71, 0x75,
  0x65, 0x6e, 0x74, 0x69, 0x61, 0x6c, 0x5f, 0x31, 0x2f, 0x67, 0x72, 0x75,
  0x5f, 0x31, 0x2f, 0x67, 0x72, 0x75, 0x5f, 0x63, 0x65, 0x6c, 0x6c, 0x5f,
  0x33, 0x37, 0x2f, 0x61, 0x64, 0x64, 0x00, 0x00, 0x02, 0x00, 0x00, 0x00,
  0x01, 0x00, 0x00, 0x00, 0x30, 0x00, 0x00, 0x00, 0xf6, 0x86, 0xfe, 0xff,
  0x00, 0x00, 0x00, 0x01, 0x18, 0x00, 0x00, 0x00, 0x20, 0x00, 0x00, 0x00,
  0x40, 0x00, 0x00, 0x00, 0xb0, 0x01, 0x00, 0x00, 0x00, 0x00, 0x00, 0x09,
  0x60, 0x00, 0x00, 0x00, 0x02, 0x00, 0x00, 0x00, 0xff, 0xff, 0xff, 0xff,
  0x10, 0x00, 0x00, 0x00, 0xdc, 0x86, 0xfe, 0xff, 0x08, 0x00, 0x00, 0x00,
  0x14, 0x00, 0x00, 0x00, 0x01, 0x00, 0x00, 0x00, 0x11, 0x00, 0x00, 0x00,
  0x00, 0x00, 0x00, 0x00, 0x00, 0x00, 0x00, 0x00, 0x01, 0x00, 0x00, 0x00,
  0xce, 0x37, 0xa3, 0x3b, 0x24, 0x00, 0x00, 0x00, 0x73, 0x65, 0x71, 0x75,
  0x65, 0x6e, 0x74, 0x69, 0x61, 0x6c, 0x5f, 0x31, 0x2f, 0x67, 0x72, 0x75,
  0x5f, 0x31, 0x2f, 0x67, 0x72, 0x75, 0x5f, 0x63, 0x65, 0x6c, 0x6c, 0x5f,
  0x33, 0x35, 0x2f, 0x61, 0x64, 0x64, 0x5f, 0x34, 0x00, 0x00, 0x00, 0x00,
  0x02, 0x00, 0x00, 0x00, 0x01, 0x00, 0x00, 0x00, 0x10, 0x00, 0x00, 0x00,
  0x7e, 0x87, 0xfe, 0xff, 0x00, 0x00, 0x00, 0x01, 0x18, 0x00, 0x00, 0x00,
  0x20, 0x00, 0x00, 0x00, 0x40, 0x00, 0x00, 0x00, 0xaf, 0x01, 0x00, 0x00,
  0x00, 0x00, 0x00, 0x09, 0x60, 0x00, 0x00, 0x00, 0x02, 0x00, 0x00, 0x00,
  0xff, 0xff, 0xff, 0xff, 0x10, 0x00, 0x00, 0x00, 0x64, 0x87, 0xfe, 0xff,
  0x08, 0x00, 0x00, 0x00, 0x14, 0x00, 0x00, 0x00, 0x01, 0x00, 0x00, 0x00,
  0x0a, 0x00, 0x00, 0x00, 0x00, 0x00, 0x00, 0x00, 0x00, 0x00, 0x00, 0x00,
  0x01, 0x00, 0x00, 0x00, 0xa0, 0xdb, 0x3f, 0x3b, 0x24, 0x00, 0x00, 0x00,
  0x73, 0x65, 0x71, 0x75, 0x65, 0x6e, 0x74, 0x69, 0x61, 0x6c, 0x5f, 0x31,
  0x2f, 0x67, 0x72, 0x75, 0x5f, 0x31, 0x2f, 0x67, 0x72, 0x75, 0x5f, 0x63,
  0x65, 0x6c, 0x6c, 0x5f, 0x33, 0x35, 0x2f, 0x6d, 0x75, 0x6c, 0x5f, 0x32,
  0x00, 0x00, 0x00, 0x00, 0x02, 0x00, 0x00, 0x00, 0x01, 0x00, 0x00, 0x00,
  0x10, 0x00, 0x00, 0x00, 0x06, 0x88, 0xfe, 0xff, 0x00, 0x00, 0x00, 0x01,
  0x18, 0x00, 0x00, 0x00, 0x20, 0x00, 0x00, 0x00, 0x3c, 0x00, 0x00, 0x00,
  0xae, 0x01, 0x00, 0x00, 0x00, 0x00, 0x00, 0x09, 0x58, 0x00, 0x00, 0x00,
  0x02, 0x00, 0x00, 0x00, 0xff, 0xff, 0xff, 0xff, 0x10, 0x00, 0x00, 0x00,
  0xec, 0x87, 0xfe, 0xff, 0x08, 0x00, 0x00, 0x00, 0x10, 0x00, 0x00, 0x00,
  0x01, 0x00, 0x00, 0x00, 0x00, 0x00, 0x00, 0x00, 0x00, 0x00, 0x00, 0x00,
  0x01, 0x00, 0x00, 0x00, 0x00, 0x00, 0x00, 0x3c, 0x23, 0x00, 0x00, 0x00,
  0x73, 0x65, 0x71, 0x75, 0x65, 0x6e, 0x74, 0x69, 0x61, 0x6c, 0x5f, 0x31,
  0x2f, 0x67, 0x72, 0x75, 0x5f, 0x31, 0x2f, 0x67, 0x72, 0x75, 0x5f, 0x63,
  0x65, 0x6c, 0x6c, 0x5f, 0x33, 0x35, 0x2f, 0x54, 0x61, 0x6e, 0x68, 0x00,
  0x02, 0x00, 0x00, 0x00, 0x01, 0x00, 0x00, 0x00, 0x10, 0x00, 0x00, 0x00,
  0x86, 0x88, 0xfe, 0xff, 0x00, 0x00, 0x00, 0x01, 0x18, 0x00, 0x00, 0x00,
  0x20, 0x00, 0x00, 0x00, 0x40, 0x00, 0x00, 0x00, 0xad, 0x01, 0x00, 0x00,
  0x00, 0x00, 0x00, 0x09, 0x60, 0x00, 0x00, 0x00, 0x02, 0x00, 0x00, 0x00,
  0xff, 0xff, 0xff, 0xff, 0x10, 0x00, 0x00, 0x00, 0x6c, 0x88, 0xfe, 0xff,
  0x08, 0x00, 0x00, 0x00, 0x14, 0x00, 0x00, 0x00, 0x01, 0x00, 0x00, 0x00,
  0x0b, 0x00, 0x00, 0x00, 0x00, 0x00, 0x00, 0x00, 0x00, 0x00, 0x00, 0x00,
  0x01, 0x00, 0x00, 0x00, 0x48, 0x04, 0xef, 0x3b, 0x24, 0x00, 0x00, 0x00,
  0x73, 0x65, 0x71, 0x75, 0x65, 0x6e, 0x74, 0x69, 0x61, 0x6c, 0x5f, 0x31,
  0x2f, 0x67, 0x72, 0x75, 0x5f, 0x31, 0x2f, 0x67, 0x72, 0x75, 0x5f, 0x63,
  0x65, 0x6c, 0x6c, 0x5f, 0x33, 0x35, 0x2f, 0x61, 0x64, 0x64, 0x5f, 0x33,
  0x00, 0x00, 0x00, 0x00, 0x02, 0x00, 0x00, 0x00, 0x01, 0x00, 0x00, 0x00,
  0x10, 0x00, 0x00, 0x00, 0x0e, 0x89, 0xfe, 0xff, 0x00, 0x00, 0x00, 0x01,
  0x18, 0x00, 0x00, 0x00, 0x20, 0x00, 0x00, 0x00, 0x3c, 0x00, 0x00, 0x00,
  0xac, 0x01, 0x00, 0x00, 0x00, 0x00, 0x00, 0x09, 0x58, 0x00, 0x00, 0x00,
  0x02, 0x00, 0x00, 0x00, 0xff, 0xff, 0xff, 0xff, 0x10, 0x00, 0x00, 0x00,
  0xf4, 0x88, 0xfe, 0xff, 0x08, 0x00, 0x00, 0x00, 0x10, 0x00, 0x00, 0x00,
  0x01, 0x00, 0x00, 0x00, 0x0d, 0x00, 0x00, 0x00, 0x00, 0x00, 0x00, 0x00,
  0x01, 0x00, 0x00, 0x00, 0xe1, 0xc6, 0x3e, 0x3b, 0x22, 0x00, 0x00, 0x00,
  0x73, 0x65, 0x71, 0x75, 0x65, 0x6e, 0x74, 0x69, 0x61, 0x6c, 0x5f, 0x31,
  0x2f, 0x67, 0x72, 0x75, 0x5f, 0x31, 0x2f, 0x67, 0x72, 0x75, 0x5f, 0x63,
  0x65, 0x6c, 0x6c, 0x5f, 0x33, 0x35, 0x2f, 0x6d, 0x75, 0x6c, 0x00, 0x00,
  0x02, 0x00, 0x00, 0x00, 0x01, 0x00, 0x00, 0x00, 0x10, 0x00, 0x00, 0x00,
  0x8e, 0x89, 0xfe, 0xff, 0x00, 0x00, 0x00, 0x01, 0x18, 0x00, 0x00, 0x00,
  0x20, 0x00, 0x00, 0x00, 0x40, 0x00, 0x00, 0x00, 0xab, 0x01, 0x00, 0x00,
  0x00, 0x00, 0x00, 0x09, 0x68, 0x00, 0x00, 0x00, 0x02, 0x00, 0x00, 0x00,
  0xff, 0xff, 0xff, 0xff, 0x10, 0x00, 0x00, 0x00, 0x74, 0x89, 0xfe, 0xff,
  0x08, 0x00, 0x00, 0x00, 0x14, 0x00, 0x00, 0x00, 0x01, 0x00, 0x00, 0x00,
  0xf9, 0xff, 0xff, 0xff, 0xff, 0xff, 0xff, 0xff, 0x00, 0x00, 0x00, 0x00,
  0x01, 0x00, 0x00, 0x00, 0x16, 0x88, 0xeb, 0x3b, 0x2e, 0x00, 0x00, 0x00,
  0x73, 0x65, 0x71, 0x75, 0x65, 0x6e, 0x74, 0x69, 0x61, 0x6c, 0x5f, 0x31,
  0x2f, 0x67, 0x72, 0x75, 0x5f, 0x31, 0x2f, 0x67, 0x72, 0x75, 0x5f, 0x63,
  0x65, 0x6c, 0x6c, 0x5f, 0x33, 0x35, 0x2f, 0x73, 0x74, 0x72, 0x69, 0x64,
  0x65, 0x64, 0x5f, 0x73, 0x6c, 0x69, 0x63, 0x65, 0x5f, 0x32, 0x00, 0x00,
  0x02, 0x00, 0x00, 0x00, 0x01, 0x00, 0x00, 0x00, 0x10, 0x00, 0x00, 0x00,
  0x1e, 0x8a, 0xfe, 0xff, 0x00, 0x00, 0x00, 0x01, 0x18, 0x00, 0x00, 0x00,
  0x20, 0x00, 0x00, 0x00, 0x3c, 0x00, 0x00, 0x00, 0xaa, 0x01, 0x00, 0x00,
  0x00, 0x00, 0x00, 0x09, 0x60, 0x00, 0x00, 0x00, 0x02, 0x00, 0x00, 0x00,
  0xff, 0xff, 0xff, 0xff, 0x10, 0x00, 0x00, 0x00, 0x04, 0x8a, 0xfe, 0xff,
  0x08, 0x00, 0x00, 0x00, 0x10, 0x00, 0x00, 0x00, 0x01, 0x00, 0x00, 0x00,
  0x80, 0xff, 0xff, 0xff, 0xff, 0xff, 0xff, 0xff, 0x01, 0x00, 0x00, 0x00,
  0x00, 0x00, 0x80, 0x3b, 0x28, 0x00, 0x00, 0x00, 0x73, 0x65, 0x71, 0x75,
  0x65, 0x6e, 0x74, 0x69, 0x61, 0x6c, 0x5f, 0x31, 0x2f, 0x67, 0x72, 0x75,
  0x5f, 0x31, 0x2f, 0x67, 0x72, 0x75, 0x5f, 0x63, 0x65, 0x6c, 0x6c, 0x5f,
  0x33, 0x35, 0x2f, 0x53, 0x69, 0x67, 0x6d, 0x6f, 0x69, 0x64, 0x5f, 0x31,
  0x00, 0x00, 0x00, 0x00, 0x02, 0x00, 0x00, 0x00, 0x01, 0x00, 0x00, 0x00,
  0x10, 0x00, 0x00, 0x00, 0xa6, 0x8a, 0xfe, 0xff, 0x00, 0x00, 0x00, 0x01,
  0x18, 0x00, 0x00, 0x00, 0x20, 0x00, 0x00, 0x00, 0x40, 0x00, 0x00, 0x00,
  0xa9, 0x01, 0x00, 0x00, 0x00, 0x00, 0x00, 0x09, 0x60, 0x00, 0x00, 0x00,
  0x02, 0x00, 0x00, 0x00, 0xff, 0xff, 0xff, 0xff, 0x10, 0x00, 0x00, 0x00,
  0x8c, 0x8a, 0xfe, 0xff, 0x08, 0x00, 0x00, 0x00, 0x14, 0x00, 0x00, 0x00,
  0x01, 0x00, 0x00, 0x00, 0x03, 0x00, 0x00, 0x00, 0x00, 0x00, 0x00, 0x00,
  0x00, 0x00, 0x00, 0x00, 0x01, 0x00, 0x00, 0x00, 0x61, 0x53, 0x77, 0x3c,
  0x24, 0x00, 0x00, 0x00, 0x73, 0x65, 0x71, 0x75, 0x65, 0x6e, 0x74, 0x69,
  0x61, 0x6c, 0x5f, 0x31, 0x2f, 0x67, 0x72, 0x75, 0x5f, 0x31, 0x2f, 0x67,
  0x72, 0x75, 0x5f, 0x63, 0x65, 0x6c, 0x6c, 0x5f, 0x33, 0x35, 0x2f, 0x61,
  0x64, 0x64, 0x5f, 0x32, 0x00, 0x00, 0x00, 0x00, 0x02, 0x00, 0x00, 0x00,
  0x01, 0x00, 0x00, 0x00, 0x10, 0x00, 0x00, 0x00, 0x2e, 0x8b, 0xfe, 0xff,
  0x00, 0x00, 0x00, 0x01, 0x18, 0x00, 0x00, 0x00, 0x20, 0x00, 0x00, 0x00,
  0x40, 0x00, 0x00, 0x00, 0xa8, 0x01, 0x00, 0x00, 0x00, 0x00, 0x00, 0x09,
  0x68, 0x00, 0x00, 0x00, 0x02, 0x00, 0x00, 0x00, 0xff, 0xff, 0xff, 0xff,
  0x10, 0x00, 0x00, 0x00, 0x14, 0x8b, 0xfe, 0xff, 0x08, 0x00, 0x00, 0x00,
  0x14, 0x00, 0x00, 0x00, 0x01, 0x00, 0x00, 0x00, 0xf9, 0xff, 0xff, 0xff,
  0xff, 0xff, 0xff, 0xff, 0x00, 0x00, 0x00, 0x00, 0x01, 0x00, 0x00, 0x00,
  0x16, 0x88, 0xeb, 0x3b, 0x2e, 0x00, 0x00, 0x00, 0x73, 0x65, 0x71, 0x75,
  0x65, 0x6e, 0x74, 0x69, 0x61, 0x6c, 0x5f, 0x31, 0x2f, 0x67, 0x72, 0x75,
  0x5f, 0x31, 0x2f, 0x67, 0x72, 0x75, 0x5f, 0x63, 0x65, 0x6c, 0x6c, 0x5f,
  0x33, 0x35, 0x2f, 0x73, 0x74, 0x72, 0x69, 0x64, 0x65, 0x64, 0x5f, 0x73,
  0x6c, 0x69, 0x63, 0x65, 0x5f, 0x31, 0x00, 0x00, 0x02, 0x00, 0x00, 0x00,
  0x01, 0x00, 0x00, 0x00, 0x10, 0x00, 0x00, 0x00, 0xbe, 0x8b, 0xfe, 0xff,
  0x00, 0x00, 0x00, 0x01, 0x18, 0x00, 0x00, 0x00, 0x20, 0x00, 0x00, 0x00,
  0x40, 0x00, 0x00, 0x00, 0xa7, 0x01, 0x00, 0x00, 0x00, 0x00, 0x00, 0x09,
  0x60, 0x00, 0x00, 0x00, 0x02, 0x00, 0x00, 0x00, 0xff, 0xff, 0xff, 0xff,
  0x10, 0x00, 0x00, 0x00, 0xa4, 0x8b, 0xfe, 0xff, 0x08, 0x00, 0x00, 0x00,
  0x14, 0x00, 0x00, 0x00, 0x01, 0x00, 0x00, 0x00, 0x11, 0x00, 0x00, 0x00,
  0x00, 0x00, 0x00, 0x00, 0x00, 0x00, 0x00, 0x00, 0x01, 0x00, 0x00, 0x00,
  0xce, 0x37, 0xa3, 0x3b, 0x24, 0x00, 0x00, 0x00, 0x73, 0x65, 0x71, 0x75,
  0x65, 0x6e, 0x74, 0x69, 0x61, 0x6c, 0x5f, 0x31, 0x2f, 0x67, 0x72, 0x75,
  0x5f, 0x31, 0x2f, 0x67, 0x72, 0x75, 0x5f, 0x63, 0x65, 0x6c, 0x6c, 0x5f,
  0x33, 0x35, 0x2f, 0x6d, 0x75, 0x6c, 0x5f, 0x31, 0x00, 0x00, 0x00, 0x00,
  0x02, 0x00, 0x00, 0x00, 0x01, 0x00, 0x00, 0x00, 0x10, 0x00, 0x00, 0x00,
  0x46, 0x8c, 0xfe, 0xff, 0x00, 0x00, 0x00, 0x01, 0x18, 0x00, 0x00, 0x00,
  0x20, 0x00, 0x00, 0x00, 0x3c, 0x00, 0x00, 0x00, 0xa6, 0x01, 0x00, 0x00,
  0x00, 0x00, 0x00, 0x09, 0x58, 0x00, 0x00, 0x00, 0x02, 0x00, 0x00, 0x00,
  0xff, 0xff, 0xff, 0xff, 0x10, 0x00, 0x00, 0x00, 0x2c, 0x8c, 0xfe, 0xff,
  0x08, 0x00, 0x00, 0x00, 0x10, 0x00, 0x00, 0x00, 0x01, 0x00, 0x00, 0x00,
  0xe0, 0xff, 0xff, 0xff, 0xff, 0xff, 0xff, 0xff, 0x01, 0x00, 0x00, 0x00,
  0xde, 0x81, 0x89, 0x3b, 0x22, 0x00, 0x00, 0x00, 0x73, 0x65, 0x71, 0x75,
  0x65, 0x6e, 0x74, 0x69, 0x61, 0x6c, 0x5f, 0x31, 0x2f, 0x67, 0x72, 0x75,
  0x5f, 0x31, 0x2f, 0x67, 0x72, 0x75, 0x5f, 0x63, 0x65, 0x6c, 0x6c, 0x5f,
  0x33, 0x35, 0x2f, 0x73, 0x75, 0x62, 0x00, 0x00, 0x02, 0x00, 0x00, 0x00,
  0x01, 0x00, 0x00, 0x00, 0x10, 0x00, 0x00, 0x00, 0xc6, 0x8c, 0xfe, 0xff,
  0x00, 0x00, 0x00, 0x01, 0x18, 0x00, 0x00, 0x00, 0x20, 0x00, 0x00, 0x00,
  0x40, 0x00, 0x00, 0x00, 0xa5, 0x01, 0x00, 0x00, 0x00, 0x00, 0x00, 0x09,
  0x60, 0x00, 0x00, 0x00, 0x02, 0x00, 0x00, 0x00, 0xff, 0xff, 0xff, 0xff,
  0x10, 0x00, 0x00, 0x00, 0xac, 0x8c, 0xfe, 0xff, 0x08, 0x00, 0x00, 0x00,
  0x14, 0x00, 0x00, 0x00, 0x01, 0x00, 0x00, 0x00, 0x80, 0xff, 0xff, 0xff,
  0xff, 0xff, 0xff, 0xff, 0x00, 0x00, 0x00, 0x00, 0x01, 0x00, 0x00, 0x00,
  0x00, 0x00, 0x80, 0x3b, 0x26, 0x00, 0x00, 0x00, 0x73, 0x65, 0x71, 0x75,
  0x65, 0x6e, 0x74, 0x69, 0x61, 0x6c, 0x5f, 0x31, 0x2f, 0x67, 0x72, 0x75,
  0x5f, 0x31, 0x2f, 0x67, 0x72, 0x75, 0x5f, 0x63, 0x65, 0x6c, 0x6c, 0x5f,
  0x33, 0x35, 0x2f, 0x53, 0x69, 0x67, 0x6d, 0x6f, 0x69, 0x64, 0x00, 0x00,
  0x02, 0x00, 0x00, 0x00, 0x01, 0x00, 0x00, 0x00, 0x10, 0x00, 0x00, 0x00,
  0x4e, 0x8d, 0xfe, 0xff, 0x00, 0x00, 0x00, 0x01, 0x18, 0x00, 0x00, 0x00,
  0x20, 0x00, 0x00, 0x00, 0x40, 0x00, 0x00, 0x00, 0xa4, 0x01, 0x00, 0x00,
  0x00, 0x00, 0x00, 0x09, 0x60, 0x00, 0x00, 0x00, 0x02, 0x00, 0x00, 0x00,
  0xff, 0xff, 0xff, 0xff, 0x10, 0x00, 0x00, 0x00, 0x34, 0x8d, 0xfe, 0xff,
  0x08, 0x00, 0x00, 0x00, 0x14, 0x00, 0x00, 0x00, 0x01, 0x00, 0x00, 0x00,
  0xbb, 0xff, 0xff, 0xff, 0xff, 0xff, 0xff, 0xff, 0x00, 0x00, 0x00, 0x00,
  0x01, 0x00, 0x00, 0x00, 0x70, 0x44, 0x40, 0x3c, 0x24, 0x00, 0x00, 0x00,
  0x73, 0x65, 0x71, 0x75, 0x65, 0x6e, 0x74, 0x69, 0x61, 0x6c, 0x5f, 0x31,
  0x2f, 0x67, 0x72, 0x75, 0x5f, 0x31, 0x2f, 0x67, 0x72, 0x75, 0x5f, 0x63,
  0x65, 0x6c, 0x6c, 0x5f, 0x33, 0x35, 0x2f, 0x61, 0x64, 0x64, 0x5f, 0x31,
  0x00, 0x00, 0x00, 0x00, 0x02, 0x00, 0x00, 0x00, 0x01, 0x00, 0x00, 0x00,
  0x10, 0x00, 0x00, 0x00, 0xd6, 0x8d, 0xfe, 0xff, 0x00, 0x00, 0x00, 0x01,
  0x18, 0x00, 0x00, 0x00, 0x20, 0x00, 0x00, 0x00, 0x40, 0x00, 0x00, 0x00,
  0xa3, 0x01, 0x00, 0x00, 0x00, 0x00, 0x00, 0x09, 0x68, 0x00, 0x00, 0x00,
  0x02, 0x00, 0x00, 0x00, 0xff, 0xff, 0xff, 0xff, 0x10, 0x00, 0x00, 0x00,
  0xbc, 0x8d, 0xfe, 0xff, 0x08, 0x00, 0x00, 0x00, 0x14, 0x00, 0x00, 0x00,
  0x01, 0x00, 0x00, 0x00, 0xf9, 0xff, 0xff, 0xff, 0xff, 0xff, 0xff, 0xff,
  0x00, 0x00, 0x00, 0x00, 0x01, 0x00, 0x00, 0x00, 0x16, 0x88, 0xeb, 0x3b,
  0x2c, 0x00, 0x00, 0x00, 0x73, 0x65, 0x71, 0x75, 0x65, 0x6e, 0x74, 0x69,
  0x61, 0x6c, 0x5f, 0x31, 0x2f, 0x67, 0x72, 0x75, 0x5f, 0x31, 0x2f, 0x67,
  0x72, 0x75, 0x5f, 0x63, 0x65, 0x6c, 0x6c, 0x5f, 0x33, 0x35, 0x2f, 0x73,
  0x74, 0x72, 0x69, 0x64, 0x65, 0x64, 0x5f, 0x73, 0x6c, 0x69, 0x63, 0x65,
  0x00, 0x00, 0x00, 0x00, 0x02, 0x00, 0x00, 0x00, 0x01, 0x00, 0x00, 0x00,
  0x10, 0x00, 0x00, 0x00, 0x66, 0x8e, 0xfe, 0xff, 0x00, 0x00, 0x00, 0x01,
  0x18, 0x00, 0x00, 0x00, 0x20, 0x00, 0x00, 0x00, 0x3c, 0x00, 0x00, 0x00,
  0xa2, 0x01, 0x00, 0x00, 0x00, 0x00, 0x00, 0x09, 0x80, 0x00, 0x00, 0x00,
  0x02, 0x00, 0x00, 0x00, 0xff, 0xff, 0xff, 0xff, 0x30, 0x00, 0x00, 0x00,
  0x4c, 0x8e, 0xfe, 0xff, 0x08, 0x00, 0x00, 0x00, 0x10, 0x00, 0x00, 0x00,
  0x01, 0x00, 0x00, 0x00, 0xf9, 0xff, 0xff, 0xff, 0xff, 0xff, 0xff, 0xff,
  0x01, 0x00, 0x00, 0x00, 0x16, 0x88, 0xeb, 0x3b, 0x4a, 0x00, 0x00, 0x00,
  0x73, 0x65, 0x71, 0x75, 0x65, 0x6e, 0x74, 0x69, 0x61, 0x6c, 0x5f, 0x31,
  0x2f, 0x67, 0x72, 0x75, 0x5f, 0x31, 0x2f, 0x67, 0x72, 0x75, 0x5f, 0x63,
  0x65, 0x6c, 0x6c, 0x5f, 0x33, 0x35, 0x2f, 0x4d, 0x61, 0x74, 0x4d, 0x75,
  0x6c, 0x5f, 0x31, 0x3b, 0x73, 0x65, 0x71, 0x75, 0x65, 0x6e, 0x74, 0x69,
  0x61, 0x6c, 0x5f, 0x31, 0x2f, 0x67, 0x72, 0x75, 0x5f, 0x31, 0x2f, 0x67,
  0x72, 0x75, 0x5f, 0x63, 0x65, 0x6c, 0x6c, 0x5f, 0x33, 0x35, 0x2f, 0x61,
  0x64, 0x64, 0x00, 0x00, 0x02, 0x00, 0x00, 0x00, 0x01, 0x00, 0x00, 0x00,
  0x30, 0x00, 0x00, 0x00, 0x0e, 0x8f, 0xfe, 0xff, 0x00, 0x00, 0x00, 0x01,
  0x18, 0x00, 0x00, 0x00, 0x20, 0x00, 0x00, 0x00, 0x40, 0x00, 0x00, 0x00,
  0xa1, 0x01, 0x00, 0x00, 0x00, 0x00, 0x00, 0x09, 0x60, 0x00, 0x00, 0x00,
  0x02, 0x00, 0x00, 0x00, 0xff, 0xff, 0xff, 0xff, 0x10, 0x00, 0x00, 0x00,
  0xf4, 0x8e, 0xfe, 0xff, 0x08, 0x00, 0x00, 0x00, 0x14, 0x00, 0x00, 0x00,
  0x01, 0x00, 0x00, 0x00, 0x0f, 0x00, 0x00, 0x00, 0x00, 0x00, 0x00, 0x00,
  0x00, 0x00, 0x00, 0x00, 0x01, 0x00, 0x00, 0x00, 0xe7, 0x08, 0xa2, 0x3b,
  0x24, 0x00, 0x00, 0x00, 0x73, 0x65, 0x71, 0x75, 0x65, 0x6e, 0x74, 0x69,
  0x61, 0x6c, 0x5f, 0x31, 0x2f, 0x67, 0x72, 0x75, 0x5f, 0x31, 0x2f, 0x67,
  0x72, 0x75, 0x5f, 0x63, 0x65, 0x6c, 0x6c, 0x5f, 0x33, 0x33, 0x2f, 0x61,
  0x64, 0x64, 0x5f, 0x34, 0x00, 0x00, 0x00, 0x00, 0x02, 0x00, 0x00, 0x00,
  0x01, 0x00, 0x00, 0x00, 0x10, 0x00, 0x00, 0x00, 0x96, 0x8f, 0xfe, 0xff,
  0x00, 0x00, 0x00, 0x01, 0x18, 0x00, 0x00, 0x00, 0x20, 0x00, 0x00, 0x00,
  0x40, 0x00, 0x00, 0x00, 0xa0, 0x01, 0x00, 0x00, 0x00, 0x00, 0x00, 0x09,
  0x60, 0x00, 0x00, 0x00, 0x02, 0x00, 0x00, 0x00, 0xff, 0xff, 0xff, 0xff,
  0x10, 0x00, 0x00, 0x00, 0x7c, 0x8f, 0xfe, 0xff, 0x08, 0x00, 0x00, 0x00,
  0x14, 0x00, 0x00, 0x00, 0x01, 0x00, 0x00, 0x00, 0x11, 0x00, 0x00, 0x00,
  0x00, 0x00, 0x00, 0x00, 0x00, 0x00, 0x00, 0x00, 0x01, 0x00, 0x00, 0x00,
  0x43, 0x5f, 0x46, 0x3b, 0x24, 0x00, 0x00, 0x00, 0x73, 0x65, 0x71, 0x75,
  0x65, 0x6e, 0x74, 0x69, 0x61, 0x6c, 0x5f, 0x31, 0x2f, 0x67, 0x72, 0x75,
  0x5f, 0x31, 0x2f, 0x67, 0x72, 0x75, 0x5f, 0x63, 0x65, 0x6c, 0x6c, 0x5f,
  0x33, 0x33, 0x2f, 0x6d, 0x75, 0x6c, 0x5f, 0x32, 0x00, 0x00, 0x00, 0x00,
  0x02, 0x00, 0x00, 0x00, 0x01, 0x00, 0x00, 0x00, 0x10, 0x00, 0x00, 0x00,
  0x1e, 0x90, 0xfe, 0xff, 0x00, 0x00, 0x00, 0x01, 0x18, 0x00, 0x00, 0x00,
  0x20, 0x00, 0x00, 0x00, 0x3c, 0x00, 0x00, 0x00, 0x9f, 0x01, 0x00, 0x00,
  0x00, 0x00, 0x00, 0x09, 0x58, 0x00, 0x00, 0x00, 0x02, 0x00, 0x00, 0x00,
  0xff, 0xff, 0xff, 0xff, 0x10, 0x00, 0x00, 0x00, 0x04, 0x90, 0xfe, 0xff,
  0x08, 0x00, 0x00, 0x00, 0x10, 0x00, 0x00, 0x00, 0x01, 0x00, 0x00, 0x00,
  0x00, 0x00, 0x00, 0x00, 0x00, 0x00, 0x00, 0x00, 0x01, 0x00, 0x00, 0x00,
  0x00, 0x00, 0x00, 0x3c, 0x23, 0x00, 0x00, 0x00, 0x73, 0x65, 0x71, 0x75,
  0x65, 0x6e, 0x74, 0x69, 0x61, 0x6c, 0x5f, 0x31, 0x2f, 0x67, 0x72, 0x75,
  0x5f, 0x31, 0x2f, 0x67, 0x72, 0x75, 0x5f, 0x63, 0x65, 0x6c, 0x6c, 0x5f,
  0x33, 0x33, 0x2f, 0x54, 0x61, 0x6e, 0x68, 0x00, 0x02, 0x00, 0x00, 0x00,
  0x01, 0x00, 0x00, 0x00, 0x10, 0x00, 0x00, 0x00, 0x9e, 0x90, 0xfe, 0xff,
  0x00, 0x00, 0x00, 0x01, 0x18, 0x00, 0x00, 0x00, 0x20, 0x00, 0x00, 0x00,
  0x40, 0x00, 0x00, 0x00, 0x9e, 0x01, 0x00, 0x00, 0x00, 0x00, 0x00, 0x09,
  0x60, 0x00, 0x00, 0x00, 0x02, 0x00, 0x00, 0x00, 0xff, 0xff, 0xff, 0xff,
  0x10, 0x00, 0x00, 0x00, 0x84, 0x90, 0xfe, 0xff, 0x08, 0x00, 0x00, 0x00,
  0x14, 0x00, 0x00, 0x00, 0x01, 0x00, 0x00, 0x00, 0x1c, 0x00, 0x00, 0x00,
  0x00, 0x00, 0x00, 0x00, 0x00, 0x00, 0x00, 0x00, 0x01, 0x00, 0x00, 0x00,
  0xca, 0xad, 0x01, 0x3c, 0x24, 0x00, 0x00, 0x00, 0x73, 0x65, 0x71, 0x75,
  0x65, 0x6e, 0x74, 0x69, 0x61, 0x6c, 0x5f, 0x31, 0x2f, 0x67, 0x72, 0x75,
  0x5f, 0x31, 0x2f, 0x67, 0x72, 0x75, 0x5f, 0x63, 0x65, 0x6c, 0x6c, 0x5f,
  0x33, 0x33, 0x2f, 0x61, 0x64, 0x64, 0x5f, 0x33, 0x00, 0x00, 0x00, 0x00,
  0x02, 0x00, 0x00, 0x00, 0x01, 0x00, 0x00, 0x00, 0x10, 0x00, 0x00, 0x00,
  0x26, 0x91, 0xfe, 0xff, 0x00, 0x00, 0x00, 0x01, 0x18, 0x00, 0x00, 0x00,
  0x20, 0x00, 0x00, 0x00, 0x3c, 0x00, 0x00, 0x00, 0x9d, 0x01, 0x00, 0x00,
  0x00, 0x00, 0x00, 0x09, 0x58, 0x00, 0x00, 0x00, 0x02, 0x00, 0x00, 0x00,
  0xff, 0xff, 0xff, 0xff, 0x10, 0x00, 0x00, 0x00, 0x0c, 0x91, 0xfe, 0xff,
  0x08, 0x00, 0x00, 0x00, 0x10, 0x00, 0x00, 0x00, 0x01, 0x00, 0x00, 0x00,
  0x0e, 0x00, 0x00, 0x00, 0x00, 0x00, 0x00, 0x00, 0x01, 0x00, 0x00, 0x00,
  0xac, 0x32, 0x46, 0x3b, 0x22, 0x00, 0x00, 0x00, 0x73, 0x65, 0x71, 0x75,
  0x65, 0x6e, 0x74, 0x69, 0x61, 0x6c, 0x5f, 0x31, 0x2f, 0x67, 0x72, 0x75,
  0x5f, 0x31, 0x2f, 0x67, 0x72, 0x75, 0x5f, 0x63, 0x65, 0x6c, 0x6c, 0x5f,
  0x33, 0x33, 0x2f, 0x6d, 0x75, 0x6c, 0x00, 0x00, 0x02, 0x00, 0x00, 0x00,
  0x01, 0x00, 0x00, 0x00, 0x10, 0x00, 0x00, 0x00, 0xa6, 0x91, 0xfe, 0xff,
  0x00, 0x00, 0x00, 0x01, 0x18, 0x00, 0x00, 0x00, 0x20, 0x00, 0x00, 0x00,
  0x40, 0x00, 0x00, 0x00, 0x9c, 0x01, 0x00, 0x00, 0x00, 0x00, 0x00, 0x09,
  0x68, 0x00, 0x00, 0x00, 0x02, 0x00, 0x00, 0x00, 0xff, 0xff, 0xff, 0xff,
  0x10, 0x00, 0x00, 0x00, 0x8c, 0x91, 0xfe, 0xff, 0x08, 0x00, 0x00, 0x00,
  0x14, 0x00, 0x00, 0x00, 0x01, 0x00, 0x00, 0x00, 0xf9, 0xff, 0xff, 0xff,
  0xff, 0xff, 0xff, 0xff, 0x00, 0x00, 0x00, 0x00, 0x01, 0x00, 0x00, 0x00,
  0x60, 0xa7, 0xec, 0x3b, 0x2e, 0x00, 0x00, 0x00, 0x73, 0x65, 0x71, 0x75,
  0x65, 0x6e, 0x74, 0x69, 0x61, 0x6c, 0x5f, 0x31, 0x2f, 0x67, 0x72, 0x75,
  0x5f, 0x31, 0x2f, 0x67, 0x72, 0x75, 0x5f, 0x63, 0x65, 0x6c, 0x6c, 0x5f,
  0x33, 0x33, 0x2f, 0x73, 0x74, 0x72, 0x69, 0x64, 0x65, 0x64, 0x5f, 0x73,
  0x6c, 0x69, 0x63, 0x65, 0x5f, 0x32, 0x00, 0x00, 0x02, 0x00, 0x00, 0x00,
  0x01, 0x00, 0x00, 0x00, 0x10, 0x00, 0x00, 0x00, 0x36, 0x92, 0xfe, 0xff,
  0x00, 0x00, 0x00, 0x01, 0x18, 0x00, 0x00, 0x00, 0x20, 0x00, 0x00, 0x00,
  0x3c, 0x00, 0x00, 0x00, 0x9b, 0x01, 0x00, 0x00, 0x00, 0x00, 0x00, 0x09,
  0x60, 0x00, 0x00, 0x00, 0x02, 0x00, 0x00, 0x00, 0xff, 0xff, 0xff, 0xff,
  0x10, 0x00, 0x00, 0x00, 0x1c, 0x92, 0xfe, 0xff, 0x08, 0x00, 0x00, 0x00,
  0x10, 0x00, 0x00, 0x00, 0x01, 0x00, 0x00, 0x00, 0x80, 0xff, 0xff, 0xff,
  0xff, 0xff, 0xff, 0xff, 0x01, 0x00, 0x00, 0x00, 0x00, 0x00, 0x80, 0x3b,
  0x28, 0x00, 0x00, 0x00, 0x73, 0x65, 0x71, 0x75, 0x65, 0x6e, 0x74, 0x69,
  0x61, 0x6c, 0x5f, 0x31, 0x2f, 0x67, 0x72, 0x75, 0x5f, 0x31, 0x2f, 0x67,
  0x72, 0x75, 0x5f, 0x63, 0x65, 0x6c, 0x6c, 0x5f, 0x33, 0x33, 0x2f, 0x53,
  0x69, 0x67, 0x6d, 0x6f, 0x69, 0x64, 0x5f, 0x31, 0x00, 0x00, 0x00, 0x00,
  0x02, 0x00, 0x00, 0x00, 0x01, 0x00, 0x00, 0x00, 0x10, 0x00, 0x00, 0x00,
  0xbe, 0x92, 0xfe, 0xff, 0x00, 0x00, 0x00, 0x01, 0x18, 0x00, 0x00, 0x00,
  0x20, 0x00, 0x00, 0x00, 0x40, 0x00, 0x00, 0x00, 0x9a, 0x01, 0x00, 0x00,
  0x00, 0x00, 0x00, 0x09, 0x60, 0x00, 0x00, 0x00, 0x02, 0x00, 0x00, 0x00,
  0xff, 0xff, 0xff, 0xff, 0x10, 0x00, 0x00, 0x00, 0xa4, 0x92, 0xfe, 0xff,
  0x08, 0x00, 0x00, 0x00, 0x14, 0x00, 0x00, 0x00, 0x01, 0x00, 0x00, 0x00,
  0x06, 0x00, 0x00, 0x00, 0x00, 0x00, 0x00, 0x00, 0x00, 0x00, 0x00, 0x00,
  0x01, 0x00, 0x00, 0x00, 0x48, 0x92, 0x6e, 0x3c, 0x24, 0x00, 0x00, 0x00,
  0x73, 0x65, 0x71, 0x75, 0x65, 0x6e, 0x74, 0x69, 0x61, 0x6c, 0x5f, 0x31,
  0x2f, 0x67, 0x72, 0x75, 0x5f, 0x31, 0x2f, 0x67, 0x72, 0x75, 0x5f, 0x63,
  0x65, 0x6c, 0x6c, 0x5f, 0x33, 0x33, 0x2f, 0x61, 0x64, 0x64, 0x5f, 0x32,
  0x00, 0x00, 0x00, 0x00, 0x02, 0x00, 0x00, 0x00, 0x01, 0x00, 0x00, 0x00,
  0x10, 0x00, 0x00, 0x00, 0x46, 0x93, 0xfe, 0xff, 0x00, 0x00, 0x00, 0x01,
  0x18, 0x00, 0x00, 0x00, 0x20, 0x00, 0x00, 0x00, 0x40, 0x00, 0x00, 0x00,
  0x99, 0x01, 0x00, 0x00, 0x00, 0x00, 0x00, 0x09, 0x68, 0x00, 0x00, 0x00,
  0x02, 0x00, 0x00, 0x00, 0xff, 0xff, 0xff, 0xff, 0x10, 0x00, 0x00, 0x00,
  0x2c, 0x93, 0xfe, 0xff, 0x08, 0x00, 0x00, 0x00, 0x14, 0x00, 0x00, 0x00,
  0x01, 0x00, 0x00, 0x00, 0xf9, 0xff, 0xff, 0xff, 0xff, 0xff, 0xff, 0xff,
  0x00, 0x00, 0x00, 0x00, 0x01, 0x00, 0x00, 0x00, 0x60, 0xa7, 0xec, 0x3b,
  0x2e, 0x00, 0x00, 0x00, 0x73, 0x65, 0x71, 0x75, 0x65, 0x6e, 0x74, 0x69,
  0x61, 0x6c, 0x5f, 0x31, 0x2f, 0x67, 0x72, 0x75, 0x5f, 0x31, 0x2f, 0x67,
  0x72, 0x75, 0x5f, 0x63, 0x65, 0x6c, 0x6c, 0x5f, 0x33, 0x33, 0x2f, 0x73,
  0x74, 0x72, 0x69, 0x64, 0x65, 0x64, 0x5f, 0x73, 0x6c, 0x69, 0x63, 0x65,
  0x5f, 0x31, 0x00, 0x00, 0x02, 0x00, 0x00, 0x00, 0x01, 0x00, 0x00, 0x00,
  0x10, 0x00, 0x00, 0x00, 0xd6, 0x93, 0xfe, 0xff, 0x00, 0x00, 0x00, 0x01,
  0x18, 0x00, 0x00, 0x00, 0x20, 0x00, 0x00, 0x00, 0x40, 0x00, 0x00, 0x00,
  0x98, 0x01, 0x00, 0x00, 0x00, 0x00, 0x00, 0x09, 0x60, 0x00, 0x00, 0x00,
  0x02, 0x00, 0x00, 0x00, 0xff, 0xff, 0xff, 0xff, 0x10, 0x00, 0x00, 0x00,
  0xbc, 0x93, 0xfe, 0xff, 0x08, 0x00, 0x00, 0x00, 0x14, 0x00, 0x00, 0x00,
  0x01, 0x00, 0x00, 0x00, 0x0f, 0x00, 0x00, 0x00, 0x00, 0x00, 0x00, 0x00,
  0x00, 0x00, 0x00, 0x00, 0x01, 0x00, 0x00, 0x00, 0xe7, 0x08, 0xa2, 0x3b,
  0x24, 0x00, 0x00, 0x00, 0x73, 0x65, 0x71, 0x75, 0x65, 0x6e, 0x74, 0x69,
  0x61, 0x6c, 0x5f, 0x31, 0x2f, 0x67, 0x72, 0x75, 0x5f, 0x31, 0x2f, 0x67,
  0x72, 0x75, 0x5f, 0x63, 0x65, 0x6c, 0x6c, 0x5f, 0x33, 0x33, 0x2f, 0x6d,
  0x75, 0x6c, 0x5f, 0x31, 0x00, 0x00, 0x00, 0x00, 0x02, 0x00, 0x00, 0x00,
  0x01, 0x00, 0x00, 0x00, 0x10, 0x00, 0x00, 0x00, 0x5e, 0x94, 0xfe, 0xff,
  0x00, 0x00, 0x00, 0x01, 0x18, 0x00, 0x00, 0x00, 0x20, 0x00, 0x00, 0x00,
  0x3c, 0x00, 0x00, 0x00, 0x97, 0x01, 0x00, 0x00, 0x00, 0x00, 0x00, 0x09,
  0x58, 0x00, 0x00, 0x00, 0x02, 0x00, 0x00, 0x00, 0xff, 0xff, 0xff, 0xff,
  0x10, 0x00, 0x00, 0x00, 0x44, 0x94, 0xfe, 0xff, 0x08, 0x00, 0x00, 0x00,
  0x10, 0x00, 0x00, 0x00, 0x01, 0x00, 0x00, 0x00, 0xe5, 0xff, 0xff, 0xff,
  0xff, 0xff, 0xff, 0xff, 0x01, 0x00, 0x00, 0x00, 0x63, 0x42, 0x8d, 0x3b,
  0x22, 0x00, 0x00, 0x00, 0x73, 0x65, 0x71, 0x75, 0x65, 0x6e, 0x74, 0x69,
  0x61, 0x6c, 0x5f, 0x31, 0x2f, 0x67, 0x72, 0x75, 0x5f, 0x31, 0x2f, 0x67,
  0x72, 0x75, 0x5f, 0x63, 0x65, 0x6c, 0x6c, 0x5f, 0x33, 0x33, 0x2f, 0x73,
  0x75, 0x62, 0x00, 0x00, 0x02, 0x00, 0x00, 0x00, 0x01, 0x00, 0x00, 0x00,
  0x10, 0x00, 0x00, 0x00, 0xde, 0x94, 0xfe, 0xff, 0x00, 0x00, 0x00, 0x01,
  0x18, 0x00, 0x00, 0x00, 0x20, 0x00, 0x00, 0x00, 0x40, 0x00, 0x00, 0x00,
  0x96, 0x01, 0x00, 0x00, 0x00, 0x00, 0x00, 0x09, 0x60, 0x00, 0x00, 0x00,
  0x02, 0x00, 0x00, 0x00, 0xff, 0xff, 0xff, 0xff, 0x10, 0x00, 0x00, 0x00,
  0xc4, 0x94, 0xfe, 0xff, 0x08, 0x00, 0x00, 0x00, 0x14, 0x00, 0x00, 0x00,
  0x01, 0x00, 0x00, 0x00, 0x80, 0xff, 0xff, 0xff, 0xff, 0xff, 0xff, 0xff,
  0x00, 0x00, 0x00, 0x00, 0x01, 0x00, 0x00, 0x00, 0x00, 0x00, 0x80, 0x3b,
  0x26, 0x00, 0x00, 0x00, 0x73, 0x65, 0x71, 0x75, 0x65, 0x6e, 0x74, 0x69,
  0x61, 0x6c, 0x5f, 0x31, 0x2f, 0x67, 0x72, 0x75, 0x5f, 0x31, 0x2f, 0x67,
  0x72, 0x75, 0x5f, 0x63, 0x65, 0x6c, 0x6c, 0x5f, 0x33, 0x33, 0x2f, 0x53,
  0x69, 0x67, 0x6d, 0x6f, 0x69, 0x64, 0x00, 0x00, 0x02, 0x00, 0x00, 0x00,
  0x01, 0x00, 0x00, 0x00, 0x10, 0x00, 0x00, 0x00, 0x66, 0x95, 0xfe, 0xff,
  0x00, 0x00, 0x00, 0x01, 0x18, 0x00, 0x00, 0x00, 0x20, 0x00, 0x00, 0x00,
  0x40, 0x00, 0x00, 0x00, 0x95, 0x01, 0x00, 0x00, 0x00, 0x00, 0x00, 0x09,
  0x60, 0x00, 0x00, 0x00, 0x02, 0x00, 0x00, 0x00, 0xff, 0xff, 0xff, 0xff,
  0x10, 0x00, 0x00, 0x00, 0x4c, 0x95, 0xfe, 0xff, 0x08, 0x00, 0x00, 0x00,
  0x14, 0x00, 0x00, 0x00, 0x01, 0x00, 0x00, 0x00, 0xbc, 0xff, 0xff, 0xff,
  0xff, 0xff, 0xff, 0xff, 0x00, 0x00, 0x00, 0x00, 0x01, 0x00, 0x00, 0x00,
  0x9f, 0x1f, 0x37, 0x3c, 0x24, 0x00, 0x00, 0x00, 0x73, 0x65, 0x71, 0x75,
  0x65, 0x6e, 0x74, 0x69, 0x61, 0x6c, 0x5f, 0x31, 0x2f, 0x67, 0x72, 0x75,
  0x5f, 0x31, 0x2f, 0x67, 0x72, 0x75, 0x5f, 0x63, 0x65, 0x6c, 0x6c, 0x5f,
  0x33, 0x33, 0x2f, 0x61, 0x64, 0x64, 0x5f, 0x31, 0x00, 0x00, 0x00, 0x00,
  0x02, 0x00, 0x00, 0x00, 0x01, 0x00, 0x00, 0x00, 0x10, 0x00, 0x00, 0x00,
  0xee, 0x95, 0xfe, 0xff, 0x00, 0x00, 0x00, 0x01, 0x18, 0x00, 0x00, 0x00,
  0x20, 0x00, 0x00, 0x00, 0x40, 0x00, 0x00, 0x00, 0x94, 0x01, 0x00, 0x00,
  0x00, 0x00, 0x00, 0x09, 0x68, 0x00, 0x00, 0x00, 0x02, 0x00, 0x00, 0x00,
  0xff, 0xff, 0xff, 0xff, 0x10, 0x00, 0x00, 0x00, 0xd4, 0x95, 0xfe, 0xff,
  0x08, 0x00, 0x00, 0x00, 0x14, 0x00, 0x00, 0x00, 0x01, 0x00, 0x00, 0x00,
  0xf9, 0xff, 0xff, 0xff, 0xff, 0xff, 0xff, 0xff, 0x00, 0x00, 0x00, 0x00,
  0x01, 0x00, 0x00, 0x00, 0x60, 0xa7, 0xec, 0x3b, 0x2c, 0x00, 0x00, 0x00,
  0x73, 0x65, 0x71, 0x75, 0x65, 0x6e, 0x74, 0x69, 0x61, 0x6c, 0x5f, 0x31,
  0x2f, 0x67, 0x72, 0x75, 0x5f, 0x31, 0x2f, 0x67, 0x72, 0x75, 0x5f, 0x63,
  0x65, 0x6c, 0x6c, 0x5f, 0x33, 0x33, 0x2f, 0x73, 0x74, 0x72, 0x69, 0x64,
  0x65, 0x64, 0x5f, 0x73, 0x6c, 0x69, 0x63, 0x65, 0x00, 0x00, 0x00, 0x00,
  0x02, 0x00, 0x00, 0x00, 0x01, 0x00, 0x00, 0x00, 0x10, 0x00, 0x00, 0x00,
  0x7e, 0x96, 0xfe, 0xff, 0x00, 0x00, 0x00, 0x01, 0x18, 0x00, 0x00, 0x00,
  0x20, 0x00, 0x00, 0x00, 0x3c, 0x00, 0x00, 0x00, 0x93, 0x01, 0x00, 0x00,
  0x00, 0x00, 0x00, 0x09, 0x80, 0x00, 0x00, 0x00, 0x02, 0x00, 0x00, 0x00,
  0xff, 0xff, 0xff, 0xff, 0x30, 0x00, 0x00, 0x00, 0x64, 0x96, 0xfe, 0xff,
  0x08, 0x00, 0x00, 0x00, 0x10, 0x00, 0x00, 0x00, 0x01, 0x00, 0x00, 0x00,
  0xf9, 0xff, 0xff, 0xff, 0xff, 0xff, 0xff, 0xff, 0x01, 0x00, 0x00, 0x00,
  0x60, 0xa7, 0xec, 0x3b, 0x4a, 0x00, 0x00, 0x00, 0x73, 0x65, 0x71, 0x75,
  0x65, 0x6e, 0x74, 0x69, 0x61, 0x6c, 0x5f, 0x31, 0x2f, 0x67, 0x72, 0x75,
  0x5f, 0x31, 0x2f, 0x67, 0x72, 0x75, 0x5f, 0x63, 0x65, 0x6c, 0x6c, 0x5f,
  0x33, 0x33, 0x2f, 0x4d, 0x61, 0x74, 0x4d, 0x75, 0x6c, 0x5f, 0x31, 0x3b,
  0x73, 0x65, 0x71, 0x75, 0x65, 0x6e, 0x74, 0x69, 0x61, 0x6c, 0x5f, 0x31,
  0x2f, 0x67, 0x72, 0x75, 0x5f, 0x31, 0x2f, 0x67, 0x72, 0x75, 0x5f, 0x63,
  0x65, 0x6c, 0x6c, 0x5f, 0x33, 0x33, 0x2f, 0x61, 0x64, 0x64, 0x00, 0x00,
  0x02, 0x00, 0x00, 0x00, 0x01, 0x00, 0x00, 0x00, 0x30, 0x00, 0x00, 0x00,
  0x26, 0x97, 0xfe, 0xff, 0x00, 0x00, 0x00, 0x01, 0x18, 0x00, 0x00, 0x00,
  0x20, 0x00, 0x00, 0x00, 0x40, 0x00, 0x00, 0x00, 0x92, 0x01, 0x00, 0x00,
  0x00, 0x00, 0x00, 0x09, 0x60, 0x00, 0x00, 0x00, 0x02, 0x00, 0x00, 0x00,
  0xff, 0xff, 0xff, 0xff, 0x10, 0x00, 0x00, 0x00, 0x0c, 0x97, 0xfe, 0xff,
  0x08, 0x00, 0x00, 0x00, 0x14, 0x00, 0x00, 0x00, 0x01, 0x00, 0x00, 0x00,
  0x12, 0x00, 0x00, 0x00, 0x00, 0x00, 0x00, 0x00, 0x00, 0x00, 0x00, 0x00,
  0x01, 0x00, 0x00, 0x00, 0x45, 0x3f, 0xa3, 0x3b, 0x24, 0x00, 0x00, 0x00,
  0x73, 0x65, 0x71, 0x75, 0x65, 0x6e, 0x74, 0x69, 0x61, 0x6c, 0x5f, 0x31,
  0x2f, 0x67, 0x72, 0x75, 0x5f, 0x31, 0x2f, 0x67, 0x72, 0x75, 0x5f, 0x63,
  0x65, 0x6c, 0x6c, 0x5f, 0x33, 0x31, 0x2f, 0x61, 0x64, 0x64, 0x5f, 0x34,
  0x00, 0x00, 0x00, 0x00, 0x02, 0x00, 0x00, 0x00, 0x01, 0x00, 0x00, 0x00,
  0x10, 0x00, 0x00, 0x00, 0xae, 0x97, 0xfe, 0xff, 0x00, 0x00, 0x00, 0x01,
  0x18, 0x00, 0x00, 0x00, 0x20, 0x00, 0x00, 0x00, 0x40, 0x00, 0x00, 0x00,
  0x91, 0x01, 0x00, 0x00, 0x00, 0x00, 0x00, 0x09, 0x60, 0x00, 0x00, 0x00,
  0x02, 0x00, 0x00, 0x00, 0xff, 0xff, 0xff, 0xff, 0x10, 0x00, 0x00, 0x00,
  0x94, 0x97, 0xfe, 0xff, 0x08, 0x00, 0x00, 0x00, 0x14, 0x00, 0x00, 0x00,
  0x01, 0x00, 0x00, 0x00, 0x13, 0x00, 0x00, 0x00, 0x00, 0x00, 0x00, 0x00,
  0x00, 0x00, 0x00, 0x00, 0x01, 0x00, 0x00, 0x00, 0x0b, 0xa2, 0x43, 0x3b,
  0x24, 0x00, 0x00, 0x00, 0x73, 0x65, 0x71, 0x75, 0x65, 0x6e, 0x74, 0x69,
  0x61, 0x6c, 0x5f, 0x31, 0x2f, 0x67, 0x72, 0x75, 0x5f, 0x31, 0x2f, 0x67,
  0x72, 0x75, 0x5f, 0x63, 0x65, 0x6c, 0x6c, 0x5f, 0x33, 0x31, 0x2f, 0x6d,
  0x75, 0x6c, 0x5f, 0x32, 0x00, 0x00, 0x00, 0x00, 0x02, 0x00, 0x00, 0x00,
  0x01, 0x00, 0x00, 0x00, 0x10, 0x00, 0x00, 0x00, 0x36, 0x98, 0xfe, 0xff,
  0x00, 0x00, 0x00, 0x01, 0x18, 0x00, 0x00, 0x00, 0x20, 0x00, 0x00, 0x00,
  0x3c, 0x00, 0x00, 0x00, 0x90, 0x01, 0x00, 0x00, 0x00, 0x00, 0x00, 0x09,
  0x58, 0x00, 0x00, 0x00, 0x02, 0x00, 0x00, 0x00, 0xff, 0xff, 0xff, 0xff,
  0x10, 0x00, 0x00, 0x00, 0x1c, 0x98, 0xfe, 0xff, 0x08, 0x00, 0x00, 0x00,
  0x10, 0x00, 0x00, 0x00, 0x01, 0x00, 0x00, 0x00, 0x00, 0x00, 0x00, 0x00,
  0x00, 0x00, 0x00, 0x00, 0x01, 0x00, 0x00, 0x00, 0x00, 0x00, 0x00, 0x3c,
  0x23, 0x00, 0x00, 0x00, 0x73, 0x65, 0x71, 0x75, 0x65, 0x6e, 0x74, 0x69,
  0x61, 0x6c, 0x5f, 0x31, 0x2f, 0x67, 0x72, 0x75, 0x5f, 0x31, 0x2f, 0x67,
  0x72, 0x75, 0x5f, 0x63, 0x65, 0x6c, 0x6c, 0x5f, 0x33, 0x31, 0x2f, 0x54,
  0x61, 0x6e, 0x68, 0x00, 0x02, 0x00, 0x00, 0x00, 0x01, 0x00, 0x00, 0x00,
  0x10, 0x00, 0x00, 0x00, 0xb6, 0x98, 0xfe, 0xff, 0x00, 0x00, 0x00, 0x01,
  0x18, 0x00, 0x00, 0x00, 0x20, 0x00, 0x00, 0x00, 0x40, 0x00, 0x00, 0x00,
  0x8f, 0x01, 0x00, 0x00, 0x00, 0x00, 0x00, 0x09, 0x60, 0x00, 0x00, 0x00,
  0x02, 0x00, 0x00, 0x00, 0xff, 0xff, 0xff, 0xff, 0x10, 0x00, 0x00, 0x00,
  0x9c, 0x98, 0xfe, 0xff, 0x08, 0x00, 0x00, 0x00, 0x14, 0x00, 0x00, 0x00,
  0x01, 0x00, 0x00, 0x00, 0x11, 0x00, 0x00, 0x00, 0x00, 0x00, 0x00, 0x00,
  0x00, 0x00, 0x00, 0x00, 0x01, 0x00, 0x00, 0x00, 0xc7, 0x0d, 0x06, 0x3c,
  0x24, 0x00, 0x00, 0x00, 0x73, 0x65, 0x71, 0x75, 0x65, 0x6e, 0x74, 0x69,
  0x61, 0x6c, 0x5f, 0x31, 0x2f, 0x67, 0x72, 0x75, 0x5f, 0x31, 0x2f, 0x67,
  0x72, 0x75, 0x5f, 0x63, 0x65, 0x6c, 0x6c, 0x5f, 0x33, 0x31, 0x2f, 0x61,
  0x64, 0x64, 0x5f, 0x33, 0x00, 0x00, 0x00, 0x00, 0x02, 0x00, 0x00, 0x00,
  0x01, 0x00, 0x00, 0x00, 0x10, 0x00, 0x00, 0x00, 0x3e, 0x99, 0xfe, 0xff,
  0x00, 0x00, 0x00, 0x01, 0x18, 0x00, 0x00, 0x00, 0x20, 0x00, 0x00, 0x00,
  0x3c, 0x00, 0x00, 0x00, 0x8e, 0x01, 0x00, 0x00, 0x00, 0x00, 0x00, 0x09,
  0x58, 0x00, 0x00, 0x00, 0x02, 0x00, 0x00, 0x00, 0xff, 0xff, 0xff, 0xff,
  0x10, 0x00, 0x00, 0x00, 0x24, 0x99, 0xfe, 0xff, 0x08, 0x00, 0x00, 0x00,
  0x10, 0x00, 0x00, 0x00, 0x01, 0x00, 0x00, 0x00, 0x0e, 0x00, 0x00, 0x00,
  0x00, 0x00, 0x00, 0x00, 0x01, 0x00, 0x00, 0x00, 0x81, 0xd0, 0x3e, 0x3b,
  0x22, 0x00, 0x00, 0x00, 0x73, 0x65, 0x71, 0x75, 0x65, 0x6e, 0x74, 0x69,
  0x61, 0x6c, 0x5f, 0x31, 0x2f, 0x67, 0x72, 0x75, 0x5f, 0x31, 0x2f, 0x67,
  0x72, 0x75, 0x5f, 0x63, 0x65, 0x6c, 0x6c, 0x5f, 0x33, 0x31, 0x2f, 0x6d,
  0x75, 0x6c, 0x00, 0x00, 0x02, 0x00, 0x00, 0x00, 0x01, 0x00, 0x00, 0x00,
  0x10, 0x00, 0x00, 0x00, 0xbe, 0x99, 0xfe, 0xff, 0x00, 0x00, 0x00, 0x01,
  0x18, 0x00, 0x00, 0x00, 0x20, 0x00, 0x00, 0x00, 0x40, 0x00, 0x00, 0x00,
  0x8d, 0x01, 0x00, 0x00, 0x00, 0x00, 0x00, 0x09, 0x68, 0x00, 0x00, 0x00,
  0x02, 0x00, 0x00, 0x00, 0xff, 0xff, 0xff, 0xff, 0x10, 0x00, 0x00, 0x00,
  0xa4, 0x99, 0xfe, 0xff, 0x08, 0x00, 0x00, 0x00, 0x14, 0x00, 0x00, 0x00,
  0x01, 0x00, 0x00, 0x00, 0xfc, 0xff, 0xff, 0xff, 0xff, 0xff, 0xff, 0xff,
  0x00, 0x00, 0x00, 0x00, 0x01, 0x00, 0x00, 0x00, 0xc4, 0x35, 0xf1, 0x3b,
  0x2e, 0x00, 0x00, 0x00, 0x73, 0x65, 0x71, 0x75, 0x65, 0x6e, 0x74, 0x69,
  0x61, 0x6c, 0x5f, 0x31, 0x2f, 0x67, 0x72, 0x75, 0x5f, 0x31, 0x2f, 0x67,
  0x72, 0x75, 0x5f, 0x63, 0x65, 0x6c, 0x6c, 0x5f, 0x33, 0x31, 0x2f, 0x73,
  0x74, 0x72, 0x69, 0x64, 0x65, 0x64, 0x5f, 0x73, 0x6c, 0x69, 0x63, 0x65,
  0x5f, 0x32, 0x00, 0x00, 0x02, 0x00, 0x00, 0x00, 0x01, 0x00, 0x00, 0x00,
  0x10, 0x00, 0x00, 0x00, 0x4e, 0x9a, 0xfe, 0xff, 0x00, 0x00, 0x00, 0x01,
  0x18, 0x00, 0x00, 0x00, 0x20, 0x00, 0x00, 0x00, 0x3c, 0x00, 0x00, 0x00,
  0x8c, 0x01, 0x00, 0x00, 0x00, 0x00, 0x00, 0x09, 0x60, 0x00, 0x00, 0x00,
  0x02, 0x00, 0x00, 0x00, 0xff, 0xff, 0xff, 0xff, 0x10, 0x00, 0x00, 0x00,
  0x34, 0x9a, 0xfe, 0xff, 0x08, 0x00, 0x00, 0x00, 0x10, 0x00, 0x00, 0x00,
  0x01, 0x00, 0x00, 0x00, 0x80, 0xff, 0xff, 0xff, 0xff, 0xff, 0xff, 0xff,
  0x01, 0x00, 0x00, 0x00, 0x00, 0x00, 0x80, 0x3b, 0x28, 0x00, 0x00, 0x00,
  0x73, 0x65, 0x71, 0x75, 0x65, 0x6e, 0x74, 0x69, 0x61, 0x6c, 0x5f, 0x31,
  0x2f, 0x67, 0x72, 0x75, 0x5f, 0x31, 0x2f, 0x67, 0x72, 0x75, 0x5f, 0x63,
  0x65, 0x6c, 0x6c, 0x5f, 0x33, 0x31, 0x2f, 0x53, 0x69, 0x67, 0x6d, 0x6f,
  0x69, 0x64, 0x5f, 0x31, 0x00, 0x00, 0x00, 0x00, 0x02, 0x00, 0x00, 0x00,
  0x01, 0x00, 0x00, 0x00, 0x10, 0x00, 0x00, 0x00, 0xd6, 0x9a, 0xfe, 0xff,
  0x00, 0x00, 0x00, 0x01, 0x18, 0x00, 0x00, 0x00, 0x20, 0x00, 0x00, 0x00,
  0x40, 0x00, 0x00, 0x00, 0x8b, 0x01, 0x00, 0x00, 0x00, 0x00, 0x00, 0x09,
  0x60, 0x00, 0x00, 0x00, 0x02, 0x00, 0x00, 0x00, 0xff, 0xff, 0xff, 0xff,
  0x10, 0x00, 0x00, 0x00, 0xbc, 0x9a, 0xfe, 0xff, 0x08, 0x00, 0x00, 0x00,
  0x14, 0x00, 0x00, 0x00, 0x01, 0x00, 0x00, 0x00, 0x0c, 0x00, 0x00, 0x00,
  0x00, 0x00, 0x00, 0x00, 0x00, 0x00, 0x00, 0x00, 0x01, 0x00, 0x00, 0x00,
  0xe0, 0x11, 0x6c, 0x3c, 0x24, 0x00, 0x00, 0x00, 0x73, 0x65, 0x71, 0x75,
  0x65, 0x6e, 0x74, 0x69, 0x61, 0x6c, 0x5f, 0x31, 0x2f, 0x67, 0x72, 0x75,
  0x5f, 0x31, 0x2f, 0x67, 0x72, 0x75, 0x5f, 0x63, 0x65, 0x6c, 0x6c, 0x5f,
  0x33, 0x31, 0x2f, 0x61, 0x64, 0x64, 0x5f, 0x32, 0x00, 0x00, 0x00, 0x00,
  0x02, 0x00, 0x00, 0x00, 0x01, 0x00, 0x00, 0x00, 0x10, 0x00, 0x00, 0x00,
  0x5e, 0x9b, 0xfe, 0xff, 0x00, 0x00, 0x00, 0x01, 0x18, 0x00, 0x00, 0x00,
  0x20, 0x00, 0x00, 0x00, 0x40, 0x00, 0x00, 0x00, 0x8a, 0x01, 0x00, 0x00,
  0x00, 0x00, 0x00, 0x09, 0x68, 0x00, 0x00, 0x00, 0x02, 0x00, 0x00, 0x00,
  0xff, 0xff, 0xff, 0xff, 0x10, 0x00, 0x00, 0x00, 0x44, 0x9b, 0xfe, 0xff,
  0x08, 0x00, 0x00, 0x00, 0x14, 0x00, 0x00, 0x00, 0x01, 0x00, 0x00, 0x00,
  0xfc, 0xff, 0xff, 0xff, 0xff, 0xff, 0xff, 0xff, 0x00, 0x00, 0x00, 0x00,
  0x01, 0x00, 0x00, 0x00, 0xc4, 0x35, 0xf1, 0x3b, 0x2e, 0x00, 0x00, 0x00,
  0x73, 0x65, 0x71, 0x75, 0x65, 0x6e, 0x74, 0x69, 0x61, 0x6c, 0x5f, 0x31,
  0x2f, 0x67, 0x72, 0x75, 0x5f, 0x31, 0x2f, 0x67, 0x72, 0x75, 0x5f, 0x63,
  0x65, 0x6c, 0x6c, 0x5f, 0x33, 0x31, 0x2f, 0x73, 0x74, 0x72, 0x69, 0x64,
  0x65, 0x64, 0x5f, 0x73, 0x6c, 0x69, 0x63, 0x65, 0x5f, 0x31, 0x00, 0x00,
  0x02, 0x00, 0x00, 0x00, 0x01, 0x00, 0x00, 0x00, 0x10, 0x00, 0x00, 0x00,
  0xee, 0x9b, 0xfe, 0xff, 0x00, 0x00, 0x00, 0x01, 0x18, 0x00, 0x00, 0x00,
  0x20, 0x00, 0x00, 0x00, 0x40, 0x00, 0x00, 0x00, 0x89, 0x01, 0x00, 0x00,
  0x00, 0x00, 0x00, 0x09, 0x60, 0x00, 0x00, 0x00, 0x02, 0x00, 0x00, 0x00,
  0xff, 0xff, 0xff, 0xff, 0x10, 0x00, 0x00, 0x00, 0xd4, 0x9b, 0xfe, 0xff,
  0x08, 0x00, 0x00, 0x00, 0x14, 0x00, 0x00, 0x00, 0x01, 0x00, 0x00, 0x00,
  0x12, 0x00, 0x00, 0x00, 0x00, 0x00, 0x00, 0x00, 0x00, 0x00, 0x00, 0x00,
  0x01, 0x00, 0x00, 0x00, 0x45, 0x3f, 0xa3, 0x3b, 0x24, 0x00, 0x00, 0x00,
  0x73, 0x65, 0x71, 0x75, 0x65, 0x6e, 0x74, 0x69, 0x61, 0x6c, 0x5f, 0x31,
  0x2f, 0x67, 0x72, 0x75, 0x5f, 0x31, 0x2f, 0x67, 0x72, 0x75, 0x5f, 0x63,
  0x65, 0x6c, 0x6c, 0x5f, 0x33, 0x31, 0x2f, 0x6d, 0x75, 0x6c, 0x5f, 0x31,
  0x00, 0x00, 0x00, 0x00, 0x02, 0x00, 0x00, 0x00, 0x01, 0x00, 0x00, 0x00,
  0x10, 0x00, 0x00, 0x00, 0x76, 0x9c, 0xfe, 0xff, 0x00, 0x00, 0x00, 0x01,
  0x18, 0x00, 0x00, 0x00, 0x20, 0x00, 0x00, 0x00, 0x3c, 0x00, 0x00, 0x00,
  0x88, 0x01, 0x00, 0x00, 0x00, 0x00, 0x00, 0x09, 0x58, 0x00, 0x00, 0x00,
  0x02, 0x00, 0x00, 0x00, 0xff, 0xff, 0xff, 0xff, 0x10, 0x00, 0x00, 0x00,
  0x5c, 0x9c, 0xfe, 0xff, 0x08, 0x00, 0x00, 0x00, 0x10, 0x00, 0x00, 0x00,
  0x01, 0x00, 0x00, 0x00, 0xe4, 0xff, 0xff, 0xff, 0xff, 0xff, 0xff, 0xff,
  0x01, 0x00, 0x00, 0x00, 0xa2, 0xbe, 0x8f, 0x3b, 0x22, 0x00, 0x00, 0x00,
  0x73, 0x65, 0x71, 0x75, 0x65, 0x6e, 0x74, 0x69, 0x61, 0x6c, 0x5f, 0x31,
  0x2f, 0x67, 0x72, 0x75, 0x5f, 0x31, 0x2f, 0x67, 0x72, 0x75, 0x5f, 0x63,
  0x65, 0x6c, 0x6c, 0x5f, 0x33, 0x31, 0x2f, 0x73, 0x75, 0x62, 0x00, 0x00,
  0x02, 0x00, 0x00, 0x00, 0x01, 0x00, 0x00, 0x00, 0x10, 0x00, 0x00, 0x00,
  0xf6, 0x9c, 0xfe, 0xff, 0x00, 0x00, 0x00, 0x01, 0x18, 0x00, 0x00, 0x00,
  0x20, 0x00, 0x00, 0x00, 0x40, 0x00, 0x00, 0x00, 0x87, 0x01, 0x00, 0x00,
  0x00, 0x00, 0x00, 0x09, 0x60, 0x00, 0x00, 0x00, 0x02, 0x00, 0x00, 0x00,
  0xff, 0xff, 0xff, 0xff, 0x10, 0x00, 0x00, 0x00, 0xdc, 0x9c, 0xfe, 0xff,
  0x08, 0x00, 0x00, 0x00, 0x14, 0x00, 0x00, 0x00, 0x01, 0x00, 0x00, 0x00,
  0x80, 0xff, 0xff, 0xff, 0xff, 0xff, 0xff, 0xff, 0x00, 0x00, 0x00, 0x00,
  0x01, 0x00, 0x00, 0x00, 0x00, 0x00, 0x80, 0x3b, 0x26, 0x00, 0x00, 0x00,
  0x73, 0x65, 0x71, 0x75, 0x65, 0x6e, 0x74, 0x69, 0x61, 0x6c, 0x5f, 0x31,
  0x2f, 0x67, 0x72, 0x75, 0x5f, 0x31, 0x2f, 0x67, 0x72, 0x75, 0x5f, 0x63,
  0x65, 0x6c, 0x6c, 0x5f, 0x33, 0x31, 0x2f, 0x53, 0x69, 0x67, 0x6d, 0x6f,
  0x69, 0x64, 0x00, 0x00, 0x02, 0x00, 0x00, 0x00, 0x01, 0x00, 0x00, 0x00,
  0x10, 0x00, 0x00, 0x00, 0x7e, 0x9d, 0xfe, 0xff, 0x00, 0x00, 0x00, 0x01,
  0x18, 0x00, 0x00, 0x00, 0x20, 0x00, 0x00, 0x00, 0x40, 0x00, 0x00, 0x00,
  0x86, 0x01, 0x00, 0x00, 0x00, 0x00, 0x00, 0x09, 0x60, 0x00, 0x00, 0x00,
  0x02, 0x00, 0x00, 0x00, 0xff, 0xff, 0xff, 0xff, 0x10, 0x00, 0x00, 0x00,
  0x64, 0x9d, 0xfe, 0xff, 0x08, 0x00, 0x00, 0x00, 0x14, 0x00, 0x00, 0x00,
  0x01, 0x00, 0x00, 0x00, 0xc1, 0xff, 0xff, 0xff, 0xff, 0xff, 0xff, 0xff,
  0x00, 0x00, 0x00, 0x00, 0x01, 0x00, 0x00, 0x00, 0x12, 0x60, 0x3f, 0x3c,
  0x24, 0x00, 0x00, 0x00, 0x73, 0x65, 0x71, 0x75, 0x65, 0x6e, 0x74, 0x69,
  0x61, 0x6c, 0x5f, 0x31, 0x2f, 0x67, 0x72, 0x75, 0x5f, 0x31, 0x2f, 0x67,
  0x72, 0x75, 0x5f, 0x63, 0x65, 0x6c, 0x6c, 0x5f, 0x33, 0x31, 0x2f, 0x61,
  0x64, 0x64, 0x5f, 0x31, 0x00, 0x00, 0x00, 0x00, 0x02, 0x00, 0x00, 0x00,
  0x01, 0x00, 0x00, 0x00, 0x10, 0x00, 0x00, 0x00, 0x06, 0x9e, 0xfe, 0xff,
  0x00, 0x00, 0x00, 0x01, 0x18, 0x00, 0x00, 0x00, 0x20, 0x00, 0x00, 0x00,
  0x40, 0x00, 0x00, 0x00, 0x85, 0x01, 0x00, 0x00, 0x00, 0x00, 0x00, 0x09,
  0x68, 0x00, 0x00, 0x00, 0x02, 0x00, 0x00, 0x00, 0xff, 0xff, 0xff, 0xff,
  0x10, 0x00, 0x00, 0x00, 0xec, 0x9d, 0xfe, 0xff, 0x08, 0x00, 0x00, 0x00,
  0x14, 0x00, 0x00, 0x00, 0x01, 0x00, 0x00, 0x00, 0xfc, 0xff, 0xff, 0xff,
  0xff, 0xff, 0xff, 0xff, 0x00, 0x00, 0x00, 0x00, 0x01, 0x00, 0x00, 0x00,
  0xc4, 0x35, 0xf1, 0x3b, 0x2c, 0x00, 0x00, 0x00, 0x73, 0x65, 0x71, 0x75,
  0x65, 0x6e, 0x74, 0x69, 0x61, 0x6c, 0x5f, 0x31, 0x2f, 0x67, 0x72, 0x75,
  0x5f, 0x31, 0x2f, 0x67, 0x72, 0x75, 0x5f, 0x63, 0x65, 0x6c, 0x6c, 0x5f,
  0x33, 0x31, 0x2f, 0x73, 0x74, 0x72, 0x69, 0x64, 0x65, 0x64, 0x5f, 0x73,
  0x6c, 0x69, 0x63, 0x65, 0x00, 0x00, 0x00, 0x00, 0x02, 0x00, 0x00, 0x00,
  0x01, 0x00, 0x00, 0x00, 0x10, 0x00, 0x00, 0x00, 0x96, 0x9e, 0xfe, 0xff,
  0x00, 0x00, 0x00, 0x01, 0x18, 0x00, 0x00, 0x00, 0x20, 0x00, 0x00, 0x00,
  0x3c, 0x00, 0x00, 0x00, 0x84, 0x01, 0x00, 0x00, 0x00, 0x00, 0x00, 0x09,
  0x80, 0x00, 0x00, 0x00, 0x02, 0x00, 0x00, 0x00, 0xff, 0xff, 0xff, 0xff,
  0x30, 0x00, 0x00, 0x00, 0x7c, 0x9e, 0xfe, 0xff, 0x08, 0x00, 0x00, 0x00,
  0x10, 0x00, 0x00, 0x00, 0x01, 0x00, 0x00, 0x00, 0xfc, 0xff, 0xff, 0xff,
  0xff, 0xff, 0xff, 0xff, 0x01, 0x00, 0x00, 0x00, 0xc4, 0x35, 0xf1, 0x3b,
  0x4a, 0x00, 0x00, 0x00, 0x73, 0x65, 0x71, 0x75, 0x65, 0x6e, 0x74, 0x69,
  0x61, 0x6c, 0x5f, 0x31, 0x2f, 0x67, 0x72, 0x75, 0x5f, 0x31, 0x2f, 0x67,
  0x72, 0x75, 0x5f, 0x63, 0x65, 0x6c, 0x6c, 0x5f, 0x33, 0x31, 0x2f, 0x4d,
  0x61, 0x74, 0x4d, 0x75, 0x6c, 0x5f, 0x31, 0x3b, 0x73, 0x65, 0x71, 0x75,
  0x65, 0x6e, 0x74, 0x69, 0x61, 0x6c, 0x5f, 0x31, 0x2f, 0x67, 0x72, 0x75,
  0x5f, 0x31, 0x2f, 0x67, 0x72, 0x75, 0x5f, 0x63, 0x65, 0x6c, 0x6c, 0x5f,
  0x33, 0x31, 0x2f, 0x61, 0x64, 0x64, 0x00, 0x00, 0x02, 0x00, 0x00, 0x00,
  0x01, 0x00, 0x00, 0x00, 0x30, 0x00, 0x00, 0x00, 0x3e, 0x9f, 0xfe, 0xff,
  0x00, 0x00, 0x00, 0x01, 0x18, 0x00, 0x00, 0x00, 0x20, 0x00, 0x00, 0x00,
  0x40, 0x00, 0x00, 0x00, 0x83, 0x01, 0x00, 0x00, 0x00, 0x00, 0x00, 0x09,
  0x60, 0x00, 0x00, 0x00, 0x02, 0x00, 0x00, 0x00, 0xff, 0xff, 0xff, 0xff,
  0x10, 0x00, 0x00, 0x00, 0x24, 0x9f, 0xfe, 0xff, 0x08, 0x00, 0x00, 0x00,
  0x14, 0x00, 0x00, 0x00, 0x01, 0x00, 0x00, 0x00, 0x14, 0x00, 0x00, 0x00,
  0x00, 0x00, 0x00, 0x00, 0x00, 0x00, 0x00, 0x00, 0x01, 0x00, 0x00, 0x00,
  0x91, 0xb2, 0xa4, 0x3b, 0x24, 0x00, 0x00, 0x00, 0x73, 0x65, 0x71, 0x75,
  0x65, 0x6e, 0x74, 0x69, 0x61, 0x6c, 0x5f, 0x31, 0x2f, 0x67, 0x72, 0x75,
  0x5f, 0x31, 0x2f, 0x67, 0x72, 0x75, 0x5f, 0x63, 0x65, 0x6c, 0x6c, 0x5f,
  0x32, 0x39, 0x2f, 0x61, 0x64, 0x64, 0x5f, 0x34, 0x00, 0x00, 0x00, 0x00,
  0x02, 0x00, 0x00, 0x00, 0x01, 0x00, 0x00, 0x00, 0x10, 0x00, 0x00, 0x00,
  0xc6, 0x9f, 0xfe, 0xff, 0x00, 0x00, 0x00, 0x01, 0x18, 0x00, 0x00, 0x00,
  0x20, 0x00, 0x00, 0x00, 0x40, 0x00, 0x00, 0x00, 0x82, 0x01, 0x00, 0x00,
  0x00, 0x00, 0x00, 0x09, 0x60, 0x00, 0x00, 0x00, 0x02, 0x00, 0x00, 0x00,
  0xff, 0xff, 0xff, 0xff, 0x10, 0x00, 0x00, 0x00, 0xac, 0x9f, 0xfe, 0xff,
  0x08, 0x00, 0x00, 0x00, 0x14, 0x00, 0x00, 0x00, 0x01, 0x00, 0x00, 0x00,
  0x0f, 0x00, 0x00, 0x00, 0x00, 0x00, 0x00, 0x00, 0x00, 0x00, 0x00, 0x00,
  0x01, 0x00, 0x00, 0x00, 0x00, 0x05, 0x60, 0x3b, 0x24, 0x00, 0x00, 0x00,
  0x73, 0x65, 0x71, 0x75, 0x65, 0x6e, 0x74, 0x69, 0x61, 0x6c, 0x5f, 0x31,
  0x2f, 0x67, 0x72, 0x75, 0x5f, 0x31, 0x2f, 0x67, 0x72, 0x75, 0x5f, 0x63,
  0x65, 0x6c, 0x6c, 0x5f, 0x32, 0x39, 0x2f, 0x6d, 0x75, 0x6c, 0x5f, 0x32,
  0x00, 0x00, 0x00, 0x00, 0x02, 0x00, 0x00, 0x00, 0x01, 0x00, 0x00, 0x00,
  0x10, 0x00, 0x00, 0x00, 0x4e, 0xa0, 0xfe, 0xff, 0x00, 0x00, 0x00, 0x01,
  0x18, 0x00, 0x00, 0x00, 0x20, 0x00, 0x00, 0x00, 0x3c, 0x00, 0x00, 0x00,
  0x81, 0x01, 0x00, 0x00, 0x00, 0x00, 0x00, 0x09, 0x58, 0x00, 0x00, 0x00,
  0x02, 0x00, 0x00, 0x00, 0xff, 0xff, 0xff, 0xff, 0x10, 0x00, 0x00, 0x00,
  0x34, 0xa0, 0xfe, 0xff, 0x08, 0x00, 0x00, 0x00, 0x10, 0x00, 0x00, 0x00,
  0x01, 0x00, 0x00, 0x00, 0x00, 0x00, 0x00, 0x00, 0x00, 0x00, 0x00, 0x00,
  0x01, 0x00, 0x00, 0x00, 0x00, 0x00, 0x00, 0x3c, 0x23, 0x00, 0x00, 0x00,
  0x73, 0x65, 0x71, 0x75, 0x65, 0x6e, 0x74, 0x69, 0x61, 0x6c, 0x5f, 0x31,
  0x2f, 0x67, 0x72, 0x75, 0x5f, 0x31, 0x2f, 0x67, 0x72, 0x75, 0x5f, 0x63,
  0x65, 0x6c, 0x6c, 0x5f, 0x32, 0x39, 0x2f, 0x54, 0x61, 0x6e, 0x68, 0x00,
  0x02, 0x00, 0x00, 0x00, 0x01, 0x00, 0x00, 0x00, 0x10, 0x00, 0x00, 0x00,
  0xce, 0xa0, 0xfe, 0xff, 0x00, 0x00, 0x00, 0x01, 0x18, 0x00, 0x00, 0x00,
  0x20, 0x00, 0x00, 0x00, 0x40, 0x00, 0x00, 0x00, 0x80, 0x01, 0x00, 0x00,
  0x00, 0x00, 0x00, 0x09, 0x60, 0x00, 0x00, 0x00, 0x02, 0x00, 0x00, 0x00,
  0xff, 0xff, 0xff, 0xff, 0x10, 0x00, 0x00, 0x00, 0xb4, 0xa0, 0xfe, 0xff,
  0x08, 0x00, 0x00, 0x00, 0x14, 0x00, 0x00, 0x00, 0x01, 0x00, 0x00, 0x00,
  0x10, 0x00, 0x00, 0x00, 0x00, 0x00, 0x00, 0x00, 0x00, 0x00, 0x00, 0x00,
  0x01, 0x00, 0x00, 0x00, 0x4f, 0xe9, 0x05, 0x3c, 0x24, 0x00, 0x00, 0x00,
  0x73, 0x65, 0x71, 0x75, 0x65, 0x6e, 0x74, 0x69, 0x61, 0x6c, 0x5f, 0x31,
  0x2f, 0x67, 0x72, 0x75, 0x5f, 0x31, 0x2f, 0x67, 0x72, 0x75, 0x5f, 0x63,
  0x65, 0x6c, 0x6c, 0x5f, 0x32, 0x39, 0x2f, 0x61, 0x64, 0x64, 0x5f, 0x33,
  0x00, 0x00, 0x00, 0x00, 0x02, 0x00, 0x00, 0x00, 0x01, 0x00, 0x00, 0x00,
  0x10, 0x00, 0x00, 0x00, 0x56, 0xa1, 0xfe, 0xff, 0x00, 0x00, 0x00, 0x01,
  0x18, 0x00, 0x00, 0x00, 0x20, 0x00, 0x00, 0x00, 0x3c, 0x00, 0x00, 0x00,
  0x7f, 0x01, 0x00, 0x00, 0x00, 0x00, 0x00, 0x09, 0x58, 0x00, 0x00, 0x00,
  0x02, 0x00, 0x00, 0x00, 0xff, 0xff, 0xff, 0xff, 0x10, 0x00, 0x00, 0x00,
  0x3c, 0xa1, 0xfe, 0xff, 0x08, 0x00, 0x00, 0x00, 0x10, 0x00, 0x00, 0x00,
  0x01, 0x00, 0x00, 0x00, 0x0c, 0x00, 0x00, 0x00, 0x00, 0x00, 0x00, 0x00,
  0x01, 0x00, 0x00, 0x00, 0x7b, 0x11, 0x47, 0x3b, 0x22, 0x00, 0x00, 0x00,
  0x73, 0x65, 0x71, 0x75, 0x65, 0x6e, 0x74, 0x69, 0x61, 0x6c, 0x5f, 0x31,
  0x2f, 0x67, 0x72, 0x75, 0x5f, 0x31, 0x2f, 0x67, 0x72, 0x75, 0x5f, 0x63,
  0x65, 0x6c, 0x6c, 0x5f, 0x32, 0x39, 0x2f, 0x6d, 0x75, 0x6c, 0x00, 0x00,
  0x02, 0x00, 0x00, 0x00, 0x01, 0x00, 0x00, 0x00, 0x10, 0x00, 0x00, 0x00,
  0xd6, 0xa1, 0xfe, 0xff, 0x00, 0x00, 0x00, 0x01, 0x18, 0x00, 0x00, 0x00,
  0x20, 0x00, 0x00, 0x00, 0x40, 0x00, 0x00, 0x00, 0x7e, 0x01, 0x00, 0x00,
  0x00, 0x00, 0x00, 0x09, 0x68, 0x00, 0x00, 0x00, 0x02, 0x00, 0x00, 0x00,
  0xff, 0xff, 0xff, 0xff, 0x10, 0x00, 0x00, 0x00, 0xbc, 0xa1, 0xfe, 0xff,
  0x08, 0x00, 0x00, 0x00, 0x14, 0x00, 0x00, 0x00, 0x01, 0x00, 0x00, 0x00,
  0xfd, 0xff, 0xff, 0xff, 0xff, 0xff, 0xff, 0xff, 0x00, 0x00, 0x00, 0x00,
  0x01, 0x00, 0x00, 0x00, 0xf5, 0x2b, 0xef, 0x3b, 0x2e, 0x00, 0x00, 0x00,
  0x73, 0x65, 0x71, 0x75, 0x65, 0x6e, 0x74, 0x69, 0x61, 0x6c, 0x5f, 0x31,
  0x2f, 0x67, 0x72, 0x75, 0x5f, 0x31, 0x2f, 0x67, 0x72, 0x75, 0x5f, 0x63,
  0x65, 0x6c, 0x6c, 0x5f, 0x32, 0x39, 0x2f, 0x73, 0x74, 0x72, 0x69, 0x64,
  0x65, 0x64, 0x5f, 0x73, 0x6c, 0x69, 0x63, 0x65, 0x5f, 0x32, 0x00, 0x00,
  0x02, 0x00, 0x00, 0x00, 0x01, 0x00, 0x00, 0x00, 0x10, 0x00, 0x00, 0x00,
  0x66, 0xa2, 0xfe, 0xff, 0x00, 0x00, 0x00, 0x01, 0x18, 0x00, 0x00, 0x00,
  0x20, 0x00, 0x00, 0x00, 0x3c, 0x00, 0x00, 0x00, 0x7d, 0x01, 0x00, 0x00,
  0x00, 0x00, 0x00, 0x09, 0x60, 0x00, 0x00, 0x00, 0x02, 0x00, 0x00, 0x00,
  0xff, 0xff, 0xff, 0xff, 0x10, 0x00, 0x00, 0x00, 0x4c, 0xa2, 0xfe, 0xff,
  0x08, 0x00, 0x00, 0x00, 0x10, 0x00, 0x00, 0x00, 0x01, 0x00, 0x00, 0x00,
  0x80, 0xff, 0xff, 0xff, 0xff, 0xff, 0xff, 0xff, 0x01, 0x00, 0x00, 0x00,
  0x00, 0x00, 0x80, 0x3b, 0x28, 0x00, 0x00, 0x00, 0x73, 0x65, 0x71, 0x75,
  0x65, 0x6e, 0x74, 0x69, 0x61, 0x6c, 0x5f, 0x31, 0x2f, 0x67, 0x72, 0x75,
  0x5f, 0x31, 0x2f, 0x67, 0x72, 0x75, 0x5f, 0x63, 0x65, 0x6c, 0x6c, 0x5f,
  0x32, 0x39, 0x2f, 0x53, 0x69, 0x67, 0x6d, 0x6f, 0x69, 0x64, 0x5f, 0x31,
  0x00, 0x00, 0x00, 0x00, 0x02, 0x00, 0x00, 0x00, 0x01, 0x00, 0x00, 0x00,
  0x10, 0x00, 0x00, 0x00, 0xee, 0xa2, 0xfe, 0xff, 0x00, 0x00, 0x00, 0x01,
  0x18, 0x00, 0x00, 0x00, 0x20, 0x00, 0x00, 0x00, 0x40, 0x00, 0x00, 0x00,
  0x7c, 0x01, 0x00, 0x00, 0x00, 0x00, 0x00, 0x09, 0x60, 0x00, 0x00, 0x00,
  0x02, 0x00, 0x00, 0x00, 0xff, 0xff, 0xff, 0xff, 0x10, 0x00, 0x00, 0x00,
  0xd4, 0xa2, 0xfe, 0xff, 0x08, 0x00, 0x00, 0x00, 0x14, 0x00, 0x00, 0x00,
  0x01, 0x00, 0x00, 0x00, 0x0d, 0x00, 0x00, 0x00, 0x00, 0x00, 0x00, 0x00,
  0x00, 0x00, 0x00, 0x00, 0x01, 0x00, 0x00, 0x00, 0x14, 0x52, 0x73, 0x3c,
  0x24, 0x00, 0x00, 0x00, 0x73, 0x65, 0x71, 0x75, 0x65, 0x6e, 0x74, 0x69,
  0x61, 0x6c, 0x5f, 0x31, 0x2f, 0x67, 0x72, 0x75, 0x5f, 0x31, 0x2f, 0x67,
  0x72, 0x75, 0x5f, 0x63, 0x65, 0x6c, 0x6c, 0x5f, 0x32, 0x39, 0x2f, 0x61,
  0x64, 0x64, 0x5f, 0x32, 0x00, 0x00, 0x00, 0x00, 0x02, 0x00, 0x00, 0x00,
  0x01, 0x00, 0x00, 0x00, 0x10, 0x00, 0x00, 0x00, 0x76, 0xa3, 0xfe, 0xff,
  0x00, 0x00, 0x00, 0x01, 0x18, 0x00, 0x00, 0x00, 0x20, 0x00, 0x00, 0x00,
  0x40, 0x00, 0x00, 0x00, 0x7b, 0x01, 0x00, 0x00, 0x00, 0x00, 0x00, 0x09,
  0x68, 0x00, 0x00, 0x00, 0x02, 0x00, 0x00, 0x00, 0xff, 0xff, 0xff, 0xff,
  0x10, 0x00, 0x00, 0x00, 0x5c, 0xa3, 0xfe, 0xff, 0x08, 0x00, 0x00, 0x00,
  0x14, 0x00, 0x00, 0x00, 0x01, 0x00, 0x00, 0x00, 0xfd, 0xff, 0xff, 0xff,
  0xff, 0xff, 0xff, 0xff, 0x00, 0x00, 0x00, 0x00, 0x01, 0x00, 0x00, 0x00,
  0xf5, 0x2b, 0xef, 0x3b, 0x2e, 0x00, 0x00, 0x00, 0x73, 0x65, 0x71, 0x75,
  0x65, 0x6e, 0x74, 0x69, 0x61, 0x6c, 0x5f, 0x31, 0x2f, 0x67, 0x72, 0x75,
  0x5f, 0x31, 0x2f, 0x67, 0x72, 0x75, 0x5f, 0x63, 0x65, 0x6c, 0x6c, 0x5f,
  0x32, 0x39, 0x2f, 0x73, 0x74, 0x72, 0x69, 0x64, 0x65, 0x64, 0x5f, 0x73,
  0x6c, 0x69, 0x63, 0x65, 0x5f, 0x31, 0x00, 0x00, 0x02, 0x00, 0x00, 0x00,
  0x01, 0x00, 0x00, 0x00, 0x10, 0x00, 0x00, 0x00, 0x06, 0xa4, 0xfe, 0xff,
  0x00, 0x00, 0x00, 0x01, 0x18, 0x00, 0x00, 0x00, 0x20, 0x00, 0x00, 0x00,
  0x40, 0x00, 0x00, 0x00, 0x7a, 0x01, 0x00, 0x00, 0x00, 0x00, 0x00, 0x09,
  0x60, 0x00, 0x00, 0x00, 0x02, 0x00, 0x00, 0x00, 0xff, 0xff, 0xff, 0xff,
  0x10, 0x00, 0x00, 0x00, 0xec, 0xa3, 0xfe, 0xff, 0x08, 0x00, 0x00, 0x00,
  0x14, 0x00, 0x00, 0x00, 0x01, 0x00, 0x00, 0x00, 0x14, 0x00, 0x00, 0x00,
  0x00, 0x00, 0x00, 0x00, 0x00, 0x00, 0x00, 0x00, 0x01, 0x00, 0x00, 0x00,
  0x91, 0xb2, 0xa4, 0x3b, 0x24, 0x00, 0x00, 0x00, 0x73, 0x65, 0x71, 0x75,
  0x65, 0x6e, 0x74, 0x69, 0x61, 0x6c, 0x5f, 0x31, 0x2f, 0x67, 0x72, 0x75,
  0x5f, 0x31, 0x2f, 0x67, 0x72, 0x75, 0x5f, 0x63, 0x65, 0x6c, 0x6c, 0x5f,
  0x32, 0x39, 0x2f, 0x6d, 0x75, 0x6c, 0x5f, 0x31, 0x00, 0x00, 0x00, 0x00,
  0x02, 0x00, 0x00, 0x00, 0x01, 0x00, 0x00, 0x00, 0x10, 0x00, 0x00, 0x00,
  0x8e, 0xa4, 0xfe, 0xff, 0x00, 0x00, 0x00, 0x01, 0x18, 0x00, 0x00, 0x00,
  0x20, 0x00, 0x00, 0x00, 0x3c, 0x00, 0x00, 0x00, 0x79, 0x01, 0x00, 0x00,
  0x00, 0x00, 0x00, 0x09, 0x58, 0x00, 0x00, 0x00, 0x02, 0x00, 0x00, 0x00,
  0xff, 0xff, 0xff, 0xff, 0x10, 0x00, 0x00, 0x00, 0x74, 0xa4, 0xfe, 0xff,
  0x08, 0x00, 0x00, 0x00, 0x10, 0x00, 0x00, 0x00, 0x01, 0x00, 0x00, 0x00,
  0xed, 0xff, 0xff, 0xff, 0xff, 0xff, 0xff, 0xff, 0x01, 0x00, 0x00, 0x00,
  0x89, 0x50, 0x93, 0x3b, 0x22, 0x00, 0x00, 0x00, 0x73, 0x65, 0x71, 0x75,
  0x65, 0x6e, 0x74, 0x69, 0x61, 0x6c, 0x5f, 0x31, 0x2f, 0x67, 0x72, 0x75,
  0x5f, 0x31, 0x2f, 0x67, 0x72, 0x75, 0x5f, 0x63, 0x65, 0x6c, 0x6c, 0x5f,
  0x32, 0x39, 0x2f, 0x73, 0x75, 0x62, 0x00, 0x00, 0x02, 0x00, 0x00, 0x00,
  0x01, 0x00, 0x00, 0x00, 0x10, 0x00, 0x00, 0x00, 0x0e, 0xa5, 0xfe, 0xff,
  0x00, 0x00, 0x00, 0x01, 0x18, 0x00, 0x00, 0x00, 0x20, 0x00, 0x00, 0x00,
  0x40, 0x00, 0x00, 0x00, 0x78, 0x01, 0x00, 0x00, 0x00, 0x00, 0x00, 0x09,
  0x60, 0x00, 0x00, 0x00, 0x02, 0x00, 0x00, 0x00, 0xff, 0xff, 0xff, 0xff,
  0x10, 0x00, 0x00, 0x00, 0xf4, 0xa4, 0xfe, 0xff, 0x08, 0x00, 0x00, 0x00,
  0x14, 0x00, 0x00, 0x00, 0x01, 0x00, 0x00, 0x00, 0x80, 0xff, 0xff, 0xff,
  0xff, 0xff, 0xff, 0xff, 0x00, 0x00, 0x00, 0x00, 0x01, 0x00, 0x00, 0x00,
  0x00, 0x00, 0x80, 0x3b, 0x26, 0x00, 0x00, 0x00, 0x73, 0x65, 0x71, 0x75,
  0x65, 0x6e, 0x74, 0x69, 0x61, 0x6c, 0x5f, 0x31, 0x2f, 0x67, 0x72, 0x75,
  0x5f, 0x31, 0x2f, 0x67, 0x72, 0x75, 0x5f, 0x63, 0x65, 0x6c, 0x6c, 0x5f,
  0x32, 0x39, 0x2f, 0x53, 0x69, 0x67, 0x6d, 0x6f, 0x69, 0x64, 0x00, 0x00,
  0x02, 0x00, 0x00, 0x00, 0x01, 0x00, 0x00, 0x00, 0x10, 0x00, 0x00, 0x00,
  0x96, 0xa5, 0xfe, 0xff, 0x00, 0x00, 0x00, 0x01, 0x18, 0x00, 0x00, 0x00,
  0x20, 0x00, 0x00, 0x00, 0x40, 0x00, 0x00, 0x00, 0x77, 0x01, 0x00, 0x00,
  0x00, 0x00, 0x00, 0x09, 0x60, 0x00, 0x00, 0x00, 0x02, 0x00, 0x00, 0x00,
  0xff, 0xff, 0xff, 0xff, 0x10, 0x00, 0x00, 0x00, 0x7c, 0xa5, 0xfe, 0xff,
  0x08, 0x00, 0x00, 0x00, 0x14, 0x00, 0x00, 0x00, 0x01, 0x00, 0x00, 0x00,
  0xb7, 0xff, 0xff, 0xff, 0xff, 0xff, 0xff, 0xff, 0x00, 0x00, 0x00, 0x00,
  0x01, 0x00, 0x00, 0x00, 0x7a, 0xd4, 0x42, 0x3c, 0x24, 0x00, 0x00, 0x00,
  0x73, 0x65, 0x71, 0x75, 0x65, 0x6e, 0x74, 0x69, 0x61, 0x6c, 0x5f, 0x31,
  0x2f, 0x67, 0x72, 0x75, 0x5f, 0x31, 0x2f, 0x67, 0x72, 0x75, 0x5f, 0x63,
  0x65, 0x6c, 0x6c, 0x5f, 0x32, 0x39, 0x2f, 0x61, 0x64, 0x64, 0x5f, 0x31,
  0x00, 0x00, 0x00, 0x00, 0x02, 0x00, 0x00, 0x00, 0x01, 0x00, 0x00, 0x00,
  0x10, 0x00, 0x00, 0x00, 0x1e, 0xa6, 0xfe, 0xff, 0x00, 0x00, 0x00, 0x01,
  0x18, 0x00, 0x00, 0x00, 0x20, 0x00, 0x00, 0x00, 0x40, 0x00, 0x00, 0x00,
  0x76, 0x01, 0x00, 0x00, 0x00, 0x00, 0x00, 0x09, 0x68, 0x00, 0x00, 0x00,
  0x02, 0x00, 0x00, 0x00, 0xff, 0xff, 0xff, 0xff, 0x10, 0x00, 0x00, 0x00,
  0x04, 0xa6, 0xfe, 0xff, 0x08, 0x00, 0x00, 0x00, 0x14, 0x00, 0x00, 0x00,
  0x01, 0x00, 0x00, 0x00, 0xfd, 0xff, 0xff, 0xff, 0xff, 0xff, 0xff, 0xff,
  0x00, 0x00, 0x00, 0x00, 0x01, 0x00, 0x00, 0x00, 0xf5, 0x2b, 0xef, 0x3b,
  0x2c, 0x00, 0x00, 0x00, 0x73, 0x65, 0x71, 0x75, 0x65, 0x6e, 0x74, 0x69,
  0x61, 0x6c, 0x5f, 0x31, 0x2f, 0x67, 0x72, 0x75, 0x5f, 0x31, 0x2f, 0x67,
  0x72, 0x75, 0x5f, 0x63, 0x65, 0x6c, 0x6c, 0x5f, 0x32, 0x39, 0x2f, 0x73,
  0x74, 0x72, 0x69, 0x64, 0x65, 0x64, 0x5f, 0x73, 0x6c, 0x69, 0x63, 0x65,
  0x00, 0x00, 0x00, 0x00, 0x02, 0x00, 0x00, 0x00, 0x01, 0x00, 0x00, 0x00,
  0x10, 0x00, 0x00, 0x00, 0xae, 0xa6, 0xfe, 0xff, 0x00, 0x00, 0x00, 0x01,
  0x18, 0x00, 0x00, 0x00, 0x20, 0x00, 0x00, 0x00, 0x3c, 0x00, 0x00, 0x00,
  0x75, 0x01, 0x00, 0x00, 0x00, 0x00, 0x00, 0x09, 0x80, 0x00, 0x00, 0x00,
  0x02, 0x00, 0x00, 0x00, 0xff, 0xff, 0xff, 0xff, 0x30, 0x00, 0x00, 0x00,
  0x94, 0xa6, 0xfe, 0xff, 0x08, 0x00, 0x00, 0x00, 0x10, 0x00, 0x00, 0x00,
  0x01, 0x00, 0x00, 0x00, 0xfd, 0xff, 0xff, 0xff, 0xff, 0xff, 0xff, 0xff,
  0x01, 0x00, 0x00, 0x00, 0xf5, 0x2b, 0xef, 0x3b, 0x4a, 0x00, 0x00, 0x00,
  0x73, 0x65, 0x71, 0x75, 0x65, 0x6e, 0x74, 0x69, 0x61, 0x6c, 0x5f, 0x31,
  0x2f, 0x67, 0x72, 0x75, 0x5f, 0x31, 0x2f, 0x67, 0x72, 0x75, 0x5f, 0x63,
  0x65, 0x6c, 0x6c, 0x5f, 0x32, 0x39, 0x2f, 0x4d, 0x61, 0x74, 0x4d, 0x75,
  0x6c, 0x5f, 0x31, 0x3b, 0x73, 0x65, 0x71, 0x75, 0x65, 0x6e, 0x74, 0x69,
  0x61, 0x6c, 0x5f, 0x31, 0x2f, 0x67, 0x72, 0x75, 0x5f, 0x31, 0x2f, 0x67,
  0x72, 0x75, 0x5f, 0x63, 0x65, 0x6c, 0x6c, 0x5f, 0x32, 0x39, 0x2f, 0x61,
  0x64, 0x64, 0x00, 0x00, 0x02, 0x00, 0x00, 0x00, 0x01, 0x00, 0x00, 0x00,
  0x30, 0x00, 0x00, 0x00, 0x56, 0xa7, 0xfe, 0xff, 0x00, 0x00, 0x00, 0x01,
  0x18, 0x00, 0x00, 0x00, 0x20, 0x00, 0x00, 0x00, 0x40, 0x00, 0x00, 0x00,
  0x74, 0x01, 0x00, 0x00, 0x00, 0x00, 0x00, 0x09, 0x60, 0x00, 0x00, 0x00,
  0x02, 0x00, 0x00, 0x00, 0xff, 0xff, 0xff, 0xff, 0x10, 0x00, 0x00, 0x00,
  0x3c, 0xa7, 0xfe, 0xff, 0x08, 0x00, 0x00, 0x00, 0x14, 0x00, 0x00, 0x00,
  0x01, 0x00, 0x00, 0x00, 0x13, 0x00, 0x00, 0x00, 0x00, 0x00, 0x00, 0x00,
  0x00, 0x00, 0x00, 0x00, 0x01, 0x00, 0x00, 0x00, 0xac, 0x41, 0xa1, 0x3b,
  0x24, 0x00, 0x00, 0x00, 0x73, 0x65, 0x71, 0x75, 0x65, 0x6e, 0x74, 0x69,
  0x61, 0x6c, 0x5f, 0x31, 0x2f, 0x67, 0x72, 0x75, 0x5f, 0x31, 0x2f, 0x67,
  0x72, 0x75, 0x5f, 0x63, 0x65, 0x6c, 0x6c, 0x5f, 0x32, 0x37, 0x2f, 0x61,
  0x64, 0x64, 0x5f, 0x34, 0x00, 0x00, 0x00, 0x00, 0x02, 0x00, 0x00, 0x00,
  0x01, 0x00, 0x00, 0x00, 0x10, 0x00, 0x00, 0x00, 0xde, 0xa7, 0xfe, 0xff,
  0x00, 0x00, 0x00, 0x01, 0x18, 0x00, 0x00, 0x00, 0x20, 0x00, 0x00, 0x00,
  0x40, 0x00, 0x00, 0x00, 0x73, 0x01, 0x00, 0x00, 0x00, 0x00, 0x00, 0x09,
  0x60, 0x00, 0x00, 0x00, 0x02, 0x00, 0x00, 0x00, 0xff, 0xff, 0xff, 0xff,
  0x10, 0x00, 0x00, 0x00, 0xc4, 0xa7, 0xfe, 0xff, 0x08, 0x00, 0x00, 0x00,
  0x14, 0x00, 0x00, 0x00, 0x01, 0x00, 0x00, 0x00, 0x0f, 0x00, 0x00, 0x00,
  0x00, 0x00, 0x00, 0x00, 0x00, 0x00, 0x00, 0x00, 0x01, 0x00, 0x00, 0x00,
  0x63, 0xda, 0x43, 0x3b, 0x24, 0x00, 0x00, 0x00, 0x73, 0x65, 0x71, 0x75,
  0x65, 0x6e, 0x74, 0x69, 0x61, 0x6c, 0x5f, 0x31, 0x2f, 0x67, 0x72, 0x75,
  0x5f, 0x31, 0x2f, 0x67, 0x72, 0x75, 0x5f, 0x63, 0x65, 0x6c, 0x6c, 0x5f,
  0x32, 0x37, 0x2f, 0x6d, 0x75, 0x6c, 0x5f, 0x32, 0x00, 0x00, 0x00, 0x00,
  0x02, 0x00, 0x00, 0x00, 0x01, 0x00, 0x00, 0x00, 0x10, 0x00, 0x00, 0x00,
  0x66, 0xa8, 0xfe, 0xff, 0x00, 0x00, 0x00, 0x01, 0x18, 0x00, 0x00, 0x00,
  0x20, 0x00, 0x00, 0x00, 0x3c, 0x00, 0x00, 0x00, 0x72, 0x01, 0x00, 0x00,
  0x00, 0x00, 0x00, 0x09, 0x58, 0x00, 0x00, 0x00, 0x02, 0x00, 0x00, 0x00,
  0xff, 0xff, 0xff, 0xff, 0x10, 0x00, 0x00, 0x00, 0x4c, 0xa8, 0xfe, 0xff,
  0x08, 0x00, 0x00, 0x00, 0x10, 0x00, 0x00, 0x00, 0x01, 0x00, 0x00, 0x00,
  0x00, 0x00, 0x00, 0x00, 0x00, 0x00, 0x00, 0x00, 0x01, 0x00, 0x00, 0x00,
  0x00, 0x00, 0x00, 0x3c, 0x23, 0x00, 0x00, 0x00, 0x73, 0x65, 0x71, 0x75,
  0x65, 0x6e, 0x74, 0x69, 0x61, 0x6c, 0x5f, 0x31, 0x2f, 0x67, 0x72, 0x75,
  0x5f, 0x31, 0x2f, 0x67, 0x72, 0x75, 0x5f, 0x63, 0x65, 0x6c, 0x6c, 0x5f,
  0x32, 0x37, 0x2f, 0x54, 0x61, 0x6e, 0x68, 0x00, 0x02, 0x00, 0x00, 0x00,
  0x01, 0x00, 0x00, 0x00, 0x10, 0x00, 0x00, 0x00, 0xe6, 0xa8, 0xfe, 0xff,
  0x00, 0x00, 0x00, 0x01, 0x18, 0x00, 0x00, 0x00, 0x20, 0x00, 0x00, 0x00,
  0x40, 0x00, 0x00, 0x00, 0x71, 0x01, 0x00, 0x00, 0x00, 0x00, 0x00, 0x09,
  0x60, 0x00, 0x00, 0x00, 0x02, 0x00, 0x00, 0x00, 0xff, 0xff, 0xff, 0xff,
  0x10, 0x00, 0x00, 0x00, 0xcc, 0xa8, 0xfe, 0xff, 0x08, 0x00, 0x00, 0x00,
  0x14, 0x00, 0x00, 0x00, 0x01, 0x00, 0x00, 0x00, 0x12, 0x00, 0x00, 0x00,
  0x00, 0x00, 0x00, 0x00, 0x00, 0x00, 0x00, 0x00, 0x01, 0x00, 0x00, 0x00,
  0x60, 0xe4, 0xf6, 0x3b, 0x24, 0x00, 0x00, 0x00, 0x73, 0x65, 0x71, 0x75,
  0x65, 0x6e, 0x74, 0x69, 0x61, 0x6c, 0x5f, 0x31, 0x2f, 0x67, 0x72, 0x75,
  0x5f, 0x31, 0x2f, 0x67, 0x72, 0x75, 0x5f, 0x63, 0x65, 0x6c, 0x6c, 0x5f,
  0x32, 0x37, 0x2f, 0x61, 0x64, 0x64, 0x5f, 0x33, 0x00, 0x00, 0x00, 0x00,
  0x02, 0x00, 0x00, 0x00, 0x01, 0x00, 0x00, 0x00, 0x10, 0x00, 0x00, 0x00,
  0x6e, 0xa9, 0xfe, 0xff, 0x00, 0x00, 0x00, 0x01, 0x18, 0x00, 0x00, 0x00,
  0x20, 0x00, 0x00, 0x00, 0x3c, 0x00, 0x00, 0x00, 0x70, 0x01, 0x00, 0x00,
  0x00, 0x00, 0x00, 0x09, 0x58, 0x00, 0x00, 0x00, 0x02, 0x00, 0x00, 0x00,
  0xff, 0xff, 0xff, 0xff, 0x10, 0x00, 0x00, 0x00, 0x54, 0xa9, 0xfe, 0xff,
  0x08, 0x00, 0x00, 0x00, 0x10, 0x00, 0x00, 0x00, 0x01, 0x00, 0x00, 0x00,
  0x0e, 0x00, 0x00, 0x00, 0x00, 0x00, 0x00, 0x00, 0x01, 0x00, 0x00, 0x00,
  0x24, 0x8c, 0x45, 0x3b, 0x22, 0x00, 0x00, 0x00, 0x73, 0x65, 0x71, 0x75,
  0x65, 0x6e, 0x74, 0x69, 0x61, 0x6c, 0x5f, 0x31, 0x2f, 0x67, 0x72, 0x75,
  0x5f, 0x31, 0x2f, 0x67, 0x72, 0x75, 0x5f, 0x63, 0x65, 0x6c, 0x6c, 0x5f,
  0x32, 0x37, 0x2f, 0x6d, 0x75, 0x6c, 0x00, 0x00, 0x02, 0x00, 0x00, 0x00,
  0x01, 0x00, 0x00, 0x00, 0x10, 0x00, 0x00, 0x00, 0xee, 0xa9, 0xfe, 0xff,
  0x00, 0x00, 0x00, 0x01, 0x18, 0x00, 0x00, 0x00, 0x20, 0x00, 0x00, 0x00,
  0x40, 0x00, 0x00, 0x00, 0x6f, 0x01, 0x00, 0x00, 0x00, 0x00, 0x00, 0x09,
  0x68, 0x00, 0x00, 0x00, 0x02, 0x00, 0x00, 0x00, 0xff, 0xff, 0xff, 0xff,
  0x10, 0x00, 0x00, 0x00, 0xd4, 0xa9, 0xfe, 0xff, 0x08, 0x00, 0x00, 0x00,
  0x14, 0x00, 0x00, 0x00, 0x01, 0x00, 0x00, 0x00, 0xfd, 0xff, 0xff, 0xff,
  0xff, 0xff, 0xff, 0xff, 0x00, 0x00, 0x00, 0x00, 0x01, 0x00, 0x00, 0x00,
  0xa3, 0x65, 0xf1, 0x3b, 0x2e, 0x00, 0x00, 0x00, 0x73, 0x65, 0x71, 0x75,
  0x65, 0x6e, 0x74, 0x69, 0x61, 0x6c, 0x5f, 0x31, 0x2f, 0x67, 0x72, 0x75,
  0x5f, 0x31, 0x2f, 0x67, 0x72, 0x75, 0x5f, 0x63, 0x65, 0x6c, 0x6c, 0x5f,
  0x32, 0x37, 0x2f, 0x73, 0x74, 0x72, 0x69, 0x64, 0x65, 0x64, 0x5f, 0x73,
  0x6c, 0x69, 0x63, 0x65, 0x5f, 0x32, 0x00, 0x00, 0x02, 0x00, 0x00, 0x00,
  0x01, 0x00, 0x00, 0x00, 0x10, 0x00, 0x00, 0x00, 0x7e, 0xaa, 0xfe, 0xff,
  0x00, 0x00, 0x00, 0x01, 0x18, 0x00, 0x00, 0x00, 0x20, 0x00, 0x00, 0x00,
  0x3c, 0x00, 0x00, 0x00, 0x6e, 0x01, 0x00, 0x00, 0x00, 0x00, 0x00, 0x09,
  0x60, 0x00, 0x00, 0x00, 0x02, 0x00, 0x00, 0x00, 0xff, 0xff, 0xff, 0xff,
  0x10, 0x00, 0x00, 0x00, 0x64, 0xaa, 0xfe, 0xff, 0x08, 0x00, 0x00, 0x00,
  0x10, 0x00, 0x00, 0x00, 0x01, 0x00, 0x00, 0x00, 0x80, 0xff, 0xff, 0xff,
  0xff, 0xff, 0xff, 0xff, 0x01, 0x00, 0x00, 0x00, 0x00, 0x00, 0x80, 0x3b,
  0x28, 0x00, 0x00, 0x00, 0x73, 0x65, 0x71, 0x75, 0x65, 0x6e, 0x74, 0x69,
  0x61, 0x6c, 0x5f, 0x31, 0x2f, 0x67, 0x72, 0x75, 0x5f, 0x31, 0x2f, 0x67,
  0x72, 0x75, 0x5f, 0x63, 0x65, 0x6c, 0x6c, 0x5f, 0x32, 0x37, 0x2f, 0x53,
  0x69, 0x67, 0x6d, 0x6f, 0x69, 0x64, 0x5f, 0x31, 0x00, 0x00, 0x00, 0x00,
  0x02, 0x00, 0x00, 0x00, 0x01, 0x00, 0x00, 0x00, 0x10, 0x00, 0x00, 0x00,
  0x06, 0xab, 0xfe, 0xff, 0x00, 0x00, 0x00, 0x01, 0x18, 0x00, 0x00, 0x00,
  0x20, 0x00, 0x00, 0x00, 0x40, 0x00, 0x00, 0x00, 0x6d, 0x01, 0x00, 0x00,
  0x00, 0x00, 0x00, 0x09, 0x60, 0x00, 0x00, 0x00, 0x02, 0x00, 0x00, 0x00,
  0xff, 0xff, 0xff, 0xff, 0x10, 0x00, 0x00, 0x00, 0xec, 0xaa, 0xfe, 0xff,
  0x08, 0x00, 0x00, 0x00, 0x14, 0x00, 0x00, 0x00, 0x01, 0x00, 0x00, 0x00,
  0x03, 0x00, 0x00, 0x00, 0x00, 0x00, 0x00, 0x00, 0x00, 0x00, 0x00, 0x00,
  0x01, 0x00, 0x00, 0x00, 0xda, 0x5d, 0x6d, 0x3c, 0x24, 0x00, 0x00, 0x00,
  0x73, 0x65, 0x71, 0x75, 0x65, 0x6e, 0x74, 0x69, 0x61, 0x6c, 0x5f, 0x31,
  0x2f, 0x67, 0x72, 0x75, 0x5f, 0x31, 0x2f, 0x67, 0x72, 0x75, 0x5f, 0x63,
  0x65, 0x6c, 0x6c, 0x5f, 0x32, 0x37, 0x2f, 0x61, 0x64, 0x64, 0x5f, 0x32,
  0x00, 0x00, 0x00, 0x00, 0x02, 0x00, 0x00, 0x00, 0x01, 0x00, 0x00, 0x00,
  0x10, 0x00, 0x00, 0x00, 0x8e, 0xab, 0xfe, 0xff, 0x00, 0x00, 0x00, 0x01,
  0x18, 0x00, 0x00, 0x00, 0x20, 0x00, 0x00, 0x00, 0x40, 0x00, 0x00, 0x00,
  0x6c, 0x01, 0x00, 0x00, 0x00, 0x00, 0x00, 0x09, 0x68, 0x00, 0x00, 0x00,
  0x02, 0x00, 0x00, 0x00, 0xff, 0xff, 0xff, 0xff, 0x10, 0x00, 0x00, 0x00,
  0x74, 0xab, 0xfe, 0xff, 0x08, 0x00, 0x00, 0x00, 0x14, 0x00, 0x00, 0x00,
  0x01, 0x00, 0x00, 0x00, 0xfd, 0xff, 0xff, 0xff, 0xff, 0xff, 0xff, 0xff,
  0x00, 0x00, 0x00, 0x00, 0x01, 0x00, 0x00, 0x00, 0xa3, 0x65, 0xf1, 0x3b,
  0x2e, 0x00, 0x00, 0x00, 0x73, 0x65, 0x71, 0x75, 0x65, 0x6e, 0x74, 0x69,
  0x61, 0x6c, 0x5f, 0x31, 0x2f, 0x67, 0x72, 0x75, 0x5f, 0x31, 0x2f, 0x67,
  0x72, 0x75, 0x5f, 0x63, 0x65, 0x6c, 0x6c, 0x5f, 0x32, 0x37, 0x2f, 0x73,
  0x74, 0x72, 0x69, 0x64, 0x65, 0x64, 0x5f, 0x73, 0x6c, 0x69, 0x63, 0x65,
  0x5f, 0x31, 0x00, 0x00, 0x02, 0x00, 0x00, 0x00, 0x01, 0x00, 0x00, 0x00,
  0x10, 0x00, 0x00, 0x00, 0x1e, 0xac, 0xfe, 0xff, 0x00, 0x00, 0x00, 0x01,
  0x18, 0x00, 0x00, 0x00, 0x20, 0x00, 0x00, 0x00, 0x40, 0x00, 0x00, 0x00,
  0x6b, 0x01, 0x00, 0x00, 0x00, 0x00, 0x00, 0x09, 0x60, 0x00, 0x00, 0x00,
  0x02, 0x00, 0x00, 0x00, 0xff, 0xff, 0xff, 0xff, 0x10, 0x00, 0x00, 0x00,
  0x04, 0xac, 0xfe, 0xff, 0x08, 0x00, 0x00, 0x00, 0x14, 0x00, 0x00, 0x00,
  0x01, 0x00, 0x00, 0x00, 0x13, 0x00, 0x00, 0x00, 0x00, 0x00, 0x00, 0x00,
  0x00, 0x00, 0x00, 0x00, 0x01, 0x00, 0x00, 0x00, 0xac, 0x41, 0xa1, 0x3b,
  0x24, 0x00, 0x00, 0x00, 0x73, 0x65, 0x71, 0x75, 0x65, 0x6e, 0x74, 0x69,
  0x61, 0x6c, 0x5f, 0x31, 0x2f, 0x67, 0x72, 0x75, 0x5f, 0x31, 0x2f, 0x67,
  0x72, 0x75, 0x5f, 0x63, 0x65, 0x6c, 0x6c, 0x5f, 0x32, 0x37, 0x2f, 0x6d,
  0x75, 0x6c, 0x5f, 0x31, 0x00, 0x00, 0x00, 0x00, 0x02, 0x00, 0x00, 0x00,
  0x01, 0x00, 0x00, 0x00, 0x10, 0x00, 0x00, 0x00, 0xa6, 0xac, 0xfe, 0xff,
  0x00, 0x00, 0x00, 0x01, 0x18, 0x00, 0x00, 0x00, 0x20, 0x00, 0x00, 0x00,
  0x3c, 0x00, 0x00, 0x00, 0x6a, 0x01, 0x00, 0x00, 0x00, 0x00, 0x00, 0x09,
  0x58, 0x00, 0x00, 0x00, 0x02, 0x00, 0x00, 0x00, 0xff, 0xff, 0xff, 0xff,
  0x10, 0x00, 0x00, 0x00, 0x8c, 0xac, 0xfe, 0xff, 0x08, 0x00, 0x00, 0x00,
  0x10, 0x00, 0x00, 0x00, 0x01, 0x00, 0x00, 0x00, 0xe0, 0xff, 0xff, 0xff,
  0xff, 0xff, 0xff, 0xff, 0x01, 0x00, 0x00, 0x00, 0x9c, 0x74, 0x92, 0x3b,
  0x22, 0x00, 0x00, 0x00, 0x73, 0x65, 0x71, 0x75, 0x65, 0x6e, 0x74, 0x69,
  0x61, 0x6c, 0x5f, 0x31, 0x2f, 0x67, 0x72, 0x75, 0x5f, 0x31, 0x2f, 0x67,
  0x72, 0x75, 0x5f, 0x63, 0x65, 0x6c, 0x6c, 0x5f, 0x32, 0x37, 0x2f, 0x73,
  0x75, 0x62, 0x00, 0x00, 0x02, 0x00, 0x00, 0x00, 0x01, 0x00, 0x00, 0x00,
  0x10, 0x00, 0x00, 0x00, 0x26, 0xad, 0xfe, 0xff, 0x00, 0x00, 0x00, 0x01,
  0x18, 0x00, 0x00, 0x00, 0x20, 0x00, 0x00, 0x00, 0x40, 0x00, 0x00, 0x00,
  0x69, 0x01, 0x00, 0x00, 0x00, 0x00, 0x00, 0x09, 0x60, 0x00, 0x00, 0x00,
  0x02, 0x00, 0x00, 0x00, 0xff, 0xff, 0xff, 0xff, 0x10, 0x00, 0x00, 0x00,
  0x0c, 0xad, 0xfe, 0xff, 0x08, 0x00, 0x00, 0x00, 0x14, 0x00, 0x00, 0x00,
  0x01, 0x00, 0x00, 0x00, 0x80, 0xff, 0xff, 0xff, 0xff, 0xff, 0xff, 0xff,
  0x00, 0x00, 0x00, 0x00, 0x01, 0x00, 0x00, 0x00, 0x00, 0x00, 0x80, 0x3b,
  0x26, 0x00, 0x00, 0x00, 0x73, 0x65, 0x71, 0x75, 0x65, 0x6e, 0x74, 0x69,
  0x61, 0x6c, 0x5f, 0x31, 0x2f, 0x67, 0x72, 0x75, 0x5f, 0x31, 0x2f, 0x67,
  0x72, 0x75, 0x5f, 0x63, 0x65, 0x6c, 0x6c, 0x5f, 0x32, 0x37, 0x2f, 0x53,
  0x69, 0x67, 0x6d, 0x6f, 0x69, 0x64, 0x00, 0x00, 0x02, 0x00, 0x00, 0x00,
  0x01, 0x00, 0x00, 0x00, 0x10, 0x00, 0x00, 0x00, 0xae, 0xad, 0xfe, 0xff,
  0x00, 0x00, 0x00, 0x01, 0x18, 0x00, 0x00, 0x00, 0x20, 0x00, 0x00, 0x00,
  0x40, 0x00, 0x00, 0x00, 0x68, 0x01, 0x00, 0x00, 0x00, 0x00, 0x00, 0x09,
  0x60, 0x00, 0x00, 0x00, 0x02, 0x00, 0x00, 0x00, 0xff, 0xff, 0xff, 0xff,
  0x10, 0x00, 0x00, 0x00, 0x94, 0xad, 0xfe, 0xff, 0x08, 0x00, 0x00, 0x00,
  0x14, 0x00, 0x00, 0x00, 0x01, 0x00, 0x00, 0x00, 0xc8, 0xff, 0xff, 0xff,
  0xff, 0xff, 0xff, 0xff, 0x00, 0x00, 0x00, 0x00, 0x01, 0x00, 0x00, 0x00,
  0x8c, 0x4f, 0x4e, 0x3c, 0x24, 0x00, 0x00, 0x00, 0x73, 0x65, 0x71, 0x75,
  0x65, 0x6e, 0x74, 0x69, 0x61, 0x6c, 0x5f, 0x31, 0x2f, 0x67, 0x72, 0x75,
  0x5f, 0x31, 0x2f, 0x67, 0x72, 0x75, 0x5f, 0x63, 0x65, 0x6c, 0x6c, 0x5f,
  0x32, 0x37, 0x2f, 0x61, 0x64, 0x64, 0x5f, 0x31, 0x00, 0x00, 0x00, 0x00,
  0x02, 0x00, 0x00, 0x00, 0x01, 0x00, 0x00, 0x00, 0x10, 0x00, 0x00, 0x00,
  0x36, 0xae, 0xfe, 0xff, 0x00, 0x00, 0x00, 0x01, 0x18, 0x00, 0x00, 0x00,
  0x20, 0x00, 0x00, 0x00, 0x40, 0x00, 0x00, 0x00, 0x67, 0x01, 0x00, 0x00,
  0x00, 0x00, 0x00, 0x09, 0x68, 0x00, 0x00, 0x00, 0x02, 0x00, 0x00, 0x00,
  0xff, 0xff, 0xff, 0xff, 0x10, 0x00, 0x00, 0x00, 0x1c, 0xae, 0xfe, 0xff,
  0x08, 0x00, 0x00, 0x00, 0x14, 0x00, 0x00, 0x00, 0x01, 0x00, 0x00, 0x00,
  0xfd, 0xff, 0xff, 0xff, 0xff, 0xff, 0xff, 0xff, 0x00, 0x00, 0x00, 0x00,
  0x01, 0x00, 0x00, 0x00, 0xa3, 0x65, 0xf1, 0x3b, 0x2c, 0x00, 0x00, 0x00,
  0x73, 0x65, 0x71, 0x75, 0x65, 0x6e, 0x74, 0x69, 0x61, 0x6c, 0x5f, 0x31,
  0x2f, 0x67, 0x72, 0x75, 0x5f, 0x31, 0x2f, 0x67, 0x72, 0x75, 0x5f, 0x63,
  0x65, 0x6c, 0x6c, 0x5f, 0x32, 0x37, 0x2f, 0x73, 0x74, 0x72, 0x69, 0x64,
  0x65, 0x64, 0x5f, 0x73, 0x6c, 0x69, 0x63, 0x65, 0x00, 0x00, 0x00, 0x00,
  0x02, 0x00, 0x00, 0x00, 0x01, 0x00, 0x00, 0x00, 0x10, 0x00, 0x00, 0x00,
  0xc6, 0xae, 0xfe, 0xff, 0x00, 0x00, 0x00, 0x01, 0x18, 0x00, 0x00, 0x00,
  0x20, 0x00, 0x00, 0x00, 0x3c, 0x00, 0x00, 0x00, 0x66, 0x01, 0x00, 0x00,
  0x00, 0x00, 0x00, 0x09, 0x80, 0x00, 0x00, 0x00, 0x02, 0x00, 0x00, 0x00,
  0xff, 0xff, 0xff, 0xff, 0x30, 0x00, 0x00, 0x00, 0xac, 0xae, 0xfe, 0xff,
  0x08, 0x00, 0x00, 0x00, 0x10, 0x00, 0x00, 0x00, 0x01, 0x00, 0x00, 0x00,
  0xfd, 0xff, 0xff, 0xff, 0xff, 0xff, 0xff, 0xff, 0x01, 0x00, 0x00, 0x00,
  0xa3, 0x65, 0xf1, 0x3b, 0x4a, 0x00, 0x00, 0x00, 0x73, 0x65, 0x71, 0x75,
  0x65, 0x6e, 0x74, 0x69, 0x61, 0x6c, 0x5f, 0x31, 0x2f, 0x67, 0x72, 0x75,
  0x5f, 0x31, 0x2f, 0x67, 0x72, 0x75, 0x5f, 0x63, 0x65, 0x6c, 0x6c, 0x5f,
  0x32, 0x37, 0x2f, 0x4d, 0x61, 0x74, 0x4d, 0x75, 0x6c, 0x5f, 0x31, 0x3b,
  0x73, 0x65, 0x71, 0x75, 0x65, 0x6e, 0x74, 0x69, 0x61, 0x6c, 0x5f, 0x31,
  0x2f, 0x67, 0x72, 0x75, 0x5f, 0x31, 0x2f, 0x67, 0x72, 0x75, 0x5f, 0x63,
  0x65, 0x6c, 0x6c, 0x5f, 0x32, 0x37, 0x2f, 0x61, 0x64, 0x64, 0x00, 0x00,
  0x02, 0x00, 0x00, 0x00, 0x01, 0x00, 0x00, 0x00, 0x30, 0x00, 0x00, 0x00,
  0x6e, 0xaf, 0xfe, 0xff, 0x00, 0x00, 0x00, 0x01, 0x18, 0x00, 0x00, 0x00,
  0x20, 0x00, 0x00, 0x00, 0x40, 0x00, 0x00, 0x00, 0x65, 0x01, 0x00, 0x00,
  0x00, 0x00, 0x00, 0x09, 0x60, 0x00, 0x00, 0x00, 0x02, 0x00, 0x00, 0x00,
  0xff, 0xff, 0xff, 0xff, 0x10, 0x00, 0x00, 0x00, 0x54, 0xaf, 0xfe, 0xff,
  0x08, 0x00, 0x00, 0x00, 0x14, 0x00, 0x00, 0x00, 0x01, 0x00, 0x00, 0x00,
  0x10, 0x00, 0x00, 0x00, 0x00, 0x00, 0x00, 0x00, 0x00, 0x00, 0x00, 0x00,
  0x01, 0x00, 0x00, 0x00, 0xfc, 0xb1, 0x9e, 0x3b, 0x24, 0x00, 0x00, 0x00,
  0x73, 0x65, 0x71, 0x75, 0x65, 0x6e, 0x74, 0x69, 0x61, 0x6c, 0x5f, 0x31,
  0x2f, 0x67, 0x72, 0x75, 0x5f, 0x31, 0x2f, 0x67, 0x72, 0x75, 0x5f, 0x63,
  0x65, 0x6c, 0x6c, 0x5f, 0x32, 0x35, 0x2f, 0x61, 0x64, 0x64, 0x5f, 0x34,
  0x00, 0x00, 0x00, 0x00, 0x02, 0x00, 0x00, 0x00, 0x01, 0x00, 0x00, 0x00,
  0x10, 0x00, 0x00, 0x00, 0xf6, 0xaf, 0xfe, 0xff, 0x00, 0x00, 0x00, 0x01,
  0x18, 0x00, 0x00, 0x00, 0x20, 0x00, 0x00, 0x00, 0x40, 0x00, 0x00, 0x00,
  0x64, 0x01, 0x00, 0x00, 0x00, 0x00, 0x00, 0x09, 0x60, 0x00, 0x00, 0x00,
  0x02, 0x00, 0x00, 0x00, 0xff, 0xff, 0xff, 0xff, 0x10, 0x00, 0x00, 0x00,
  0xdc, 0xaf, 0xfe, 0xff, 0x08, 0x00, 0x00, 0x00, 0x14, 0x00, 0x00, 0x00,
  0x01, 0x00, 0x00, 0x00, 0x0b, 0x00, 0x00, 0x00, 0x00, 0x00, 0x00, 0x00,
  0x00, 0x00, 0x00, 0x00, 0x01, 0x00, 0x00, 0x00, 0xf3, 0x3f, 0x47, 0x3b,
  0x24, 0x00, 0x00, 0x00, 0x73, 0x65, 0x71, 0x75, 0x65, 0x6e, 0x74, 0x69,
  0x61, 0x6c, 0x5f, 0x31, 0x2f, 0x67, 0x72, 0x75, 0x5f, 0x31, 0x2f, 0x67,
  0x72, 0x75, 0x5f, 0x63, 0x65, 0x6c, 0x6c, 0x5f, 0x32, 0x35, 0x2f, 0x6d,
  0x75, 0x6c, 0x5f, 0x32, 0x00, 0x00, 0x00, 0x00, 0x02, 0x00, 0x00, 0x00,
  0x01, 0x00, 0x00, 0x00, 0x10, 0x00, 0x00, 0x00, 0x7e, 0xb0, 0xfe, 0xff,
  0x00, 0x00, 0x00, 0x01, 0x18, 0x00, 0x00, 0x00, 0x20, 0x00, 0x00, 0x00,
  0x3c, 0x00, 0x00, 0x00, 0x63, 0x01, 0x00, 0x00, 0x00, 0x00, 0x00, 0x09,
  0x58, 0x00, 0x00, 0x00, 0x02, 0x00, 0x00, 0x00, 0xff, 0xff, 0xff, 0xff,
  0x10, 0x00, 0x00, 0x00, 0x64, 0xb0, 0xfe, 0xff, 0x08, 0x00, 0x00, 0x00,
  0x10, 0x00, 0x00, 0x00, 0x01, 0x00, 0x00, 0x00, 0x00, 0x00, 0x00, 0x00,
  0x00, 0x00, 0x00, 0x00, 0x01, 0x00, 0x00, 0x00, 0x00, 0x00, 0x00, 0x3c,
  0x23, 0x00, 0x00, 0x00, 0x73, 0x65, 0x71, 0x75, 0x65, 0x6e, 0x74, 0x69,
  0x61, 0x6c, 0x5f, 0x31, 0x2f, 0x67, 0x72, 0x75, 0x5f, 0x31, 0x2f, 0x67,
  0x72, 0x75, 0x5f, 0x63, 0x65, 0x6c, 0x6c, 0x5f, 0x32, 0x35, 0x2f, 0x54,
  0x61, 0x6e, 0x68, 0x00, 0x02, 0x00, 0x00, 0x00, 0x01, 0x00, 0x00, 0x00,
  0x10, 0x00, 0x00, 0x00, 0xfe, 0xb0, 0xfe, 0xff, 0x00, 0x00, 0x00, 0x01,
  0x18, 0x00, 0x00, 0x00, 0x20, 0x00, 0x00, 0x00, 0x40, 0x00, 0x00, 0x00,
  0x62, 0x01, 0x00, 0x00, 0x00, 0x00, 0x00, 0x09, 0x60, 0x00, 0x00, 0x00,
  0x02, 0x00, 0x00, 0x00, 0xff, 0xff, 0xff, 0xff, 0x10, 0x00, 0x00, 0x00,
  0xe4, 0xb0, 0xfe, 0xff, 0x08, 0x00, 0x00, 0x00, 0x14, 0x00, 0x00, 0x00,
  0x01, 0x00, 0x00, 0x00, 0x05, 0x00, 0x00, 0x00, 0x00, 0x00, 0x00, 0x00,
  0x00, 0x00, 0x00, 0x00, 0x01, 0x00, 0x00, 0x00, 0x7e, 0xc9, 0xfa, 0x3b,
  0x24, 0x00, 0x00, 0x00, 0x73, 0x65, 0x71, 0x75, 0x65, 0x6e, 0x74, 0x69,
  0x61, 0x6c, 0x5f, 0x31, 0x2f, 0x67, 0x72, 0x75, 0x5f, 0x31, 0x2f, 0x67,
  0x72, 0x75, 0x5f, 0x63, 0x65, 0x6c, 0x6c, 0x5f, 0x32, 0x35, 0x2f, 0x61,
  0x64, 0x64, 0x5f, 0x33, 0x00, 0x00, 0x00, 0x00, 0x02, 0x00, 0x00, 0x00,
  0x01, 0x00, 0x00, 0x00, 0x10, 0x00, 0x00, 0x00, 0x86, 0xb1, 0xfe, 0xff,
  0x00, 0x00, 0x00, 0x01, 0x18, 0x00, 0x00, 0x00, 0x20, 0x00, 0x00, 0x00,
  0x3c, 0x00, 0x00, 0x00, 0x61, 0x01, 0x00, 0x00, 0x00, 0x00, 0x00, 0x09,
  0x58, 0x00, 0x00, 0x00, 0x02, 0x00, 0x00, 0x00, 0xff, 0xff, 0xff, 0xff,
  0x10, 0x00, 0x00, 0x00, 0x6c, 0xb1, 0xfe, 0xff, 0x08, 0x00, 0x00, 0x00,
  0x10, 0x00, 0x00, 0x00, 0x01, 0x00, 0x00, 0x00, 0x0f, 0x00, 0x00, 0x00,
  0x00, 0x00, 0x00, 0x00, 0x01, 0x00, 0x00, 0x00, 0x04, 0x80, 0x42, 0x3b,
  0x22, 0x00, 0x00, 0x00, 0x73, 0x65, 0x71, 0x75, 0x65, 0x6e, 0x74, 0x69,
  0x61, 0x6c, 0x5f, 0x31, 0x2f, 0x67, 0x72, 0x75, 0x5f, 0x31, 0x2f, 0x67,
  0x72, 0x75, 0x5f, 0x63, 0x65, 0x6c, 0x6c, 0x5f, 0x32, 0x35, 0x2f, 0x6d,
  0x75, 0x6c, 0x00, 0x00, 0x02, 0x00, 0x00, 0x00, 0x01, 0x00, 0x00, 0x00,
  0x10, 0x00, 0x00, 0x00, 0x06, 0xb2, 0xfe, 0xff, 0x00, 0x00, 0x00, 0x01,
  0x18, 0x00, 0x00, 0x00, 0x20, 0x00, 0x00, 0x00, 0x40, 0x00, 0x00, 0x00,
  0x60, 0x01, 0x00, 0x00, 0x00, 0x00, 0x00, 0x09, 0x68, 0x00, 0x00, 0x00,
  0x02, 0x00, 0x00, 0x00, 0xff, 0xff, 0xff, 0xff, 0x10, 0x00, 0x00, 0x00,
  0xec, 0xb1, 0xfe, 0xff, 0x08, 0x00, 0x00, 0x00, 0x14, 0x00, 0x00, 0x00,
  0x01, 0x00, 0x00, 0x00, 0x00, 0x00, 0x00, 0x00, 0x00, 0x00, 0x00, 0x00,
  0x00, 0x00, 0x00, 0x00, 0x01, 0x00, 0x00, 0x00, 0x83, 0xa2, 0xf4, 0x3b,
  0x2e, 0x00, 0x00, 0x00, 0x73, 0x65, 0x71, 0x75, 0x65, 0x6e, 0x74, 0x69,
  0x61, 0x6c, 0x5f, 0x31, 0x2f, 0x67, 0x72, 0x75, 0x5f, 0x31, 0x2f, 0x67,
  0x72, 0x75, 0x5f, 0x63, 0x65, 0x6c, 0x6c, 0x5f, 0x32, 0x35, 0x2f, 0x73,
  0x74, 0x72, 0x69, 0x64, 0x65, 0x64, 0x5f, 0x73, 0x6c, 0x69, 0x63, 0x65,
  0x5f, 0x32, 0x00, 0x00, 0x02, 0x00, 0x00, 0x00, 0x01, 0x00, 0x00, 0x00,
  0x10, 0x00, 0x00, 0x00, 0x96, 0xb2, 0xfe, 0xff, 0x00, 0x00, 0x00, 0x01,
  0x18, 0x00, 0x00, 0x00, 0x20, 0x00, 0x00, 0x00, 0x3c, 0x00, 0x00, 0x00,
  0x5f, 0x01, 0x00, 0x00, 0x00, 0x00, 0x00, 0x09, 0x60, 0x00, 0x00, 0x00,
  0x02, 0x00, 0x00, 0x00, 0xff, 0xff, 0xff, 0xff, 0x10, 0x00, 0x00, 0x00,
  0x7c, 0xb2, 0xfe, 0xff, 0x08, 0x00, 0x00, 0x00, 0x10, 0x00, 0x00, 0x00,
  0x01, 0x00, 0x00, 0x00, 0x80, 0xff, 0xff, 0xff, 0xff, 0xff, 0xff, 0xff,
  0x01, 0x00, 0x00, 0x00, 0x00, 0x00, 0x80, 0x3b, 0x28, 0x00, 0x00, 0x00,
  0x73, 0x65, 0x71, 0x75, 0x65, 0x6e, 0x74, 0x69, 0x61, 0x6c, 0x5f, 0x31,
  0x2f, 0x67, 0x72, 0x75, 0x5f, 0x31, 0x2f, 0x67, 0x72, 0x75, 0x5f, 0x63,
  0x65, 0x6c, 0x6c, 0x5f, 0x32, 0x35, 0x2f, 0x53, 0x69, 0x67, 0x6d, 0x6f,
  0x69, 0x64, 0x5f, 0x31, 0x00, 0x00, 0x00, 0x00, 0x02, 0x00, 0x00, 0x00,
  0x01, 0x00, 0x00, 0x00, 0x10, 0x00, 0x00, 0x00, 0x1e, 0xb3, 0xfe, 0xff,
  0x00, 0x00, 0x00, 0x01, 0x18, 0x00, 0x00, 0x00, 0x20, 0x00, 0x00, 0x00,
  0x40, 0x00, 0x00, 0x00, 0x5e, 0x01, 0x00, 0x00, 0x00, 0x00, 0x00, 0x09,
  0x60, 0x00, 0x00, 0x00, 0x02, 0x00, 0x00, 0x00, 0xff, 0xff, 0xff, 0xff,
  0x10, 0x00, 0x00, 0x00, 0x04, 0xb3, 0xfe, 0xff, 0x08, 0x00, 0x00, 0x00,
  0x14, 0x00, 0x00, 0x00, 0x01, 0x00, 0x00, 0x00, 0x06, 0x00, 0x00, 0x00,
  0x00, 0x00, 0x00, 0x00, 0x00, 0x00, 0x00, 0x00, 0x01, 0x00, 0x00, 0x00,
  0xe6, 0x8e, 0x7c, 0x3c, 0x24, 0x00, 0x00, 0x00, 0x73, 0x65, 0x71, 0x75,
  0x65, 0x6e, 0x74, 0x69, 0x61, 0x6c, 0x5f, 0x31, 0x2f, 0x67, 0x72, 0x75,
  0x5f, 0x31, 0x2f, 0x67, 0x72, 0x75, 0x5f, 0x63, 0x65, 0x6c, 0x6c, 0x5f,
  0x32, 0x35, 0x2f, 0x61, 0x64, 0x64, 0x5f, 0x32, 0x00, 0x00, 0x00, 0x00,
  0x02, 0x00, 0x00, 0x00, 0x01, 0x00, 0x00, 0x00, 0x10, 0x00, 0x00, 0x00,
  0xa6, 0xb3, 0xfe, 0xff, 0x00, 0x00, 0x00, 0x01, 0x18, 0x00, 0x00, 0x00,
  0x20, 0x00, 0x00, 0x00, 0x40, 0x00, 0x00, 0x00, 0x5d, 0x01, 0x00, 0x00,
  0x00, 0x00, 0x00, 0x09, 0x68, 0x00, 0x00, 0x00, 0x02, 0x00, 0x00, 0x00,
  0xff, 0xff, 0xff, 0xff, 0x10, 0x00, 0x00, 0x00, 0x8c, 0xb3, 0xfe, 0xff,
  0x08, 0x00, 0x00, 0x00, 0x14, 0x00, 0x00, 0x00, 0x01, 0x00, 0x00, 0x00,
  0x00, 0x00, 0x00, 0x00, 0x00, 0x00, 0x00, 0x00, 0x00, 0x00, 0x00, 0x00,
  0x01, 0x00, 0x00, 0x00, 0x83, 0xa2, 0xf4, 0x3b, 0x2e, 0x00, 0x00, 0x00,
  0x73, 0x65, 0x71, 0x75, 0x65, 0x6e, 0x74, 0x69, 0x61, 0x6c, 0x5f, 0x31,
  0x2f, 0x67, 0x72, 0x75, 0x5f, 0x31, 0x2f, 0x67, 0x72, 0x75, 0x5f, 0x63,
  0x65, 0x6c, 0x6c, 0x5f, 0x32, 0x35, 0x2f, 0x73, 0x74, 0x72, 0x69, 0x64,
  0x65, 0x64, 0x5f, 0x73, 0x6c, 0x69, 0x63, 0x65, 0x5f, 0x31, 0x00, 0x00,
  0x02, 0x00, 0x00, 0x00, 0x01, 0x00, 0x00, 0x00, 0x10, 0x00, 0x00, 0x00,
  0x36, 0xb4, 0xfe, 0xff, 0x00, 0x00, 0x00, 0x01, 0x18, 0x00, 0x00, 0x00,
  0x20, 0x00, 0x00, 0x00, 0x40, 0x00, 0x00, 0x00, 0x5c, 0x01, 0x00, 0x00,
  0x00, 0x00, 0x00, 0x09, 0x60, 0x00, 0x00, 0x00, 0x02, 0x00, 0x00, 0x00,
  0xff, 0xff, 0xff, 0xff, 0x10, 0x00, 0x00, 0x00, 0x1c, 0xb4, 0xfe, 0xff,
  0x08, 0x00, 0x00, 0x00, 0x14, 0x00, 0x00, 0x00, 0x01, 0x00, 0x00, 0x00,
  0x10, 0x00, 0x00, 0x00, 0x00, 0x00, 0x00, 0x00, 0x00, 0x00, 0x00, 0x00,
  0x01, 0x00, 0x00, 0x00, 0xfc, 0xb1, 0x9e, 0x3b, 0x24, 0x00, 0x00, 0x00,
  0x73, 0x65, 0x71, 0x75, 0x65, 0x6e, 0x74, 0x69, 0x61, 0x6c, 0x5f, 0x31,
  0x2f, 0x67, 0x72, 0x75, 0x5f, 0x31, 0x2f, 0x67, 0x72, 0x75, 0x5f, 0x63,
  0x65, 0x6c, 0x6c, 0x5f, 0x32, 0x35, 0x2f, 0x6d, 0x75, 0x6c, 0x5f, 0x31,
  0x00, 0x00, 0x00, 0x00, 0x02, 0x00, 0x00, 0x00, 0x01, 0x00, 0x00, 0x00,
  0x10, 0x00, 0x00, 0x00, 0xbe, 0xb4, 0xfe, 0xff, 0x00, 0x00, 0x00, 0x01,
  0x18, 0x00, 0x00, 0x00, 0x20, 0x00, 0x00, 0x00, 0x3c, 0x00, 0x00, 0x00,
  0x5b, 0x01, 0x00, 0x00, 0x00, 0x00, 0x00, 0x09, 0x58, 0x00, 0x00, 0x00,
  0x02, 0x00, 0x00, 0x00, 0xff, 0xff, 0xff, 0xff, 0x10, 0x00, 0x00, 0x00,
  0xa4, 0xb4, 0xfe, 0xff, 0x08, 0x00, 0x00, 0x00, 0x10, 0x00, 0x00, 0x00,
  0x01, 0x00, 0x00, 0x00, 0xe0, 0xff, 0xff, 0xff, 0xff, 0xff, 0xff, 0xff,
  0x01, 0x00, 0x00, 0x00, 0x20, 0xff, 0x90, 0x3b, 0x22, 0x00, 0x00, 0x00,
  0x73, 0x65, 0x71, 0x75, 0x65, 0x6e, 0x74, 0x69, 0x61, 0x6c, 0x5f, 0x31,
  0x2f, 0x67, 0x72, 0x75, 0x5f, 0x31, 0x2f, 0x67, 0x72, 0x75, 0x5f, 0x63,
  0x65, 0x6c, 0x6c, 0x5f, 0x32, 0x35, 0x2f, 0x73, 0x75, 0x62, 0x00, 0x00,
  0x02, 0x00, 0x00, 0x00, 0x01, 0x00, 0x00, 0x00, 0x10, 0x00, 0x00, 0x00,
  0x3e, 0xb5, 0xfe, 0xff, 0x00, 0x00, 0x00, 0x01, 0x18, 0x00, 0x00, 0x00,
  0x20, 0x00, 0x00, 0x00, 0x40, 0x00, 0x00, 0x00, 0x5a, 0x01, 0x00, 0x00,
  0x00, 0x00, 0x00, 0x09, 0x60, 0x00, 0x00, 0x00, 0x02, 0x00, 0x00, 0x00,
  0xff, 0xff, 0xff, 0xff, 0x10, 0x00, 0x00, 0x00, 0x24, 0xb5, 0xfe, 0xff,
  0x08, 0x00, 0x00, 0x00, 0x14, 0x00, 0x00, 0x00, 0x01, 0x00, 0x00, 0x00,
  0x80, 0xff, 0xff, 0xff, 0xff, 0xff, 0xff, 0xff, 0x00, 0x00, 0x00, 0x00,
  0x01, 0x00, 0x00, 0x00, 0x00, 0x00, 0x80, 0x3b, 0x26, 0x00, 0x00, 0x00,
  0x73, 0x65, 0x71, 0x75, 0x65, 0x6e, 0x74, 0x69, 0x61, 0x6c, 0x5f, 0x31,
  0x2f, 0x67, 0x72, 0x75, 0x5f, 0x31, 0x2f, 0x67, 0x72, 0x75, 0x5f, 0x63,
  0x65, 0x6c, 0x6c, 0x5f, 0x32, 0x35, 0x2f, 0x53, 0x69, 0x67, 0x6d, 0x6f,
  0x69, 0x64, 0x00, 0x00, 0x02, 0x00, 0x00, 0x00, 0x01, 0x00, 0x00, 0x00,
  0x10, 0x00, 0x00, 0x00, 0xc6, 0xb5, 0xfe, 0xff, 0x00, 0x00, 0x00, 0x01,
  0x18, 0x00, 0x00, 0x00, 0x20, 0x00, 0x00, 0x00, 0x40, 0x00, 0x00, 0x00,
  0x59, 0x01, 0x00, 0x00, 0x00, 0x00, 0x00, 0x09, 0x60, 0x00, 0x00, 0x00,
  0x02, 0x00, 0x00, 0x00, 0xff, 0xff, 0xff, 0xff, 0x10, 0x00, 0x00, 0x00,
  0xac, 0xb5, 0xfe, 0xff, 0x08, 0x00, 0x00, 0x00, 0x14, 0x00, 0x00, 0x00,
  0x01, 0x00, 0x00, 0x00, 0xc9, 0xff, 0xff, 0xff, 0xff, 0xff, 0xff, 0xff,
  0x00, 0x00, 0x00, 0x00, 0x01, 0x00, 0x00, 0x00, 0x62, 0xb6, 0x43, 0x3c,
  0x24, 0x00, 0x00, 0x00, 0x73, 0x65, 0x71, 0x75, 0x65, 0x6e, 0x74, 0x69,
  0x61, 0x6c, 0x5f, 0x31, 0x2f, 0x67, 0x72, 0x75, 0x5f, 0x31, 0x2f, 0x67,
  0x72, 0x75, 0x5f, 0x63, 0x65, 0x6c, 0x6c, 0x5f, 0x32, 0x35, 0x2f, 0x61,
  0x64, 0x64, 0x5f, 0x31, 0x00, 0x00, 0x00, 0x00, 0x02, 0x00, 0x00, 0x00,
  0x01, 0x00, 0x00, 0x00, 0x10, 0x00, 0x00, 0x00, 0x4e, 0xb6, 0xfe, 0xff,
  0x00, 0x00, 0x00, 0x01, 0x18, 0x00, 0x00, 0x00, 0x20, 0x00, 0x00, 0x00,
  0x40, 0x00, 0x00, 0x00, 0x58, 0x01, 0x00, 0x00, 0x00, 0x00, 0x00, 0x09,
  0x68, 0x00, 0x00, 0x00, 0x02, 0x00, 0x00, 0x00, 0xff, 0xff, 0xff, 0xff,
  0x10, 0x00, 0x00, 0x00, 0x34, 0xb6, 0xfe, 0xff, 0x08, 0x00, 0x00, 0x00,
  0x14, 0x00, 0x00, 0x00, 0x01, 0x00, 0x00, 0x00, 0x00, 0x00, 0x00, 0x00,
  0x00, 0x00, 0x00, 0x00, 0x00, 0x00, 0x00, 0x00, 0x01, 0x00, 0x00, 0x00,
  0x83, 0xa2, 0xf4, 0x3b, 0x2c, 0x00, 0x00, 0x00, 0x73, 0x65, 0x71, 0x75,
  0x65, 0x6e, 0x74, 0x69, 0x61, 0x6c, 0x5f, 0x31, 0x2f, 0x67, 0x72, 0x75,
  0x5f, 0x31, 0x2f, 0x67, 0x72, 0x75, 0x5f, 0x63, 0x65, 0x6c, 0x6c, 0x5f,
  0x32, 0x35, 0x2f, 0x73, 0x74, 0x72, 0x69, 0x64, 0x65, 0x64, 0x5f, 0x73,
  0x6c, 0x69, 0x63, 0x65, 0x00, 0x00, 0x00, 0x00, 0x02, 0x00, 0x00, 0x00,
  0x01, 0x00, 0x00, 0x00, 0x10, 0x00, 0x00, 0x00, 0xde, 0xb6, 0xfe, 0xff,
  0x00, 0x00, 0x00, 0x01, 0x18, 0x00, 0x00, 0x00, 0x20, 0x00, 0x00, 0x00,
  0x3c, 0x00, 0x00, 0x00, 0x57, 0x01, 0x00, 0x00, 0x00, 0x00, 0x00, 0x09,
  0x80, 0x00, 0x00, 0x00, 0x02, 0x00, 0x00, 0x00, 0xff, 0xff, 0xff, 0xff,
  0x30, 0x00, 0x00, 0x00, 0xc4, 0xb6, 0xfe, 0xff, 0x08, 0x00, 0x00, 0x00,
  0x10, 0x00, 0x00, 0x00, 0x01, 0x00, 0x00, 0x00, 0x00, 0x00, 0x00, 0x00,
  0x00, 0x00, 0x00, 0x00, 0x01, 0x00, 0x00, 0x00, 0x83, 0xa2, 0xf4, 0x3b,
  0x4a, 0x00, 0x00, 0x00, 0x73, 0x65, 0x71, 0x75, 0x65, 0x6e, 0x74, 0x69,
  0x61, 0x6c, 0x5f, 0x31, 0x2f, 0x67, 0x72, 0x75, 0x5f, 0x31, 0x2f, 0x67,
  0x72, 0x75, 0x5f, 0x63, 0x65, 0x6c, 0x6c, 0x5f, 0x32, 0x35, 0x2f, 0x4d,
  0x61, 0x74, 0x4d, 0x75, 0x6c, 0x5f, 0x31, 0x3b, 0x73, 0x65, 0x71, 0x75,
  0x65, 0x6e, 0x74, 0x69, 0x61, 0x6c, 0x5f, 0x31, 0x2f, 0x67, 0x72, 0x75,
  0x5f, 0x31, 0x2f, 0x67, 0x72, 0x75, 0x5f, 0x63, 0x65, 0x6c, 0x6c, 0x5f,
  0x32, 0x35, 0x2f, 0x61, 0x64, 0x64, 0x00, 0x00, 0x02, 0x00, 0x00, 0x00,
  0x01, 0x00, 0x00, 0x00, 0x30, 0x00, 0x00, 0x00, 0x86, 0xb7, 0xfe, 0xff,
  0x00, 0x00, 0x00, 0x01, 0x18, 0x00, 0x00, 0x00, 0x20, 0x00, 0x00, 0x00,
  0x40, 0x00, 0x00, 0x00, 0x56, 0x01, 0x00, 0x00, 0x00, 0x00, 0x00, 0x09,
  0x60, 0x00, 0x00, 0x00, 0x02, 0x00, 0x00, 0x00, 0xff, 0xff, 0xff, 0xff,
  0x10, 0x00, 0x00, 0x00, 0x6c, 0xb7, 0xfe, 0xff, 0x08, 0x00, 0x00, 0x00,
  0x14, 0x00, 0x00, 0x00, 0x01, 0x00, 0x00, 0x00, 0x0f, 0x00, 0x00, 0x00,
  0x00, 0x00, 0x00, 0x00, 0x00, 0x00, 0x00, 0x00, 0x01, 0x00, 0x00, 0x00,
  0xd8, 0x50, 0x9d, 0x3b, 0x24, 0x00, 0x00, 0x00, 0x73, 0x65, 0x71, 0x75,
  0x65, 0x6e, 0x74, 0x69, 0x61, 0x6c, 0x5f, 0x31, 0x2f, 0x67, 0x72, 0x75,
  0x5f, 0x31, 0x2f, 0x67, 0x72, 0x75, 0x5f, 0x63, 0x65, 0x6c, 0x6c, 0x5f,
  0x32, 0x33, 0x2f, 0x61, 0x64, 0x64, 0x5f, 0x34, 0x00, 0x00, 0x00, 0x00,
  0x02, 0x00, 0x00, 0x00, 0x01, 0x00, 0x00, 0x00, 0x10, 0x00, 0x00, 0x00,
  0x0e, 0xb8, 0xfe, 0xff, 0x00, 0x00, 0x00, 0x01, 0x18, 0x00, 0x00, 0x00,
  0x20, 0x00, 0x00, 0x00, 0x40, 0x00, 0x00, 0x00, 0x55, 0x01, 0x00, 0x00,
  0x00, 0x00, 0x00, 0x09, 0x60, 0x00, 0x00, 0x00, 0x02, 0x00, 0x00, 0x00,
  0xff, 0xff, 0xff, 0xff, 0x10, 0x00, 0x00, 0x00, 0xf4, 0xb7, 0xfe, 0xff,
  0x08, 0x00, 0x00, 0x00, 0x14, 0x00, 0x00, 0x00, 0x01, 0x00, 0x00, 0x00,
  0x07, 0x00, 0x00, 0x00, 0x00, 0x00, 0x00, 0x00, 0x00, 0x00, 0x00, 0x00,
  0x01, 0x00, 0x00, 0x00, 0xc5, 0xbe, 0x58, 0x3b, 0x24, 0x00, 0x00, 0x00,
  0x73, 0x65, 0x71, 0x75, 0x65, 0x6e, 0x74, 0x69, 0x61, 0x6c, 0x5f, 0x31,
  0x2f, 0x67, 0x72, 0x75, 0x5f, 0x31, 0x2f, 0x67, 0x72, 0x75, 0x5f, 0x63,
  0x65, 0x6c, 0x6c, 0x5f, 0x32, 0x33, 0x2f, 0x6d, 0x75, 0x6c, 0x5f, 0x32,
  0x00, 0x00, 0x00, 0x00, 0x02, 0x00, 0x00, 0x00, 0x01, 0x00, 0x00, 0x00,
  0x10, 0x00, 0x00, 0x00, 0x96, 0xb8, 0xfe, 0xff, 0x00, 0x00, 0x00, 0x01,
  0x18, 0x00, 0x00, 0x00, 0x20, 0x00, 0x00, 0x00, 0x3c, 0x00, 0x00, 0x00,
  0x54, 0x01, 0x00, 0x00, 0x00, 0x00, 0x00, 0x09, 0x58, 0x00, 0x00, 0x00,
  0x02, 0x00, 0x00, 0x00, 0xff, 0xff, 0xff, 0xff, 0x10, 0x00, 0x00, 0x00,
  0x7c, 0xb8, 0xfe, 0xff, 0x08, 0x00, 0x00, 0x00, 0x10, 0x00, 0x00, 0x00,
  0x01, 0x00, 0x00, 0x00, 0x00, 0x00, 0x00, 0x00, 0x00, 0x00, 0x00, 0x00,
  0x01, 0x00, 0x00, 0x00, 0x00, 0x00, 0x00, 0x3c, 0x23, 0x00, 0x00, 0x00,
  0x73, 0x65, 0x71, 0x75, 0x65, 0x6e, 0x74, 0x69, 0x61, 0x6c, 0x5f, 0x31,
  0x2f, 0x67, 0x72, 0x75, 0x5f, 0x31, 0x2f, 0x67, 0x72, 0x75, 0x5f, 0x63,
  0x65, 0x6c, 0x6c, 0x5f, 0x32, 0x33, 0x2f, 0x54, 0x61, 0x6e, 0x68, 0x00,
  0x02, 0x00, 0x00, 0x00, 0x01, 0x00, 0x00, 0x00, 0x10, 0x00, 0x00, 0x00,
  0x16, 0xb9, 0xfe, 0xff, 0x00, 0x00, 0x00, 0x01, 0x18, 0x00, 0x00, 0x00,
  0x20, 0x00, 0x00, 0x00, 0x40, 0x00, 0x00, 0x00, 0x53, 0x01, 0x00, 0x00,
  0x00, 0x00, 0x00, 0x09, 0x60, 0x00, 0x00, 0x00, 0x02, 0x00, 0x00, 0x00,
  0xff, 0xff, 0xff, 0xff, 0x10, 0x00, 0x00, 0x00, 0xfc, 0xb8, 0xfe, 0xff,
  0x08, 0x00, 0x00, 0x00, 0x14, 0x00, 0x00, 0x00, 0x01, 0x00, 0x00, 0x00,
  0x0f, 0x00, 0x00, 0x00, 0x00, 0x00, 0x00, 0x00, 0x00, 0x00, 0x00, 0x00,
  0x01, 0x00, 0x00, 0x00, 0x4e, 0xac, 0xfc, 0x3b, 0x24, 0x00, 0x00, 0x00,
  0x73, 0x65, 0x71, 0x75, 0x65, 0x6e, 0x74, 0x69, 0x61, 0x6c, 0x5f, 0x31,
  0x2f, 0x67, 0x72, 0x75, 0x5f, 0x31, 0x2f, 0x67, 0x72, 0x75, 0x5f, 0x63,
  0x65, 0x6c, 0x6c, 0x5f, 0x32, 0x33, 0x2f, 0x61, 0x64, 0x64, 0x5f, 0x33,
  0x00, 0x00, 0x00, 0x00, 0x02, 0x00, 0x00, 0x00, 0x01, 0x00, 0x00, 0x00,
  0x10, 0x00, 0x00, 0x00, 0x9e, 0xb9, 0xfe, 0xff, 0x00, 0x00, 0x00, 0x01,
  0x18, 0x00, 0x00, 0x00, 0x20, 0x00, 0x00, 0x00, 0x3c, 0x00, 0x00, 0x00,
  0x52, 0x01, 0x00, 0x00, 0x00, 0x00, 0x00, 0x09, 0x58, 0x00, 0x00, 0x00,
  0x02, 0x00, 0x00, 0x00, 0xff, 0xff, 0xff, 0xff, 0x10, 0x00, 0x00, 0x00,
  0x84, 0xb9, 0xfe, 0xff, 0x08, 0x00, 0x00, 0x00, 0x10, 0x00, 0x00, 0x00,
  0x01, 0x00, 0x00, 0x00, 0x08, 0x00, 0x00, 0x00, 0x00, 0x00, 0x00, 0x00,
  0x01, 0x00, 0x00, 0x00, 0x79, 0xef, 0x3d, 0x3b, 0x22, 0x00, 0x00, 0x00,
  0x73, 0x65, 0x71, 0x75, 0x65, 0x6e, 0x74, 0x69, 0x61, 0x6c, 0x5f, 0x31,
  0x2f, 0x67, 0x72, 0x75, 0x5f, 0x31, 0x2f, 0x67, 0x72, 0x75, 0x5f, 0x63,
  0x65, 0x6c, 0x6c, 0x5f, 0x32, 0x33, 0x2f, 0x6d, 0x75, 0x6c, 0x00, 0x00,
  0x02, 0x00, 0x00, 0x00, 0x01, 0x00, 0x00, 0x00, 0x10, 0x00, 0x00, 0x00,
  0x1e, 0xba, 0xfe, 0xff, 0x00, 0x00, 0x00, 0x01, 0x18, 0x00, 0x00, 0x00,
  0x20, 0x00, 0x00, 0x00, 0x40, 0x00, 0x00, 0x00, 0x51, 0x01, 0x00, 0x00,
  0x00, 0x00, 0x00, 0x09, 0x68, 0x00, 0x00, 0x00, 0x02, 0x00, 0x00, 0x00,
  0xff, 0xff, 0xff, 0xff, 0x10, 0x00, 0x00, 0x00, 0x04, 0xba, 0xfe, 0xff,
  0x08, 0x00, 0x00, 0x00, 0x14, 0x00, 0x00, 0x00, 0x01, 0x00, 0x00, 0x00,
  0xfb, 0xff, 0xff, 0xff, 0xff, 0xff, 0xff, 0xff, 0x00, 0x00, 0x00, 0x00,
  0x01, 0x00, 0x00, 0x00, 0xf8, 0xfc, 0xe2, 0x3b, 0x2e, 0x00, 0x00, 0x00,
  0x73, 0x65, 0x71, 0x75, 0x65, 0x6e, 0x74, 0x69, 0x61, 0x6c, 0x5f, 0x31,
  0x2f, 0x67, 0x72, 0x75, 0x5f, 0x31, 0x2f, 0x67, 0x72, 0x75, 0x5f, 0x63,
  0x65, 0x6c, 0x6c, 0x5f, 0x32, 0x33, 0x2f, 0x73, 0x74, 0x72, 0x69, 0x64,
  0x65, 0x64, 0x5f, 0x73, 0x6c, 0x69, 0x63, 0x65, 0x5f, 0x32, 0x00, 0x00,
  0x02, 0x00, 0x00, 0x00, 0x01, 0x00, 0x00, 0x00, 0x10, 0x00, 0x00, 0x00,
  0xae, 0xba, 0xfe, 0xff, 0x00, 0x00, 0x00, 0x01, 0x18, 0x00, 0x00, 0x00,
  0x20, 0x00, 0x00, 0x00, 0x3c, 0x00, 0x00, 0x00, 0x50, 0x01, 0x00, 0x00,
  0x00, 0x00, 0x00, 0x09, 0x60, 0x00, 0x00, 0x00, 0x02, 0x00, 0x00, 0x00,
  0xff, 0xff, 0xff, 0xff, 0x10, 0x00, 0x00, 0x00, 0x94, 0xba, 0xfe, 0xff,
  0x08, 0x00, 0x00, 0x00, 0x10, 0x00, 0x00, 0x00, 0x01, 0x00, 0x00, 0x00,
  0x80, 0xff, 0xff, 0xff, 0xff, 0xff, 0xff, 0xff, 0x01, 0x00, 0x00, 0x00,
  0x00, 0x00, 0x80, 0x3b, 0x28, 0x00, 0x00, 0x00, 0x73, 0x65, 0x71, 0x75,
  0x65, 0x6e, 0x74, 0x69, 0x61, 0x6c, 0x5f, 0x31, 0x2f, 0x67, 0x72, 0x75,
  0x5f, 0x31, 0x2f, 0x67, 0x72, 0x75, 0x5f, 0x63, 0x65, 0x6c, 0x6c, 0x5f,
  0x32, 0x33, 0x2f, 0x53, 0x69, 0x67, 0x6d, 0x6f, 0x69, 0x64, 0x5f, 0x31,
  0x00, 0x00, 0x00, 0x00, 0x02, 0x00, 0x00, 0x00, 0x01, 0x00, 0x00, 0x00,
  0x10, 0x00, 0x00, 0x00, 0x36, 0xbb, 0xfe, 0xff, 0x00, 0x00, 0x00, 0x01,
  0x18, 0x00, 0x00, 0x00, 0x20, 0x00, 0x00, 0x00, 0x40, 0x00, 0x00, 0x00,
  0x4f, 0x01, 0x00, 0x00, 0x00, 0x00, 0x00, 0x09, 0x60, 0x00, 0x00, 0x00,
  0x02, 0x00, 0x00, 0x00, 0xff, 0xff, 0xff, 0xff, 0x10, 0x00, 0x00, 0x00,
  0x1c, 0xbb, 0xfe, 0xff, 0x08, 0x00, 0x00, 0x00, 0x14, 0x00, 0x00, 0x00,
  0x01, 0x00, 0x00, 0x00, 0x08, 0x00, 0x00, 0x00, 0x00, 0x00, 0x00, 0x00,
  0x00, 0x00, 0x00, 0x00, 0x01, 0x00, 0x00, 0x00, 0xcc, 0x16, 0x77, 0x3c,
  0x24, 0x00, 0x00, 0x00, 0x73, 0x65, 0x71, 0x75, 0x65, 0x6e, 0x74, 0x69,
  0x61, 0x6c, 0x5f, 0x31, 0x2f, 0x67, 0x72, 0x75, 0x5f, 0x31, 0x2f, 0x67,
  0x72, 0x75, 0x5f, 0x63, 0x65, 0x6c, 0x6c, 0x5f, 0x32, 0x33, 0x2f, 0x61,
  0x64, 0x64, 0x5f, 0x32, 0x00, 0x00, 0x00, 0x00, 0x02, 0x00, 0x00, 0x00,
  0x01, 0x00, 0x00, 0x00, 0x10, 0x00, 0x00, 0x00, 0xbe, 0xbb, 0xfe, 0xff,
  0x00, 0x00, 0x00, 0x01, 0x18, 0x00, 0x00, 0x00, 0x20, 0x00, 0x00, 0x00,
  0x40, 0x00, 0x00, 0x00, 0x4e, 0x01, 0x00, 0x00, 0x00, 0x00, 0x00, 0x09,
  0x68, 0x00, 0x00, 0x00, 0x02, 0x00, 0x00, 0x00, 0xff, 0xff, 0xff, 0xff,
  0x10, 0x00, 0x00, 0x00, 0xa4, 0xbb, 0xfe, 0xff, 0x08, 0x00, 0x00, 0x00,
  0x14, 0x00, 0x00, 0x00, 0x01, 0x00, 0x00, 0x00, 0xfb, 0xff, 0xff, 0xff,
  0xff, 0xff, 0xff, 0xff, 0x00, 0x00, 0x00, 0x00, 0x01, 0x00, 0x00, 0x00,
  0xf8, 0xfc, 0xe2, 0x3b, 0x2e, 0x00, 0x00, 0x00, 0x73, 0x65, 0x71, 0x75,
  0x65, 0x6e, 0x74, 0x69, 0x61, 0x6c, 0x5f, 0x31, 0x2f, 0x67, 0x72, 0x75,
  0x5f, 0x31, 0x2f, 0x67, 0x72, 0x75, 0x5f, 0x63, 0x65, 0x6c, 0x6c, 0x5f,
  0x32, 0x33, 0x2f, 0x73, 0x74, 0x72, 0x69, 0x64, 0x65, 0x64, 0x5f, 0x73,
  0x6c, 0x69, 0x63, 0x65, 0x5f, 0x31, 0x00, 0x00, 0x02, 0x00, 0x00, 0x00,
  0x01, 0x00, 0x00, 0x00, 0x10, 0x00, 0x00, 0x00, 0x4e, 0xbc, 0xfe, 0xff,
  0x00, 0x00, 0x00, 0x01, 0x18, 0x00, 0x00, 0x00, 0x20, 0x00, 0x00, 0x00,
  0x40, 0x00, 0x00, 0x00, 0x4d, 0x01, 0x00, 0x00, 0x00, 0x00, 0x00, 0x09,
  0x60, 0x00, 0x00, 0x00, 0x02, 0x00, 0x00, 0x00, 0xff, 0xff, 0xff, 0xff,
  0x10, 0x00, 0x00, 0x00, 0x34, 0xbc, 0xfe, 0xff, 0x08, 0x00, 0x00, 0x00,
  0x14, 0x00, 0x00, 0x00, 0x01, 0x00, 0x00, 0x00, 0x0f, 0x00, 0x00, 0x00,
  0x00, 0x00, 0x00, 0x00, 0x00, 0x00, 0x00, 0x00, 0x01, 0x00, 0x00, 0x00,
  0xd8, 0x50, 0x9d, 0x3b, 0x24, 0x00, 0x00, 0x00, 0x73, 0x65, 0x71, 0x75,
  0x65, 0x6e, 0x74, 0x69, 0x61, 0x6c, 0x5f, 0x31, 0x2f, 0x67, 0x72, 0x75,
  0x5f, 0x31, 0x2f, 0x67, 0x72, 0x75, 0x5f, 0x63, 0x65, 0x6c, 0x6c, 0x5f,
  0x32, 0x33, 0x2f, 0x6d, 0x75, 0x6c, 0x5f, 0x31, 0x00, 0x00, 0x00, 0x00,
  0x02, 0x00, 0x00, 0x00, 0x01, 0x00, 0x00, 0x00, 0x10, 0x00, 0x00, 0x00,
  0xd6, 0xbc, 0xfe, 0xff, 0x00, 0x00, 0x00, 0x01, 0x18, 0x00, 0x00, 0x00,
  0x20, 0x00, 0x00, 0x00, 0x3c, 0x00, 0x00, 0x00, 0x4c, 0x01, 0x00, 0x00,
  0x00, 0x00, 0x00, 0x09, 0x58, 0x00, 0x00, 0x00, 0x02, 0x00, 0x00, 0x00,
  0xff, 0xff, 0xff, 0xff, 0x10, 0x00, 0x00, 0x00, 0xbc, 0xbc, 0xfe, 0xff,
  0x08, 0x00, 0x00, 0x00, 0x10, 0x00, 0x00, 0x00, 0x01, 0x00, 0x00, 0x00,
  0xe6, 0xff, 0xff, 0xff, 0xff, 0xff, 0xff, 0xff, 0x01, 0x00, 0x00, 0x00,
  0x7c, 0x4b, 0x90, 0x3b, 0x22, 0x00, 0x00, 0x00, 0x73, 0x65, 0x71, 0x75,
  0x65, 0x6e, 0x74, 0x69, 0x61, 0x6c, 0x5f, 0x31, 0x2f, 0x67, 0x72, 0x75,
  0x5f, 0x31, 0x2f, 0x67, 0x72, 0x75, 0x5f, 0x63, 0x65, 0x6c, 0x6c, 0x5f,
  0x32, 0x33, 0x2f, 0x73, 0x75, 0x62, 0x00, 0x00, 0x02, 0x00, 0x00, 0x00,
  0x01, 0x00, 0x00, 0x00, 0x10, 0x00, 0x00, 0x00, 0x56, 0xbd, 0xfe, 0xff,
  0x00, 0x00, 0x00, 0x01, 0x18, 0x00, 0x00, 0x00, 0x20, 0x00, 0x00, 0x00,
  0x40, 0x00, 0x00, 0x00, 0x4b, 0x01, 0x00, 0x00, 0x00, 0x00, 0x00, 0x09,
  0x60, 0x00, 0x00, 0x00, 0x02, 0x00, 0x00, 0x00, 0xff, 0xff, 0xff, 0xff,
  0x10, 0x00, 0x00, 0x00, 0x3c, 0xbd, 0xfe, 0xff, 0x08, 0x00, 0x00, 0x00,
  0x14, 0x00, 0x00, 0x00, 0x01, 0x00, 0x00, 0x00, 0x80, 0xff, 0xff, 0xff,
  0xff, 0xff, 0xff, 0xff, 0x00, 0x00, 0x00, 0x00, 0x01, 0x00, 0x00, 0x00,
  0x00, 0x00, 0x80, 0x3b, 0x26, 0x00, 0x00, 0x00, 0x73, 0x65, 0x71, 0x75,
  0x65, 0x6e, 0x74, 0x69, 0x61, 0x6c, 0x5f, 0x31, 0x2f, 0x67, 0x72, 0x75,
  0x5f, 0x31, 0x2f, 0x67, 0x72, 0x75, 0x5f, 0x63, 0x65, 0x6c, 0x6c, 0x5f,
  0x32, 0x33, 0x2f, 0x53, 0x69, 0x67, 0x6d, 0x6f, 0x69, 0x64, 0x00, 0x00,
  0x02, 0x00, 0x00, 0x00, 0x01, 0x00, 0x00, 0x00, 0x10, 0x00, 0x00, 0x00,
  0xde, 0xbd, 0xfe, 0xff, 0x00, 0x00, 0x00, 0x01, 0x18, 0x00, 0x00, 0x00,
  0x20, 0x00, 0x00, 0x00, 0x40, 0x00, 0x00, 0x00, 0x4a, 0x01, 0x00, 0x00,
  0x00, 0x00, 0x00, 0x09, 0x60, 0x00, 0x00, 0x00, 0x02, 0x00, 0x00, 0x00,
  0xff, 0xff, 0xff, 0xff, 0x10, 0x00, 0x00, 0x00, 0xc4, 0xbd, 0xfe, 0xff,
  0x08, 0x00, 0x00, 0x00, 0x14, 0x00, 0x00, 0x00, 0x01, 0x00, 0x00, 0x00,
  0xbe, 0xff, 0xff, 0xff, 0xff, 0xff, 0xff, 0xff, 0x00, 0x00, 0x00, 0x00,
  0x01, 0x00, 0x00, 0x00, 0x82, 0x42, 0x40, 0x3c, 0x24, 0x00, 0x00, 0x00,
  0x73, 0x65, 0x71, 0x75, 0x65, 0x6e, 0x74, 0x69, 0x61, 0x6c, 0x5f, 0x31,
  0x2f, 0x67, 0x72, 0x75, 0x5f, 0x31, 0x2f, 0x67, 0x72, 0x75, 0x5f, 0x63,
  0x65, 0x6c, 0x6c, 0x5f, 0x32, 0x33, 0x2f, 0x61, 0x64, 0x64, 0x5f, 0x31,
  0x00, 0x00, 0x00, 0x00, 0x02, 0x00, 0x00, 0x00, 0x01, 0x00, 0x00, 0x00,
  0x10, 0x00, 0x00, 0x00, 0x66, 0xbe, 0xfe, 0xff, 0x00, 0x00, 0x00, 0x01,
  0x18, 0x00, 0x00, 0x00, 0x20, 0x00, 0x00, 0x00, 0x40, 0x00, 0x00, 0x00,
  0x49, 0x01, 0x00, 0x00, 0x00, 0x00, 0x00, 0x09, 0x68, 0x00, 0x00, 0x00,
  0x02, 0x00, 0x00, 0x00, 0xff, 0xff, 0xff, 0xff, 0x10, 0x00, 0x00, 0x00,
  0x4c, 0xbe, 0xfe, 0xff, 0x08, 0x00, 0x00, 0x00, 0x14, 0x00, 0x00, 0x00,
  0x01, 0x00, 0x00, 0x00, 0xfb, 0xff, 0xff, 0xff, 0xff, 0xff, 0xff, 0xff,
  0x00, 0x00, 0x00, 0x00, 0x01, 0x00, 0x00, 0x00, 0xf8, 0xfc, 0xe2, 0x3b,
  0x2c, 0x00, 0x00, 0x00, 0x73, 0x65, 0x71, 0x75, 0x65, 0x6e, 0x74, 0x69,
  0x61, 0x6c, 0x5f, 0x31, 0x2f, 0x67, 0x72, 0x75, 0x5f, 0x31, 0x2f, 0x67,
  0x72, 0x75, 0x5f, 0x63, 0x65, 0x6c, 0x6c, 0x5f, 0x32, 0x33, 0x2f, 0x73,
  0x74, 0x72, 0x69, 0x64, 0x65, 0x64, 0x5f, 0x73, 0x6c, 0x69, 0x63, 0x65,
  0x00, 0x00, 0x00, 0x00, 0x02, 0x00, 0x00, 0x00, 0x01, 0x00, 0x00, 0x00,
  0x10, 0x00, 0x00, 0x00, 0xf6, 0xbe, 0xfe, 0xff, 0x00, 0x00, 0x00, 0x01,
  0x18, 0x00, 0x00, 0x00, 0x20, 0x00, 0x00, 0x00, 0x3c, 0x00, 0x00, 0x00,
  0x48, 0x01, 0x00, 0x00, 0x00, 0x00, 0x00, 0x09, 0x80, 0x00, 0x00, 0x00,
  0x02, 0x00, 0x00, 0x00, 0xff, 0xff, 0xff, 0xff, 0x30, 0x00, 0x00, 0x00,
  0xdc, 0xbe, 0xfe, 0xff, 0x08, 0x00, 0x00, 0x00, 0x10, 0x00, 0x00, 0x00,
  0x01, 0x00, 0x00, 0x00, 0xfb, 0xff, 0xff, 0xff, 0xff, 0xff, 0xff, 0xff,
  0x01, 0x00, 0x00, 0x00, 0xf8, 0xfc, 0xe2, 0x3b, 0x4a, 0x00, 0x00, 0x00,
  0x73, 0x65, 0x71, 0x75, 0x65, 0x6e, 0x74, 0x69, 0x61, 0x6c, 0x5f, 0x31,
  0x2f, 0x67, 0x72, 0x75, 0x5f, 0x31, 0x2f, 0x67, 0x72, 0x75, 0x5f, 0x63,
  0x65, 0x6c, 0x6c, 0x5f, 0x32, 0x33, 0x2f, 0x4d, 0x61, 0x74, 0x4d, 0x75,
  0x6c, 0x5f, 0x31, 0x3b, 0x73, 0x65, 0x71, 0x75, 0x65, 0x6e, 0x74, 0x69,
  0x61, 0x6c, 0x5f, 0x31, 0x2f, 0x67, 0x72, 0x75, 0x5f, 0x31, 0x2f, 0x67,
  0x72, 0x75, 0x5f, 0x63, 0x65, 0x6c, 0x6c, 0x5f, 0x32, 0x33, 0x2f, 0x61,
  0x64, 0x64, 0x00, 0x00, 0x02, 0x00, 0x00, 0x00, 0x01, 0x00, 0x00, 0x00,
  0x30, 0x00, 0x00, 0x00, 0x9e, 0xbf, 0xfe, 0xff, 0x00, 0x00, 0x00, 0x01,
  0x18, 0x00, 0x00, 0x00, 0x20, 0x00, 0x00, 0x00, 0x40, 0x00, 0x00, 0x00,
  0x47, 0x01, 0x00, 0x00, 0x00, 0x00, 0x00, 0x09, 0x60, 0x00, 0x00, 0x00,
  0x02, 0x00, 0x00, 0x00, 0xff, 0xff, 0xff, 0xff, 0x10, 0x00, 0x00, 0x00,
  0x84, 0xbf, 0xfe, 0xff, 0x08, 0x00, 0x00, 0x00, 0x14, 0x00, 0x00, 0x00,
  0x01, 0x00, 0x00, 0x00, 0x10, 0x00, 0x00, 0x00, 0x00, 0x00, 0x00, 0x00,
  0x00, 0x00, 0x00, 0x00, 0x01, 0x00, 0x00, 0x00, 0xb3, 0xd8, 0xa1, 0x3b,
  0x24, 0x00, 0x00, 0x00, 0x73, 0x65, 0x71, 0x75, 0x65, 0x6e, 0x74, 0x69,
  0x61, 0x6c, 0x5f, 0x31, 0x2f, 0x67, 0x72, 0x75, 0x5f, 0x31, 0x2f, 0x67,
  0x72, 0x75, 0x5f, 0x63, 0x65, 0x6c, 0x6c, 0x5f, 0x32, 0x31, 0x2f, 0x61,
  0x64, 0x64, 0x5f, 0x34, 0x00, 0x00, 0x00, 0x00, 0x02, 0x00, 0x00, 0x00,
  0x01, 0x00, 0x00, 0x00, 0x10, 0x00, 0x00, 0x00, 0x26, 0xc0, 0xfe, 0xff,
  0x00, 0x00, 0x00, 0x01, 0x18, 0x00, 0x00, 0x00, 0x20, 0x00, 0x00, 0x00,
  0x40, 0x00, 0x00, 0x00, 0x46, 0x01, 0x00, 0x00, 0x00, 0x00, 0x00, 0x09,
  0x60, 0x00, 0x00, 0x00, 0x02, 0x00, 0x00, 0x00, 0xff, 0xff, 0xff, 0xff,
  0x10, 0x00, 0x00, 0x00, 0x0c, 0xc0, 0xfe, 0xff, 0x08, 0x00, 0x00, 0x00,
  0x14, 0x00, 0x00, 0x00, 0x01, 0x00, 0x00, 0x00, 0x10, 0x00, 0x00, 0x00,
  0x00, 0x00, 0x00, 0x00, 0x00, 0x00, 0x00, 0x00, 0x01, 0x00, 0x00, 0x00,
  0xc6, 0x87, 0x47, 0x3b, 0x24, 0x00, 0x00, 0x00, 0x73, 0x65, 0x71, 0x75,
  0x65, 0x6e, 0x74, 0x69, 0x61, 0x6c, 0x5f, 0x31, 0x2f, 0x67, 0x72, 0x75,
  0x5f, 0x31, 0x2f, 0x67, 0x72, 0x75, 0x5f, 0x63, 0x65, 0x6c, 0x6c, 0x5f,
  0x32, 0x31, 0x2f, 0x6d, 0x75, 0x6c, 0x5f, 0x32, 0x00, 0x00, 0x00, 0x00,
  0x02, 0x00, 0x00, 0x00, 0x01, 0x00, 0x00, 0x00, 0x10, 0x00, 0x00, 0x00,
  0xae, 0xc0, 0xfe, 0xff, 0x00, 0x00, 0x00, 0x01, 0x18, 0x00, 0x00, 0x00,
  0x20, 0x00, 0x00, 0x00, 0x3c, 0x00, 0x00, 0x00, 0x45, 0x01, 0x00, 0x00,
  0x00, 0x00, 0x00, 0x09, 0x58, 0x00, 0x00, 0x00, 0x02, 0x00, 0x00, 0x00,
  0xff, 0xff, 0xff, 0xff, 0x10, 0x00, 0x00, 0x00, 0x94, 0xc0, 0xfe, 0xff,
  0x08, 0x00, 0x00, 0x00, 0x10, 0x00, 0x00, 0x00, 0x01, 0x00, 0x00, 0x00,
  0x00, 0x00, 0x00, 0x00, 0x00, 0x00, 0x00, 0x00, 0x01, 0x00, 0x00, 0x00,
  0x00, 0x00, 0x00, 0x3c, 0x23, 0x00, 0x00, 0x00, 0x73, 0x65, 0x71, 0x75,
  0x65, 0x6e, 0x74, 0x69, 0x61, 0x6c, 0x5f, 0x31, 0x2f, 0x67, 0x72, 0x75,
  0x5f, 0x31, 0x2f, 0x67, 0x72, 0x75, 0x5f, 0x63, 0x65, 0x6c, 0x6c, 0x5f,
  0x32, 0x31, 0x2f, 0x54, 0x61, 0x6e, 0x68, 0x00, 0x02, 0x00, 0x00, 0x00,
  0x01, 0x00, 0x00, 0x00, 0x10, 0x00, 0x00, 0x00, 0x2e, 0xc1, 0xfe, 0xff,
  0x00, 0x00, 0x00, 0x01, 0x18, 0x00, 0x00, 0x00, 0x20, 0x00, 0x00, 0x00,
  0x40, 0x00, 0x00, 0x00, 0x44, 0x01, 0x00, 0x00, 0x00, 0x00, 0x00, 0x09,
  0x60, 0x00, 0x00, 0x00, 0x02, 0x00, 0x00, 0x00, 0xff, 0xff, 0xff, 0xff,
  0x10, 0x00, 0x00, 0x00, 0x14, 0xc1, 0xfe, 0xff, 0x08, 0x00, 0x00, 0x00,
  0x14, 0x00, 0x00, 0x00, 0x01, 0x00, 0x00, 0x00, 0x11, 0x00, 0x00, 0x00,
  0x00, 0x00, 0x00, 0x00, 0x00, 0x00, 0x00, 0x00, 0x01, 0x00, 0x00, 0x00,
  0xe6, 0x37, 0xe2, 0x3b, 0x24, 0x00, 0x00, 0x00, 0x73, 0x65, 0x71, 0x75,
  0x65, 0x6e, 0x74, 0x69, 0x61, 0x6c, 0x5f, 0x31, 0x2f, 0x67, 0x72, 0x75,
  0x5f, 0x31, 0x2f, 0x67, 0x72, 0x75, 0x5f, 0x63, 0x65, 0x6c, 0x6c, 0x5f,
  0x32, 0x31, 0x2f, 0x61, 0x64, 0x64, 0x5f, 0x33, 0x00, 0x00, 0x00, 0x00,
  0x02, 0x00, 0x00, 0x00, 0x01, 0x00, 0x00, 0x00, 0x10, 0x00, 0x00, 0x00,
  0xb6, 0xc1, 0xfe, 0xff, 0x00, 0x00, 0x00, 0x01, 0x18, 0x00, 0x00, 0x00,
  0x20, 0x00, 0x00, 0x00, 0x3c, 0x00, 0x00, 0x00, 0x43, 0x01, 0x00, 0x00,
  0x00, 0x00, 0x00, 0x09, 0x58, 0x00, 0x00, 0x00, 0x02, 0x00, 0x00, 0x00,
  0xff, 0xff, 0xff, 0xff, 0x10, 0x00, 0x00, 0x00, 0x9c, 0xc1, 0xfe, 0xff,
  0x08, 0x00, 0x00, 0x00, 0x10, 0x00, 0x00, 0x00, 0x01, 0x00, 0x00, 0x00,
  0x14, 0x00, 0x00, 0x00, 0x00, 0x00, 0x00, 0x00, 0x01, 0x00, 0x00, 0x00,
  0x83, 0x57, 0x4a, 0x3b, 0x22, 0x00, 0x00, 0x00, 0x73, 0x65, 0x71, 0x75,
  0x65, 0x6e, 0x74, 0x69, 0x61, 0x6c, 0x5f, 0x31, 0x2f, 0x67, 0x72, 0x75,
  0x5f, 0x31, 0x2f, 0x67, 0x72, 0x75, 0x5f, 0x63, 0x65, 0x6c, 0x6c, 0x5f,
  0x32, 0x31, 0x2f, 0x6d, 0x75, 0x6c, 0x00, 0x00, 0x02, 0x00, 0x00, 0x00,
  0x01, 0x00, 0x00, 0x00, 0x10, 0x00, 0x00, 0x00, 0x36, 0xc2, 0xfe, 0xff,
  0x00, 0x00, 0x00, 0x01, 0x18, 0x00, 0x00, 0x00, 0x20, 0x00, 0x00, 0x00,
  0x40, 0x00, 0x00, 0x00, 0x42, 0x01, 0x00, 0x00, 0x00, 0x00, 0x00, 0x09,
  0x68, 0x00, 0x00, 0x00, 0x02, 0x00, 0x00, 0x00, 0xff, 0xff, 0xff, 0xff,
  0x10, 0x00, 0x00, 0x00, 0x1c, 0xc2, 0xfe, 0xff, 0x08, 0x00, 0x00, 0x00,
  0x14, 0x00, 0x00, 0x00, 0x01, 0x00, 0x00, 0x00, 0xfa, 0xff, 0xff, 0xff,
  0xff, 0xff, 0xff, 0xff, 0x00, 0x00, 0x00, 0x00, 0x01, 0x00, 0x00, 0x00,
  0x64, 0x01, 0xe0, 0x3b, 0x2e, 0x00, 0x00, 0x00, 0x73, 0x65, 0x71, 0x75,
  0x65, 0x6e, 0x74, 0x69, 0x61, 0x6c, 0x5f, 0x31, 0x2f, 0x67, 0x72, 0x75,
  0x5f, 0x31, 0x2f, 0x67, 0x72, 0x75, 0x5f, 0x63, 0x65, 0x6c, 0x6c, 0x5f,
  0x32, 0x31, 0x2f, 0x73, 0x74, 0x72, 0x69, 0x64, 0x65, 0x64, 0x5f, 0x73,
  0x6c, 0x69, 0x63, 0x65, 0x5f, 0x32, 0x00, 0x00, 0x02, 0x00, 0x00, 0x00,
  0x01, 0x00, 0x00, 0x00, 0x10, 0x00, 0x00, 0x00, 0xc6, 0xc2, 0xfe, 0xff,
  0x00, 0x00, 0x00, 0x01, 0x18, 0x00, 0x00, 0x00, 0x20, 0x00, 0x00, 0x00,
  0x3c, 0x00, 0x00, 0x00, 0x41, 0x01, 0x00, 0x00, 0x00, 0x00, 0x00, 0x09,
  0x60, 0x00, 0x00, 0x00, 0x02, 0x00, 0x00, 0x00, 0xff, 0xff, 0xff, 0xff,
  0x10, 0x00, 0x00, 0x00, 0xac, 0xc2, 0xfe, 0xff, 0x08, 0x00, 0x00, 0x00,
  0x10, 0x00, 0x00, 0x00, 0x01, 0x00, 0x00, 0x00, 0x80, 0xff, 0xff, 0xff,
  0xff, 0xff, 0xff, 0xff, 0x01, 0x00, 0x00, 0x00, 0x00, 0x00, 0x80, 0x3b,
  0x28, 0x00, 0x00, 0x00, 0x73, 0x65, 0x71, 0x75, 0x65, 0x6e, 0x74, 0x69,
  0x61, 0x6c, 0x5f, 0x31, 0x2f, 0x67, 0x72, 0x75, 0x5f, 0x31, 0x2f, 0x67,
  0x72, 0x75, 0x5f, 0x63, 0x65, 0x6c, 0x6c, 0x5f, 0x32, 0x31, 0x2f, 0x53,
  0x69, 0x67, 0x6d, 0x6f, 0x69, 0x64, 0x5f, 0x31, 0x00, 0x00, 0x00, 0x00,
  0x02, 0x00, 0x00, 0x00, 0x01, 0x00, 0x00, 0x00, 0x10, 0x00, 0x00, 0x00,
  0x4e, 0xc3, 0xfe, 0xff, 0x00, 0x00, 0x00, 0x01, 0x18, 0x00, 0x00, 0x00,
  0x20, 0x00, 0x00, 0x00, 0x40, 0x00, 0x00, 0x00, 0x40, 0x01, 0x00, 0x00,
  0x00, 0x00, 0x00, 0x09, 0x60, 0x00, 0x00, 0x00, 0x02, 0x00, 0x00, 0x00,
  0xff, 0xff, 0xff, 0xff, 0x10, 0x00, 0x00, 0x00, 0x34, 0xc3, 0xfe, 0xff,
  0x08, 0x00, 0x00, 0x00, 0x14, 0x00, 0x00, 0x00, 0x01, 0x00, 0x00, 0x00,
  0x0a, 0x00, 0x00, 0x00, 0x00, 0x00, 0x00, 0x00, 0x00, 0x00, 0x00, 0x00,
  0x01, 0x00, 0x00, 0x00, 0x51, 0x48, 0x6c, 0x3c, 0x24, 0x00, 0x00, 0x00,
  0x73, 0x65, 0x71, 0x75, 0x65, 0x6e, 0x74, 0x69, 0x61, 0x6c, 0x5f, 0x31,
  0x2f, 0x67, 0x72, 0x75, 0x5f, 0x31, 0x2f, 0x67, 0x72, 0x75, 0x5f, 0x63,
  0x65, 0x6c, 0x6c, 0x5f, 0x32, 0x31, 0x2f, 0x61, 0x64, 0x64, 0x5f, 0x32,
  0x00, 0x00, 0x00, 0x00, 0x02, 0x00, 0x00, 0x00, 0x01, 0x00, 0x00, 0x00,
  0x10, 0x00, 0x00, 0x00, 0xd6, 0xc3, 0xfe, 0xff, 0x00, 0x00, 0x00, 0x01,
  0x18, 0x00, 0x00, 0x00, 0x20, 0x00, 0x00, 0x00, 0x40, 0x00, 0x00, 0x00,
  0x3f, 0x01, 0x00, 0x00, 0x00, 0x00, 0x00, 0x09, 0x68, 0x00, 0x00, 0x00,
  0x02, 0x00, 0x00, 0x00, 0xff, 0xff, 0xff, 0xff, 0x10, 0x00, 0x00, 0x00,
  0xbc, 0xc3, 0xfe, 0xff, 0x08, 0x00, 0x00, 0x00, 0x14, 0x00, 0x00, 0x00,
  0x01, 0x00, 0x00, 0x00, 0xfa, 0xff, 0xff, 0xff, 0xff, 0xff, 0xff, 0xff,
  0x00, 0x00, 0x00, 0x00, 0x01, 0x00, 0x00, 0x00, 0x64, 0x01, 0xe0, 0x3b,
  0x2e, 0x00, 0x00, 0x00, 0x73, 0x65, 0x71, 0x75, 0x65, 0x6e, 0x74, 0x69,
  0x61, 0x6c, 0x5f, 0x31, 0x2f, 0x67, 0x72, 0x75, 0x5f, 0x31, 0x2f, 0x67,
  0x72, 0x75, 0x5f, 0x63, 0x65, 0x6c, 0x6c, 0x5f, 0x32, 0x31, 0x2f, 0x73,
  0x74, 0x72, 0x69, 0x64, 0x65, 0x64, 0x5f, 0x73, 0x6c, 0x69, 0x63, 0x65,
  0x5f, 0x31, 0x00, 0x00, 0x02, 0x00, 0x00, 0x00, 0x01, 0x00, 0x00, 0x00,
  0x10, 0x00, 0x00, 0x00, 0x66, 0xc4, 0xfe, 0xff, 0x00, 0x00, 0x00, 0x01,
  0x18, 0x00, 0x00, 0x00, 0x20, 0x00, 0x00, 0x00, 0x40, 0x00, 0x00, 0x00,
  0x3e, 0x01, 0x00, 0x00, 0x00, 0x00, 0x00, 0x09, 0x60, 0x00, 0x00, 0x00,
  0x02, 0x00, 0x00, 0x00, 0xff, 0xff, 0xff, 0xff, 0x10, 0x00, 0x00, 0x00,
  0x4c, 0xc4, 0xfe, 0xff, 0x08, 0x00, 0x00, 0x00, 0x14, 0x00, 0x00, 0x00,
  0x01, 0x00, 0x00, 0x00, 0x10, 0x00, 0x00, 0x00, 0x00, 0x00, 0x00, 0x00,
  0x00, 0x00, 0x00, 0x00, 0x01, 0x00, 0x00, 0x00, 0xb3, 0xd8, 0xa1, 0x3b,
  0x24, 0x00, 0x00, 0x00, 0x73, 0x65, 0x71, 0x75, 0x65, 0x6e, 0x74, 0x69,
  0x61, 0x6c, 0x5f, 0x31, 0x2f, 0x67, 0x72, 0x75, 0x5f, 0x31, 0x2f, 0x67,
  0x72, 0x75, 0x5f, 0x63, 0x65, 0x6c, 0x6c, 0x5f, 0x32, 0x31, 0x2f, 0x6d,
  0x75, 0x6c, 0x5f, 0x31, 0x00, 0x00, 0x00, 0x00, 0x02, 0x00, 0x00, 0x00,
  0x01, 0x00, 0x00, 0x00, 0x10, 0x00, 0x00, 0x00, 0xee, 0xc4, 0xfe, 0xff,
  0x00, 0x00, 0x00, 0x01, 0x18, 0x00, 0x00, 0x00, 0x20, 0x00, 0x00, 0x00,
  0x3c, 0x00, 0x00, 0x00, 0x3d, 0x01, 0x00, 0x00, 0x00, 0x00, 0x00, 0x09,
  0x58, 0x00, 0x00, 0x00, 0x02, 0x00, 0x00, 0x00, 0xff, 0xff, 0xff, 0xff,
  0x10, 0x00, 0x00, 0x00, 0xd4, 0xc4, 0xfe, 0xff, 0x08, 0x00, 0x00, 0x00,
  0x10, 0x00, 0x00, 0x00, 0x01, 0x00, 0x00, 0x00, 0xe3, 0xff, 0xff, 0xff,
  0xff, 0xff, 0xff, 0xff, 0x01, 0x00, 0x00, 0x00, 0x98, 0x1d, 0x90, 0x3b,
  0x22, 0x00, 0x00, 0x00, 0x73, 0x65, 0x71, 0x75, 0x65, 0x6e, 0x74, 0x69,
  0x61, 0x6c, 0x5f, 0x31, 0x2f, 0x67, 0x72, 0x75, 0x5f, 0x31, 0x2f, 0x67,
  0x72, 0x75, 0x5f, 0x63, 0x65, 0x6c, 0x6c, 0x5f, 0x32, 0x31, 0x2f, 0x73,
  0x75, 0x62, 0x00, 0x00, 0x02, 0x00, 0x00, 0x00, 0x01, 0x00, 0x00, 0x00,
  0x10, 0x00, 0x00, 0x00, 0x6e, 0xc5, 0xfe, 0xff, 0x00, 0x00, 0x00, 0x01,
  0x18, 0x00, 0x00, 0x00, 0x20, 0x00, 0x00, 0x00, 0x40, 0x00, 0x00, 0x00,
  0x3c, 0x01, 0x00, 0x00, 0x00, 0x00, 0x00, 0x09, 0x60, 0x00, 0x00, 0x00,
  0x02, 0x00, 0x00, 0x00, 0xff, 0xff, 0xff, 0xff, 0x10, 0x00, 0x00, 0x00,
  0x54, 0xc5, 0xfe, 0xff, 0x08, 0x00, 0x00, 0x00, 0x14, 0x00, 0x00, 0x00,
  0x01, 0x00, 0x00, 0x00, 0x80, 0xff, 0xff, 0xff, 0xff, 0xff, 0xff, 0xff,
  0x00, 0x00, 0x00, 0x00, 0x01, 0x00, 0x00, 0x00, 0x00, 0x00, 0x80, 0x3b,
  0x26, 0x00, 0x00, 0x00, 0x73, 0x65, 0x71, 0x75, 0x65, 0x6e, 0x74, 0x69,
  0x61, 0x6c, 0x5f, 0x31, 0x2f, 0x67, 0x72, 0x75, 0x5f, 0x31, 0x2f, 0x67,
  0x72, 0x75, 0x5f, 0x63, 0x65, 0x6c, 0x6c, 0x5f, 0x32, 0x31, 0x2f, 0x53,
  0x69, 0x67, 0x6d, 0x6f, 0x69, 0x64, 0x00, 0x00, 0x02, 0x00, 0x00, 0x00,
  0x01, 0x00, 0x00, 0x00, 0x10, 0x00, 0x00, 0x00, 0xf6, 0xc5, 0xfe, 0xff,
  0x00, 0x00, 0x00, 0x01, 0x18, 0x00, 0x00, 0x00, 0x20, 0x00, 0x00, 0x00,
  0x40, 0x00, 0x00, 0x00, 0x3b, 0x01, 0x00, 0x00, 0x00, 0x00, 0x00, 0x09,
  0x60, 0x00, 0x00, 0x00, 0x02, 0x00, 0x00, 0x00, 0xff, 0xff, 0xff, 0xff,
  0x10, 0x00, 0x00, 0x00, 0xdc, 0xc5, 0xfe, 0xff, 0x08, 0x00, 0x00, 0x00,
  0x14, 0x00, 0x00, 0x00, 0x01, 0x00, 0x00, 0x00, 0xc2, 0xff, 0xff, 0xff,
  0xff, 0xff, 0xff, 0xff, 0x00, 0x00, 0x00, 0x00, 0x01, 0x00, 0x00, 0x00,
  0x8d, 0x4d, 0x41, 0x3c, 0x24, 0x00, 0x00, 0x00, 0x73, 0x65, 0x71, 0x75,
  0x65, 0x6e, 0x74, 0x69, 0x61, 0x6c, 0x5f, 0x31, 0x2f, 0x67, 0x72, 0x75,
  0x5f, 0x31, 0x2f, 0x67, 0x72, 0x75, 0x5f, 0x63, 0x65, 0x6c, 0x6c, 0x5f,
  0x32, 0x31, 0x2f, 0x61, 0x64, 0x64, 0x5f, 0x31, 0x00, 0x00, 0x00, 0x00,
  0x02, 0x00, 0x00, 0x00, 0x01, 0x00, 0x00, 0x00, 0x10, 0x00, 0x00, 0x00,
  0x7e, 0xc6, 0xfe, 0xff, 0x00, 0x00, 0x00, 0x01, 0x18, 0x00, 0x00, 0x00,
  0x20, 0x00, 0x00, 0x00, 0x40, 0x00, 0x00, 0x00, 0x3a, 0x01, 0x00, 0x00,
  0x00, 0x00, 0x00, 0x09, 0x68, 0x00, 0x00, 0x00, 0x02, 0x00, 0x00, 0x00,
  0xff, 0xff, 0xff, 0xff, 0x10, 0x00, 0x00, 0x00, 0x64, 0xc6, 0xfe, 0xff,
  0x08, 0x00, 0x00, 0x00, 0x14, 0x00, 0x00, 0x00, 0x01, 0x00, 0x00, 0x00,
  0xfa, 0xff, 0xff, 0xff, 0xff, 0xff, 0xff, 0xff, 0x00, 0x00, 0x00, 0x00,
  0x01, 0x00, 0x00, 0x00, 0x64, 0x01, 0xe0, 0x3b, 0x2c, 0x00, 0x00, 0x00,
  0x73, 0x65, 0x71, 0x75, 0x65, 0x6e, 0x74, 0x69, 0x61, 0x6c, 0x5f, 0x31,
  0x2f, 0x67, 0x72, 0x75, 0x5f, 0x31, 0x2f, 0x67, 0x72, 0x75, 0x5f, 0x63,
  0x65, 0x6c, 0x6c, 0x5f, 0x32, 0x31, 0x2f, 0x73, 0x74, 0x72, 0x69, 0x64,
  0x65, 0x64, 0x5f, 0x73, 0x6c, 0x69, 0x63, 0x65, 0x00, 0x00, 0x00, 0x00,
  0x02, 0x00, 0x00, 0x00, 0x01, 0x00, 0x00, 0x00, 0x10, 0x00, 0x00, 0x00,
  0x0e, 0xc7, 0xfe, 0xff, 0x00, 0x00, 0x00, 0x01, 0x18, 0x00, 0x00, 0x00,
  0x20, 0x00, 0x00, 0x00, 0x3c, 0x00, 0x00, 0x00, 0x39, 0x01, 0x00, 0x00,
  0x00, 0x00, 0x00, 0x09, 0x80, 0x00, 0x00, 0x00, 0x02, 0x00, 0x00, 0x00,
  0xff, 0xff, 0xff, 0xff, 0x30, 0x00, 0x00, 0x00, 0xf4, 0xc6, 0xfe, 0xff,
  0x08, 0x00, 0x00, 0x00, 0x10, 0x00, 0x00, 0x00, 0x01, 0x00, 0x00, 0x00,
  0xfa, 0xff, 0xff, 0xff, 0xff, 0xff, 0xff, 0xff, 0x01, 0x00, 0x00, 0x00,
  0x64, 0x01, 0xe0, 0x3b, 0x4a, 0x00, 0x00, 0x00, 0x73, 0x65, 0x71, 0x75,
  0x65, 0x6e, 0x74, 0x69, 0x61, 0x6c, 0x5f, 0x31, 0x2f, 0x67, 0x72, 0x75,
  0x5f, 0x31, 0x2f, 0x67, 0x72, 0x75, 0x5f, 0x63, 0x65, 0x6c, 0x6c, 0x5f,
  0x32, 0x31, 0x2f, 0x4d, 0x61, 0x74, 0x4d, 0x75, 0x6c, 0x5f, 0x31, 0x3b,
  0x73, 0x65, 0x71, 0x75, 0x65, 0x6e, 0x74, 0x69, 0x61, 0x6c, 0x5f, 0x31,
  0x2f, 0x67, 0x72, 0x75, 0x5f, 0x31, 0x2f, 0x67, 0x72, 0x75, 0x5f, 0x63,
  0x65, 0x6c, 0x6c, 0x5f, 0x32, 0x31, 0x2f, 0x61, 0x64, 0x64, 0x00, 0x00,
  0x02, 0x00, 0x00, 0x00, 0x01, 0x00, 0x00, 0x00, 0x30, 0x00, 0x00, 0x00,
  0xb6, 0xc7, 0xfe, 0xff, 0x00, 0x00, 0x00, 0x01, 0x18, 0x00, 0x00, 0x00,
  0x20, 0x00, 0x00, 0x00, 0x40, 0x00, 0x00, 0x00, 0x38, 0x01, 0x00, 0x00,
  0x00, 0x00, 0x00, 0x09, 0x60, 0x00, 0x00, 0x00, 0x02, 0x00, 0x00, 0x00,
  0xff, 0xff, 0xff, 0xff, 0x10, 0x00, 0x00, 0x00, 0x9c, 0xc7, 0xfe, 0xff,
  0x08, 0x00, 0x00, 0x00, 0x14, 0x00, 0x00, 0x00, 0x01, 0x00, 0x00, 0x00,
  0x12, 0x00, 0x00, 0x00, 0x00, 0x00, 0x00, 0x00, 0x00, 0x00, 0x00, 0x00,
  0x01, 0x00, 0x00, 0x00, 0x37, 0xb1, 0x9d, 0x3b, 0x24, 0x00, 0x00, 0x00,
  0x73, 0x65, 0x71, 0x75, 0x65, 0x6e, 0x74, 0x69, 0x61, 0x6c, 0x5f, 0x31,
  0x2f, 0x67, 0x72, 0x75, 0x5f, 0x31, 0x2f, 0x67, 0x72, 0x75, 0x5f, 0x63,
  0x65, 0x6c, 0x6c, 0x5f, 0x31, 0x39, 0x2f, 0x61, 0x64, 0x64, 0x5f, 0x34,
  0x00, 0x00, 0x00, 0x00, 0x02, 0x00, 0x00, 0x00, 0x01, 0x00, 0x00, 0x00,
  0x10, 0x00, 0x00, 0x00, 0x3e, 0xc8, 0xfe, 0xff, 0x00, 0x00, 0x00, 0x01,
  0x18, 0x00, 0x00, 0x00, 0x20, 0x00, 0x00, 0x00, 0x40, 0x00, 0x00, 0x00,
  0x37, 0x01, 0x00, 0x00, 0x00, 0x00, 0x00, 0x09, 0x60, 0x00, 0x00, 0x00,
  0x02, 0x00, 0x00, 0x00, 0xff, 0xff, 0xff, 0xff, 0x10, 0x00, 0x00, 0x00,
  0x24, 0xc8, 0xfe, 0xff, 0x08, 0x00, 0x00, 0x00, 0x14, 0x00, 0x00, 0x00,
  0x01, 0x00, 0x00, 0x00, 0xfe, 0xff, 0xff, 0xff, 0xff, 0xff, 0xff, 0xff,
  0x00, 0x00, 0x00, 0x00, 0x01, 0x00, 0x00, 0x00, 0xd4, 0x6f, 0x55, 0x3b,
  0x24, 0x00, 0x00, 0x00, 0x73, 0x65, 0x71, 0x75, 0x65, 0x6e, 0x74, 0x69,
  0x61, 0x6c, 0x5f, 0x31, 0x2f, 0x67, 0x72, 0x75, 0x5f, 0x31, 0x2f, 0x67,
  0x72, 0x75, 0x5f, 0x63, 0x65, 0x6c, 0x6c, 0x5f, 0x31, 0x39, 0x2f, 0x6d,
  0x75, 0x6c, 0x5f, 0x32, 0x00, 0x00, 0x00, 0x00, 0x02, 0x00, 0x00, 0x00,
  0x01, 0x00, 0x00, 0x00, 0x10, 0x00, 0x00, 0x00, 0xc6, 0xc8, 0xfe, 0xff,
  0x00, 0x00, 0x00, 0x01, 0x18, 0x00, 0x00, 0x00, 0x20, 0x00, 0x00, 0x00,
  0x3c, 0x00, 0x00, 0x00, 0x36, 0x01, 0x00, 0x00, 0x00, 0x00, 0x00, 0x09,
  0x58, 0x00, 0x00, 0x00, 0x02, 0x00, 0x00, 0x00, 0xff, 0xff, 0xff, 0xff,
  0x10, 0x00, 0x00, 0x00, 0xac, 0xc8, 0xfe, 0xff, 0x08, 0x00, 0x00, 0x00,
  0x10, 0x00, 0x00, 0x00, 0x01, 0x00, 0x00, 0x00, 0x00, 0x00, 0x00, 0x00,
  0x00, 0x00, 0x00, 0x00, 0x01, 0x00, 0x00, 0x00, 0x00, 0x00, 0x00, 0x3c,
  0x23, 0x00, 0x00, 0x00, 0x73, 0x65, 0x71, 0x75, 0x65, 0x6e, 0x74, 0x69,
  0x61, 0x6c, 0x5f, 0x31, 0x2f, 0x67, 0x72, 0x75, 0x5f, 0x31, 0x2f, 0x67,
  0x72, 0x75, 0x5f, 0x63, 0x65, 0x6c, 0x6c, 0x5f, 0x31, 0x39, 0x2f, 0x54,
  0x61, 0x6e, 0x68, 0x00, 0x02, 0x00, 0x00, 0x00, 0x01, 0x00, 0x00, 0x00,
  0x10, 0x00, 0x00, 0x00, 0x46, 0xc9, 0xfe, 0xff, 0x00, 0x00, 0x00, 0x01,
  0x18, 0x00, 0x00, 0x00, 0x20, 0x00, 0x00, 0x00, 0x40, 0x00, 0x00, 0x00,
  0x35, 0x01, 0x00, 0x00, 0x00, 0x00, 0x00, 0x09, 0x60, 0x00, 0x00, 0x00,
  0x02, 0x00, 0x00, 0x00, 0xff, 0xff, 0xff, 0xff, 0x10, 0x00, 0x00, 0x00,
  0x2c, 0xc9, 0xfe, 0xff, 0x08, 0x00, 0x00, 0x00, 0x14, 0x00, 0x00, 0x00,
  0x01, 0x00, 0x00, 0x00, 0x12, 0x00, 0x00, 0x00, 0x00, 0x00, 0x00, 0x00,
  0x00, 0x00, 0x00, 0x00, 0x01, 0x00, 0x00, 0x00, 0xbf, 0x56, 0xf4, 0x3b,
  0x24, 0x00, 0x00, 0x00, 0x73, 0x65, 0x71, 0x75, 0x65, 0x6e, 0x74, 0x69,
  0x61, 0x6c, 0x5f, 0x31, 0x2f, 0x67, 0x72, 0x75, 0x5f, 0x31, 0x2f, 0x67,
  0x72, 0x75, 0x5f, 0x63, 0x65, 0x6c, 0x6c, 0x5f, 0x31, 0x39, 0x2f, 0x61,
  0x64, 0x64, 0x5f, 0x33, 0x00, 0x00, 0x00, 0x00, 0x02, 0x00, 0x00, 0x00,
  0x01, 0x00, 0x00, 0x00, 0x10, 0x00, 0x00, 0x00, 0xce, 0xc9, 0xfe, 0xff,
  0x00, 0x00, 0x00, 0x01, 0x18, 0x00, 0x00, 0x00, 0x20, 0x00, 0x00, 0x00,
  0x3c, 0x00, 0x00, 0x00, 0x34, 0x01, 0x00, 0x00, 0x00, 0x00, 0x00, 0x09,
  0x58, 0x00, 0x00, 0x00, 0x02, 0x00, 0x00, 0x00, 0xff, 0xff, 0xff, 0xff,
  0x10, 0x00, 0x00, 0x00, 0xb4, 0xc9, 0xfe, 0xff, 0x08, 0x00, 0x00, 0x00,
  0x10, 0x00, 0x00, 0x00, 0x01, 0x00, 0x00, 0x00, 0x09, 0x00, 0x00, 0x00,
  0x00, 0x00, 0x00, 0x00, 0x01, 0x00, 0x00, 0x00, 0xe6, 0x47, 0x41, 0x3b,
  0x22, 0x00, 0x00, 0x00, 0x73, 0x65, 0x71, 0x75, 0x65, 0x6e, 0x74, 0x69,
  0x61, 0x6c, 0x5f, 0x31, 0x2f, 0x67, 0x72, 0x75, 0x5f, 0x31, 0x2f, 0x67,
  0x72, 0x75, 0x5f, 0x63, 0x65, 0x6c, 0x6c, 0x5f, 0x31, 0x39, 0x2f, 0x6d,
  0x75, 0x6c, 0x00, 0x00, 0x02, 0x00, 0x00, 0x00, 0x01, 0x00, 0x00, 0x00,
  0x10, 0x00, 0x00, 0x00, 0x4e, 0xca, 0xfe, 0xff, 0x00, 0x00, 0x00, 0x01,
  0x18, 0x00, 0x00, 0x00, 0x20, 0x00, 0x00, 0x00, 0x40, 0x00, 0x00, 0x00,
  0x33, 0x01, 0x00, 0x00, 0x00, 0x00, 0x00, 0x09, 0x68, 0x00, 0x00, 0x00,
  0x02, 0x00, 0x00, 0x00, 0xff, 0xff, 0xff, 0xff, 0x10, 0x00, 0x00, 0x00,
  0x34, 0xca, 0xfe, 0xff, 0x08, 0x00, 0x00, 0x00, 0x14, 0x00, 0x00, 0x00,
  0x01, 0x00, 0x00, 0x00, 0x03, 0x00, 0x00, 0x00, 0x00, 0x00, 0x00, 0x00,
  0x00, 0x00, 0x00, 0x00, 0x01, 0x00, 0x00, 0x00, 0x2e, 0xbb, 0xeb, 0x3b,
  0x2e, 0x00, 0x00, 0x00, 0x73, 0x65, 0x71, 0x75, 0x65, 0x6e, 0x74, 0x69,
  0x61, 0x6c, 0x5f, 0x31, 0x2f, 0x67, 0x72, 0x75, 0x5f, 0x31, 0x2f, 0x67,
  0x72, 0x75, 0x5f, 0x63, 0x65, 0x6c, 0x6c, 0x5f, 0x31, 0x39, 0x2f, 0x73,
  0x74, 0x72, 0x69, 0x64, 0x65, 0x64, 0x5f, 0x73, 0x6c, 0x69, 0x63, 0x65,
  0x5f, 0x32, 0x00, 0x00, 0x02, 0x00, 0x00, 0x00, 0x01, 0x00, 0x00, 0x00,
  0x10, 0x00, 0x00, 0x00, 0xde, 0xca, 0xfe, 0xff, 0x00, 0x00, 0x00, 0x01,
  0x18, 0x00, 0x00, 0x00, 0x20, 0x00, 0x00, 0x00, 0x3c, 0x00, 0x00, 0x00,
  0x32, 0x01, 0x00, 0x00, 0x00, 0x00, 0x00, 0x09, 0x60, 0x00, 0x00, 0x00,
  0x02, 0x00, 0x00, 0x00, 0xff, 0xff, 0xff, 0xff, 0x10, 0x00, 0x00, 0x00,
  0xc4, 0xca, 0xfe, 0xff, 0x08, 0x00, 0x00, 0x00, 0x10, 0x00, 0x00, 0x00,
  0x01, 0x00, 0x00, 0x00, 0x80, 0xff, 0xff, 0xff, 0xff, 0xff, 0xff, 0xff,
  0x01, 0x00, 0x00, 0x00, 0x00, 0x00, 0x80, 0x3b, 0x28, 0x00, 0x00, 0x00,
  0x73, 0x65, 0x71, 0x75, 0x65, 0x6e, 0x74, 0x69, 0x61, 0x6c, 0x5f, 0x31,
  0x2f, 0x67, 0x72, 0x75, 0x5f, 0x31, 0x2f, 0x67, 0x72, 0x75, 0x5f, 0x63,
  0x65, 0x6c, 0x6c, 0x5f, 0x31, 0x39, 0x2f, 0x53, 0x69, 0x67, 0x6d, 0x6f,
  0x69, 0x64, 0x5f, 0x31, 0x00, 0x00, 0x00, 0x00, 0x02, 0x00, 0x00, 0x00,
  0x01, 0x00, 0x00, 0x00, 0x10, 0x00, 0x00, 0x00, 0x66, 0xcb, 0xfe, 0xff,
  0x00, 0x00, 0x00, 0x01, 0x18, 0x00, 0x00, 0x00, 0x20, 0x00, 0x00, 0x00,
  0x40, 0x00, 0x00, 0x00, 0x31, 0x01, 0x00, 0x00, 0x00, 0x00, 0x00, 0x09,
  0x60, 0x00, 0x00, 0x00, 0x02, 0x00, 0x00, 0x00, 0xff, 0xff, 0xff, 0xff,
  0x10, 0x00, 0x00, 0x00, 0x4c, 0xcb, 0xfe, 0xff, 0x08, 0x00, 0x00, 0x00,
  0x14, 0x00, 0x00, 0x00, 0x01, 0x00, 0x00, 0x00, 0x07, 0x00, 0x00, 0x00,
  0x00, 0x00, 0x00, 0x00, 0x00, 0x00, 0x00, 0x00, 0x01, 0x00, 0x00, 0x00,
  0x19, 0x49, 0x70, 0x3c, 0x24, 0x00, 0x00, 0x00, 0x73, 0x65, 0x71, 0x75,
  0x65, 0x6e, 0x74, 0x69, 0x61, 0x6c, 0x5f, 0x31, 0x2f, 0x67, 0x72, 0x75,
  0x5f, 0x31, 0x2f, 0x67, 0x72, 0x75, 0x5f, 0x63, 0x65, 0x6c, 0x6c, 0x5f,
  0x31, 0x39, 0x2f, 0x61, 0x64, 0x64, 0x5f, 0x32, 0x00, 0x00, 0x00, 0x00,
  0x02, 0x00, 0x00, 0x00, 0x01, 0x00, 0x00, 0x00, 0x10, 0x00, 0x00, 0x00,
  0xee, 0xcb, 0xfe, 0xff, 0x00, 0x00, 0x00, 0x01, 0x18, 0x00, 0x00, 0x00,
  0x20, 0x00, 0x00, 0x00, 0x40, 0x00, 0x00, 0x00, 0x30, 0x01, 0x00, 0x00,
  0x00, 0x00, 0x00, 0x09, 0x68, 0x00, 0x00, 0x00, 0x02, 0x00, 0x00, 0x00,
  0xff, 0xff, 0xff, 0xff, 0x10, 0x00, 0x00, 0x00, 0xd4, 0xcb, 0xfe, 0xff,
  0x08, 0x00, 0x00, 0x00, 0x14, 0x00, 0x00, 0x00, 0x01, 0x00, 0x00, 0x00,
  0x03, 0x00, 0x00, 0x00, 0x00, 0x00, 0x00, 0x00, 0x00, 0x00, 0x00, 0x00,
  0x01, 0x00, 0x00, 0x00, 0x2e, 0xbb, 0xeb, 0x3b, 0x2e, 0x00, 0x00, 0x00,
  0x73, 0x65, 0x71, 0x75, 0x65, 0x6e, 0x74, 0x69, 0x61, 0x6c, 0x5f, 0x31,
  0x2f, 0x67, 0x72, 0x75, 0x5f, 0x31, 0x2f, 0x67, 0x72, 0x75, 0x5f, 0x63,
  0x65, 0x6c, 0x6c, 0x5f, 0x31, 0x39, 0x2f, 0x73, 0x74, 0x72, 0x69, 0x64,
  0x65, 0x64, 0x5f, 0x73, 0x6c, 0x69, 0x63, 0x65, 0x5f, 0x31, 0x00, 0x00,
  0x02, 0x00, 0x00, 0x00, 0x01, 0x00, 0x00, 0x00, 0x10, 0x00, 0x00, 0x00,
  0x7e, 0xcc, 0xfe, 0xff, 0x00, 0x00, 0x00, 0x01, 0x18, 0x00, 0x00, 0x00,
  0x20, 0x00, 0x00, 0x00, 0x40, 0x00, 0x00, 0x00, 0x2f, 0x01, 0x00, 0x00,
  0x00, 0x00, 0x00, 0x09, 0x60, 0x00, 0x00, 0x00, 0x02, 0x00, 0x00, 0x00,
  0xff, 0xff, 0xff, 0xff, 0x10, 0x00, 0x00, 0x00, 0x64, 0xcc, 0xfe, 0xff,
  0x08, 0x00, 0x00, 0x00, 0x14, 0x00, 0x00, 0x00, 0x01, 0x00, 0x00, 0x00,
  0x12, 0x00, 0x00, 0x00, 0x00, 0x00, 0x00, 0x00, 0x00, 0x00, 0x00, 0x00,
  0x01, 0x00, 0x00, 0x00, 0x37, 0xb1, 0x9d, 0x3b, 0x24, 0x00, 0x00, 0x00,
  0x73, 0x65, 0x71, 0x75, 0x65, 0x6e, 0x74, 0x69, 0x61, 0x6c, 0x5f, 0x31,
  0x2f, 0x67, 0x72, 0x75, 0x5f, 0x31, 0x2f, 0x67, 0x72, 0x75, 0x5f, 0x63,
  0x65, 0x6c, 0x6c, 0x5f, 0x31, 0x39, 0x2f, 0x6d, 0x75, 0x6c, 0x5f, 0x31,
  0x00, 0x00, 0x00, 0x00, 0x02, 0x00, 0x00, 0x00, 0x01, 0x00, 0x00, 0x00,
  0x10, 0x00, 0x00, 0x00, 0x06, 0xcd, 0xfe, 0xff, 0x00, 0x00, 0x00, 0x01,
  0x18, 0x00, 0x00, 0x00, 0x20, 0x00, 0x00, 0x00, 0x3c, 0x00, 0x00, 0x00,
  0x2e, 0x01, 0x00, 0x00, 0x00, 0x00, 0x00, 0x09, 0x58, 0x00, 0x00, 0x00,
  0x02, 0x00, 0x00, 0x00, 0xff, 0xff, 0xff, 0xff, 0x10, 0x00, 0x00, 0x00,
  0xec, 0xcc, 0xfe, 0xff, 0x08, 0x00, 0x00, 0x00, 0x10, 0x00, 0x00, 0x00,
  0x01, 0x00, 0x00, 0x00, 0xe2, 0xff, 0xff, 0xff, 0xff, 0xff, 0xff, 0xff,
  0x01, 0x00, 0x00, 0x00, 0x2a, 0xb5, 0x88, 0x3b, 0x22, 0x00, 0x00, 0x00,
  0x73, 0x65, 0x71, 0x75, 0x65, 0x6e, 0x74, 0x69, 0x61, 0x6c, 0x5f, 0x31,
  0x2f, 0x67, 0x72, 0x75, 0x5f, 0x31, 0x2f, 0x67, 0x72, 0x75, 0x5f, 0x63,
  0x65, 0x6c, 0x6c, 0x5f, 0x31, 0x39, 0x2f, 0x73, 0x75, 0x62, 0x00, 0x00,
  0x02, 0x00, 0x00, 0x00, 0x01, 0x00, 0x00, 0x00, 0x10, 0x00, 0x00, 0x00,
  0x86, 0xcd, 0xfe, 0xff, 0x00, 0x00, 0x00, 0x01, 0x18, 0x00, 0x00, 0x00,
  0x20, 0x00, 0x00, 0x00, 0x40, 0x00, 0x00, 0x00, 0x2d, 0x01, 0x00, 0x00,
  0x00, 0x00, 0x00, 0x09, 0x60, 0x00, 0x00, 0x00, 0x02, 0x00, 0x00, 0x00,
  0xff, 0xff, 0xff, 0xff, 0x10, 0x00, 0x00, 0x00, 0x6c, 0xcd, 0xfe, 0xff,
  0x08, 0x00, 0x00, 0x00, 0x14, 0x00, 0x00, 0x00, 0x01, 0x00, 0x00, 0x00,
  0x80, 0xff, 0xff, 0xff, 0xff, 0xff, 0xff, 0xff, 0x00, 0x00, 0x00, 0x00,
  0x01, 0x00, 0x00, 0x00, 0x00, 0x00, 0x80, 0x3b, 0x26, 0x00, 0x00, 0x00,
  0x73, 0x65, 0x71, 0x75, 0x65, 0x6e, 0x74, 0x69, 0x61, 0x6c, 0x5f, 0x31,
  0x2f, 0x67, 0x72, 0x75, 0x5f, 0x31, 0x2f, 0x67, 0x72, 0x75, 0x5f, 0x63,
  0x65, 0x6c, 0x6c, 0x5f, 0x31, 0x39, 0x2f, 0x53, 0x69, 0x67, 0x6d, 0x6f,
  0x69, 0x64, 0x00, 0x00, 0x02, 0x00, 0x00, 0x00, 0x01, 0x00, 0x00, 0x00,
  0x10, 0x00, 0x00, 0x00, 0x0e, 0xce, 0xfe, 0xff, 0x00, 0x00, 0x00, 0x01,
  0x18, 0x00, 0x00, 0x00, 0x20, 0x00, 0x00, 0x00, 0x40, 0x00, 0x00, 0x00,
  0x2c, 0x01, 0x00, 0x00, 0x00, 0x00, 0x00, 0x09, 0x60, 0x00, 0x00, 0x00,
  0x02, 0x00, 0x00, 0x00, 0xff, 0xff, 0xff, 0xff, 0x10, 0x00, 0x00, 0x00,
  0xf4, 0xcd, 0xfe, 0xff, 0x08, 0x00, 0x00, 0x00, 0x14, 0x00, 0x00, 0x00,
  0x01, 0x00, 0x00, 0x00, 0xb7, 0xff, 0xff, 0xff, 0xff, 0xff, 0xff, 0xff,
  0x00, 0x00, 0x00, 0x00, 0x01, 0x00, 0x00, 0x00, 0x0b, 0xc1, 0x3d, 0x3c,
  0x24, 0x00, 0x00, 0x00, 0x73, 0x65, 0x71, 0x75, 0x65, 0x6e, 0x74, 0x69,
  0x61, 0x6c, 0x5f, 0x31, 0x2f, 0x67, 0x72, 0x75, 0x5f, 0x31, 0x2f, 0x67,
  0x72, 0x75, 0x5f, 0x63, 0x65, 0x6c, 0x6c, 0x5f, 0x31, 0x39, 0x2f, 0x61,
  0x64, 0x64, 0x5f, 0x31, 0x00, 0x00, 0x00, 0x00, 0x02, 0x00, 0x00, 0x00,
  0x01, 0x00, 0x00, 0x00, 0x10, 0x00, 0x00, 0x00, 0x96, 0xce, 0xfe, 0xff,
  0x00, 0x00, 0x00, 0x01, 0x18, 0x00, 0x00, 0x00, 0x20, 0x00, 0x00, 0x00,
  0x40, 0x00, 0x00, 0x00, 0x2b, 0x01, 0x00, 0x00, 0x00, 0x00, 0x00, 0x09,
  0x68, 0x00, 0x00, 0x00, 0x02, 0x00, 0x00, 0x00, 0xff, 0xff, 0xff, 0xff,
  0x10, 0x00, 0x00, 0x00, 0x7c, 0xce, 0xfe, 0xff, 0x08, 0x00, 0x00, 0x00,
  0x14, 0x00, 0x00, 0x00, 0x01, 0x00, 0x00, 0x00, 0x03, 0x00, 0x00, 0x00,
  0x00, 0x00, 0x00, 0x00, 0x00, 0x00, 0x00, 0x00, 0x01, 0x00, 0x00, 0x00,
  0x2e, 0xbb, 0xeb, 0x3b, 0x2c, 0x00, 0x00, 0x00, 0x73, 0x65, 0x71, 0x75,
  0x65, 0x6e, 0x74, 0x69, 0x61, 0x6c, 0x5f, 0x31, 0x2f, 0x67, 0x72, 0x75,
  0x5f, 0x31, 0x2f, 0x67, 0x72, 0x75, 0x5f, 0x63, 0x65, 0x6c, 0x6c, 0x5f,
  0x31, 0x39, 0x2f, 0x73, 0x74, 0x72, 0x69, 0x64, 0x65, 0x64, 0x5f, 0x73,
  0x6c, 0x69, 0x63, 0x65, 0x00, 0x00, 0x00, 0x00, 0x02, 0x00, 0x00, 0x00,
  0x01, 0x00, 0x00, 0x00, 0x10, 0x00, 0x00, 0x00, 0x26, 0xcf, 0xfe, 0xff,
  0x00, 0x00, 0x00, 0x01, 0x18, 0x00, 0x00, 0x00, 0x20, 0x00, 0x00, 0x00,
  0x3c, 0x00, 0x00, 0x00, 0x2a, 0x01, 0x00, 0x00, 0x00, 0x00, 0x00, 0x09,
  0x80, 0x00, 0x00, 0x00, 0x02, 0x00, 0x00, 0x00, 0xff, 0xff, 0xff, 0xff,
  0x30, 0x00, 0x00, 0x00, 0x0c, 0xcf, 0xfe, 0xff, 0x08, 0x00, 0x00, 0x00,
  0x10, 0x00, 0x00, 0x00, 0x01, 0x00, 0x00, 0x00, 0x03, 0x00, 0x00, 0x00,
  0x00, 0x00, 0x00, 0x00, 0x01, 0x00, 0x00, 0x00, 0x2e, 0xbb, 0xeb, 0x3b,
  0x4a, 0x00, 0x00, 0x00, 0x73, 0x65, 0x71, 0x75, 0x65, 0x6e, 0x74, 0x69,
  0x61, 0x6c, 0x5f, 0x31, 0x2f, 0x67, 0x72, 0x75, 0x5f, 0x31, 0x2f, 0x67,
  0x72, 0x75, 0x5f, 0x63, 0x65, 0x6c, 0x6c, 0x5f, 0x31, 0x39, 0x2f, 0x4d,
  0x61, 0x74, 0x4d, 0x75, 0x6c, 0x5f, 0x31, 0x3b, 0x73, 0x65, 0x71, 0x75,
  0x65, 0x6e, 0x74, 0x69, 0x61, 0x6c, 0x5f, 0x31, 0x2f, 0x67, 0x72, 0x75,
  0x5f, 0x31, 0x2f, 0x67, 0x72, 0x75, 0x5f, 0x63, 0x65, 0x6c, 0x6c, 0x5f,
  0x31, 0x39, 0x2f, 0x61, 0x64, 0x64, 0x00, 0x00, 0x02, 0x00, 0x00, 0x00,
  0x01, 0x00, 0x00, 0x00, 0x30, 0x00, 0x00, 0x00, 0xce, 0xcf, 0xfe, 0xff,
  0x00, 0x00, 0x00, 0x01, 0x18, 0x00, 0x00, 0x00, 0x20, 0x00, 0x00, 0x00,
  0x40, 0x00, 0x00, 0x00, 0x29, 0x01, 0x00, 0x00, 0x00, 0x00, 0x00, 0x09,
  0x60, 0x00, 0x00, 0x00, 0x02, 0x00, 0x00, 0x00, 0xff, 0xff, 0xff, 0xff,
  0x10, 0x00, 0x00, 0x00, 0xb4, 0xcf, 0xfe, 0xff, 0x08, 0x00, 0x00, 0x00,
  0x14, 0x00, 0x00, 0x00, 0x01, 0x00, 0x00, 0x00, 0x16, 0x00, 0x00, 0x00,
  0x00, 0x00, 0x00, 0x00, 0x00, 0x00, 0x00, 0x00, 0x01, 0x00, 0x00, 0x00,
  0x3d, 0xd2, 0xa1, 0x3b, 0x24, 0x00, 0x00, 0x00, 0x73, 0x65, 0x71, 0x75,
  0x65, 0x6e, 0x74, 0x69, 0x61, 0x6c, 0x5f, 0x31, 0x2f, 0x67, 0x72, 0x75,
  0x5f, 0x31, 0x2f, 0x67, 0x72, 0x75, 0x5f, 0x63, 0x65, 0x6c, 0x6c, 0x5f,
  0x31, 0x37, 0x2f, 0x61, 0x64, 0x64, 0x5f, 0x34, 0x00, 0x00, 0x00, 0x00,
  0x02, 0x00, 0x00, 0x00, 0x01, 0x00, 0x00, 0x00, 0x10, 0x00, 0x00, 0x00,
  0x56, 0xd0, 0xfe, 0xff, 0x00, 0x00, 0x00, 0x01, 0x18, 0x00, 0x00, 0x00,
  0x20, 0x00, 0x00, 0x00, 0x40, 0x00, 0x00, 0x00, 0x28, 0x01, 0x00, 0x00,
  0x00, 0x00, 0x00, 0x09, 0x60, 0x00, 0x00, 0x00, 0x02, 0x00, 0x00, 0x00,
  0xff, 0xff, 0xff, 0xff, 0x10, 0x00, 0x00, 0x00, 0x3c, 0xd0, 0xfe, 0xff,
  0x08, 0x00, 0x00, 0x00, 0x14, 0x00, 0x00, 0x00, 0x01, 0x00, 0x00, 0x00,
  0x0d, 0x00, 0x00, 0x00, 0x00, 0x00, 0x00, 0x00, 0x00, 0x00, 0x00, 0x00,
  0x01, 0x00, 0x00, 0x00, 0xda, 0x5d, 0x63, 0x3b, 0x24, 0x00, 0x00, 0x00,
  0x73, 0x65, 0x71, 0x75, 0x65, 0x6e, 0x74, 0x69, 0x61, 0x6c, 0x5f, 0x31,
  0x2f, 0x67, 0x72, 0x75, 0x5f, 0x31, 0x2f, 0x67, 0x72, 0x75, 0x5f, 0x63,
  0x65, 0x6c, 0x6c, 0x5f, 0x31, 0x37, 0x2f, 0x6d, 0x75, 0x6c, 0x5f, 0x32,
  0x00, 0x00, 0x00, 0x00, 0x02, 0x00, 0x00, 0x00, 0x01, 0x00, 0x00, 0x00,
  0x10, 0x00, 0x00, 0x00, 0xde, 0xd0, 0xfe, 0xff, 0x00, 0x00, 0x00, 0x01,
  0x18, 0x00, 0x00, 0x00, 0x20, 0x00, 0x00, 0x00, 0x3c, 0x00, 0x00, 0x00,
  0x27, 0x01, 0x00, 0x00, 0x00, 0x00, 0x00, 0x09, 0x58, 0x00, 0x00, 0x00,
  0x02, 0x00, 0x00, 0x00, 0xff, 0xff, 0xff, 0xff, 0x10, 0x00, 0x00, 0x00,
  0xc4, 0xd0, 0xfe, 0xff, 0x08, 0x00, 0x00, 0x00, 0x10, 0x00, 0x00, 0x00,
  0x01, 0x00, 0x00, 0x00, 0x00, 0x00, 0x00, 0x00, 0x00, 0x00, 0x00, 0x00,
  0x01, 0x00, 0x00, 0x00, 0x00, 0x00, 0x00, 0x3c, 0x23, 0x00, 0x00, 0x00,
  0x73, 0x65, 0x71, 0x75, 0x65, 0x6e, 0x74, 0x69, 0x61, 0x6c, 0x5f, 0x31,
  0x2f, 0x67, 0x72, 0x75, 0x5f, 0x31, 0x2f, 0x67, 0x72, 0x75, 0x5f, 0x63,
  0x65, 0x6c, 0x6c, 0x5f, 0x31, 0x37, 0x2f, 0x54, 0x61, 0x6e, 0x68, 0x00,
  0x02, 0x00, 0x00, 0x00, 0x01, 0x00, 0x00, 0x00, 0x10, 0x00, 0x00, 0x00,
  0x5e, 0xd1, 0xfe, 0xff, 0x00, 0x00, 0x00, 0x01, 0x18, 0x00, 0x00, 0x00,
  0x20, 0x00, 0x00, 0x00, 0x40, 0x00, 0x00, 0x00, 0x26, 0x01, 0x00, 0x00,
  0x00, 0x00, 0x00, 0x09, 0x60, 0x00, 0x00, 0x00, 0x02, 0x00, 0x00, 0x00,
  0xff, 0xff, 0xff, 0xff, 0x10, 0x00, 0x00, 0x00, 0x44, 0xd1, 0xfe, 0xff,
  0x08, 0x00, 0x00, 0x00, 0x14, 0x00, 0x00, 0x00, 0x01, 0x00, 0x00, 0x00,
  0x17, 0x00, 0x00, 0x00, 0x00, 0x00, 0x00, 0x00, 0x00, 0x00, 0x00, 0x00,
  0x01, 0x00, 0x00, 0x00, 0x8e, 0x75, 0x00, 0x3c, 0x24, 0x00, 0x00, 0x00,
  0x73, 0x65, 0x71, 0x75, 0x65, 0x6e, 0x74, 0x69, 0x61, 0x6c, 0x5f, 0x31,
  0x2f, 0x67, 0x72, 0x75, 0x5f, 0x31, 0x2f, 0x67, 0x72, 0x75, 0x5f, 0x63,
  0x65, 0x6c, 0x6c, 0x5f, 0x31, 0x37, 0x2f, 0x61, 0x64, 0x64, 0x5f, 0x33,
  0x00, 0x00, 0x00, 0x00, 0x02, 0x00, 0x00, 0x00, 0x01, 0x00, 0x00, 0x00,
  0x10, 0x00, 0x00, 0x00, 0xe6, 0xd1, 0xfe, 0xff, 0x00, 0x00, 0x00, 0x01,
  0x18, 0x00, 0x00, 0x00, 0x20, 0x00, 0x00, 0x00, 0x3c, 0x00, 0x00, 0x00,
  0x25, 0x01, 0x00, 0x00, 0x00, 0x00, 0x00, 0x09, 0x58, 0x00, 0x00, 0x00,
  0x02, 0x00, 0x00, 0x00, 0xff, 0xff, 0xff, 0xff, 0x10, 0x00, 0x00, 0x00,
  0xcc, 0xd1, 0xfe, 0xff, 0x08, 0x00, 0x00, 0x00, 0x10, 0x00, 0x00, 0x00,
  0x01, 0x00, 0x00, 0x00, 0x09, 0x00, 0x00, 0x00, 0x00, 0x00, 0x00, 0x00,
  0x01, 0x00, 0x00, 0x00, 0xfe, 0xf4, 0x42, 0x3b, 0x22, 0x00, 0x00, 0x00,
  0x73, 0x65, 0x71, 0x75, 0x65, 0x6e, 0x74, 0x69, 0x61, 0x6c, 0x5f, 0x31,
  0x2f, 0x67, 0x72, 0x75, 0x5f, 0x31, 0x2f, 0x67, 0x72, 0x75, 0x5f, 0x63,
  0x65, 0x6c, 0x6c, 0x5f, 0x31, 0x37, 0x2f, 0x6d, 0x75, 0x6c, 0x00, 0x00,
  0x02, 0x00, 0x00, 0x00, 0x01, 0x00, 0x00, 0x00, 0x10, 0x00, 0x00, 0x00,
  0x66, 0xd2, 0xfe, 0xff, 0x00, 0x00, 0x00, 0x01, 0x18, 0x00, 0x00, 0x00,
  0x20, 0x00, 0x00, 0x00, 0x40, 0x00, 0x00, 0x00, 0x24, 0x01, 0x00, 0x00,
  0x00, 0x00, 0x00, 0x09, 0x68, 0x00, 0x00, 0x00, 0x02, 0x00, 0x00, 0x00,
  0xff, 0xff, 0xff, 0xff, 0x10, 0x00, 0x00, 0x00, 0x4c, 0xd2, 0xfe, 0xff,
  0x08, 0x00, 0x00, 0x00, 0x14, 0x00, 0x00, 0x00, 0x01, 0x00, 0x00, 0x00,
  0x03, 0x00, 0x00, 0x00, 0x00, 0x00, 0x00, 0x00, 0x00, 0x00, 0x00, 0x00,
  0x01, 0x00, 0x00, 0x00, 0x90, 0x6f, 0xeb, 0x3b, 0x2e, 0x00, 0x00, 0x00,
  0x73, 0x65, 0x71, 0x75, 0x65, 0x6e, 0x74, 0x69, 0x61, 0x6c, 0x5f, 0x31,
  0x2f, 0x67, 0x72, 0x75, 0x5f, 0x31, 0x2f, 0x67, 0x72, 0x75, 0x5f, 0x63,
  0x65, 0x6c, 0x6c, 0x5f, 0x31, 0x37, 0x2f, 0x73, 0x74, 0x72, 0x69, 0x64,
  0x65, 0x64, 0x5f, 0x73, 0x6c, 0x69, 0x63, 0x65, 0x5f, 0x32, 0x00, 0x00,
  0x02, 0x00, 0x00, 0x00, 0x01, 0x00, 0x00, 0x00, 0x10, 0x00, 0x00, 0x00,
  0xf6, 0xd2, 0xfe, 0xff, 0x00, 0x00, 0x00, 0x01, 0x18, 0x00, 0x00, 0x00,
  0x20, 0x00, 0x00, 0x00, 0x3c, 0x00, 0x00, 0x00, 0x23, 0x01, 0x00, 0x00,
  0x00, 0x00, 0x00, 0x09, 0x60, 0x00, 0x00, 0x00, 0x02, 0x00, 0x00, 0x00,
  0xff, 0xff, 0xff, 0xff, 0x10, 0x00, 0x00, 0x00, 0xdc, 0xd2, 0xfe, 0xff,
  0x08, 0x00, 0x00, 0x00, 0x10, 0x00, 0x00, 0x00, 0x01, 0x00, 0x00, 0x00,
  0x80, 0xff, 0xff, 0xff, 0xff, 0xff, 0xff, 0xff, 0x01, 0x00, 0x00, 0x00,
  0x00, 0x00, 0x80, 0x3b, 0x28, 0x00, 0x00, 0x00, 0x73, 0x65, 0x71, 0x75,
  0x65, 0x6e, 0x74, 0x69, 0x61, 0x6c, 0x5f, 0x31, 0x2f, 0x67, 0x72, 0x75,
  0x5f, 0x31, 0x2f, 0x67, 0x72, 0x75, 0x5f, 0x63, 0x65, 0x6c, 0x6c, 0x5f,
  0x31, 0x37, 0x2f, 0x53, 0x69, 0x67, 0x6d, 0x6f, 0x69, 0x64, 0x5f, 0x31,
  0x00, 0x00, 0x00, 0x00, 0x02, 0x00, 0x00, 0x00, 0x01, 0x00, 0x00, 0x00,
  0x10, 0x00, 0x00, 0x00, 0x7e, 0xd3, 0xfe, 0xff, 0x00, 0x00, 0x00, 0x01,
  0x18, 0x00, 0x00, 0x00, 0x20, 0x00, 0x00, 0x00, 0x40, 0x00, 0x00, 0x00,
  0x22, 0x01, 0x00, 0x00, 0x00, 0x00, 0x00, 0x09, 0x60, 0x00, 0x00, 0x00,
  0x02, 0x00, 0x00, 0x00, 0xff, 0xff, 0xff, 0xff, 0x10, 0x00, 0x00, 0x00,
  0x64, 0xd3, 0xfe, 0xff, 0x08, 0x00, 0x00, 0x00, 0x14, 0x00, 0x00, 0x00,
  0x01, 0x00, 0x00, 0x00, 0x00, 0x00, 0x00, 0x00, 0x00, 0x00, 0x00, 0x00,
  0x00, 0x00, 0x00, 0x00, 0x01, 0x00, 0x00, 0x00, 0xd5, 0x86, 0x84, 0x3c,
  0x24, 0x00, 0x00, 0x00, 0x73, 0x65, 0x71, 0x75, 0x65, 0x6e, 0x74, 0x69,
  0x61, 0x6c, 0x5f, 0x31, 0x2f, 0x67, 0x72, 0x75, 0x5f, 0x31, 0x2f, 0x67,
  0x72, 0x75, 0x5f, 0x63, 0x65, 0x6c, 0x6c, 0x5f, 0x31, 0x37, 0x2f, 0x61,
  0x64, 0x64, 0x5f, 0x32, 0x00, 0x00, 0x00, 0x00, 0x02, 0x00, 0x00, 0x00,
  0x01, 0x00, 0x00, 0x00, 0x10, 0x00, 0x00, 0x00, 0x06, 0xd4, 0xfe, 0xff,
  0x00, 0x00, 0x00, 0x01, 0x18, 0x00, 0x00, 0x00, 0x20, 0x00, 0x00, 0x00,
  0x40, 0x00, 0x00, 0x00, 0x21, 0x01, 0x00, 0x00, 0x00, 0x00, 0x00, 0x09,
  0x68, 0x00, 0x00, 0x00, 0x02, 0x00, 0x00, 0x00, 0xff, 0xff, 0xff, 0xff,
  0x10, 0x00, 0x00, 0x00, 0xec, 0xd3, 0xfe, 0xff, 0x08, 0x00, 0x00, 0x00,
  0x14, 0x00, 0x00, 0x00, 0x01, 0x00, 0x00, 0x00, 0x03, 0x00, 0x00, 0x00,
  0x00, 0x00, 0x00, 0x00, 0x00, 0x00, 0x00, 0x00, 0x01, 0x00, 0x00, 0x00,
  0x90, 0x6f, 0xeb, 0x3b, 0x2e, 0x00, 0x00, 0x00, 0x73, 0x65, 0x71, 0x75,
  0x65, 0x6e, 0x74, 0x69, 0x61, 0x6c, 0x5f, 0x31, 0x2f, 0x67, 0x72, 0x75,
  0x5f, 0x31, 0x2f, 0x67, 0x72, 0x75, 0x5f, 0x63, 0x65, 0x6c, 0x6c, 0x5f,
  0x31, 0x37, 0x2f, 0x73, 0x74, 0x72, 0x69, 0x64, 0x65, 0x64, 0x5f, 0x73,
  0x6c, 0x69, 0x63, 0x65, 0x5f, 0x31, 0x00, 0x00, 0x02, 0x00, 0x00, 0x00,
  0x01, 0x00, 0x00, 0x00, 0x10, 0x00, 0x00, 0x00, 0x96, 0xd4, 0xfe, 0xff,
  0x00, 0x00, 0x00, 0x01, 0x18, 0x00, 0x00, 0x00, 0x20, 0x00, 0x00, 0x00,
  0x40, 0x00, 0x00, 0x00, 0x20, 0x01, 0x00, 0x00, 0x00, 0x00, 0x00, 0x09,
  0x60, 0x00, 0x00, 0x00, 0x02, 0x00, 0x00, 0x00, 0xff, 0xff, 0xff, 0xff,
  0x10, 0x00, 0x00, 0x00, 0x7c, 0xd4, 0xfe, 0xff, 0x08, 0x00, 0x00, 0x00,
  0x14, 0x00, 0x00, 0x00, 0x01, 0x00, 0x00, 0x00, 0x16, 0x00, 0x00, 0x00,
  0x00, 0x00, 0x00, 0x00, 0x00, 0x00, 0x00, 0x00, 0x01, 0x00, 0x00, 0x00,
  0x3d, 0xd2, 0xa1, 0x3b, 0x24, 0x00, 0x00, 0x00, 0x73, 0x65, 0x71, 0x75,
  0x65, 0x6e, 0x74, 0x69, 0x61, 0x6c, 0x5f, 0x31, 0x2f, 0x67, 0x72, 0x75,
  0x5f, 0x31, 0x2f, 0x67, 0x72, 0x75, 0x5f, 0x63, 0x65, 0x6c, 0x6c, 0x5f,
  0x31, 0x37, 0x2f, 0x6d, 0x75, 0x6c, 0x5f, 0x31, 0x00, 0x00, 0x00, 0x00,
  0x02, 0x00, 0x00, 0x00, 0x01, 0x00, 0x00, 0x00, 0x10, 0x00, 0x00, 0x00,
  0x1e, 0xd5, 0xfe, 0xff, 0x00, 0x00, 0x00, 0x01, 0x18, 0x00, 0x00, 0x00,
  0x20, 0x00, 0x00, 0x00, 0x3c, 0x00, 0x00, 0x00, 0x1f, 0x01, 0x00, 0x00,
  0x00, 0x00, 0x00, 0x09, 0x58, 0x00, 0x00, 0x00, 0x02, 0x00, 0x00, 0x00,
  0xff, 0xff, 0xff, 0xff, 0x10, 0x00, 0x00, 0x00, 0x04, 0xd5, 0xfe, 0xff,
  0x08, 0x00, 0x00, 0x00, 0x10, 0x00, 0x00, 0x00, 0x01, 0x00, 0x00, 0x00,
  0xeb, 0xff, 0xff, 0xff, 0xff, 0xff, 0xff, 0xff, 0x01, 0x00, 0x00, 0x00,
  0x72, 0xae, 0x96, 0x3b, 0x22, 0x00, 0x00, 0x00, 0x73, 0x65, 0x71, 0x75,
  0x65, 0x6e, 0x74, 0x69, 0x61, 0x6c, 0x5f, 0x31, 0x2f, 0x67, 0x72, 0x75,
  0x5f, 0x31, 0x2f, 0x67, 0x72, 0x75, 0x5f, 0x63, 0x65, 0x6c, 0x6c, 0x5f,
  0x31, 0x37, 0x2f, 0x73, 0x75, 0x62, 0x00, 0x00, 0x02, 0x00, 0x00, 0x00,
  0x01, 0x00, 0x00, 0x00, 0x10, 0x00, 0x00, 0x00, 0x9e, 0xd5, 0xfe, 0xff,
  0x00, 0x00, 0x00, 0x01, 0x18, 0x00, 0x00, 0x00, 0x20, 0x00, 0x00, 0x00,
  0x40, 0x00, 0x00, 0x00, 0x1e, 0x01, 0x00, 0x00, 0x00, 0x00, 0x00, 0x09,
  0x60, 0x00, 0x00, 0x00, 0x02, 0x00, 0x00, 0x00, 0xff, 0xff, 0xff, 0xff,
  0x10, 0x00, 0x00, 0x00, 0x84, 0xd5, 0xfe, 0xff, 0x08, 0x00, 0x00, 0x00,
  0x14, 0x00, 0x00, 0x00, 0x01, 0x00, 0x00, 0x00, 0x80, 0xff, 0xff, 0xff,
  0xff, 0xff, 0xff, 0xff, 0x00, 0x00, 0x00, 0x00, 0x01, 0x00, 0x00, 0x00,
  0x00, 0x00, 0x80, 0x3b, 0x26, 0x00, 0x00, 0x00, 0x73, 0x65, 0x71, 0x75,
  0x65, 0x6e, 0x74, 0x69, 0x61, 0x6c, 0x5f, 0x31, 0x2f, 0x67, 0x72, 0x75,
  0x5f, 0x31, 0x2f, 0x67, 0x72, 0x75, 0x5f, 0x63, 0x65, 0x6c, 0x6c, 0x5f,
  0x31, 0x37, 0x2f, 0x53, 0x69, 0x67, 0x6d, 0x6f, 0x69, 0x64, 0x00, 0x00,
  0x02, 0x00, 0x00, 0x00, 0x01, 0x00, 0x00, 0x00, 0x10, 0x00, 0x00, 0x00,
  0x26, 0xd6, 0xfe, 0xff, 0x00, 0x00, 0x00, 0x01, 0x18, 0x00, 0x00, 0x00,
  0x20, 0x00, 0x00, 0x00, 0x40, 0x00, 0x00, 0x00, 0x1d, 0x01, 0x00, 0x00,
  0x00, 0x00, 0x00, 0x09, 0x60, 0x00, 0x00, 0x00, 0x02, 0x00, 0x00, 0x00,
  0xff, 0xff, 0xff, 0xff, 0x10, 0x00, 0x00, 0x00, 0x0c, 0xd6, 0xfe, 0xff,
  0x08, 0x00, 0x00, 0x00, 0x14, 0x00, 0x00, 0x00, 0x01, 0x00, 0x00, 0x00,
  0xc0, 0xff, 0xff, 0xff, 0xff, 0xff, 0xff, 0xff, 0x00, 0x00, 0x00, 0x00,
  0x01, 0x00, 0x00, 0x00, 0xb6, 0x56, 0x44, 0x3c, 0x24, 0x00, 0x00, 0x00,
  0x73, 0x65, 0x71, 0x75, 0x65, 0x6e, 0x74, 0x69, 0x61, 0x6c, 0x5f, 0x31,
  0x2f, 0x67, 0x72, 0x75, 0x5f, 0x31, 0x2f, 0x67, 0x72, 0x75, 0x5f, 0x63,
  0x65, 0x6c, 0x6c, 0x5f, 0x31, 0x37, 0x2f, 0x61, 0x64, 0x64, 0x5f, 0x31,
  0x00, 0x00, 0x00, 0x00, 0x02, 0x00, 0x00, 0x00, 0x01, 0x00, 0x00, 0x00,
  0x10, 0x00, 0x00, 0x00, 0xae, 0xd6, 0xfe, 0xff, 0x00, 0x00, 0x00, 0x01,
  0x18, 0x00, 0x00, 0x00, 0x20, 0x00, 0x00, 0x00, 0x40, 0x00, 0x00, 0x00,
  0x1c, 0x01, 0x00, 0x00, 0x00, 0x00, 0x00, 0x09, 0x68, 0x00, 0x00, 0x00,
  0x02, 0x00, 0x00, 0x00, 0xff, 0xff, 0xff, 0xff, 0x10, 0x00, 0x00, 0x00,
  0x94, 0xd6, 0xfe, 0xff, 0x08, 0x00, 0x00, 0x00, 0x14, 0x00, 0x00, 0x00,
  0x01, 0x00, 0x00, 0x00, 0x03, 0x00, 0x00, 0x00, 0x00, 0x00, 0x00, 0x00,
  0x00, 0x00, 0x00, 0x00, 0x01, 0x00, 0x00, 0x00, 0x90, 0x6f, 0xeb, 0x3b,
  0x2c, 0x00, 0x00, 0x00, 0x73, 0x65, 0x71, 0x75, 0x65, 0x6e, 0x74, 0x69,
  0x61, 0x6c, 0x5f, 0x31, 0x2f, 0x67, 0x72, 0x75, 0x5f, 0x31, 0x2f, 0x67,
  0x72, 0x75, 0x5f, 0x63, 0x65, 0x6c, 0x6c, 0x5f, 0x31, 0x37, 0x2f, 0x73,
  0x74, 0x72, 0x69, 0x64, 0x65, 0x64, 0x5f, 0x73, 0x6c, 0x69, 0x63, 0x65,
  0x00, 0x00, 0x00, 0x00, 0x02, 0x00, 0x00, 0x00, 0x01, 0x00, 0x00, 0x00,
  0x10, 0x00, 0x00, 0x00, 0x3e, 0xd7, 0xfe, 0xff, 0x00, 0x00, 0x00, 0x01,
  0x18, 0x00, 0x00, 0x00, 0x20, 0x00, 0x00, 0x00, 0x3c, 0x00, 0x00, 0x00,
  0x1b, 0x01, 0x00, 0x00, 0x00, 0x00, 0x00, 0x09, 0x80, 0x00, 0x00, 0x00,
  0x02, 0x00, 0x00, 0x00, 0xff, 0xff, 0xff, 0xff, 0x30, 0x00, 0x00, 0x00,
  0x24, 0xd7, 0xfe, 0xff, 0x08, 0x00, 0x00, 0x00, 0x10, 0x00, 0x00, 0x00,
  0x01, 0x00, 0x00, 0x00, 0x03, 0x00, 0x00, 0x00, 0x00, 0x00, 0x00, 0x00,
  0x01, 0x00, 0x00, 0x00, 0x90, 0x6f, 0xeb, 0x3b, 0x4a, 0x00, 0x00, 0x00,
  0x73, 0x65, 0x71, 0x75, 0x65, 0x6e, 0x74, 0x69, 0x61, 0x6c, 0x5f, 0x31,
  0x2f, 0x67, 0x72, 0x75, 0x5f, 0x31, 0x2f, 0x67, 0x72, 0x75, 0x5f, 0x63,
  0x65, 0x6c, 0x6c, 0x5f, 0x31, 0x37, 0x2f, 0x4d, 0x61, 0x74, 0x4d, 0x75,
  0x6c, 0x5f, 0x31, 0x3b, 0x73, 0x65, 0x71, 0x75, 0x65, 0x6e, 0x74, 0x69,
  0x61, 0x6c, 0x5f, 0x31, 0x2f, 0x67, 0x72, 0x75, 0x5f, 0x31, 0x2f, 0x67,
  0x72, 0x75, 0x5f, 0x63, 0x65, 0x6c, 0x6c, 0x5f, 0x31, 0x37, 0x2f, 0x61,
  0x64, 0x64, 0x00, 0x00, 0x02, 0x00, 0x00, 0x00, 0x01, 0x00, 0x00, 0x00,
  0x30, 0x00, 0x00, 0x00, 0xe6, 0xd7, 0xfe, 0xff, 0x00, 0x00, 0x00, 0x01,
  0x18, 0x00, 0x00, 0x00, 0x20, 0x00, 0x00, 0x00, 0x40, 0x00, 0x00, 0x00,
  0x1a, 0x01, 0x00, 0x00, 0x00, 0x00, 0x00, 0x09, 0x60, 0x00, 0x00, 0x00,
  0x02, 0x00, 0x00, 0x00, 0xff, 0xff, 0xff, 0xff, 0x10, 0x00, 0x00, 0x00,
  0xcc, 0xd7, 0xfe, 0xff, 0x08, 0x00, 0x00, 0x00, 0x14, 0x00, 0x00, 0x00,
  0x01, 0x00, 0x00, 0x00, 0x0f, 0x00, 0x00, 0x00, 0x00, 0x00, 0x00, 0x00,
  0x00, 0x00, 0x00, 0x00, 0x01, 0x00, 0x00, 0x00, 0xbe, 0x6b, 0x9e, 0x3b,
  0x24, 0x00, 0x00, 0x00, 0x73, 0x65, 0x71, 0x75, 0x65, 0x6e, 0x74, 0x69,
  0x61, 0x6c, 0x5f, 0x31, 0x2f, 0x67, 0x72, 0x75, 0x5f, 0x31, 0x2f, 0x67,
  0x72, 0x75, 0x5f, 0x63, 0x65, 0x6c, 0x6c, 0x5f, 0x31, 0x35, 0x2f, 0x61,
  0x64, 0x64, 0x5f, 0x34, 0x00, 0x00, 0x00, 0x00, 0x02, 0x00, 0x00, 0x00,
  0x01, 0x00, 0x00, 0x00, 0x10, 0x00, 0x00, 0x00, 0x6e, 0xd8, 0xfe, 0xff,
  0x00, 0x00, 0x00, 0x01, 0x18, 0x00, 0x00, 0x00, 0x20, 0x00, 0x00, 0x00,
  0x40, 0x00, 0x00, 0x00, 0x19, 0x01, 0x00, 0x00, 0x00, 0x00, 0x00, 0x09,
  0x60, 0x00, 0x00, 0x00, 0x02, 0x00, 0x00, 0x00, 0xff, 0xff, 0xff, 0xff,
  0x10, 0x00, 0x00, 0x00, 0x54, 0xd8, 0xfe, 0xff, 0x08, 0x00, 0x00, 0x00,
  0x14, 0x00, 0x00, 0x00, 0x01, 0x00, 0x00, 0x00, 0x0b, 0x00, 0x00, 0x00,
  0x00, 0x00, 0x00, 0x00, 0x00, 0x00, 0x00, 0x00, 0x01, 0x00, 0x00, 0x00,
  0x55, 0xfd, 0x4a, 0x3b, 0x24, 0x00, 0x00, 0x00, 0x73, 0x65, 0x71, 0x75,
  0x65, 0x6e, 0x74, 0x69, 0x61, 0x6c, 0x5f, 0x31, 0x2f, 0x67, 0x72, 0x75,
  0x5f, 0x31, 0x2f, 0x67, 0x72, 0x75, 0x5f, 0x63, 0x65, 0x6c, 0x6c, 0x5f,
  0x31, 0x35, 0x2f, 0x6d, 0x75, 0x6c, 0x5f, 0x32, 0x00, 0x00, 0x00, 0x00,
  0x02, 0x00, 0x00, 0x00, 0x01, 0x00, 0x00, 0x00, 0x10, 0x00, 0x00, 0x00,
  0xf6, 0xd8, 0xfe, 0xff, 0x00, 0x00, 0x00, 0x01, 0x18, 0x00, 0x00, 0x00,
  0x20, 0x00, 0x00, 0x00, 0x3c, 0x00, 0x00, 0x00, 0x18, 0x01, 0x00, 0x00,
  0x00, 0x00, 0x00, 0x09, 0x58, 0x00, 0x00, 0x00, 0x02, 0x00, 0x00, 0x00,
  0xff, 0xff, 0xff, 0xff, 0x10, 0x00, 0x00, 0x00, 0xdc, 0xd8, 0xfe, 0xff,
  0x08, 0x00, 0x00, 0x00, 0x10, 0x00, 0x00, 0x00, 0x01, 0x00, 0x00, 0x00,
  0x00, 0x00, 0x00, 0x00, 0x00, 0x00, 0x00, 0x00, 0x01, 0x00, 0x00, 0x00,
  0x00, 0x00, 0x00, 0x3c, 0x23, 0x00, 0x00, 0x00, 0x73, 0x65, 0x71, 0x75,
  0x65, 0x6e, 0x74, 0x69, 0x61, 0x6c, 0x5f, 0x31, 0x2f, 0x67, 0x72, 0x75,
  0x5f, 0x31, 0x2f, 0x67, 0x72, 0x75, 0x5f, 0x63, 0x65, 0x6c, 0x6c, 0x5f,
  0x31, 0x35, 0x2f, 0x54, 0x61, 0x6e, 0x68, 0x00, 0x02, 0x00, 0x00, 0x00,
  0x01, 0x00, 0x00, 0x00, 0x10, 0x00, 0x00, 0x00, 0x76, 0xd9, 0xfe, 0xff,
  0x00, 0x00, 0x00, 0x01, 0x18, 0x00, 0x00, 0x00, 0x20, 0x00, 0x00, 0x00,
  0x40, 0x00, 0x00, 0x00, 0x17, 0x01, 0x00, 0x00, 0x00, 0x00, 0x00, 0x09,
  0x60, 0x00, 0x00, 0x00, 0x02, 0x00, 0x00, 0x00, 0xff, 0xff, 0xff, 0xff,
  0x10, 0x00, 0x00, 0x00, 0x5c, 0xd9, 0xfe, 0xff, 0x08, 0x00, 0x00, 0x00,
  0x14, 0x00, 0x00, 0x00, 0x01, 0x00, 0x00, 0x00, 0x12, 0x00, 0x00, 0x00,
  0x00, 0x00, 0x00, 0x00, 0x00, 0x00, 0x00, 0x00, 0x01, 0x00, 0x00, 0x00,
  0x1f, 0x0f, 0xf0, 0x3b, 0x24, 0x00, 0x00, 0x00, 0x73, 0x65, 0x71, 0x75,
  0x65, 0x6e, 0x74, 0x69, 0x61, 0x6c, 0x5f, 0x31, 0x2f, 0x67, 0x72, 0x75,
  0x5f, 0x31, 0x2f, 0x67, 0x72, 0x75, 0x5f, 0x63, 0x65, 0x6c, 0x6c, 0x5f,
  0x31, 0x35, 0x2f, 0x61, 0x64, 0x64, 0x5f, 0x33, 0x00, 0x00, 0x00, 0x00,
  0x02, 0x00, 0x00, 0x00, 0x01, 0x00, 0x00, 0x00, 0x10, 0x00, 0x00, 0x00,
  0xfe, 0xd9, 0xfe, 0xff, 0x00, 0x00, 0x00, 0x01, 0x18, 0x00, 0x00, 0x00,
  0x20, 0x00, 0x00, 0x00, 0x3c, 0x00, 0x00, 0x00, 0x16, 0x01, 0x00, 0x00,
  0x00, 0x00, 0x00, 0x09, 0x58, 0x00, 0x00, 0x00, 0x02, 0x00, 0x00, 0x00,
  0xff, 0xff, 0xff, 0xff, 0x10, 0x00, 0x00, 0x00, 0xe4, 0xd9, 0xfe, 0xff,
  0x08, 0x00, 0x00, 0x00, 0x10, 0x00, 0x00, 0x00, 0x01, 0x00, 0x00, 0x00,
  0x08, 0x00, 0x00, 0x00, 0x00, 0x00, 0x00, 0x00, 0x01, 0x00, 0x00, 0x00,
  0x43, 0x77, 0x4d, 0x3b, 0x22, 0x00, 0x00, 0x00, 0x73, 0x65, 0x71, 0x75,
  0x65, 0x6e, 0x74, 0x69, 0x61, 0x6c, 0x5f, 0x31, 0x2f, 0x67, 0x72, 0x75,
  0x5f, 0x31, 0x2f, 0x67, 0x72, 0x75, 0x5f, 0x63, 0x65, 0x6c, 0x6c, 0x5f,
  0x31, 0x35, 0x2f, 0x6d, 0x75, 0x6c, 0x00, 0x00, 0x02, 0x00, 0x00, 0x00,
  0x01, 0x00, 0x00, 0x00, 0x10, 0x00, 0x00, 0x00, 0x7e, 0xda, 0xfe, 0xff,
  0x00, 0x00, 0x00, 0x01, 0x18, 0x00, 0x00, 0x00, 0x20, 0x00, 0x00, 0x00,
  0x40, 0x00, 0x00, 0x00, 0x15, 0x01, 0x00, 0x00, 0x00, 0x00, 0x00, 0x09,
  0x68, 0x00, 0x00, 0x00, 0x02, 0x00, 0x00, 0x00, 0xff, 0xff, 0xff, 0xff,
  0x10, 0x00, 0x00, 0x00, 0x64, 0xda, 0xfe, 0xff, 0x08, 0x00, 0x00, 0x00,
  0x14, 0x00, 0x00, 0x00, 0x01, 0x00, 0x00, 0x00, 0x01, 0x00, 0x00, 0x00,
  0x00, 0x00, 0x00, 0x00, 0x00, 0x00, 0x00, 0x00, 0x01, 0x00, 0x00, 0x00,
  0x5b, 0x5d, 0xe7, 0x3b, 0x2e, 0x00, 0x00, 0x00, 0x73, 0x65, 0x71, 0x75,
  0x65, 0x6e, 0x74, 0x69, 0x61, 0x6c, 0x5f, 0x31, 0x2f, 0x67, 0x72, 0x75,
  0x5f, 0x31, 0x2f, 0x67, 0x72, 0x75, 0x5f, 0x63, 0x65, 0x6c, 0x6c, 0x5f,
  0x31, 0x35, 0x2f, 0x73, 0x74, 0x72, 0x69, 0x64, 0x65, 0x64, 0x5f, 0x73,
  0x6c, 0x69, 0x63, 0x65, 0x5f, 0x32, 0x00, 0x00, 0x02, 0x00, 0x00, 0x00,
  0x01, 0x00, 0x00, 0x00, 0x10, 0x00, 0x00, 0x00, 0x0e, 0xdb, 0xfe, 0xff,
  0x00, 0x00, 0x00, 0x01, 0x18, 0x00, 0x00, 0x00, 0x20, 0x00, 0x00, 0x00,
  0x3c, 0x00, 0x00, 0x00, 0x14, 0x01, 0x00, 0x00, 0x00, 0x00, 0x00, 0x09,
  0x60, 0x00, 0x00, 0x00, 0x02, 0x00, 0x00, 0x00, 0xff, 0xff, 0xff, 0xff,
  0x10, 0x00, 0x00, 0x00, 0xf4, 0xda, 0xfe, 0xff, 0x08, 0x00, 0x00, 0x00,
  0x10, 0x00, 0x00, 0x00, 0x01, 0x00, 0x00, 0x00, 0x80, 0xff, 0xff, 0xff,
  0xff, 0xff, 0xff, 0xff, 0x01, 0x00, 0x00, 0x00, 0x00, 0x00, 0x80, 0x3b,
  0x28, 0x00, 0x00, 0x00, 0x73, 0x65, 0x71, 0x75, 0x65, 0x6e, 0x74, 0x69,
  0x61, 0x6c, 0x5f, 0x31, 0x2f, 0x67, 0x72, 0x75, 0x5f, 0x31, 0x2f, 0x67,
  0x72, 0x75, 0x5f, 0x63, 0x65, 0x6c, 0x6c, 0x5f, 0x31, 0x35, 0x2f, 0x53,
  0x69, 0x67, 0x6d, 0x6f, 0x69, 0x64, 0x5f, 0x31, 0x00, 0x00, 0x00, 0x00,
  0x02, 0x00, 0x00, 0x00, 0x01, 0x00, 0x00, 0x00, 0x10, 0x00, 0x00, 0x00,
  0x96, 0xdb, 0xfe, 0xff, 0x00, 0x00, 0x00, 0x01, 0x18, 0x00, 0x00, 0x00,
  0x20, 0x00, 0x00, 0x00, 0x40, 0x00, 0x00, 0x00, 0x13, 0x01, 0x00, 0x00,
  0x00, 0x00, 0x00, 0x09, 0x60, 0x00, 0x00, 0x00, 0x02, 0x00, 0x00, 0x00,
  0xff, 0xff, 0xff, 0xff, 0x10, 0x00, 0x00, 0x00, 0x7c, 0xdb, 0xfe, 0xff,
  0x08, 0x00, 0x00, 0x00, 0x14, 0x00, 0x00, 0x00, 0x01, 0x00, 0x00, 0x00,
  0x0f, 0x00, 0x00, 0x00, 0x00, 0x00, 0x00, 0x00, 0x00, 0x00, 0x00, 0x00,
  0x01, 0x00, 0x00, 0x00, 0x5d, 0x08, 0x71, 0x3c, 0x24, 0x00, 0x00, 0x00,
  0x73, 0x65, 0x71, 0x75, 0x65, 0x6e, 0x74, 0x69, 0x61, 0x6c, 0x5f, 0x31,
  0x2f, 0x67, 0x72, 0x75, 0x5f, 0x31, 0x2f, 0x67, 0x72, 0x75, 0x5f, 0x63,
  0x65, 0x6c, 0x6c, 0x5f, 0x31, 0x35, 0x2f, 0x61, 0x64, 0x64, 0x5f, 0x32,
  0x00, 0x00, 0x00, 0x00, 0x02, 0x00, 0x00, 0x00, 0x01, 0x00, 0x00, 0x00,
  0x10, 0x00, 0x00, 0x00, 0x1e, 0xdc, 0xfe, 0xff, 0x00, 0x00, 0x00, 0x01,
  0x18, 0x00, 0x00, 0x00, 0x20, 0x00, 0x00, 0x00, 0x40, 0x00, 0x00, 0x00,
  0x12, 0x01, 0x00, 0x00, 0x00, 0x00, 0x00, 0x09, 0x68, 0x00, 0x00, 0x00,
  0x02, 0x00, 0x00, 0x00, 0xff, 0xff, 0xff, 0xff, 0x10, 0x00, 0x00, 0x00,
  0x04, 0xdc, 0xfe, 0xff, 0x08, 0x00, 0x00, 0x00, 0x14, 0x00, 0x00, 0x00,
  0x01, 0x00, 0x00, 0x00, 0x01, 0x00, 0x00, 0x00, 0x00, 0x00, 0x00, 0x00,
  0x00, 0x00, 0x00, 0x00, 0x01, 0x00, 0x00, 0x00, 0x5b, 0x5d, 0xe7, 0x3b,
  0x2e, 0x00, 0x00, 0x00, 0x73, 0x65, 0x71, 0x75, 0x65, 0x6e, 0x74, 0x69,
  0x61, 0x6c, 0x5f, 0x31, 0x2f, 0x67, 0x72, 0x75, 0x5f, 0x31, 0x2f, 0x67,
  0x72, 0x75, 0x5f, 0x63, 0x65, 0x6c, 0x6c, 0x5f, 0x31, 0x35, 0x2f, 0x73,
  0x74, 0x72, 0x69, 0x64, 0x65, 0x64, 0x5f, 0x73, 0x6c, 0x69, 0x63, 0x65,
  0x5f, 0x31, 0x00, 0x00, 0x02, 0x00, 0x00, 0x00, 0x01, 0x00, 0x00, 0x00,
  0x10, 0x00, 0x00, 0x00, 0xae, 0xdc, 0xfe, 0xff, 0x00, 0x00, 0x00, 0x01,
  0x18, 0x00, 0x00, 0x00, 0x20, 0x00, 0x00, 0x00, 0x40, 0x00, 0x00, 0x00,
  0x11, 0x01, 0x00, 0x00, 0x00, 0x00, 0x00, 0x09, 0x60, 0x00, 0x00, 0x00,
  0x02, 0x00, 0x00, 0x00, 0xff, 0xff, 0xff, 0xff, 0x10, 0x00, 0x00, 0x00,
  0x94, 0xdc, 0xfe, 0xff, 0x08, 0x00, 0x00, 0x00, 0x14, 0x00, 0x00, 0x00,
  0x01, 0x00, 0x00, 0x00, 0x0f, 0x00, 0x00, 0x00, 0x00, 0x00, 0x00, 0x00,
  0x00, 0x00, 0x00, 0x00, 0x01, 0x00, 0x00, 0x00, 0xbe, 0x6b, 0x9e, 0x3b,
  0x24, 0x00, 0x00, 0x00, 0x73, 0x65, 0x71, 0x75, 0x65, 0x6e, 0x74, 0x69,
  0x61, 0x6c, 0x5f, 0x31, 0x2f, 0x67, 0x72, 0x75, 0x5f, 0x31, 0x2f, 0x67,
  0x72, 0x75, 0x5f, 0x63, 0x65, 0x6c, 0x6c, 0x5f, 0x31, 0x35, 0x2f, 0x6d,
  0x75, 0x6c, 0x5f, 0x31, 0x00, 0x00, 0x00, 0x00, 0x02, 0x00, 0x00, 0x00,
  0x01, 0x00, 0x00, 0x00, 0x10, 0x00, 0x00, 0x00, 0x36, 0xdd, 0xfe, 0xff,
  0x00, 0x00, 0x00, 0x01, 0x18, 0x00, 0x00, 0x00, 0x20, 0x00, 0x00, 0x00,
  0x3c, 0x00, 0x00, 0x00, 0x10, 0x01, 0x00, 0x00, 0x00, 0x00, 0x00, 0x09,
  0x58, 0x00, 0x00, 0x00, 0x02, 0x00, 0x00, 0x00, 0xff, 0xff, 0xff, 0xff,
  0x10, 0x00, 0x00, 0x00, 0x1c, 0xdd, 0xfe, 0xff, 0x08, 0x00, 0x00, 0x00,
  0x10, 0x00, 0x00, 0x00, 0x01, 0x00, 0x00, 0x00, 0xe4, 0xff, 0xff, 0xff,
  0xff, 0xff, 0xff, 0xff, 0x01, 0x00, 0x00, 0x00, 0x5c, 0xb8, 0x8d, 0x3b,
  0x22, 0x00, 0x00, 0x00, 0x73, 0x65, 0x71, 0x75, 0x65, 0x6e, 0x74, 0x69,
  0x61, 0x6c, 0x5f, 0x31, 0x2f, 0x67, 0x72, 0x75, 0x5f, 0x31, 0x2f, 0x67,
  0x72, 0x75, 0x5f, 0x63, 0x65, 0x6c, 0x6c, 0x5f, 0x31, 0x35, 0x2f, 0x73,
  0x75, 0x62, 0x00, 0x00, 0x02, 0x00, 0x00, 0x00, 0x01, 0x00, 0x00, 0x00,
  0x10, 0x00, 0x00, 0x00, 0xb6, 0xdd, 0xfe, 0xff, 0x00, 0x00, 0x00, 0x01,
  0x18, 0x00, 0x00, 0x00, 0x20, 0x00, 0x00, 0x00, 0x40, 0x00, 0x00, 0x00,
  0x0f, 0x01, 0x00, 0x00, 0x00, 0x00, 0x00, 0x09, 0x60, 0x00, 0x00, 0x00,
  0x02, 0x00, 0x00, 0x00, 0xff, 0xff, 0xff, 0xff, 0x10, 0x00, 0x00, 0x00,
  0x9c, 0xdd, 0xfe, 0xff, 0x08, 0x00, 0x00, 0x00, 0x14, 0x00, 0x00, 0x00,
  0x01, 0x00, 0x00, 0x00, 0x80, 0xff, 0xff, 0xff, 0xff, 0xff, 0xff, 0xff,
  0x00, 0x00, 0x00, 0x00, 0x01, 0x00, 0x00, 0x00, 0x00, 0x00, 0x80, 0x3b,
  0x26, 0x00, 0x00, 0x00, 0x73, 0x65, 0x71, 0x75, 0x65, 0x6e, 0x74, 0x69,
  0x61, 0x6c, 0x5f, 0x31, 0x2f, 0x67, 0x72, 0x75, 0x5f, 0x31, 0x2f, 0x67,
  0x72, 0x75, 0x5f, 0x63, 0x65, 0x6c, 0x6c, 0x5f, 0x31, 0x35, 0x2f, 0x53,
  0x69, 0x67, 0x6d, 0x6f, 0x69, 0x64, 0x00, 0x00, 0x02, 0x00, 0x00, 0x00,
  0x01, 0x00, 0x00, 0x00, 0x10, 0x00, 0x00, 0x00, 0x3e, 0xde, 0xfe, 0xff,
  0x00, 0x00, 0x00, 0x01, 0x18, 0x00, 0x00, 0x00, 0x20, 0x00, 0x00, 0x00,
  0x40, 0x00, 0x00, 0x00, 0x0e, 0x01, 0x00, 0x00, 0x00, 0x00, 0x00, 0x09,
  0x60, 0x00, 0x00, 0x00, 0x02, 0x00, 0x00, 0x00, 0xff, 0xff, 0xff, 0xff,
  0x10, 0x00, 0x00, 0x00, 0x24, 0xde, 0xfe, 0xff, 0x08, 0x00, 0x00, 0x00,
  0x14, 0x00, 0x00, 0x00, 0x01, 0x00, 0x00, 0x00, 0xc0, 0xff, 0xff, 0xff,
  0xff, 0xff, 0xff, 0xff, 0x00, 0x00, 0x00, 0x00, 0x01, 0x00, 0x00, 0x00,
  0xde, 0x03, 0x38, 0x3c, 0x24, 0x00, 0x00, 0x00, 0x73, 0x65, 0x71, 0x75,
  0x65, 0x6e, 0x74, 0x69, 0x61, 0x6c, 0x5f, 0x31, 0x2f, 0x67, 0x72, 0x75,
  0x5f, 0x31, 0x2f, 0x67, 0x72, 0x75, 0x5f, 0x63, 0x65, 0x6c, 0x6c, 0x5f,
  0x31, 0x35, 0x2f, 0x61, 0x64, 0x64, 0x5f, 0x31, 0x00, 0x00, 0x00, 0x00,
  0x02, 0x00, 0x00, 0x00, 0x01, 0x00, 0x00, 0x00, 0x10, 0x00, 0x00, 0x00,
  0xc6, 0xde, 0xfe, 0xff, 0x00, 0x00, 0x00, 0x01, 0x18, 0x00, 0x00, 0x00,
  0x20, 0x00, 0x00, 0x00, 0x40, 0x00, 0x00, 0x00, 0x0d, 0x01, 0x00, 0x00,
  0x00, 0x00, 0x00, 0x09, 0x68, 0x00, 0x00, 0x00, 0x02, 0x00, 0x00, 0x00,
  0xff, 0xff, 0xff, 0xff, 0x10, 0x00, 0x00, 0x00, 0xac, 0xde, 0xfe, 0xff,
  0x08, 0x00, 0x00, 0x00, 0x14, 0x00, 0x00, 0x00, 0x01, 0x00, 0x00, 0x00,
  0x01, 0x00, 0x00, 0x00, 0x00, 0x00, 0x00, 0x00, 0x00, 0x00, 0x00, 0x00,
  0x01, 0x00, 0x00, 0x00, 0x5b, 0x5d, 0xe7, 0x3b, 0x2c, 0x00, 0x00, 0x00,
  0x73, 0x65, 0x71, 0x75, 0x65, 0x6e, 0x74, 0x69, 0x61, 0x6c, 0x5f, 0x31,
  0x2f, 0x67, 0x72, 0x75, 0x5f, 0x31, 0x2f, 0x67, 0x72, 0x75, 0x5f, 0x63,
  0x65, 0x6c, 0x6c, 0x5f, 0x31, 0x35, 0x2f, 0x73, 0x74, 0x72, 0x69, 0x64,
  0x65, 0x64, 0x5f, 0x73, 0x6c, 0x69, 0x63, 0x65, 0x00, 0x00, 0x00, 0x00,
  0x02, 0x00, 0x00, 0x00, 0x01, 0x00, 0x00, 0x00, 0x10, 0x00, 0x00, 0x00,
  0x56, 0xdf, 0xfe, 0xff, 0x00, 0x00, 0x00, 0x01, 0x18, 0x00, 0x00, 0x00,
  0x20, 0x00, 0x00, 0x00, 0x3c, 0x00, 0x00, 0x00, 0x0c, 0x01, 0x00, 0x00,
  0x00, 0x00, 0x00, 0x09, 0x80, 0x00, 0x00, 0x00, 0x02, 0x00, 0x00, 0x00,
  0xff, 0xff, 0xff, 0xff, 0x30, 0x00, 0x00, 0x00, 0x3c, 0xdf, 0xfe, 0xff,
  0x08, 0x00, 0x00, 0x00, 0x10, 0x00, 0x00, 0x00, 0x01, 0x00, 0x00, 0x00,
  0x01, 0x00, 0x00, 0x00, 0x00, 0x00, 0x00, 0x00, 0x01, 0x00, 0x00, 0x00,
  0x5b, 0x5d, 0xe7, 0x3b, 0x4a, 0x00, 0x00, 0x00, 0x73, 0x65, 0x71, 0x75,
  0x65, 0x6e, 0x74, 0x69, 0x61, 0x6c, 0x5f, 0x31, 0x2f, 0x67, 0x72, 0x75,
  0x5f, 0x31, 0x2f, 0x67, 0x72, 0x75, 0x5f, 0x63, 0x65, 0x6c, 0x6c, 0x5f,
  0x31, 0x35, 0x2f, 0x4d, 0x61, 0x74, 0x4d, 0x75, 0x6c, 0x5f, 0x31, 0x3b,
  0x73, 0x65, 0x71, 0x75, 0x65, 0x6e, 0x74, 0x69, 0x61, 0x6c, 0x5f, 0x31,
  0x2f, 0x67, 0x72, 0x75, 0x5f, 0x31, 0x2f, 0x67, 0x72, 0x75, 0x5f, 0x63,
  0x65, 0x6c, 0x6c, 0x5f, 0x31, 0x35, 0x2f, 0x61, 0x64, 0x64, 0x00, 0x00,
  0x02, 0x00, 0x00, 0x00, 0x01, 0x00, 0x00, 0x00, 0x30, 0x00, 0x00, 0x00,
  0xfe, 0xdf, 0xfe, 0xff, 0x00, 0x00, 0x00, 0x01, 0x18, 0x00, 0x00, 0x00,
  0x20, 0x00, 0x00, 0x00, 0x40, 0x00, 0x00, 0x00, 0x0b, 0x01, 0x00, 0x00,
  0x00, 0x00, 0x00, 0x09, 0x60, 0x00, 0x00, 0x00, 0x02, 0x00, 0x00, 0x00,
  0xff, 0xff, 0xff, 0xff, 0x10, 0x00, 0x00, 0x00, 0xe4, 0xdf, 0xfe, 0xff,
  0x08, 0x00, 0x00, 0x00, 0x14, 0x00, 0x00, 0x00, 0x01, 0x00, 0x00, 0x00,
  0x17, 0x00, 0x00, 0x00, 0x00, 0x00, 0x00, 0x00, 0x00, 0x00, 0x00, 0x00,
  0x01, 0x00, 0x00, 0x00, 0x58, 0x9e, 0x9d, 0x3b, 0x24, 0x00, 0x00, 0x00,
  0x73, 0x65, 0x71, 0x75, 0x65, 0x6e, 0x74, 0x69, 0x61, 0x6c, 0x5f, 0x31,
  0x2f, 0x67, 0x72, 0x75, 0x5f, 0x31, 0x2f, 0x67, 0x72, 0x75, 0x5f, 0x63,
  0x65, 0x6c, 0x6c, 0x5f, 0x31, 0x33, 0x2f, 0x61, 0x64, 0x64, 0x5f, 0x34,
  0x00, 0x00, 0x00, 0x00, 0x02, 0x00, 0x00, 0x00, 0x01, 0x00, 0x00, 0x00,
  0x10, 0x00, 0x00, 0x00, 0x86, 0xe0, 0xfe, 0xff, 0x00, 0x00, 0x00, 0x01,
  0x18, 0x00, 0x00, 0x00, 0x20, 0x00, 0x00, 0x00, 0x40, 0x00, 0x00, 0x00,
  0x0a, 0x01, 0x00, 0x00, 0x00, 0x00, 0x00, 0x09, 0x60, 0x00, 0x00, 0x00,
  0x02, 0x00, 0x00, 0x00, 0xff, 0xff, 0xff, 0xff, 0x10, 0x00, 0x00, 0x00,
  0x6c, 0xe0, 0xfe, 0xff, 0x08, 0x00, 0x00, 0x00, 0x14, 0x00, 0x00, 0x00,
  0x01, 0x00, 0x00, 0x00, 0x0b, 0x00, 0x00, 0x00, 0x00, 0x00, 0x00, 0x00,
  0x00, 0x00, 0x00, 0x00, 0x01, 0x00, 0x00, 0x00, 0x44, 0xc5, 0x63, 0x3b,
  0x24, 0x00, 0x00, 0x00, 0x73, 0x65, 0x71, 0x75, 0x65, 0x6e, 0x74, 0x69,
  0x61, 0x6c, 0x5f, 0x31, 0x2f, 0x67, 0x72, 0x75, 0x5f, 0x31, 0x2f, 0x67,
  0x72, 0x75, 0x5f, 0x63, 0x65, 0x6c, 0x6c, 0x5f, 0x31, 0x33, 0x2f, 0x6d,
  0x75, 0x6c, 0x5f, 0x32, 0x00, 0x00, 0x00, 0x00, 0x02, 0x00, 0x00, 0x00,
  0x01, 0x00, 0x00, 0x00, 0x10, 0x00, 0x00, 0x00, 0x0e, 0xe1, 0xfe, 0xff,
  0x00, 0x00, 0x00, 0x01, 0x18, 0x00, 0x00, 0x00, 0x20, 0x00, 0x00, 0x00,
  0x3c, 0x00, 0x00, 0x00, 0x09, 0x01, 0x00, 0x00, 0x00, 0x00, 0x00, 0x09,
  0x58, 0x00, 0x00, 0x00, 0x02, 0x00, 0x00, 0x00, 0xff, 0xff, 0xff, 0xff,
  0x10, 0x00, 0x00, 0x00, 0xf4, 0xe0, 0xfe, 0xff, 0x08, 0x00, 0x00, 0x00,
  0x10, 0x00, 0x00, 0x00, 0x01, 0x00, 0x00, 0x00, 0x00, 0x00, 0x00, 0x00,
  0x00, 0x00, 0x00, 0x00, 0x01, 0x00, 0x00, 0x00, 0x00, 0x00, 0x00, 0x3c,
  0x23, 0x00, 0x00, 0x00, 0x73, 0x65, 0x71, 0x75, 0x65, 0x6e, 0x74, 0x69,
  0x61, 0x6c, 0x5f, 0x31, 0x2f, 0x67, 0x72, 0x75, 0x5f, 0x31, 0x2f, 0x67,
  0x72, 0x75, 0x5f, 0x63, 0x65, 0x6c, 0x6c, 0x5f, 0x31, 0x33, 0x2f, 0x54,
  0x61, 0x6e, 0x68, 0x00, 0x02, 0x00, 0x00, 0x00, 0x01, 0x00, 0x00, 0x00,
  0x10, 0x00, 0x00, 0x00, 0x8e, 0xe1, 0xfe, 0xff, 0x00, 0x00, 0x00, 0x01,
  0x18, 0x00, 0x00, 0x00, 0x20, 0x00, 0x00, 0x00, 0x40, 0x00, 0x00, 0x00,
  0x08, 0x01, 0x00, 0x00, 0x00, 0x00, 0x00, 0x09, 0x60, 0x00, 0x00, 0x00,
  0x02, 0x00, 0x00, 0x00, 0xff, 0xff, 0xff, 0xff, 0x10, 0x00, 0x00, 0x00,
  0x74, 0xe1, 0xfe, 0xff, 0x08, 0x00, 0x00, 0x00, 0x14, 0x00, 0x00, 0x00,
  0x01, 0x00, 0x00, 0x00, 0x0b, 0x00, 0x00, 0x00, 0x00, 0x00, 0x00, 0x00,
  0x00, 0x00, 0x00, 0x00, 0x01, 0x00, 0x00, 0x00, 0x6e, 0x9c, 0xfa, 0x3b,
  0x24, 0x00, 0x00, 0x00, 0x73, 0x65, 0x71, 0x75, 0x65, 0x6e, 0x74, 0x69,
  0x61, 0x6c, 0x5f, 0x31, 0x2f, 0x67, 0x72, 0x75, 0x5f, 0x31, 0x2f, 0x67,
  0x72, 0x75, 0x5f, 0x63, 0x65, 0x6c, 0x6c, 0x5f, 0x31, 0x33, 0x2f, 0x61,
  0x64, 0x64, 0x5f, 0x33, 0x00, 0x00, 0x00, 0x00, 0x02, 0x00, 0x00, 0x00,
  0x01, 0x00, 0x00, 0x00, 0x10, 0x00, 0x00, 0x00, 0x16, 0xe2, 0xfe, 0xff,
  0x00, 0x00, 0x00, 0x01, 0x18, 0x00, 0x00, 0x00, 0x20, 0x00, 0x00, 0x00,
  0x3c, 0x00, 0x00, 0x00, 0x07, 0x01, 0x00, 0x00, 0x00, 0x00, 0x00, 0x09,
  0x58, 0x00, 0x00, 0x00, 0x02, 0x00, 0x00, 0x00, 0xff, 0xff, 0xff, 0xff,
  0x10, 0x00, 0x00, 0x00, 0xfc, 0xe1, 0xfe, 0xff, 0x08, 0x00, 0x00, 0x00,
  0x10, 0x00, 0x00, 0x00, 0x01, 0x00, 0x00, 0x00, 0x07, 0x00, 0x00, 0x00,
  0x00, 0x00, 0x00, 0x00, 0x01, 0x00, 0x00, 0x00, 0x50, 0x35, 0x3d, 0x3b,
  0x22, 0x00, 0x00, 0x00, 0x73, 0x65, 0x71, 0x75, 0x65, 0x6e, 0x74, 0x69,
  0x61, 0x6c, 0x5f, 0x31, 0x2f, 0x67, 0x72, 0x75, 0x5f, 0x31, 0x2f, 0x67,
  0x72, 0x75, 0x5f, 0x63, 0x65, 0x6c, 0x6c, 0x5f, 0x31, 0x33, 0x2f, 0x6d,
  0x75, 0x6c, 0x00, 0x00, 0x02, 0x00, 0x00, 0x00, 0x01, 0x00, 0x00, 0x00,
  0x10, 0x00, 0x00, 0x00, 0x96, 0xe2, 0xfe, 0xff, 0x00, 0x00, 0x00, 0x01,
  0x18, 0x00, 0x00, 0x00, 0x20, 0x00, 0x00, 0x00, 0x40, 0x00, 0x00, 0x00,
  0x06, 0x01, 0x00, 0x00, 0x00, 0x00, 0x00, 0x09, 0x68, 0x00, 0x00, 0x00,
  0x02, 0x00, 0x00, 0x00, 0xff, 0xff, 0xff, 0xff, 0x10, 0x00, 0x00, 0x00,
  0x7c, 0xe2, 0xfe, 0xff, 0x08, 0x00, 0x00, 0x00, 0x14, 0x00, 0x00, 0x00,
  0x01, 0x00, 0x00, 0x00, 0xff, 0xff, 0xff, 0xff, 0xff, 0xff, 0xff, 0xff,
  0x00, 0x00, 0x00, 0x00, 0x01, 0x00, 0x00, 0x00, 0x5b, 0xbf, 0xe1, 0x3b,
  0x2e, 0x00, 0x00, 0x00, 0x73, 0x65, 0x71, 0x75, 0x65, 0x6e, 0x74, 0x69,
  0x61, 0x6c, 0x5f, 0x31, 0x2f, 0x67, 0x72, 0x75, 0x5f, 0x31, 0x2f, 0x67,
  0x72, 0x75, 0x5f, 0x63, 0x65, 0x6c, 0x6c, 0x5f, 0x31, 0x33, 0x2f, 0x73,
  0x74, 0x72, 0x69, 0x64, 0x65, 0x64, 0x5f, 0x73, 0x6c, 0x69, 0x63, 0x65,
  0x5f, 0x32, 0x00, 0x00, 0x02, 0x00, 0x00, 0x00, 0x01, 0x00, 0x00, 0x00,
  0x10, 0x00, 0x00, 0x00, 0x26, 0xe3, 0xfe, 0xff, 0x00, 0x00, 0x00, 0x01,
  0x18, 0x00, 0x00, 0x00, 0x20, 0x00, 0x00, 0x00, 0x3c, 0x00, 0x00, 0x00,
  0x05, 0x01, 0x00, 0x00, 0x00, 0x00, 0x00, 0x09, 0x60, 0x00, 0x00, 0x00,
  0x02, 0x00, 0x00, 0x00, 0xff, 0xff, 0xff, 0xff, 0x10, 0x00, 0x00, 0x00,
  0x0c, 0xe3, 0xfe, 0xff, 0x08, 0x00, 0x00, 0x00, 0x10, 0x00, 0x00, 0x00,
  0x01, 0x00, 0x00, 0x00, 0x80, 0xff, 0xff, 0xff, 0xff, 0xff, 0xff, 0xff,
  0x01, 0x00, 0x00, 0x00, 0x00, 0x00, 0x80, 0x3b, 0x28, 0x00, 0x00, 0x00,
  0x73, 0x65, 0x71, 0x75, 0x65, 0x6e, 0x74, 0x69, 0x61, 0x6c, 0x5f, 0x31,
  0x2f, 0x67, 0x72, 0x75, 0x5f, 0x31, 0x2f, 0x67, 0x72, 0x75, 0x5f, 0x63,
  0x65, 0x6c, 0x6c, 0x5f, 0x31, 0x33, 0x2f, 0x53, 0x69, 0x67, 0x6d, 0x6f,
  0x69, 0x64, 0x5f, 0x31, 0x00, 0x00, 0x00, 0x00, 0x02, 0x00, 0x00, 0x00,
  0x01, 0x00, 0x00, 0x00, 0x10, 0x00, 0x00, 0x00, 0xae, 0xe3, 0xfe, 0xff,
  0x00, 0x00, 0x00, 0x01, 0x18, 0x00, 0x00, 0x00, 0x20, 0x00, 0x00, 0x00,
  0x40, 0x00, 0x00, 0x00, 0x04, 0x01, 0x00, 0x00, 0x00, 0x00, 0x00, 0x09,
  0x60, 0x00, 0x00, 0x00, 0x02, 0x00, 0x00, 0x00, 0xff, 0xff, 0xff, 0xff,
  0x10, 0x00, 0x00, 0x00, 0x94, 0xe3, 0xfe, 0xff, 0x08, 0x00, 0x00, 0x00,
  0x14, 0x00, 0x00, 0x00, 0x01, 0x00, 0x00, 0x00, 0x09, 0x00, 0x00, 0x00,
  0x00, 0x00, 0x00, 0x00, 0x00, 0x00, 0x00, 0x00, 0x01, 0x00, 0x00, 0x00,
  0x22, 0x74, 0x7a, 0x3c, 0x24, 0x00, 0x00, 0x00, 0x73, 0x65, 0x71, 0x75,
  0x65, 0x6e, 0x74, 0x69, 0x61, 0x6c, 0x5f, 0x31, 0x2f, 0x67, 0x72, 0x75,
  0x5f, 0x31, 0x2f, 0x67, 0x72, 0x75, 0x5f, 0x63, 0x65, 0x6c, 0x6c, 0x5f,
  0x31, 0x33, 0x2f, 0x61, 0x64, 0x64, 0x5f, 0x32, 0x00, 0x00, 0x00, 0x00,
  0x02, 0x00, 0x00, 0x00, 0x01, 0x00, 0x00, 0x00, 0x10, 0x00, 0x00, 0x00,
  0x36, 0xe4, 0xfe, 0xff, 0x00, 0x00, 0x00, 0x01, 0x18, 0x00, 0x00, 0x00,
  0x20, 0x00, 0x00, 0x00, 0x40, 0x00, 0x00, 0x00, 0x03, 0x01, 0x00, 0x00,
  0x00, 0x00, 0x00, 0x09, 0x68, 0x00, 0x00, 0x00, 0x02, 0x00, 0x00, 0x00,
  0xff, 0xff, 0xff, 0xff, 0x10, 0x00, 0x00, 0x00, 0x1c, 0xe4, 0xfe, 0xff,
  0x08, 0x00, 0x00, 0x00, 0x14, 0x00, 0x00, 0x00, 0x01, 0x00, 0x00, 0x00,
  0xff, 0xff, 0xff, 0xff, 0xff, 0xff, 0xff, 0xff, 0x00, 0x00, 0x00, 0x00,
  0x01, 0x00, 0x00, 0x00, 0x5b, 0xbf, 0xe1, 0x3b, 0x2e, 0x00, 0x00, 0x00,
  0x73, 0x65, 0x71, 0x75, 0x65, 0x6e, 0x74, 0x69, 0x61, 0x6c, 0x5f, 0x31,
  0x2f, 0x67, 0x72, 0x75, 0x5f, 0x31, 0x2f, 0x67, 0x72, 0x75, 0x5f, 0x63,
  0x65, 0x6c, 0x6c, 0x5f, 0x31, 0x33, 0x2f, 0x73, 0x74, 0x72, 0x69, 0x64,
  0x65, 0x64, 0x5f, 0x73, 0x6c, 0x69, 0x63, 0x65, 0x5f, 0x31, 0x00, 0x00,
  0x02, 0x00, 0x00, 0x00, 0x01, 0x00, 0x00, 0x00, 0x10, 0x00, 0x00, 0x00,
  0xc6, 0xe4, 0xfe, 0xff, 0x00, 0x00, 0x00, 0x01, 0x18, 0x00, 0x00, 0x00,
  0x20, 0x00, 0x00, 0x00, 0x40, 0x00, 0x00, 0x00, 0x02, 0x01, 0x00, 0x00,
  0x00, 0x00, 0x00, 0x09, 0x60, 0x00, 0x00, 0x00, 0x02, 0x00, 0x00, 0x00,
  0xff, 0xff, 0xff, 0xff, 0x10, 0x00, 0x00, 0x00, 0xac, 0xe4, 0xfe, 0xff,
  0x08, 0x00, 0x00, 0x00, 0x14, 0x00, 0x00, 0x00, 0x01, 0x00, 0x00, 0x00,
  0x17, 0x00, 0x00, 0x00, 0x00, 0x00, 0x00, 0x00, 0x00, 0x00, 0x00, 0x00,
  0x01, 0x00, 0x00, 0x00, 0x58, 0x9e, 0x9d, 0x3b, 0x24, 0x00, 0x00, 0x00,
  0x73, 0x65, 0x71, 0x75, 0x65, 0x6e, 0x74, 0x69, 0x61, 0x6c, 0x5f, 0x31,
  0x2f, 0x67, 0x72, 0x75, 0x5f, 0x31, 0x2f, 0x67, 0x72, 0x75, 0x5f, 0x63,
  0x65, 0x6c, 0x6c, 0x5f, 0x31, 0x33, 0x2f, 0x6d, 0x75, 0x6c, 0x5f, 0x31,
  0x00, 0x00, 0x00, 0x00, 0x02, 0x00, 0x00, 0x00, 0x01, 0x00, 0x00, 0x00,
  0x10, 0x00, 0x00, 0x00, 0x4e, 0xe5, 0xfe, 0xff, 0x00, 0x00, 0x00, 0x01,
  0x18, 0x00, 0x00, 0x00, 0x20, 0x00, 0x00, 0x00, 0x3c, 0x00, 0x00, 0x00,
  0x01, 0x01, 0x00, 0x00, 0x00, 0x00, 0x00, 0x09, 0x58, 0x00, 0x00, 0x00,
  0x02, 0x00, 0x00, 0x00, 0xff, 0xff, 0xff, 0xff, 0x10, 0x00, 0x00, 0x00,
  0x34, 0xe5, 0xfe, 0xff, 0x08, 0x00, 0x00, 0x00, 0x10, 0x00, 0x00, 0x00,
  0x01, 0x00, 0x00, 0x00, 0xeb, 0xff, 0xff, 0xff, 0xff, 0xff, 0xff, 0xff,
  0x01, 0x00, 0x00, 0x00, 0xb5, 0x85, 0x94, 0x3b, 0x22, 0x00, 0x00, 0x00,
  0x73, 0x65, 0x71, 0x75, 0x65, 0x6e, 0x74, 0x69, 0x61, 0x6c, 0x5f, 0x31,
  0x2f, 0x67, 0x72, 0x75, 0x5f, 0x31, 0x2f, 0x67, 0x72, 0x75, 0x5f, 0x63,
  0x65, 0x6c, 0x6c, 0x5f, 0x31, 0x33, 0x2f, 0x73, 0x75, 0x62, 0x00, 0x00,
  0x02, 0x00, 0x00, 0x00, 0x01, 0x00, 0x00, 0x00, 0x10, 0x00, 0x00, 0x00,
  0xce, 0xe5, 0xfe, 0xff, 0x00, 0x00, 0x00, 0x01, 0x18, 0x00, 0x00, 0x00,
  0x20, 0x00, 0x00, 0x00, 0x40, 0x00, 0x00, 0x00, 0x00, 0x01, 0x00, 0x00,
  0x00, 0x00, 0x00, 0x09, 0x60, 0x00, 0x00, 0x00, 0x02, 0x00, 0x00, 0x00,
  0xff, 0xff, 0xff, 0xff, 0x10, 0x00, 0x00, 0x00, 0xb4, 0xe5, 0xfe, 0xff,
  0x08, 0x00, 0x00, 0x00, 0x14, 0x00, 0x00, 0x00, 0x01, 0x00, 0x00, 0x00,
  0x80, 0xff, 0xff, 0xff, 0xff, 0xff, 0xff, 0xff, 0x00, 0x00, 0x00, 0x00,
  0x01, 0x00, 0x00, 0x00, 0x00, 0x00, 0x80, 0x3b, 0x26, 0x00, 0x00, 0x00,
  0x73, 0x65, 0x71, 0x75, 0x65, 0x6e, 0x74, 0x69, 0x61, 0x6c, 0x5f, 0x31,
  0x2f, 0x67, 0x72, 0x75, 0x5f, 0x31, 0x2f, 0x67, 0x72, 0x75, 0x5f, 0x63,
  0x65, 0x6c, 0x6c, 0x5f, 0x31, 0x33, 0x2f, 0x53, 0x69, 0x67, 0x6d, 0x6f,
  0x69, 0x64, 0x00, 0x00, 0x02, 0x00, 0x00, 0x00, 0x01, 0x00, 0x00, 0x00,
  0x10, 0x00, 0x00, 0x00, 0x56, 0xe6, 0xfe, 0xff, 0x00, 0x00, 0x00, 0x01,
  0x18, 0x00, 0x00, 0x00, 0x20, 0x00, 0x00, 0x00, 0x40, 0x00, 0x00, 0x00,
  0xff, 0x00, 0x00, 0x00, 0x00, 0x00, 0x00, 0x09, 0x60, 0x00, 0x00, 0x00,
  0x02, 0x00, 0x00, 0x00, 0xff, 0xff, 0xff, 0xff, 0x10, 0x00, 0x00, 0x00,
  0x3c, 0xe6, 0xfe, 0xff, 0x08, 0x00, 0x00, 0x00, 0x14, 0x00, 0x00, 0x00,
  0x01, 0x00, 0x00, 0x00, 0xbd, 0xff, 0xff, 0xff, 0xff, 0xff, 0xff, 0xff,
  0x00, 0x00, 0x00, 0x00, 0x01, 0x00, 0x00, 0x00, 0xd3, 0xf2, 0x3e, 0x3c,
  0x24, 0x00, 0x00, 0x00, 0x73, 0x65, 0x71, 0x75, 0x65, 0x6e, 0x74, 0x69,
  0x61, 0x6c, 0x5f, 0x31, 0x2f, 0x67, 0x72, 0x75, 0x5f, 0x31, 0x2f, 0x67,
  0x72, 0x75, 0x5f, 0x63, 0x65, 0x6c, 0x6c, 0x5f, 0x31, 0x33, 0x2f, 0x61,
  0x64, 0x64, 0x5f, 0x31, 0x00, 0x00, 0x00, 0x00, 0x02, 0x00, 0x00, 0x00,
  0x01, 0x00, 0x00, 0x00, 0x10, 0x00, 0x00, 0x00, 0xde, 0xe6, 0xfe, 0xff,
  0x00, 0x00, 0x00, 0x01, 0x18, 0x00, 0x00, 0x00, 0x20, 0x00, 0x00, 0x00,
  0x40, 0x00, 0x00, 0x00, 0xfe, 0x00, 0x00, 0x00, 0x00, 0x00, 0x00, 0x09,
  0x68, 0x00, 0x00, 0x00, 0x02, 0x00, 0x00, 0x00, 0xff, 0xff, 0xff, 0xff,
  0x10, 0x00, 0x00, 0x00, 0xc4, 0xe6, 0xfe, 0xff, 0x08, 0x00, 0x00, 0x00,
  0x14, 0x00, 0x00, 0x00, 0x01, 0x00, 0x00, 0x00, 0xff, 0xff, 0xff, 0xff,
  0xff, 0xff, 0xff, 0xff, 0x00, 0x00, 0x00, 0x00, 0x01, 0x00, 0x00, 0x00,
  0x5b, 0xbf, 0xe1, 0x3b, 0x2c, 0x00, 0x00, 0x00, 0x73, 0x65, 0x71, 0x75,
  0x65, 0x6e, 0x74, 0x69, 0x61, 0x6c, 0x5f, 0x31, 0x2f, 0x67, 0x72, 0x75,
  0x5f, 0x31, 0x2f, 0x67, 0x72, 0x75, 0x5f, 0x63, 0x65, 0x6c, 0x6c, 0x5f,
  0x31, 0x33, 0x2f, 0x73, 0x74, 0x72, 0x69, 0x64, 0x65, 0x64, 0x5f, 0x73,
  0x6c, 0x69, 0x63, 0x65, 0x00, 0x00, 0x00, 0x00, 0x02, 0x00, 0x00, 0x00,
  0x01, 0x00, 0x00, 0x00, 0x10, 0x00, 0x00, 0x00, 0x6e, 0xe7, 0xfe, 0xff,
  0x00, 0x00, 0x00, 0x01, 0x18, 0x00, 0x00, 0x00, 0x20, 0x00, 0x00, 0x00,
  0x3c, 0x00, 0x00, 0x00, 0xfd, 0x00, 0x00, 0x00, 0x00, 0x00, 0x00, 0x09,
  0x80, 0x00, 0x00, 0x00, 0x02, 0x00, 0x00, 0x00, 0xff, 0xff, 0xff, 0xff,
  0x30, 0x00, 0x00, 0x00, 0x54, 0xe7, 0xfe, 0xff, 0x08, 0x00, 0x00, 0x00,
  0x10, 0x00, 0x00, 0x00, 0x01, 0x00, 0x00, 0x00, 0xff, 0xff, 0xff, 0xff,
  0xff, 0xff, 0xff, 0xff, 0x01, 0x00, 0x00, 0x00, 0x5b, 0xbf, 0xe1, 0x3b,
  0x4a, 0x00, 0x00, 0x00, 0x73, 0x65, 0x71, 0x75, 0x65, 0x6e, 0x74, 0x69,
  0x61, 0x6c, 0x5f, 0x31, 0x2f, 0x67, 0x72, 0x75, 0x5f, 0x31, 0x2f, 0x67,
  0x72, 0x75, 0x5f, 0x63, 0x65, 0x6c, 0x6c, 0x5f, 0x31, 0x33, 0x2f, 0x4d,
  0x61, 0x74, 0x4d, 0x75, 0x6c, 0x5f, 0x31, 0x3b, 0x73, 0x65, 0x71, 0x75,
  0x65, 0x6e, 0x74, 0x69, 0x61, 0x6c, 0x5f, 0x31, 0x2f, 0x67, 0x72, 0x75,
  0x5f, 0x31, 0x2f, 0x67, 0x72, 0x75, 0x5f, 0x63, 0x65, 0x6c, 0x6c, 0x5f,
  0x31, 0x33, 0x2f, 0x61, 0x64, 0x64, 0x00, 0x00, 0x02, 0x00, 0x00, 0x00,
  0x01, 0x00, 0x00, 0x00, 0x30, 0x00, 0x00, 0x00, 0x16, 0xe8, 0xfe, 0xff,
  0x00, 0x00, 0x00, 0x01, 0x18, 0x00, 0x00, 0x00, 0x20, 0x00, 0x00, 0x00,
  0x40, 0x00, 0x00, 0x00, 0xfc, 0x00, 0x00, 0x00, 0x00, 0x00, 0x00, 0x09,
  0x60, 0x00, 0x00, 0x00, 0x02, 0x00, 0x00, 0x00, 0xff, 0xff, 0xff, 0xff,
  0x10, 0x00, 0x00, 0x00, 0xfc, 0xe7, 0xfe, 0xff, 0x08, 0x00, 0x00, 0x00,
  0x14, 0x00, 0x00, 0x00, 0x01, 0x00, 0x00, 0x00, 0x16, 0x00, 0x00, 0x00,
  0x00, 0x00, 0x00, 0x00, 0x00, 0x00, 0x00, 0x00, 0x01, 0x00, 0x00, 0x00,
  0x23, 0x33, 0x9c, 0x3b, 0x24, 0x00, 0x00, 0x00, 0x73, 0x65, 0x71, 0x75,
  0x65, 0x6e, 0x74, 0x69, 0x61, 0x6c, 0x5f, 0x31, 0x2f, 0x67, 0x72, 0x75,
  0x5f, 0x31, 0x2f, 0x67, 0x72, 0x75, 0x5f, 0x63, 0x65, 0x6c, 0x6c, 0x5f,
  0x31, 0x31, 0x2f, 0x61, 0x64, 0x64, 0x5f, 0x34, 0x00, 0x00, 0x00, 0x00,
  0x02, 0x00, 0x00, 0x00, 0x01, 0x00, 0x00, 0x00, 0x10, 0x00, 0x00, 0x00,
  0x9e, 0xe8, 0xfe, 0xff, 0x00, 0x00, 0x00, 0x01, 0x18, 0x00, 0x00, 0x00,
  0x20, 0x00, 0x00, 0x00, 0x40, 0x00, 0x00, 0x00, 0xfb, 0x00, 0x00, 0x00,
  0x00, 0x00, 0x00, 0x09, 0x60, 0x00, 0x00, 0x00, 0x02, 0x00, 0x00, 0x00,
  0xff, 0xff, 0xff, 0xff, 0x10, 0x00, 0x00, 0x00, 0x84, 0xe8, 0xfe, 0xff,
  0x08, 0x00, 0x00, 0x00, 0x14, 0x00, 0x00, 0x00, 0x01, 0x00, 0x00, 0x00,
  0x02, 0x00, 0x00, 0x00, 0x00, 0x00, 0x00, 0x00, 0x00, 0x00, 0x00, 0x00,
  0x01, 0x00, 0x00, 0x00, 0x28, 0xc2, 0x5a, 0x3b, 0x24, 0x00, 0x00, 0x00,
  0x73, 0x65, 0x71, 0x75, 0x65, 0x6e, 0x74, 0x69, 0x61, 0x6c, 0x5f, 0x31,
  0x2f, 0x67, 0x72, 0x75, 0x5f, 0x31, 0x2f, 0x67, 0x72, 0x75, 0x5f, 0x63,
  0x65, 0x6c, 0x6c, 0x5f, 0x31, 0x31, 0x2f, 0x6d, 0x75, 0x6c, 0x5f, 0x32,
  0x00, 0x00, 0x00, 0x00, 0x02, 0x00, 0x00, 0x00, 0x01, 0x00, 0x00, 0x00,
  0x10, 0x00, 0x00, 0x00, 0x26, 0xe9, 0xfe, 0xff, 0x00, 0x00, 0x00, 0x01,
  0x18, 0x00, 0x00, 0x00, 0x20, 0x00, 0x00, 0x00, 0x3c, 0x00, 0x00, 0x00,
  0xfa, 0x00, 0x00, 0x00, 0x00, 0x00, 0x00, 0x09, 0x58, 0x00, 0x00, 0x00,
  0x02, 0x00, 0x00, 0x00, 0xff, 0xff, 0xff, 0xff, 0x10, 0x00, 0x00, 0x00,
  0x0c, 0xe9, 0xfe, 0xff, 0x08, 0x00, 0x00, 0x00, 0x10, 0x00, 0x00, 0x00,
  0x01, 0x00, 0x00, 0x00, 0x00, 0x00, 0x00, 0x00, 0x00, 0x00, 0x00, 0x00,
  0x01, 0x00, 0x00, 0x00, 0x00, 0x00, 0x00, 0x3c, 0x23, 0x00, 0x00, 0x00,
  0x73, 0x65, 0x71, 0x75, 0x65, 0x6e, 0x74, 0x69, 0x61, 0x6c, 0x5f, 0x31,
  0x2f, 0x67, 0x72, 0x75, 0x5f, 0x31, 0x2f, 0x67, 0x72, 0x75, 0x5f, 0x63,
  0x65, 0x6c, 0x6c, 0x5f, 0x31, 0x31, 0x2f, 0x54, 0x61, 0x6e, 0x68, 0x00,
  0x02, 0x00, 0x00, 0x00, 0x01, 0x00, 0x00, 0x00, 0x10, 0x00, 0x00, 0x00,
  0xa6, 0xe9, 0xfe, 0xff, 0x00, 0x00, 0x00, 0x01, 0x18, 0x00, 0x00, 0x00,
  0x20, 0x00, 0x00, 0x00, 0x40, 0x00, 0x00, 0x00, 0xf9, 0x00, 0x00, 0x00,
  0x00, 0x00, 0x00, 0x09, 0x60, 0x00, 0x00, 0x00, 0x02, 0x00, 0x00, 0x00,
  0xff, 0xff, 0xff, 0xff, 0x10, 0x00, 0x00, 0x00, 0x8c, 0xe9, 0xfe, 0xff,
  0x08, 0x00, 0x00, 0x00, 0x14, 0x00, 0x00, 0x00, 0x01, 0x00, 0x00, 0x00,
  0x05, 0x00, 0x00, 0x00, 0x00, 0x00, 0x00, 0x00, 0x00, 0x00, 0x00, 0x00,
  0x01, 0x00, 0x00, 0x00, 0xc4, 0x02, 0x05, 0x3c, 0x24, 0x00, 0x00, 0x00,
  0x73, 0x65, 0x71, 0x75, 0x65, 0x6e, 0x74, 0x69, 0x61, 0x6c, 0x5f, 0x31,
  0x2f, 0x67, 0x72, 0x75, 0x5f, 0x31, 0x2f, 0x67, 0x72, 0x75, 0x5f, 0x63,
  0x65, 0x6c, 0x6c, 0x5f, 0x31, 0x31, 0x2f, 0x61, 0x64, 0x64, 0x5f, 0x33,
  0x00, 0x00, 0x00, 0x00, 0x02, 0x00, 0x00, 0x00, 0x01, 0x00, 0x00, 0x00,
  0x10, 0x00, 0x00, 0x00, 0x2e, 0xea, 0xfe, 0xff, 0x00, 0x00, 0x00, 0x01,
  0x18, 0x00, 0x00, 0x00, 0x20, 0x00, 0x00, 0x00, 0x3c, 0x00, 0x00, 0x00,
  0xf8, 0x00, 0x00, 0x00, 0x00, 0x00, 0x00, 0x09, 0x58, 0x00, 0x00, 0x00,
  0x02, 0x00, 0x00, 0x00, 0xff, 0xff, 0xff, 0xff, 0x10, 0x00, 0x00, 0x00,
  0x14, 0xea, 0xfe, 0xff, 0x08, 0x00, 0x00, 0x00, 0x10, 0x00, 0x00, 0x00,
  0x01, 0x00, 0x00, 0x00, 0x0a, 0x00, 0x00, 0x00, 0x00, 0x00, 0x00, 0x00,
  0x01, 0x00, 0x00, 0x00, 0xeb, 0x34, 0x3a, 0x3b, 0x22, 0x00, 0x00, 0x00,
  0x73, 0x65, 0x71, 0x75, 0x65, 0x6e, 0x74, 0x69, 0x61, 0x6c, 0x5f, 0x31,
  0x2f, 0x67, 0x72, 0x75, 0x5f, 0x31, 0x2f, 0x67, 0x72, 0x75, 0x5f, 0x63,
  0x65, 0x6c, 0x6c, 0x5f, 0x31, 0x31, 0x2f, 0x6d, 0x75, 0x6c, 0x00, 0x00,
  0x02, 0x00, 0x00, 0x00, 0x01, 0x00, 0x00, 0x00, 0x10, 0x00, 0x00, 0x00,
  0xae, 0xea, 0xfe, 0xff, 0x00, 0x00, 0x00, 0x01, 0x18, 0x00, 0x00, 0x00,
  0x20, 0x00, 0x00, 0x00, 0x40, 0x00, 0x00, 0x00, 0xf7, 0x00, 0x00, 0x00,
  0x00, 0x00, 0x00, 0x09, 0x68, 0x00, 0x00, 0x00, 0x02, 0x00, 0x00, 0x00,
  0xff, 0xff, 0xff, 0xff, 0x10, 0x00, 0x00, 0x00, 0x94, 0xea, 0xfe, 0xff,
  0x08, 0x00, 0x00, 0x00, 0x14, 0x00, 0x00, 0x00, 0x01, 0x00, 0x00, 0x00,
  0x04, 0x00, 0x00, 0x00, 0x00, 0x00, 0x00, 0x00, 0x00, 0x00, 0x00, 0x00,
  0x01, 0x00, 0x00, 0x00, 0x35, 0x3d, 0xe0, 0x3b, 0x2e, 0x00, 0x00, 0x00,
  0x73, 0x65, 0x71, 0x75, 0x65, 0x6e, 0x74, 0x69, 0x61, 0x6c, 0x5f, 0x31,
  0x2f, 0x67, 0x72, 0x75, 0x5f, 0x31, 0x2f, 0x67, 0x72, 0x75, 0x5f, 0x63,
  0x65, 0x6c, 0x6c, 0x5f, 0x31, 0x31, 0x2f, 0x73, 0x74, 0x72, 0x69, 0x64,
  0x65, 0x64, 0x5f, 0x73, 0x6c, 0x69, 0x63, 0x65, 0x5f, 0x32, 0x00, 0x00,
  0x02, 0x00, 0x00, 0x00, 0x01, 0x00, 0x00, 0x00, 0x10, 0x00, 0x00, 0x00,
  0x3e, 0xeb, 0xfe, 0xff, 0x00, 0x00, 0x00, 0x01, 0x18, 0x00, 0x00, 0x00,
  0x20, 0x00, 0x00, 0x00, 0x3c, 0x00, 0x00, 0x00, 0xf6, 0x00, 0x00, 0x00,
  0x00, 0x00, 0x00, 0x09, 0x60, 0x00, 0x00, 0x00, 0x02, 0x00, 0x00, 0x00,
  0xff, 0xff, 0xff, 0xff, 0x10, 0x00, 0x00, 0x00, 0x24, 0xeb, 0xfe, 0xff,
  0x08, 0x00, 0x00, 0x00, 0x10, 0x00, 0x00, 0x00, 0x01, 0x00, 0x00, 0x00,
  0x80, 0xff, 0xff, 0xff, 0xff, 0xff, 0xff, 0xff, 0x01, 0x00, 0x00, 0x00,
  0x00, 0x00, 0x80, 0x3b, 0x28, 0x00, 0x00, 0x00, 0x73, 0x65, 0x71, 0x75,
  0x65, 0x6e, 0x74, 0x69, 0x61, 0x6c, 0x5f, 0x31, 0x2f, 0x67, 0x72, 0x75,
  0x5f, 0x31, 0x2f, 0x67, 0x72, 0x75, 0x5f, 0x63, 0x65, 0x6c, 0x6c, 0x5f,
  0x31, 0x31, 0x2f, 0x53, 0x69, 0x67, 0x6d, 0x6f, 0x69, 0x64, 0x5f, 0x31,
  0x00, 0x00, 0x00, 0x00, 0x02, 0x00, 0x00, 0x00, 0x01, 0x00, 0x00, 0x00,
  0x10, 0x00, 0x00, 0x00, 0xc6, 0xeb, 0xfe, 0xff, 0x00, 0x00, 0x00, 0x01,
  0x18, 0x00, 0x00, 0x00, 0x20, 0x00, 0x00, 0x00, 0x40, 0x00, 0x00, 0x00,
  0xf5, 0x00, 0x00, 0x00, 0x00, 0x00, 0x00, 0x09, 0x60, 0x00, 0x00, 0x00,
  0x02, 0x00, 0x00, 0x00, 0xff, 0xff, 0xff, 0xff, 0x10, 0x00, 0x00, 0x00,
  0xac, 0xeb, 0xfe, 0xff, 0x08, 0x00, 0x00, 0x00, 0x14, 0x00, 0x00, 0x00,
  0x01, 0x00, 0x00, 0x00, 0x0c, 0x00, 0x00, 0x00, 0x00, 0x00, 0x00, 0x00,
  0x00, 0x00, 0x00, 0x00, 0x01, 0x00, 0x00, 0x00, 0xf2, 0xf7, 0x81, 0x3c,
  0x24, 0x00, 0x00, 0x00, 0x73, 0x65, 0x71, 0x75, 0x65, 0x6e, 0x74, 0x69,
  0x61, 0x6c, 0x5f, 0x31, 0x2f, 0x67, 0x72, 0x75, 0x5f, 0x31, 0x2f, 0x67,
  0x72, 0x75, 0x5f, 0x63, 0x65, 0x6c, 0x6c, 0x5f, 0x31, 0x31, 0x2f, 0x61,
  0x64, 0x64, 0x5f, 0x32, 0x00, 0x00, 0x00, 0x00, 0x02, 0x00, 0x00, 0x00,
  0x01, 0x00, 0x00, 0x00, 0x10, 0x00, 0x00, 0x00, 0x4e, 0xec, 0xfe, 0xff,
  0x00, 0x00, 0x00, 0x01, 0x18, 0x00, 0x00, 0x00, 0x20, 0x00, 0x00, 0x00,
  0x40, 0x00, 0x00, 0x00, 0xf4, 0x00, 0x00, 0x00, 0x00, 0x00, 0x00, 0x09,
  0x68, 0x00, 0x00, 0x00, 0x02, 0x00, 0x00, 0x00, 0xff, 0xff, 0xff, 0xff,
  0x10, 0x00, 0x00, 0x00, 0x34, 0xec, 0xfe, 0xff, 0x08, 0x00, 0x00, 0x00,
  0x14, 0x00, 0x00, 0x00, 0x01, 0x00, 0x00, 0x00, 0x04, 0x00, 0x00, 0x00,
  0x00, 0x00, 0x00, 0x00, 0x00, 0x00, 0x00, 0x00, 0x01, 0x00, 0x00, 0x00,
  0x35, 0x3d, 0xe0, 0x3b, 0x2e, 0x00, 0x00, 0x00, 0x73, 0x65, 0x71, 0x75,
  0x65, 0x6e, 0x74, 0x69, 0x61, 0x6c, 0x5f, 0x31, 0x2f, 0x67, 0x72, 0x75,
  0x5f, 0x31, 0x2f, 0x67, 0x72, 0x75, 0x5f, 0x63, 0x65, 0x6c, 0x6c, 0x5f,
  0x31, 0x31, 0x2f, 0x73, 0x74, 0x72, 0x69, 0x64, 0x65, 0x64, 0x5f, 0x73,
  0x6c, 0x69, 0x63, 0x65, 0x5f, 0x31, 0x00, 0x00, 0x02, 0x00, 0x00, 0x00,
  0x01, 0x00, 0x00, 0x00, 0x10, 0x00, 0x00, 0x00, 0xde, 0xec, 0xfe, 0xff,
  0x00, 0x00, 0x00, 0x01, 0x18, 0x00, 0x00, 0x00, 0x20, 0x00, 0x00, 0x00,
  0x40, 0x00, 0x00, 0x00, 0xf3, 0x00, 0x00, 0x00, 0x00, 0x00, 0x00, 0x09,
  0x60, 0x00, 0x00, 0x00, 0x02, 0x00, 0x00, 0x00, 0xff, 0xff, 0xff, 0xff,
  0x10, 0x00, 0x00, 0x00, 0xc4, 0xec, 0xfe, 0xff, 0x08, 0x00, 0x00, 0x00,
  0x14, 0x00, 0x00, 0x00, 0x01, 0x00, 0x00, 0x00, 0x16, 0x00, 0x00, 0x00,
  0x00, 0x00, 0x00, 0x00, 0x00, 0x00, 0x00, 0x00, 0x01, 0x00, 0x00, 0x00,
  0x23, 0x33, 0x9c, 0x3b, 0x24, 0x00, 0x00, 0x00, 0x73, 0x65, 0x71, 0x75,
  0x65, 0x6e, 0x74, 0x69, 0x61, 0x6c, 0x5f, 0x31, 0x2f, 0x67, 0x72, 0x75,
  0x5f, 0x31, 0x2f, 0x67, 0x72, 0x75, 0x5f, 0x63, 0x65, 0x6c, 0x6c, 0x5f,
  0x31, 0x31, 0x2f, 0x6d, 0x75, 0x6c, 0x5f, 0x31, 0x00, 0x00, 0x00, 0x00,
  0x02, 0x00, 0x00, 0x00, 0x01, 0x00, 0x00, 0x00, 0x10, 0x00, 0x00, 0x00,
  0x66, 0xed, 0xfe, 0xff, 0x00, 0x00, 0x00, 0x01, 0x18, 0x00, 0x00, 0x00,
  0x20, 0x00, 0x00, 0x00, 0x3c, 0x00, 0x00, 0x00, 0xf2, 0x00, 0x00, 0x00,
  0x00, 0x00, 0x00, 0x09, 0x58, 0x00, 0x00, 0x00, 0x02, 0x00, 0x00, 0x00,
  0xff, 0xff, 0xff, 0xff, 0x10, 0x00, 0x00, 0x00, 0x4c, 0xed, 0xfe, 0xff,
  0x08, 0x00, 0x00, 0x00, 0x10, 0x00, 0x00, 0x00, 0x01, 0x00, 0x00, 0x00,
  0xe3, 0xff, 0xff, 0xff, 0xff, 0xff, 0xff, 0xff, 0x01, 0x00, 0x00, 0x00,
  0xd4, 0xe3, 0x8f, 0x3b, 0x22, 0x00, 0x00, 0x00, 0x73, 0x65, 0x71, 0x75,
  0x65, 0x6e, 0x74, 0x69, 0x61, 0x6c, 0x5f, 0x31, 0x2f, 0x67, 0x72, 0x75,
  0x5f, 0x31, 0x2f, 0x67, 0x72, 0x75, 0x5f, 0x63, 0x65, 0x6c, 0x6c, 0x5f,
  0x31, 0x31, 0x2f, 0x73, 0x75, 0x62, 0x00, 0x00, 0x02, 0x00, 0x00, 0x00,
  0x01, 0x00, 0x00, 0x00, 0x10, 0x00, 0x00, 0x00, 0xe6, 0xed, 0xfe, 0xff,
  0x00, 0x00, 0x00, 0x01, 0x18, 0x00, 0x00, 0x00, 0x20, 0x00, 0x00, 0x00,
  0x40, 0x00, 0x00, 0x00, 0xf1, 0x00, 0x00, 0x00, 0x00, 0x00, 0x00, 0x09,
  0x60, 0x00, 0x00, 0x00, 0x02, 0x00, 0x00, 0x00, 0xff, 0xff, 0xff, 0xff,
  0x10, 0x00, 0x00, 0x00, 0xcc, 0xed, 0xfe, 0xff, 0x08, 0x00, 0x00, 0x00,
  0x14, 0x00, 0x00, 0x00, 0x01, 0x00, 0x00, 0x00, 0x80, 0xff, 0xff, 0xff,
  0xff, 0xff, 0xff, 0xff, 0x00, 0x00, 0x00, 0x00, 0x01, 0x00, 0x00, 0x00,
  0x00, 0x00, 0x80, 0x3b, 0x26, 0x00, 0x00, 0x00, 0x73, 0x65, 0x71, 0x75,
  0x65, 0x6e, 0x74, 0x69, 0x61, 0x6c, 0x5f, 0x31, 0x2f, 0x67, 0x72, 0x75,
  0x5f, 0x31, 0x2f, 0x67, 0x72, 0x75, 0x5f, 0x63, 0x65, 0x6c, 0x6c, 0x5f,
  0x31, 0x31, 0x2f, 0x53, 0x69, 0x67, 0x6d, 0x6f, 0x69, 0x64, 0x00, 0x00,
  0x02, 0x00, 0x00, 0x00, 0x01, 0x00, 0x00, 0x00, 0x10, 0x00, 0x00, 0x00,
  0x6e, 0xee, 0xfe, 0xff, 0x00, 0x00, 0x00, 0x01, 0x18, 0x00, 0x00, 0x00,
  0x20, 0x00, 0x00, 0x00, 0x40, 0x00, 0x00, 0x00, 0xf0, 0x00, 0x00, 0x00,
  0x00, 0x00, 0x00, 0x09, 0x60, 0x00, 0x00, 0x00, 0x02, 0x00, 0x00, 0x00,
  0xff, 0xff, 0xff, 0xff, 0x10, 0x00, 0x00, 0x00, 0x54, 0xee, 0xfe, 0xff,
  0x08, 0x00, 0x00, 0x00, 0x14, 0x00, 0x00, 0x00, 0x01, 0x00, 0x00, 0x00,
  0xc0, 0xff, 0xff, 0xff, 0xff, 0xff, 0xff, 0xff, 0x00, 0x00, 0x00, 0x00,
  0x01, 0x00, 0x00, 0x00, 0x67, 0xd2, 0x47, 0x3c, 0x24, 0x00, 0x00, 0x00,
  0x73, 0x65, 0x71, 0x75, 0x65, 0x6e, 0x74, 0x69, 0x61, 0x6c, 0x5f, 0x31,
  0x2f, 0x67, 0x72, 0x75, 0x5f, 0x31, 0x2f, 0x67, 0x72, 0x75, 0x5f, 0x63,
  0x65, 0x6c, 0x6c, 0x5f, 0x31, 0x31, 0x2f, 0x61, 0x64, 0x64, 0x5f, 0x31,
  0x00, 0x00, 0x00, 0x00, 0x02, 0x00, 0x00, 0x00, 0x01, 0x00, 0x00, 0x00,
  0x10, 0x00, 0x00, 0x00, 0xf6, 0xee, 0xfe, 0xff, 0x00, 0x00, 0x00, 0x01,
  0x18, 0x00, 0x00, 0x00, 0x20, 0x00, 0x00, 0x00, 0x40, 0x00, 0x00, 0x00,
  0xef, 0x00, 0x00, 0x00, 0x00, 0x00, 0x00, 0x09, 0x68, 0x00, 0x00, 0x00,
  0x02, 0x00, 0x00, 0x00, 0xff, 0xff, 0xff, 0xff, 0x10, 0x00, 0x00, 0x00,
  0xdc, 0xee, 0xfe, 0xff, 0x08, 0x00, 0x00, 0x00, 0x14, 0x00, 0x00, 0x00,
  0x01, 0x00, 0x00, 0x00, 0x04, 0x00, 0x00, 0x00, 0x00, 0x00, 0x00, 0x00,
  0x00, 0x00, 0x00, 0x00, 0x01, 0x00, 0x00, 0x00, 0x35, 0x3d, 0xe0, 0x3b,
  0x2c, 0x00, 0x00, 0x00, 0x73, 0x65, 0x71, 0x75, 0x65, 0x6e, 0x74, 0x69,
  0x61, 0x6c, 0x5f, 0x31, 0x2f, 0x67, 0x72, 0x75, 0x5f, 0x31, 0x2f, 0x67,
  0x72, 0x75, 0x5f, 0x63, 0x65, 0x6c, 0x6c, 0x5f, 0x31, 0x31, 0x2f, 0x73,
  0x74, 0x72, 0x69, 0x64, 0x65, 0x64, 0x5f, 0x73, 0x6c, 0x69, 0x63, 0x65,
  0x00, 0x00, 0x00, 0x00, 0x02, 0x00, 0x00, 0x00, 0x01, 0x00, 0x00, 0x00,
  0x10, 0x00, 0x00, 0x00, 0x86, 0xef, 0xfe, 0xff, 0x00, 0x00, 0x00, 0x01,
  0x18, 0x00, 0x00, 0x00, 0x20, 0x00, 0x00, 0x00, 0x3c, 0x00, 0x00, 0x00,
  0xee, 0x00, 0x00, 0x00, 0x00, 0x00, 0x00, 0x09, 0x80, 0x00, 0x00, 0x00,
  0x02, 0x00, 0x00, 0x00, 0xff, 0xff, 0xff, 0xff, 0x30, 0x00, 0x00, 0x00,
  0x6c, 0xef, 0xfe, 0xff, 0x08, 0x00, 0x00, 0x00, 0x10, 0x00, 0x00, 0x00,
  0x01, 0x00, 0x00, 0x00, 0x04, 0x00, 0x00, 0x00, 0x00, 0x00, 0x00, 0x00,
  0x01, 0x00, 0x00, 0x00, 0x35, 0x3d, 0xe0, 0x3b, 0x4a, 0x00, 0x00, 0x00,
  0x73, 0x65, 0x71, 0x75, 0x65, 0x6e, 0x74, 0x69, 0x61, 0x6c, 0x5f, 0x31,
  0x2f, 0x67, 0x72, 0x75, 0x5f, 0x31, 0x2f, 0x67, 0x72, 0x75, 0x5f, 0x63,
  0x65, 0x6c, 0x6c, 0x5f, 0x31, 0x31, 0x2f, 0x4d, 0x61, 0x74, 0x4d, 0x75,
  0x6c, 0x5f, 0x31, 0x3b, 0x73, 0x65, 0x71, 0x75, 0x65, 0x6e, 0x74, 0x69,
  0x61, 0x6c, 0x5f, 0x31, 0x2f, 0x67, 0x72, 0x75, 0x5f, 0x31, 0x2f, 0x67,
  0x72, 0x75, 0x5f, 0x63, 0x65, 0x6c, 0x6c, 0x5f, 0x31, 0x31, 0x2f, 0x61,
  0x64, 0x64, 0x00, 0x00, 0x02, 0x00, 0x00, 0x00, 0x01, 0x00, 0x00, 0x00,
  0x30, 0x00, 0x00, 0x00, 0x2e, 0xf0, 0xfe, 0xff, 0x00, 0x00, 0x00, 0x01,
  0x18, 0x00, 0x00, 0x00, 0x20, 0x00, 0x00, 0x00, 0x3c, 0x00, 0x00, 0x00,
  0xed, 0x00, 0x00, 0x00, 0x00, 0x00, 0x00, 0x09, 0x58, 0x00, 0x00, 0x00,
  0x02, 0x00, 0x00, 0x00, 0xff, 0xff, 0xff, 0xff, 0x10, 0x00, 0x00, 0x00,
  0x14, 0xf0, 0xfe, 0xff, 0x08, 0x00, 0x00, 0x00, 0x10, 0x00, 0x00, 0x00,
  0x01, 0x00, 0x00, 0x00, 0x10, 0x00, 0x00, 0x00, 0x00, 0x00, 0x00, 0x00,
  0x01, 0x00, 0x00, 0x00, 0xd1, 0xf5, 0xa7, 0x3b, 0x23, 0x00, 0x00, 0x00,
  0x73, 0x65, 0x71, 0x75, 0x65, 0x6e, 0x74, 0x69, 0x61, 0x6c, 0x5f, 0x31,
  0x2f, 0x67, 0x72, 0x75, 0x5f, 0x31, 0x2f, 0x67, 0x72, 0x75, 0x5f, 0x63,
  0x65, 0x6c, 0x6c, 0x5f, 0x39, 0x2f, 0x61, 0x64, 0x64, 0x5f, 0x34, 0x00,
  0x02, 0x00, 0x00, 0x00, 0x01, 0x00, 0x00, 0x00, 0x10, 0x00, 0x00, 0x00,
  0xae, 0xf0, 0xfe, 0xff, 0x00, 0x00, 0x00, 0x01, 0x18, 0x00, 0x00, 0x00,
  0x20, 0x00, 0x00, 0x00, 0x3c, 0x00, 0x00, 0x00, 0xec, 0x00, 0x00, 0x00,
  0x00, 0x00, 0x00, 0x09, 0x58, 0x00, 0x00, 0x00, 0x02, 0x00, 0x00, 0x00,
  0xff, 0xff, 0xff, 0xff, 0x10, 0x00, 0x00, 0x00, 0x94, 0xf0, 0xfe, 0xff,
  0x08, 0x00, 0x00, 0x00, 0x10, 0x00, 0x00, 0x00, 0x01, 0x00, 0x00, 0x00,
  0x0e, 0x00, 0x00, 0x00, 0x00, 0x00, 0x00, 0x00, 0x01, 0x00, 0x00, 0x00,
  0x58, 0x3d, 0x63, 0x3b, 0x23, 0x00, 0x00, 0x00, 0x73, 0x65, 0x71, 0x75,
  0x65, 0x6e, 0x74, 0x69, 0x61, 0x6c, 0x5f, 0x31, 0x2f, 0x67, 0x72, 0x75,
  0x5f, 0x31, 0x2f, 0x67, 0x72, 0x75, 0x5f, 0x63, 0x65, 0x6c, 0x6c, 0x5f,
  0x39, 0x2f, 0x6d, 0x75, 0x6c, 0x5f, 0x32, 0x00, 0x02, 0x00, 0x00, 0x00,
  0x01, 0x00, 0x00, 0x00, 0x10, 0x00, 0x00, 0x00, 0x2e, 0xf1, 0xfe, 0xff,
  0x00, 0x00, 0x00, 0x01, 0x18, 0x00, 0x00, 0x00, 0x20, 0x00, 0x00, 0x00,
  0x3c, 0x00, 0x00, 0x00, 0xeb, 0x00, 0x00, 0x00, 0x00, 0x00, 0x00, 0x09,
  0x58, 0x00, 0x00, 0x00, 0x02, 0x00, 0x00, 0x00, 0xff, 0xff, 0xff, 0xff,
  0x10, 0x00, 0x00, 0x00, 0x14, 0xf1, 0xfe, 0xff, 0x08, 0x00, 0x00, 0x00,
  0x10, 0x00, 0x00, 0x00, 0x01, 0x00, 0x00, 0x00, 0x00, 0x00, 0x00, 0x00,
  0x00, 0x00, 0x00, 0x00, 0x01, 0x00, 0x00, 0x00, 0x00, 0x00, 0x00, 0x3c,
  0x22, 0x00, 0x00, 0x00, 0x73, 0x65, 0x71, 0x75, 0x65, 0x6e, 0x74, 0x69,
  0x61, 0x6c, 0x5f, 0x31, 0x2f, 0x67, 0x72, 0x75, 0x5f, 0x31, 0x2f, 0x67,
  0x72, 0x75, 0x5f, 0x63, 0x65, 0x6c, 0x6c, 0x5f, 0x39, 0x2f, 0x54, 0x61,
  0x6e, 0x68, 0x00, 0x00, 0x02, 0x00, 0x00, 0x00, 0x01, 0x00, 0x00, 0x00,
  0x10, 0x00, 0x00, 0x00, 0xae, 0xf1, 0xfe, 0xff, 0x00, 0x00, 0x00, 0x01,
  0x18, 0x00, 0x00, 0x00, 0x20, 0x00, 0x00, 0x00, 0x3c, 0x00, 0x00, 0x00,
  0xea, 0x00, 0x00, 0x00, 0x00, 0x00, 0x00, 0x09, 0x58, 0x00, 0x00, 0x00,
  0x02, 0x00, 0x00, 0x00, 0xff, 0xff, 0xff, 0xff, 0x10, 0x00, 0x00, 0x00,
  0x94, 0xf1, 0xfe, 0xff, 0x08, 0x00, 0x00, 0x00, 0x10, 0x00, 0x00, 0x00,
  0x01, 0x00, 0x00, 0x00, 0x13, 0x00, 0x00, 0x00, 0x00, 0x00, 0x00, 0x00,
  0x01, 0x00, 0x00, 0x00, 0xc9, 0x9a, 0x00, 0x3c, 0x23, 0x00, 0x00, 0x00,
  0x73, 0x65, 0x71, 0x75, 0x65, 0x6e, 0x74, 0x69, 0x61, 0x6c, 0x5f, 0x31,
  0x2f, 0x67, 0x72, 0x75, 0x5f, 0x31, 0x2f, 0x67, 0x72, 0x75, 0x5f, 0x63,
  0x65, 0x6c, 0x6c, 0x5f, 0x39, 0x2f, 0x61, 0x64, 0x64, 0x5f, 0x33, 0x00,
  0x02, 0x00, 0x00, 0x00, 0x01, 0x00, 0x00, 0x00, 0x10, 0x00, 0x00, 0x00,
  0x2e, 0xf2, 0xfe, 0xff, 0x00, 0x00, 0x00, 0x01, 0x18, 0x00, 0x00, 0x00,
  0x20, 0x00, 0x00, 0x00, 0x3c, 0x00, 0x00, 0x00, 0xe9, 0x00, 0x00, 0x00,
  0x00, 0x00, 0x00, 0x09, 0x58, 0x00, 0x00, 0x00, 0x02, 0x00, 0x00, 0x00,
  0xff, 0xff, 0xff, 0xff, 0x10, 0x00, 0x00, 0x00, 0x14, 0xf2, 0xfe, 0xff,
  0x08, 0x00, 0x00, 0x00, 0x10, 0x00, 0x00, 0x00, 0x01, 0x00, 0x00, 0x00,
  0x0b, 0x00, 0x00, 0x00, 0x00, 0x00, 0x00, 0x00, 0x01, 0x00, 0x00, 0x00,
  0x4b, 0x57, 0x2b, 0x3b, 0x21, 0x00, 0x00, 0x00, 0x73, 0x65, 0x71, 0x75,
  0x65, 0x6e, 0x74, 0x69, 0x61, 0x6c, 0x5f, 0x31, 0x2f, 0x67, 0x72, 0x75,
  0x5f, 0x31, 0x2f, 0x67, 0x72, 0x75, 0x5f, 0x63, 0x65, 0x6c, 0x6c, 0x5f,
  0x39, 0x2f, 0x6d, 0x75, 0x6c, 0x00, 0x00, 0x00, 0x02, 0x00, 0x00, 0x00,
  0x01, 0x00, 0x00, 0x00, 0x10, 0x00, 0x00, 0x00, 0xae, 0xf2, 0xfe, 0xff,
  0x00, 0x00, 0x00, 0x01, 0x18, 0x00, 0x00, 0x00, 0x20, 0x00, 0x00, 0x00,
  0x40, 0x00, 0x00, 0x00, 0xe8, 0x00, 0x00, 0x00, 0x00, 0x00, 0x00, 0x09,
  0x68, 0x00, 0x00, 0x00, 0x02, 0x00, 0x00, 0x00, 0xff, 0xff, 0xff, 0xff,
  0x10, 0x00, 0x00, 0x00, 0x94, 0xf2, 0xfe, 0xff, 0x08, 0x00, 0x00, 0x00,
  0x14, 0x00, 0x00, 0x00, 0x01, 0x00, 0x00, 0x00, 0x03, 0x00, 0x00, 0x00,
  0x00, 0x00, 0x00, 0x00, 0x00, 0x00, 0x00, 0x00, 0x01, 0x00, 0x00, 0x00,
  0xb1, 0x24, 0xd3, 0x3b, 0x2d, 0x00, 0x00, 0x00, 0x73, 0x65, 0x71, 0x75,
  0x65, 0x6e, 0x74, 0x69, 0x61, 0x6c, 0x5f, 0x31, 0x2f, 0x67, 0x72, 0x75,
  0x5f, 0x31, 0x2f, 0x67, 0x72, 0x75, 0x5f, 0x63, 0x65, 0x6c, 0x6c, 0x5f,
  0x39, 0x2f, 0x73, 0x74, 0x72, 0x69, 0x64, 0x65, 0x64, 0x5f, 0x73, 0x6c,
  0x69, 0x63, 0x65, 0x5f, 0x32, 0x00, 0x00, 0x00, 0x02, 0x00, 0x00, 0x00,
  0x01, 0x00, 0x00, 0x00, 0x10, 0x00, 0x00, 0x00, 0x3e, 0xf3, 0xfe, 0xff,
  0x00, 0x00, 0x00, 0x01, 0x18, 0x00, 0x00, 0x00, 0x20, 0x00, 0x00, 0x00,
  0x40, 0x00, 0x00, 0x00, 0xe7, 0x00, 0x00, 0x00, 0x00, 0x00, 0x00, 0x09,
  0x60, 0x00, 0x00, 0x00, 0x02, 0x00, 0x00, 0x00, 0xff, 0xff, 0xff, 0xff,
  0x10, 0x00, 0x00, 0x00, 0x24, 0xf3, 0xfe, 0xff, 0x08, 0x00, 0x00, 0x00,
  0x14, 0x00, 0x00, 0x00, 0x01, 0x00, 0x00, 0x00, 0x80, 0xff, 0xff, 0xff,
  0xff, 0xff, 0xff, 0xff, 0x00, 0x00, 0x00, 0x00, 0x01, 0x00, 0x00, 0x00,
  0x00, 0x00, 0x80, 0x3b, 0x27, 0x00, 0x00, 0x00, 0x73, 0x65, 0x71, 0x75,
  0x65, 0x6e, 0x74, 0x69, 0x61, 0x6c, 0x5f, 0x31, 0x2f, 0x67, 0x72, 0x75,
  0x5f, 0x31, 0x2f, 0x67, 0x72, 0x75, 0x5f, 0x63, 0x65, 0x6c, 0x6c, 0x5f,
  0x39, 0x2f, 0x53, 0x69, 0x67, 0x6d, 0x6f, 0x69, 0x64, 0x5f, 0x31, 0x00,
  0x02, 0x00, 0x00, 0x00, 0x01, 0x00, 0x00, 0x00, 0x10, 0x00, 0x00, 0x00,
  0xc6, 0xf3, 0xfe, 0xff, 0x00, 0x00, 0x00, 0x01, 0x18, 0x00, 0x00, 0x00,
  0x20, 0x00, 0x00, 0x00, 0x3c, 0x00, 0x00, 0x00, 0xe6, 0x00, 0x00, 0x00,
  0x00, 0x00, 0x00, 0x09, 0x58, 0x00, 0x00, 0x00, 0x02, 0x00, 0x00, 0x00,
  0xff, 0xff, 0xff, 0xff, 0x10, 0x00, 0x00, 0x00, 0xac, 0xf3, 0xfe, 0xff,
  0x08, 0x00, 0x00, 0x00, 0x10, 0x00, 0x00, 0x00, 0x01, 0x00, 0x00, 0x00,
  0x06, 0x00, 0x00, 0x00, 0x00, 0x00, 0x00, 0x00, 0x01, 0x00, 0x00, 0x00,
  0x51, 0x19, 0x7e, 0x3c, 0x23, 0x00, 0x00, 0x00, 0x73, 0x65, 0x71, 0x75,
  0x65, 0x6e, 0x74, 0x69, 0x61, 0x6c, 0x5f, 0x31, 0x2f, 0x67, 0x72, 0x75,
  0x5f, 0x31, 0x2f, 0x67, 0x72, 0x75, 0x5f, 0x63, 0x65, 0x6c, 0x6c, 0x5f,
  0x39, 0x2f, 0x61, 0x64, 0x64, 0x5f, 0x32, 0x00, 0x02, 0x00, 0x00, 0x00,
  0x01, 0x00, 0x00, 0x00, 0x10, 0x00, 0x00, 0x00, 0x46, 0xf4, 0xfe, 0xff,
  0x00, 0x00, 0x00, 0x01, 0x18, 0x00, 0x00, 0x00, 0x20, 0x00, 0x00, 0x00,
  0x40, 0x00, 0x00, 0x00, 0xe5, 0x00, 0x00, 0x00, 0x00, 0x00, 0x00, 0x09,
  0x68, 0x00, 0x00, 0x00, 0x02, 0x00, 0x00, 0x00, 0xff, 0xff, 0xff, 0xff,
  0x10, 0x00, 0x00, 0x00, 0x2c, 0xf4, 0xfe, 0xff, 0x08, 0x00, 0x00, 0x00,
  0x14, 0x00, 0x00, 0x00, 0x01, 0x00, 0x00, 0x00, 0x03, 0x00, 0x00, 0x00,
  0x00, 0x00, 0x00, 0x00, 0x00, 0x00, 0x00, 0x00, 0x01, 0x00, 0x00, 0x00,
  0xb1, 0x24, 0xd3, 0x3b, 0x2d, 0x00, 0x00, 0x00, 0x73, 0x65, 0x71, 0x75,
  0x65, 0x6e, 0x74, 0x69, 0x61, 0x6c, 0x5f, 0x31, 0x2f, 0x67, 0x72, 0x75,
  0x5f, 0x31, 0x2f, 0x67, 0x72, 0x75, 0x5f, 0x63, 0x65, 0x6c, 0x6c, 0x5f,
  0x39, 0x2f, 0x73, 0x74, 0x72, 0x69, 0x64, 0x65, 0x64, 0x5f, 0x73, 0x6c,
  0x69, 0x63, 0x65, 0x5f, 0x31, 0x00, 0x00, 0x00, 0x02, 0x00, 0x00, 0x00,
  0x01, 0x00, 0x00, 0x00, 0x10, 0x00, 0x00, 0x00, 0xd6, 0xf4, 0xfe, 0xff,
  0x00, 0x00, 0x00, 0x01, 0x18, 0x00, 0x00, 0x00, 0x20, 0x00, 0x00, 0x00,
  0x3c, 0x00, 0x00, 0x00, 0xe4, 0x00, 0x00, 0x00, 0x00, 0x00, 0x00, 0x09,
  0x58, 0x00, 0x00, 0x00, 0x02, 0x00, 0x00, 0x00, 0xff, 0xff, 0xff, 0xff,
  0x10, 0x00, 0x00, 0x00, 0xbc, 0xf4, 0xfe, 0xff, 0x08, 0x00, 0x00, 0x00,
  0x10, 0x00, 0x00, 0x00, 0x01, 0x00, 0x00, 0x00, 0xee, 0xff, 0xff, 0xff,
  0xff, 0xff, 0xff, 0xff, 0x01, 0x00, 0x00, 0x00, 0x23, 0x5d, 0x92, 0x3b,
  0x21, 0x00, 0x00, 0x00, 0x73, 0x65, 0x71, 0x75, 0x65, 0x6e, 0x74, 0x69,
  0x61, 0x6c, 0x5f, 0x31, 0x2f, 0x67, 0x72, 0x75, 0x5f, 0x31, 0x2f, 0x67,
  0x72, 0x75, 0x5f, 0x63, 0x65, 0x6c, 0x6c, 0x5f, 0x39, 0x2f, 0x73, 0x75,
  0x62, 0x00, 0x00, 0x00, 0x02, 0x00, 0x00, 0x00, 0x01, 0x00, 0x00, 0x00,
  0x10, 0x00, 0x00, 0x00, 0x56, 0xf5, 0xfe, 0xff, 0x00, 0x00, 0x00, 0x01,
  0x18, 0x00, 0x00, 0x00, 0x20, 0x00, 0x00, 0x00, 0x3c, 0x00, 0x00, 0x00,
  0xe3, 0x00, 0x00, 0x00, 0x00, 0x00, 0x00, 0x09, 0x58, 0x00, 0x00, 0x00,
  0x02, 0x00, 0x00, 0x00, 0xff, 0xff, 0xff, 0xff, 0x10, 0x00, 0x00, 0x00,
  0x3c, 0xf5, 0xfe, 0xff, 0x08, 0x00, 0x00, 0x00, 0x10, 0x00, 0x00, 0x00,
  0x01, 0x00, 0x00, 0x00, 0x10, 0x00, 0x00, 0x00, 0x00, 0x00, 0x00, 0x00,
  0x01, 0x00, 0x00, 0x00, 0xd1, 0xf5, 0xa7, 0x3b, 0x23, 0x00, 0x00, 0x00,
  0x73, 0x65, 0x71, 0x75, 0x65, 0x6e, 0x74, 0x69, 0x61, 0x6c, 0x5f, 0x31,
  0x2f, 0x67, 0x72, 0x75, 0x5f, 0x31, 0x2f, 0x67, 0x72, 0x75, 0x5f, 0x63,
  0x65, 0x6c, 0x6c, 0x5f, 0x39, 0x2f, 0x6d, 0x75, 0x6c, 0x5f, 0x31, 0x00,
  0x02, 0x00, 0x00, 0x00, 0x01, 0x00, 0x00, 0x00, 0x10, 0x00, 0x00, 0x00,
  0xd6, 0xf5, 0xfe, 0xff, 0x00, 0x00, 0x00, 0x01, 0x18, 0x00, 0x00, 0x00,
  0x20, 0x00, 0x00, 0x00, 0x40, 0x00, 0x00, 0x00, 0xe2, 0x00, 0x00, 0x00,
  0x00, 0x00, 0x00, 0x09, 0x60, 0x00, 0x00, 0x00, 0x02, 0x00, 0x00, 0x00,
  0xff, 0xff, 0xff, 0xff, 0x10, 0x00, 0x00, 0x00, 0xbc, 0xf5, 0xfe, 0xff,
  0x08, 0x00, 0x00, 0x00, 0x14, 0x00, 0x00, 0x00, 0x01, 0x00, 0x00, 0x00,
  0x80, 0xff, 0xff, 0xff, 0xff, 0xff, 0xff, 0xff, 0x00, 0x00, 0x00, 0x00,
  0x01, 0x00, 0x00, 0x00, 0x00, 0x00, 0x80, 0x3b, 0x25, 0x00, 0x00, 0x00,
  0x73, 0x65, 0x71, 0x75, 0x65, 0x6e, 0x74, 0x69, 0x61, 0x6c, 0x5f, 0x31,
  0x2f, 0x67, 0x72, 0x75, 0x5f, 0x31, 0x2f, 0x67, 0x72, 0x75, 0x5f, 0x63,
  0x65, 0x6c, 0x6c, 0x5f, 0x39, 0x2f, 0x53, 0x69, 0x67, 0x6d, 0x6f, 0x69,
  0x64, 0x00, 0x00, 0x00, 0x02, 0x00, 0x00, 0x00, 0x01, 0x00, 0x00, 0x00,
  0x10, 0x00, 0x00, 0x00, 0x5e, 0xf6, 0xfe, 0xff, 0x00, 0x00, 0x00, 0x01,
  0x18, 0x00, 0x00, 0x00, 0x20, 0x00, 0x00, 0x00, 0x3c, 0x00, 0x00, 0x00,
  0xe1, 0x00, 0x00, 0x00, 0x00, 0x00, 0x00, 0x09, 0x58, 0x00, 0x00, 0x00,
  0x02, 0x00, 0x00, 0x00, 0xff, 0xff, 0xff, 0xff, 0x10, 0x00, 0x00, 0x00,
  0x44, 0xf6, 0xfe, 0xff, 0x08, 0x00, 0x00, 0x00, 0x10, 0x00, 0x00, 0x00,
  0x01, 0x00, 0x00, 0x00, 0xb1, 0xff, 0xff, 0xff, 0xff, 0xff, 0xff, 0xff,
  0x01, 0x00, 0x00, 0x00, 0x00, 0xf8, 0x4c, 0x3c, 0x23, 0x00, 0x00, 0x00,
  0x73, 0x65, 0x71, 0x75, 0x65, 0x6e, 0x74, 0x69, 0x61, 0x6c, 0x5f, 0x31,
  0x2f, 0x67, 0x72, 0x75, 0x5f, 0x31, 0x2f, 0x67, 0x72, 0x75, 0x5f, 0x63,
  0x65, 0x6c, 0x6c, 0x5f, 0x39, 0x2f, 0x61, 0x64, 0x64, 0x5f, 0x31, 0x00,
  0x02, 0x00, 0x00, 0x00, 0x01, 0x00, 0x00, 0x00, 0x10, 0x00, 0x00, 0x00,
  0xde, 0xf6, 0xfe, 0xff, 0x00, 0x00, 0x00, 0x01, 0x18, 0x00, 0x00, 0x00,
  0x20, 0x00, 0x00, 0x00, 0x3c, 0x00, 0x00, 0x00, 0xe0, 0x00, 0x00, 0x00,
  0x00, 0x00, 0x00, 0x09, 0x60, 0x00, 0x00, 0x00, 0x02, 0x00, 0x00, 0x00,
  0xff, 0xff, 0xff, 0xff, 0x10, 0x00, 0x00, 0x00, 0xc4, 0xf6, 0xfe, 0xff,
  0x08, 0x00, 0x00, 0x00, 0x10, 0x00, 0x00, 0x00, 0x01, 0x00, 0x00, 0x00,
  0x03, 0x00, 0x00, 0x00, 0x00, 0x00, 0x00, 0x00, 0x01, 0x00, 0x00, 0x00,
  0xb1, 0x24, 0xd3, 0x3b, 0x2b, 0x00, 0x00, 0x00, 0x73, 0x65, 0x71, 0x75,
  0x65, 0x6e, 0x74, 0x69, 0x61, 0x6c, 0x5f, 0x31, 0x2f, 0x67, 0x72, 0x75,
  0x5f, 0x31, 0x2f, 0x67, 0x72, 0x75, 0x5f, 0x63, 0x65, 0x6c, 0x6c, 0x5f,
  0x39, 0x2f, 0x73, 0x74, 0x72, 0x69, 0x64, 0x65, 0x64, 0x5f, 0x73, 0x6c,
  0x69, 0x63, 0x65, 0x00, 0x02, 0x00, 0x00, 0x00, 0x01, 0x00, 0x00, 0x00,
  0x10, 0x00, 0x00, 0x00, 0x66, 0xf7, 0xfe, 0xff, 0x00, 0x00, 0x00, 0x01,
  0x18, 0x00, 0x00, 0x00, 0x20, 0x00, 0x00, 0x00, 0x3c, 0x00, 0x00, 0x00,
  0xdf, 0x00, 0x00, 0x00, 0x00, 0x00, 0x00, 0x09, 0x80, 0x00, 0x00, 0x00,
  0x02, 0x00, 0x00, 0x00, 0xff, 0xff, 0xff, 0xff, 0x30, 0x00, 0x00, 0x00,
  0x4c, 0xf7, 0xfe, 0xff, 0x08, 0x00, 0x00, 0x00, 0x10, 0x00, 0x00, 0x00,
  0x01, 0x00, 0x00, 0x00, 0x03, 0x00, 0x00, 0x00, 0x00, 0x00, 0x00, 0x00,
  0x01, 0x00, 0x00, 0x00, 0xb1, 0x24, 0xd3, 0x3b, 0x48, 0x00, 0x00, 0x00,
  0x73, 0x65, 0x71, 0x75, 0x65, 0x6e, 0x74, 0x69, 0x61, 0x6c, 0x5f, 0x31,
  0x2f, 0x67, 0x72, 0x75, 0x5f, 0x31, 0x2f, 0x67, 0x72, 0x75, 0x5f, 0x63,
  0x65, 0x6c, 0x6c, 0x5f, 0x39, 0x2f, 0x4d, 0x61, 0x74, 0x4d, 0x75, 0x6c,
  0x5f, 0x31, 0x3b, 0x73, 0x65, 0x71, 0x75, 0x65, 0x6e, 0x74, 0x69, 0x61,
  0x6c, 0x5f, 0x31, 0x2f, 0x67, 0x72, 0x75, 0x5f, 0x31, 0x2f, 0x67, 0x72,
  0x75, 0x5f, 0x63, 0x65, 0x6c, 0x6c, 0x5f, 0x39, 0x2f, 0x61, 0x64, 0x64,
  0x00, 0x00, 0x00, 0x00, 0x02, 0x00, 0x00, 0x00, 0x01, 0x00, 0x00, 0x00,
  0x30, 0x00, 0x00, 0x00, 0x0e, 0xf8, 0xfe, 0xff, 0x00, 0x00, 0x00, 0x01,
  0x18, 0x00, 0x00, 0x00, 0x20, 0x00, 0x00, 0x00, 0x40, 0x00, 0x00, 0x00,
  0xde, 0x00, 0x00, 0x00, 0x00, 0x00, 0x00, 0x09, 0xb0, 0x00, 0x00, 0x00,
  0x02, 0x00, 0x00, 0x00, 0xff, 0xff, 0xff, 0xff, 0x10, 0x00, 0x00, 0x00,
  0xf4, 0xf7, 0xfe, 0xff, 0x08, 0x00, 0x00, 0x00, 0x14, 0x00, 0x00, 0x00,
  0x01, 0x00, 0x00, 0x00, 0xf1, 0xff, 0xff, 0xff, 0xff, 0xff, 0xff, 0xff,
  0x00, 0x00, 0x00, 0x00, 0x01, 0x00, 0x00, 0x00, 0xcf, 0x14, 0x72, 0x3c,
  0x74, 0x00, 0x00, 0x00, 0x73, 0x65, 0x71, 0x75, 0x65, 0x6e, 0x74, 0x69,
  0x61, 0x6c, 0x5f, 0x31, 0x2f, 0x67, 0x72, 0x75, 0x5f, 0x31, 0x2f, 0x67,
  0x72, 0x75, 0x5f, 0x63, 0x65, 0x6c, 0x6c, 0x5f, 0x39, 0x2f, 0x73, 0x70,
  0x6c, 0x69, 0x74, 0x5f, 0x31, 0x3b, 0x73, 0x65, 0x71, 0x75, 0x65, 0x6e,
  0x74, 0x69, 0x61, 0x6c, 0x5f, 0x31, 0x2f, 0x67, 0x72, 0x75, 0x5f, 0x31,
  0x2f, 0x67, 0x72, 0x75, 0x5f, 0x63, 0x65, 0x6c, 0x6c, 0x5f, 0x39, 0x2f,
  0x73, 0x70, 0x6c, 0x69, 0x74, 0x5f, 0x31, 0x31, 0x3b, 0x73, 0x65, 0x71,
  0x75, 0x65, 0x6e, 0x74, 0x69, 0x61, 0x6c, 0x5f, 0x31, 0x2f, 0x67, 0x72,
  0x75, 0x5f, 0x31, 0x2f, 0x67, 0x72, 0x75, 0x5f, 0x63, 0x65, 0x6c, 0x6c,
  0x5f, 0x39, 0x2f, 0x73, 0x70, 0x6c, 0x69, 0x74, 0x5f, 0x31, 0x32, 0x32,
  0x00, 0x00, 0x00, 0x00, 0x02, 0x00, 0x00, 0x00, 0x01, 0x00, 0x00, 0x00,
  0x10, 0x00, 0x00, 0x00, 0xe6, 0xf8, 0xfe, 0xff, 0x00, 0x00, 0x00, 0x01,
  0x18, 0x00, 0x00, 0x00, 0x20, 0x00, 0x00, 0x00, 0x40, 0x00, 0x00, 0x00,
  0xdd, 0x00, 0x00, 0x00, 0x00, 0x00, 0x00, 0x09, 0xb0, 0x00, 0x00, 0x00,
  0x02, 0x00, 0x00, 0x00, 0xff, 0xff, 0xff, 0xff, 0x10, 0x00, 0x00, 0x00,
  0xcc, 0xf8, 0xfe, 0xff, 0x08, 0x00, 0x00, 0x00, 0x14, 0x00, 0x00, 0x00,
  0x01, 0x00, 0x00, 0x00, 0xf1, 0xff, 0xff, 0xff, 0xff, 0xff, 0xff, 0xff,
  0x00, 0x00, 0x00, 0x00, 0x01, 0x00, 0x00, 0x00, 0xcf, 0x14, 0x72, 0x3c,
  0x74, 0x00, 0x00, 0x00, 0x73, 0x65, 0x71, 0x75, 0x65, 0x6e, 0x74, 0x69,
  0x61, 0x6c, 0x5f, 0x31, 0x2f, 0x67, 0x72, 0x75, 0x5f, 0x31, 0x2f, 0x67,
  0x72, 0x75, 0x5f, 0x63, 0x65, 0x6c, 0x6c, 0x5f, 0x39, 0x2f, 0x73, 0x70,
  0x6c, 0x69, 0x74, 0x5f, 0x31, 0x3b, 0x73, 0x65, 0x71, 0x75, 0x65, 0x6e,
  0x74, 0x69, 0x61, 0x6c, 0x5f, 0x31, 0x2f, 0x67, 0x72, 0x75, 0x5f, 0x31,
  0x2f, 0x67, 0x72, 0x75, 0x5f, 0x63, 0x65, 0x6c, 0x6c, 0x5f, 0x39, 0x2f,
  0x73, 0x70, 0x6c, 0x69, 0x74, 0x5f, 0x31, 0x31, 0x3b, 0x73, 0x65, 0x71,
  0x75, 0x65, 0x6e, 0x74, 0x69, 0x61, 0x6c, 0x5f, 0x31, 0x2f, 0x67, 0x72,
  0x75, 0x5f, 0x31, 0x2f, 0x67, 0x72, 0x75, 0x5f, 0x63, 0x65, 0x6c, 0x6c,
  0x5f, 0x39, 0x2f, 0x73, 0x70, 0x6c, 0x69, 0x74, 0x5f, 0x31, 0x32, 0x31,
  0x00, 0x00, 0x00, 0x00, 0x02, 0x00, 0x00, 0x00, 0x01, 0x00, 0x00, 0x00,
  0x10, 0x00, 0x00, 0x00, 0xbe, 0xf9, 0xfe, 0xff, 0x00, 0x00, 0x00, 0x01,
  0x18, 0x00, 0x00, 0x00, 0x20, 0x00, 0x00, 0x00, 0x3c, 0x00, 0x00, 0x00,
  0xdc, 0x00, 0x00, 0x00, 0x00, 0x00, 0x00, 0x09, 0xa8, 0x00, 0x00, 0x00,
  0x02, 0x00, 0x00, 0x00, 0xff, 0xff, 0xff, 0xff, 0x10, 0x00, 0x00, 0x00,
  0xa4, 0xf9, 0xfe, 0xff, 0x08, 0x00, 0x00, 0x00, 0x10, 0x00, 0x00, 0x00,
  0x01, 0x00, 0x00, 0x00, 0xf1, 0xff, 0xff, 0xff, 0xff, 0xff, 0xff, 0xff,
  0x01, 0x00, 0x00, 0x00, 0xcf, 0x14, 0x72, 0x3c, 0x73, 0x00, 0x00, 0x00,
  0x73, 0x65, 0x71, 0x75, 0x65, 0x6e, 0x74, 0x69, 0x61, 0x6c, 0x5f, 0x31,
  0x2f, 0x67, 0x72, 0x75, 0x5f, 0x31, 0x2f, 0x67, 0x72, 0x75, 0x5f, 0x63,
  0x65, 0x6c, 0x6c, 0x5f, 0x39, 0x2f, 0x73, 0x70, 0x6c, 0x69, 0x74, 0x5f,
  0x31, 0x3b, 0x73, 0x65, 0x71, 0x75, 0x65, 0x6e, 0x74, 0x69, 0x61, 0x6c,
  0x5f, 0x31, 0x2f, 0x67, 0x72, 0x75, 0x5f, 0x31, 0x2f, 0x67, 0x72, 0x75,
  0x5f, 0x63, 0x65, 0x6c, 0x6c, 0x5f, 0x39, 0x2f, 0x73, 0x70, 0x6c, 0x69,
  0x74, 0x5f, 0x31, 0x31, 0x3b, 0x73, 0x65, 0x71, 0x75, 0x65, 0x6e, 0x74,
  0x69, 0x61, 0x6c, 0x5f, 0x31, 0x2f, 0x67, 0x72, 0x75, 0x5f, 0x31, 0x2f,
  0x67, 0x72, 0x75, 0x5f, 0x63, 0x65, 0x6c, 0x6c, 0x5f, 0x39, 0x2f, 0x73,
  0x70, 0x6c, 0x69, 0x74, 0x5f, 0x31, 0x32, 0x00, 0x02, 0x00, 0x00, 0x00,
  0x01, 0x00, 0x00, 0x00, 0x10, 0x00, 0x00, 0x00, 0x8e, 0xfa, 0xfe, 0xff,
  0x00, 0x00, 0x00, 0x01, 0x18, 0x00, 0x00, 0x00, 0x20, 0x00, 0x00, 0x00,
  0x3c, 0x00, 0x00, 0x00, 0xdb, 0x00, 0x00, 0x00, 0x00, 0x00, 0x00, 0x09,
  0x80, 0x00, 0x00, 0x00, 0x02, 0x00, 0x00, 0x00, 0xff, 0xff, 0xff, 0xff,
  0x30, 0x00, 0x00, 0x00, 0x74, 0xfa, 0xfe, 0xff, 0x08, 0x00, 0x00, 0x00,
  0x10, 0x00, 0x00, 0x00, 0x01, 0x00, 0x00, 0x00, 0xf1, 0xff, 0xff, 0xff,
  0xff, 0xff, 0xff, 0xff, 0x01, 0x00, 0x00, 0x00, 0xcf, 0x14, 0x72, 0x3c,
  0x4a, 0x00, 0x00, 0x00, 0x73, 0x65, 0x71, 0x75, 0x65, 0x6e, 0x74, 0x69,
  0x61, 0x6c, 0x5f, 0x31, 0x2f, 0x67, 0x72, 0x75, 0x5f, 0x31, 0x2f, 0x67,
  0x72, 0x75, 0x5f, 0x63, 0x65, 0x6c, 0x6c, 0x5f, 0x39, 0x2f, 0x4d, 0x61,
  0x74, 0x4d, 0x75, 0x6c, 0x3b, 0x73, 0x65, 0x71, 0x75, 0x65, 0x6e, 0x74,
  0x69, 0x61, 0x6c, 0x5f, 0x31, 0x2f, 0x67, 0x72, 0x75, 0x5f, 0x31, 0x2f,
  0x67, 0x72, 0x75, 0x5f, 0x63, 0x65, 0x6c, 0x6c, 0x5f, 0x39, 0x2f, 0x42,
  0x69, 0x61, 0x73, 0x41, 0x64, 0x64, 0x00, 0x00, 0x02, 0x00, 0x00, 0x00,
  0x01, 0x00, 0x00, 0x00, 0x30, 0x00, 0x00, 0x00, 0x36, 0xfb, 0xfe, 0xff,
  0x00, 0x00, 0x00, 0x01, 0x18, 0x00, 0x00, 0x00, 0x20, 0x00, 0x00, 0x00,
  0x3c, 0x00, 0x00, 0x00, 0xda, 0x00, 0x00, 0x00, 0x00, 0x00, 0x00, 0x09,
  0x58, 0x00, 0x00, 0x00, 0x02, 0x00, 0x00, 0x00, 0xff, 0xff, 0xff, 0xff,
  0x10, 0x00, 0x00, 0x00, 0x1c, 0xfb, 0xfe, 0xff, 0x08, 0x00, 0x00, 0x00,
  0x10, 0x00, 0x00, 0x00, 0x01, 0x00, 0x00, 0x00, 0x18, 0x00, 0x00, 0x00,
  0x00, 0x00, 0x00, 0x00, 0x01, 0x00, 0x00, 0x00, 0x81, 0x8a, 0x93, 0x3b,
  0x23, 0x00, 0x00, 0x00, 0x73, 0x65, 0x71, 0x75, 0x65, 0x6e, 0x74, 0x69,
  0x61, 0x6c, 0x5f, 0x31, 0x2f, 0x67, 0x72, 0x75, 0x5f, 0x31, 0x2f, 0x67,
  0x72, 0x75, 0x5f, 0x63, 0x65, 0x6c, 0x6c, 0x5f, 0x37, 0x2f, 0x61, 0x64,
  0x64, 0x5f, 0x34, 0x00, 0x02, 0x00, 0x00, 0x00, 0x01, 0x00, 0x00, 0x00,
  0x10, 0x00, 0x00, 0x00, 0xb6, 0xfb, 0xfe, 0xff, 0x00, 0x00, 0x00, 0x01,
  0x18, 0x00, 0x00, 0x00, 0x20, 0x00, 0x00, 0x00, 0x3c, 0x00, 0x00, 0x00,
  0xd9, 0x00, 0x00, 0x00, 0x00, 0x00, 0x00, 0x09, 0x58, 0x00, 0x00, 0x00,
  0x02, 0x00, 0x00, 0x00, 0xff, 0xff, 0xff, 0xff, 0x10, 0x00, 0x00, 0x00,
  0x9c, 0xfb, 0xfe, 0xff, 0x08, 0x00, 0x00, 0x00, 0x10, 0x00, 0x00, 0x00,
  0x01, 0x00, 0x00, 0x00, 0x17, 0x00, 0x00, 0x00, 0x00, 0x00, 0x00, 0x00,
  0x01, 0x00, 0x00, 0x00, 0x1c, 0xd0, 0x3c, 0x3b, 0x23, 0x00, 0x00, 0x00,
  0x73, 0x65, 0x71, 0x75, 0x65, 0x6e, 0x74, 0x69, 0x61, 0x6c, 0x5f, 0x31,
  0x2f, 0x67, 0x72, 0x75, 0x5f, 0x31, 0x2f, 0x67, 0x72, 0x75, 0x5f, 0x63,
  0x65, 0x6c, 0x6c, 0x5f, 0x37, 0x2f, 0x6d, 0x75, 0x6c, 0x5f, 0x32, 0x00,
  0x02, 0x00, 0x00, 0x00, 0x01, 0x00, 0x00, 0x00, 0x10, 0x00, 0x00, 0x00,
  0x36, 0xfc, 0xfe, 0xff, 0x00, 0x00, 0x00, 0x01, 0x18, 0x00, 0x00, 0x00,
  0x20, 0x00, 0x00, 0x00, 0x3c, 0x00, 0x00, 0x00, 0xd8, 0x00, 0x00, 0x00,
  0x00, 0x00, 0x00, 0x09, 0x58, 0x00, 0x00, 0x00, 0x02, 0x00, 0x00, 0x00,
  0xff, 0xff, 0xff, 0xff, 0x10, 0x00, 0x00, 0x00, 0x1c, 0xfc, 0xfe, 0xff,
  0x08, 0x00, 0x00, 0x00, 0x10, 0x00, 0x00, 0x00, 0x01, 0x00, 0x00, 0x00,
  0x00, 0x00, 0x00, 0x00, 0x00, 0x00, 0x00, 0x00, 0x01, 0x00, 0x00, 0x00,
  0x00, 0x00, 0x00, 0x3c, 0x22, 0x00, 0x00, 0x00, 0x73, 0x65, 0x71, 0x75,
  0x65, 0x6e, 0x74, 0x69, 0x61, 0x6c, 0x5f, 0x31, 0x2f, 0x67, 0x72, 0x75,
  0x5f, 0x31, 0x2f, 0x67, 0x72, 0x75, 0x5f, 0x63, 0x65, 0x6c, 0x6c, 0x5f,
  0x37, 0x2f, 0x54, 0x61, 0x6e, 0x68, 0x00, 0x00, 0x02, 0x00, 0x00, 0x00,
  0x01, 0x00, 0x00, 0x00, 0x10, 0x00, 0x00, 0x00, 0xb6, 0xfc, 0xfe, 0xff,
  0x00, 0x00, 0x00, 0x01, 0x18, 0x00, 0x00, 0x00, 0x20, 0x00, 0x00, 0x00,
  0x3c, 0x00, 0x00, 0x00, 0xd7, 0x00, 0x00, 0x00, 0x00, 0x00, 0x00, 0x09,
  0x58, 0x00, 0x00, 0x00, 0x02, 0x00, 0x00, 0x00, 0xff, 0xff, 0xff, 0xff,
  0x10, 0x00, 0x00, 0x00, 0x9c, 0xfc, 0xfe, 0xff, 0x08, 0x00, 0x00, 0x00,
  0x10, 0x00, 0x00, 0x00, 0x01, 0x00, 0x00, 0x00, 0x05, 0x00, 0x00, 0x00,
  0x00, 0x00, 0x00, 0x00, 0x01, 0x00, 0x00, 0x00, 0xac, 0xcc, 0xf3, 0x3b,
  0x23, 0x00, 0x00, 0x00, 0x73, 0x65, 0x71, 0x75, 0x65, 0x6e, 0x74, 0x69,
  0x61, 0x6c, 0x5f, 0x31, 0x2f, 0x67, 0x72, 0x75, 0x5f, 0x31, 0x2f, 0x67,
  0x72, 0x75, 0x5f, 0x63, 0x65, 0x6c, 0x6c, 0x5f, 0x37, 0x2f, 0x61, 0x64,
  0x64, 0x5f, 0x33, 0x00, 0x02, 0x00, 0x00, 0x00, 0x01, 0x00, 0x00, 0x00,
  0x10, 0x00, 0x00, 0x00, 0x36, 0xfd, 0xfe, 0xff, 0x00, 0x00, 0x00, 0x01,
  0x18, 0x00, 0x00, 0x00, 0x20, 0x00, 0x00, 0x00, 0x3c, 0x00, 0x00, 0x00,
  0xd6, 0x00, 0x00, 0x00, 0x00, 0x00, 0x00, 0x09, 0x58, 0x00, 0x00, 0x00,
  0x02, 0x00, 0x00, 0x00, 0xff, 0xff, 0xff, 0xff, 0x10, 0x00, 0x00, 0x00,
  0x1c, 0xfd, 0xfe, 0xff, 0x08, 0x00, 0x00, 0x00, 0x10, 0x00, 0x00, 0x00,
  0x01, 0x00, 0x00, 0x00, 0x07, 0x00, 0x00, 0x00, 0x00, 0x00, 0x00, 0x00,
  0x01, 0x00, 0x00, 0x00, 0x6c, 0xe4, 0x23, 0x3b, 0x21, 0x00, 0x00, 0x00,
  0x73, 0x65, 0x71, 0x75, 0x65, 0x6e, 0x74, 0x69, 0x61, 0x6c, 0x5f, 0x31,
  0x2f, 0x67, 0x72, 0x75, 0x5f, 0x31, 0x2f, 0x67, 0x72, 0x75, 0x5f, 0x63,
  0x65, 0x6c, 0x6c, 0x5f, 0x37, 0x2f, 0x6d, 0x75, 0x6c, 0x00, 0x00, 0x00,
  0x02, 0x00, 0x00, 0x00, 0x01, 0x00, 0x00, 0x00, 0x10, 0x00, 0x00, 0x00,
  0xb6, 0xfd, 0xfe, 0xff, 0x00, 0x00, 0x00, 0x01, 0x18, 0x00, 0x00, 0x00,
  0x20, 0x00, 0x00, 0x00, 0x40, 0x00, 0x00, 0x00, 0xd5, 0x00, 0x00, 0x00,
  0x00, 0x00, 0x00, 0x09, 0x68, 0x00, 0x00, 0x00, 0x02, 0x00, 0x00, 0x00,
  0xff, 0xff, 0xff, 0xff, 0x10, 0x00, 0x00, 0x00, 0x9c, 0xfd, 0xfe, 0xff,
  0x08, 0x00, 0x00, 0x00, 0x14, 0x00, 0x00, 0x00, 0x01, 0x00, 0x00, 0x00,
  0xff, 0xff, 0xff, 0xff, 0xff, 0xff, 0xff, 0xff, 0x00, 0x00, 0x00, 0x00,
  0x01, 0x00, 0x00, 0x00, 0x09, 0xd5, 0xbf, 0x3b, 0x2d, 0x00, 0x00, 0x00,
  0x73, 0x65, 0x71, 0x75, 0x65, 0x6e, 0x74, 0x69, 0x61, 0x6c, 0x5f, 0x31,
  0x2f, 0x67, 0x72, 0x75, 0x5f, 0x31, 0x2f, 0x67, 0x72, 0x75, 0x5f, 0x63,
  0x65, 0x6c, 0x6c, 0x5f, 0x37, 0x2f, 0x73, 0x74, 0x72, 0x69, 0x64, 0x65,
  0x64, 0x5f, 0x73, 0x6c, 0x69, 0x63, 0x65, 0x5f, 0x32, 0x00, 0x00, 0x00,
  0x02, 0x00, 0x00, 0x00, 0x01, 0x00, 0x00, 0x00, 0x10, 0x00, 0x00, 0x00,
  0x46, 0xfe, 0xfe, 0xff, 0x00, 0x00, 0x00, 0x01, 0x18, 0x00, 0x00, 0x00,
  0x20, 0x00, 0x00, 0x00, 0x40, 0x00, 0x00, 0x00, 0xd4, 0x00, 0x00, 0x00,
  0x00, 0x00, 0x00, 0x09, 0x60, 0x00, 0x00, 0x00, 0x02, 0x00, 0x00, 0x00,
  0xff, 0xff, 0xff, 0xff, 0x10, 0x00, 0x00, 0x00, 0x2c, 0xfe, 0xfe, 0xff,
  0x08, 0x00, 0x00, 0x00, 0x14, 0x00, 0x00, 0x00, 0x01, 0x00, 0x00, 0x00,
  0x80, 0xff, 0xff, 0xff, 0xff, 0xff, 0xff, 0xff, 0x00, 0x00, 0x00, 0x00,
  0x01, 0x00, 0x00, 0x00, 0x00, 0x00, 0x80, 0x3b, 0x27, 0x00, 0x00, 0x00,
  0x73, 0x65, 0x71, 0x75, 0x65, 0x6e, 0x74, 0x69, 0x61, 0x6c, 0x5f, 0x31,
  0x2f, 0x67, 0x72, 0x75, 0x5f, 0x31, 0x2f, 0x67, 0x72, 0x75, 0x5f, 0x63,
  0x65, 0x6c, 0x6c, 0x5f, 0x37, 0x2f, 0x53, 0x69, 0x67, 0x6d, 0x6f, 0x69,
  0x64, 0x5f, 0x31, 0x00, 0x02, 0x00, 0x00, 0x00, 0x01, 0x00, 0x00, 0x00,
  0x10, 0x00, 0x00, 0x00, 0xce, 0xfe, 0xfe, 0xff, 0x00, 0x00, 0x00, 0x01,
  0x18, 0x00, 0x00, 0x00, 0x20, 0x00, 0x00, 0x00, 0x3c, 0x00, 0x00, 0x00,
  0xd3, 0x00, 0x00, 0x00, 0x00, 0x00, 0x00, 0x09, 0x58, 0x00, 0x00, 0x00,
  0x02, 0x00, 0x00, 0x00, 0xff, 0xff, 0xff, 0xff, 0x10, 0x00, 0x00, 0x00,
  0xb4, 0xfe, 0xfe, 0xff, 0x08, 0x00, 0x00, 0x00, 0x10, 0x00, 0x00, 0x00,
  0x01, 0x00, 0x00, 0x00, 0x02, 0x00, 0x00, 0x00, 0x00, 0x00, 0x00, 0x00,
  0x01, 0x00, 0x00, 0x00, 0x40, 0x9f, 0x66, 0x3c, 0x23, 0x00, 0x00, 0x00,
  0x73, 0x65, 0x71, 0x75, 0x65, 0x6e, 0x74, 0x69, 0x61, 0x6c, 0x5f, 0x31,
  0x2f, 0x67, 0x72, 0x75, 0x5f, 0x31, 0x2f, 0x67, 0x72, 0x75, 0x5f, 0x63,
  0x65, 0x6c, 0x6c, 0x5f, 0x37, 0x2f, 0x61, 0x64, 0x64, 0x5f, 0x32, 0x00,
  0x02, 0x00, 0x00, 0x00, 0x01, 0x00, 0x00, 0x00, 0x10, 0x00, 0x00, 0x00,
  0x4e, 0xff, 0xfe, 0xff, 0x00, 0x00, 0x00, 0x01, 0x18, 0x00, 0x00, 0x00,
  0x20, 0x00, 0x00, 0x00, 0x40, 0x00, 0x00, 0x00, 0xd2, 0x00, 0x00, 0x00,
  0x00, 0x00, 0x00, 0x09, 0x68, 0x00, 0x00, 0x00, 0x02, 0x00, 0x00, 0x00,
  0xff, 0xff, 0xff, 0xff, 0x10, 0x00, 0x00, 0x00, 0x34, 0xff, 0xfe, 0xff,
  0x08, 0x00, 0x00, 0x00, 0x14, 0x00, 0x00, 0x00, 0x01, 0x00, 0x00, 0x00,
  0xff, 0xff, 0xff, 0xff, 0xff, 0xff, 0xff, 0xff, 0x00, 0x00, 0x00, 0x00,
  0x01, 0x00, 0x00, 0x00, 0x09, 0xd5, 0xbf, 0x3b, 0x2d, 0x00, 0x00, 0x00,
  0x73, 0x65, 0x71, 0x75, 0x65, 0x6e, 0x74, 0x69, 0x61, 0x6c, 0x5f, 0x31,
  0x2f, 0x67, 0x72, 0x75, 0x5f, 0x31, 0x2f, 0x67, 0x72, 0x75, 0x5f, 0x63,
  0x65, 0x6c, 0x6c, 0x5f, 0x37, 0x2f, 0x73, 0x74, 0x72, 0x69, 0x64, 0x65,
  0x64, 0x5f, 0x73, 0x6c, 0x69, 0x63, 0x65, 0x5f, 0x31, 0x00, 0x00, 0x00,
  0x02, 0x00, 0x00, 0x00, 0x01, 0x00, 0x00, 0x00, 0x10, 0x00, 0x00, 0x00,
  0xde, 0xff, 0xfe, 0xff, 0x00, 0x00, 0x00, 0x01, 0x18, 0x00, 0x00, 0x00,
  0x20, 0x00, 0x00, 0x00, 0x3c, 0x00, 0x00, 0x00, 0xd1, 0x00, 0x00, 0x00,
  0x00, 0x00, 0x00, 0x09, 0x58, 0x00, 0x00, 0x00, 0x02, 0x00, 0x00, 0x00,
  0xff, 0xff, 0xff, 0xff, 0x10, 0x00, 0x00, 0x00, 0xc4, 0xff, 0xfe, 0xff,
  0x08, 0x00, 0x00, 0x00, 0x10, 0x00, 0x00, 0x00, 0x01, 0x00, 0x00, 0x00,
  0xe5, 0xff, 0xff, 0xff, 0xff, 0xff, 0xff, 0xff, 0x01, 0x00, 0x00, 0x00,
  0xb2, 0x26, 0x8d, 0x3b, 0x21, 0x00, 0x00, 0x00, 0x73, 0x65, 0x71, 0x75,
  0x65, 0x6e, 0x74, 0x69, 0x61, 0x6c, 0x5f, 0x31, 0x2f, 0x67, 0x72, 0x75,
  0x5f, 0x31, 0x2f, 0x67, 0x72, 0x75, 0x5f, 0x63, 0x65, 0x6c, 0x6c, 0x5f,
  0x37, 0x2f, 0x73, 0x75, 0x62, 0x00, 0x00, 0x00, 0x02, 0x00, 0x00, 0x00,
  0x01, 0x00, 0x00, 0x00, 0x10, 0x00, 0x00, 0x00, 0x5e, 0x00, 0xff, 0xff,
  0x00, 0x00, 0x00, 0x01, 0x18, 0x00, 0x00, 0x00, 0x20, 0x00, 0x00, 0x00,
  0x3c, 0x00, 0x00, 0x00, 0xd0, 0x00, 0x00, 0x00, 0x00, 0x00, 0x00, 0x09,
  0x58, 0x00, 0x00, 0x00, 0x02, 0x00, 0x00, 0x00, 0xff, 0xff, 0xff, 0xff,
  0x10, 0x00, 0x00, 0x00, 0x44, 0x00, 0xff, 0xff, 0x08, 0x00, 0x00, 0x00,
  0x10, 0x00, 0x00, 0x00, 0x01, 0x00, 0x00, 0x00, 0x18, 0x00, 0x00, 0x00,
  0x00, 0x00, 0x00, 0x00, 0x01, 0x00, 0x00, 0x00, 0x81, 0x8a, 0x93, 0x3b,
  0x23, 0x00, 0x00, 0x00, 0x73, 0x65, 0x71, 0x75, 0x65, 0x6e, 0x74, 0x69,
  0x61, 0x6c, 0x5f, 0x31, 0x2f, 0x67, 0x72, 0x75, 0x5f, 0x31, 0x2f, 0x67,
  0x72, 0x75, 0x5f, 0x63, 0x65, 0x6c, 0x6c, 0x5f, 0x37, 0x2f, 0x6d, 0x75,
  0x6c, 0x5f, 0x31, 0x00, 0x02, 0x00, 0x00, 0x00, 0x01, 0x00, 0x00, 0x00,
  0x10, 0x00, 0x00, 0x00, 0xde, 0x00, 0xff, 0xff, 0x00, 0x00, 0x00, 0x01,
  0x18, 0x00, 0x00, 0x00, 0x20, 0x00, 0x00, 0x00, 0x40, 0x00, 0x00, 0x00,
  0xcf, 0x00, 0x00, 0x00, 0x00, 0x00, 0x00, 0x09, 0x60, 0x00, 0x00, 0x00,
  0x02, 0x00, 0x00, 0x00, 0xff, 0xff, 0xff, 0xff, 0x10, 0x00, 0x00, 0x00,
  0xc4, 0x00, 0xff, 0xff, 0x08, 0x00, 0x00, 0x00, 0x14, 0x00, 0x00, 0x00,
  0x01, 0x00, 0x00, 0x00, 0x80, 0xff, 0xff, 0xff, 0xff, 0xff, 0xff, 0xff,
  0x00, 0x00, 0x00, 0x00, 0x01, 0x00, 0x00, 0x00, 0x00, 0x00, 0x80, 0x3b,
  0x25, 0x00, 0x00, 0x00, 0x73, 0x65, 0x71, 0x75, 0x65, 0x6e, 0x74, 0x69,
  0x61, 0x6c, 0x5f, 0x31, 0x2f, 0x67, 0x72, 0x75, 0x5f, 0x31, 0x2f, 0x67,
  0x72, 0x75, 0x5f, 0x63, 0x65, 0x6c, 0x6c, 0x5f, 0x37, 0x2f, 0x53, 0x69,
  0x67, 0x6d, 0x6f, 0x69, 0x64, 0x00, 0x00, 0x00, 0x02, 0x00, 0x00, 0x00,
  0x01, 0x00, 0x00, 0x00, 0x10, 0x00, 0x00, 0x00, 0x66, 0x01, 0xff, 0xff,
  0x00, 0x00, 0x00, 0x01, 0x18, 0x00, 0x00, 0x00, 0x20, 0x00, 0x00, 0x00,
  0x3c, 0x00, 0x00, 0x00, 0xce, 0x00, 0x00, 0x00, 0x00, 0x00, 0x00, 0x09,
  0x58, 0x00, 0x00, 0x00, 0x02, 0x00, 0x00, 0x00, 0xff, 0xff, 0xff, 0xff,
  0x10, 0x00, 0x00, 0x00, 0x4c, 0x01, 0xff, 0xff, 0x08, 0x00, 0x00, 0x00,
  0x10, 0x00, 0x00, 0x00, 0x01, 0x00, 0x00, 0x00, 0xbd, 0xff, 0xff, 0xff,
  0xff, 0xff, 0xff, 0xff, 0x01, 0x00, 0x00, 0x00, 0xb4, 0xa4, 0x33, 0x3c,
  0x23, 0x00, 0x00, 0x00, 0x73, 0x65, 0x71, 0x75, 0x65, 0x6e, 0x74, 0x69,
  0x61, 0x6c, 0x5f, 0x31, 0x2f, 0x67, 0x72, 0x75, 0x5f, 0x31, 0x2f, 0x67,
  0x72, 0x75, 0x5f, 0x63, 0x65, 0x6c, 0x6c, 0x5f, 0x37, 0x2f, 0x61, 0x64,
  0x64, 0x5f, 0x31, 0x00, 0x02, 0x00, 0x00, 0x00, 0x01, 0x00, 0x00, 0x00,
  0x10, 0x00, 0x00, 0x00, 0xe6, 0x01, 0xff, 0xff, 0x00, 0x00, 0x00, 0x01,
  0x18, 0x00, 0x00, 0x00, 0x20, 0x00, 0x00, 0x00, 0x3c, 0x00, 0x00, 0x00,
  0xcd, 0x00, 0x00, 0x00, 0x00, 0x00, 0x00, 0x09, 0x60, 0x00, 0x00, 0x00,
  0x02, 0x00, 0x00, 0x00, 0xff, 0xff, 0xff, 0xff, 0x10, 0x00, 0x00, 0x00,
  0xcc, 0x01, 0xff, 0xff, 0x08, 0x00, 0x00, 0x00, 0x10, 0x00, 0x00, 0x00,
  0x01, 0x00, 0x00, 0x00, 0xff, 0xff, 0xff, 0xff, 0xff, 0xff, 0xff, 0xff,
  0x01, 0x00, 0x00, 0x00, 0x09, 0xd5, 0xbf, 0x3b, 0x2b, 0x00, 0x00, 0x00,
  0x73, 0x65, 0x71, 0x75, 0x65, 0x6e, 0x74, 0x69, 0x61, 0x6c, 0x5f, 0x31,
  0x2f, 0x67, 0x72, 0x75, 0x5f, 0x31, 0x2f, 0x67, 0x72, 0x75, 0x5f, 0x63,
  0x65, 0x6c, 0x6c, 0x5f, 0x37, 0x2f, 0x73, 0x74, 0x72, 0x69, 0x64, 0x65,
  0x64, 0x5f, 0x73, 0x6c, 0x69, 0x63, 0x65, 0x00, 0x02, 0x00, 0x00, 0x00,
  0x01, 0x00, 0x00, 0x00, 0x10, 0x00, 0x00, 0x00, 0x6e, 0x02, 0xff, 0xff,
  0x00, 0x00, 0x00, 0x01, 0x18, 0x00, 0x00, 0x00, 0x20, 0x00, 0x00, 0x00,
  0x3c, 0x00, 0x00, 0x00, 0xcc, 0x00, 0x00, 0x00, 0x00, 0x00, 0x00, 0x09,
  0x80, 0x00, 0x00, 0x00, 0x02, 0x00, 0x00, 0x00, 0xff, 0xff, 0xff, 0xff,
  0x30, 0x00, 0x00, 0x00, 0x54, 0x02, 0xff, 0xff, 0x08, 0x00, 0x00, 0x00,
  0x10, 0x00, 0x00, 0x00, 0x01, 0x00, 0x00, 0x00, 0xff, 0xff, 0xff, 0xff,
  0xff, 0xff, 0xff, 0xff, 0x01, 0x00, 0x00, 0x00, 0x09, 0xd5, 0xbf, 0x3b,
  0x48, 0x00, 0x00, 0x00, 0x73, 0x65, 0x71, 0x75, 0x65, 0x6e, 0x74, 0x69,
  0x61, 0x6c, 0x5f, 0x31, 0x2f, 0x67, 0x72, 0x75, 0x5f, 0x31, 0x2f, 0x67,
  0x72, 0x75, 0x5f, 0x63, 0x65, 0x6c, 0x6c, 0x5f, 0x37, 0x2f, 0x4d, 0x61,
  0x74, 0x4d, 0x75, 0x6c, 0x5f, 0x31, 0x3b, 0x73, 0x65, 0x71, 0x75, 0x65,
  0x6e, 0x74, 0x69, 0x61, 0x6c, 0x5f, 0x31, 0x2f, 0x67, 0x72, 0x75, 0x5f,
  0x31, 0x2f, 0x67, 0x72, 0x75, 0x5f, 0x63, 0x65, 0x6c, 0x6c, 0x5f, 0x37,
  0x2f, 0x61, 0x64, 0x64, 0x00, 0x00, 0x00, 0x00, 0x02, 0x00, 0x00, 0x00,
  0x01, 0x00, 0x00, 0x00, 0x30, 0x00, 0x00, 0x00, 0x16, 0x03, 0xff, 0xff,
  0x00, 0x00, 0x00, 0x01, 0x18, 0x00, 0x00, 0x00, 0x20, 0x00, 0x00, 0x00,
  0x40, 0x00, 0x00, 0x00, 0xcb, 0x00, 0x00, 0x00, 0x00, 0x00, 0x00, 0x09,
  0xb0, 0x00, 0x00, 0x00, 0x02, 0x00, 0x00, 0x00, 0xff, 0xff, 0xff, 0xff,
  0x10, 0x00, 0x00, 0x00, 0xfc, 0x02, 0xff, 0xff, 0x08, 0x00, 0x00, 0x00,
  0x14, 0x00, 0x00, 0x00, 0x01, 0x00, 0x00, 0x00, 0xf8, 0xff, 0xff, 0xff,
  0xff, 0xff, 0xff, 0xff, 0x00, 0x00, 0x00, 0x00, 0x01, 0x00, 0x00, 0x00,
  0xb9, 0xf6, 0x4e, 0x3c, 0x74, 0x00, 0x00, 0x00, 0x73, 0x65, 0x71, 0x75,
  0x65, 0x6e, 0x74, 0x69, 0x61, 0x6c, 0x5f, 0x31, 0x2f, 0x67, 0x72, 0x75,
  0x5f, 0x31, 0x2f, 0x67, 0x72, 0x75, 0x5f, 0x63, 0x65, 0x6c, 0x6c, 0x5f,
  0x37, 0x2f, 0x73, 0x70, 0x6c, 0x69, 0x74, 0x5f, 0x31, 0x3b, 0x73, 0x65,
  0x71, 0x75, 0x65, 0x6e, 0x74, 0x69, 0x61, 0x6c, 0x5f, 0x31, 0x2f, 0x67,
  0x72, 0x75, 0x5f, 0x31, 0x2f, 0x67, 0x72, 0x75, 0x5f, 0x63, 0x65, 0x6c,
  0x6c, 0x5f, 0x37, 0x2f, 0x73, 0x70, 0x6c, 0x69, 0x74, 0x5f, 0x31, 0x31,
  0x3b, 0x73, 0x65, 0x71, 0x75, 0x65, 0x6e, 0x74, 0x69, 0x61, 0x6c, 0x5f,
  0x31, 0x2f, 0x67, 0x72, 0x75, 0x5f, 0x31, 0x2f, 0x67, 0x72, 0x75, 0x5f,
  0x63, 0x65, 0x6c, 0x6c, 0x5f, 0x37, 0x2f, 0x73, 0x70, 0x6c, 0x69, 0x74,
  0x5f, 0x31, 0x32, 0x32, 0x00, 0x00, 0x00, 0x00, 0x02, 0x00, 0x00, 0x00,
  0x01, 0x00, 0x00, 0x00, 0x10, 0x00, 0x00, 0x00, 0xee, 0x03, 0xff, 0xff,
  0x00, 0x00, 0x00, 0x01, 0x18, 0x00, 0x00, 0x00, 0x20, 0x00, 0x00, 0x00,
  0x40, 0x00, 0x00, 0x00, 0xca, 0x00, 0x00, 0x00, 0x00, 0x00, 0x00, 0x09,
  0xb0, 0x00, 0x00, 0x00, 0x02, 0x00, 0x00, 0x00, 0xff, 0xff, 0xff, 0xff,
  0x10, 0x00, 0x00, 0x00, 0xd4, 0x03, 0xff, 0xff, 0x08, 0x00, 0x00, 0x00,
  0x14, 0x00, 0x00, 0x00, 0x01, 0x00, 0x00, 0x00, 0xf8, 0xff, 0xff, 0xff,
  0xff, 0xff, 0xff, 0xff, 0x00, 0x00, 0x00, 0x00, 0x01, 0x00, 0x00, 0x00,
  0xb9, 0xf6, 0x4e, 0x3c, 0x74, 0x00, 0x00, 0x00, 0x73, 0x65, 0x71, 0x75,
  0x65, 0x6e, 0x74, 0x69, 0x61, 0x6c, 0x5f, 0x31, 0x2f, 0x67, 0x72, 0x75,
  0x5f, 0x31, 0x2f, 0x67, 0x72, 0x75, 0x5f, 0x63, 0x65, 0x6c, 0x6c, 0x5f,
  0x37, 0x2f, 0x73, 0x70, 0x6c, 0x69, 0x74, 0x5f, 0x31, 0x3b, 0x73, 0x65,
  0x71, 0x75, 0x65, 0x6e, 0x74, 0x69, 0x61, 0x6c, 0x5f, 0x31, 0x2f, 0x67,
  0x72, 0x75, 0x5f, 0x31, 0x2f, 0x67, 0x72, 0x75, 0x5f, 0x63, 0x65, 0x6c,
  0x6c, 0x5f, 0x37, 0x2f, 0x73, 0x70, 0x6c, 0x69, 0x74, 0x5f, 0x31, 0x31,
  0x3b, 0x73, 0x65, 0x71, 0x75, 0x65, 0x6e, 0x74, 0x69, 0x61, 0x6c, 0x5f,
  0x31, 0x2f, 0x67, 0x72, 0x75, 0x5f, 0x31, 0x2f, 0x67, 0x72, 0x75, 0x5f,
  0x63, 0x65, 0x6c, 0x6c, 0x5f, 0x37, 0x2f, 0x73, 0x70, 0x6c, 0x69, 0x74,
  0x5f, 0x31, 0x32, 0x31, 0x00, 0x00, 0x00, 0x00, 0x02, 0x00, 0x00, 0x00,
  0x01, 0x00, 0x00, 0x00, 0x10, 0x00, 0x00, 0x00, 0xc6, 0x04, 0xff, 0xff,
  0x00, 0x00, 0x00, 0x01, 0x18, 0x00, 0x00, 0x00, 0x20, 0x00, 0x00, 0x00,
  0x3c, 0x00, 0x00, 0x00, 0xc9, 0x00, 0x00, 0x00, 0x00, 0x00, 0x00, 0x09,
  0xa8, 0x00, 0x00, 0x00, 0x02, 0x00, 0x00, 0x00, 0xff, 0xff, 0xff, 0xff,
  0x10, 0x00, 0x00, 0x00, 0xac, 0x04, 0xff, 0xff, 0x08, 0x00, 0x00, 0x00,
  0x10, 0x00, 0x00, 0x00, 0x01, 0x00, 0x00, 0x00, 0xf8, 0xff, 0xff, 0xff,
  0xff, 0xff, 0xff, 0xff, 0x01, 0x00, 0x00, 0x00, 0xb9, 0xf6, 0x4e, 0x3c,
  0x73, 0x00, 0x00, 0x00, 0x73, 0x65, 0x71, 0x75, 0x65, 0x6e, 0x74, 0x69,
  0x61, 0x6c, 0x5f, 0x31, 0x2f, 0x67, 0x72, 0x75, 0x5f, 0x31, 0x2f, 0x67,
  0x72, 0x75, 0x5f, 0x63, 0x65, 0x6c, 0x6c, 0x5f, 0x37, 0x2f, 0x73, 0x70,
  0x6c, 0x69, 0x74, 0x5f, 0x31, 0x3b, 0x73, 0x65, 0x71, 0x75, 0x65, 0x6e,
  0x74, 0x69, 0x61, 0x6c, 0x5f, 0x31, 0x2f, 0x67, 0x72, 0x75, 0x5f, 0x31,
  0x2f, 0x67, 0x72, 0x75, 0x5f, 0x63, 0x65, 0x6c, 0x6c, 0x5f, 0x37, 0x2f,
  0x73, 0x70, 0x6c, 0x69, 0x74, 0x5f, 0x31, 0x31, 0x3b, 0x73, 0x65, 0x71,
  0x75, 0x65, 0x6e, 0x74, 0x69, 0x61, 0x6c, 0x5f, 0x31, 0x2f, 0x67, 0x72,
  0x75, 0x5f, 0x31, 0x2f, 0x67, 0x72, 0x75, 0x5f, 0x63, 0x65, 0x6c, 0x6c,
  0x5f, 0x37, 0x2f, 0x73, 0x70, 0x6c, 0x69, 0x74, 0x5f, 0x31, 0x32, 0x00,
  0x02, 0x00, 0x00, 0x00, 0x01, 0x00, 0x00, 0x00, 0x10, 0x00, 0x00, 0x00,
  0x96, 0x05, 0xff, 0xff, 0x00, 0x00, 0x00, 0x01, 0x18, 0x00, 0x00, 0x00,
  0x20, 0x00, 0x00, 0x00, 0x3c, 0x00, 0x00, 0x00, 0xc8, 0x00, 0x00, 0x00,
  0x00, 0x00, 0x00, 0x09, 0x80, 0x00, 0x00, 0x00, 0x02, 0x00, 0x00, 0x00,
  0xff, 0xff, 0xff, 0xff, 0x30, 0x00, 0x00, 0x00, 0x7c, 0x05, 0xff, 0xff,
  0x08, 0x00, 0x00, 0x00, 0x10, 0x00, 0x00, 0x00, 0x01, 0x00, 0x00, 0x00,
  0xf8, 0xff, 0xff, 0xff, 0xff, 0xff, 0xff, 0xff, 0x01, 0x00, 0x00, 0x00,
  0xb9, 0xf6, 0x4e, 0x3c, 0x4a, 0x00, 0x00, 0x00, 0x73, 0x65, 0x71, 0x75,
  0x65, 0x6e, 0x74, 0x69, 0x61, 0x6c, 0x5f, 0x31, 0x2f, 0x67, 0x72, 0x75,
  0x5f, 0x31, 0x2f, 0x67, 0x72, 0x75, 0x5f, 0x63, 0x65, 0x6c, 0x6c, 0x5f,
  0x37, 0x2f, 0x4d, 0x61, 0x74, 0x4d, 0x75, 0x6c, 0x3b, 0x73, 0x65, 0x71,
  0x75, 0x65, 0x6e, 0x74, 0x69, 0x61, 0x6c, 0x5f, 0x31, 0x2f, 0x67, 0x72,
  0x75, 0x5f, 0x31, 0x2f, 0x67, 0x72, 0x75, 0x5f, 0x63, 0x65, 0x6c, 0x6c,
  0x5f, 0x37, 0x2f, 0x42, 0x69, 0x61, 0x73, 0x41, 0x64, 0x64, 0x00, 0x00,
  0x02, 0x00, 0x00, 0x00, 0x01, 0x00, 0x00, 0x00, 0x30, 0x00, 0x00, 0x00,
  0x3e, 0x06, 0xff, 0xff, 0x00, 0x00, 0x00, 0x01, 0x18, 0x00, 0x00, 0x00,
  0x20, 0x00, 0x00, 0x00, 0x3c, 0x00, 0x00, 0x00, 0xc7, 0x00, 0x00, 0x00,
  0x00, 0x00, 0x00, 0x09, 0x58, 0x00, 0x00, 0x00, 0x02, 0x00, 0x00, 0x00,
  0xff, 0xff, 0xff, 0xff, 0x10, 0x00, 0x00, 0x00, 0x24, 0x06, 0xff, 0xff,
  0x08, 0x00, 0x00, 0x00, 0x10, 0x00, 0x00, 0x00, 0x01, 0x00, 0x00, 0x00,
  0x0e, 0x00, 0x00, 0x00, 0x00, 0x00, 0x00, 0x00, 0x01, 0x00, 0x00, 0x00,
  0xf2, 0x89, 0x93, 0x3b, 0x23, 0x00, 0x00, 0x00, 0x73, 0x65, 0x71, 0x75,
  0x65, 0x6e, 0x74, 0x69, 0x61, 0x6c, 0x5f, 0x31, 0x2f, 0x67, 0x72, 0x75,
  0x5f, 0x31, 0x2f, 0x67, 0x72, 0x75, 0x5f, 0x63, 0x65, 0x6c, 0x6c, 0x5f,
  0x35, 0x2f, 0x61, 0x64, 0x64, 0x5f, 0x34, 0x00, 0x02, 0x00, 0x00, 0x00,
  0x01, 0x00, 0x00, 0x00, 0x10, 0x00, 0x00, 0x00, 0xbe, 0x06, 0xff, 0xff,
  0x00, 0x00, 0x00, 0x01, 0x18, 0x00, 0x00, 0x00, 0x20, 0x00, 0x00, 0x00,
  0x3c, 0x00, 0x00, 0x00, 0xc6, 0x00, 0x00, 0x00, 0x00, 0x00, 0x00, 0x09,
  0x58, 0x00, 0x00, 0x00, 0x02, 0x00, 0x00, 0x00, 0xff, 0xff, 0xff, 0xff,
  0x10, 0x00, 0x00, 0x00, 0xa4, 0x06, 0xff, 0xff, 0x08, 0x00, 0x00, 0x00,
  0x10, 0x00, 0x00, 0x00, 0x01, 0x00, 0x00, 0x00, 0x06, 0x00, 0x00, 0x00,
  0x00, 0x00, 0x00, 0x00, 0x01, 0x00, 0x00, 0x00, 0xe8, 0x81, 0x56, 0x3b,
  0x23, 0x00, 0x00, 0x00, 0x73, 0x65, 0x71, 0x75, 0x65, 0x6e, 0x74, 0x69,
  0x61, 0x6c, 0x5f, 0x31, 0x2f, 0x67, 0x72, 0x75, 0x5f, 0x31, 0x2f, 0x67,
  0x72, 0x75, 0x5f, 0x63, 0x65, 0x6c, 0x6c, 0x5f, 0x35, 0x2f, 0x6d, 0x75,
  0x6c, 0x5f, 0x32, 0x00, 0x02, 0x00, 0x00, 0x00, 0x01, 0x00, 0x00, 0x00,
  0x10, 0x00, 0x00, 0x00, 0x3e, 0x07, 0xff, 0xff, 0x00, 0x00, 0x00, 0x01,
  0x18, 0x00, 0x00, 0x00, 0x20, 0x00, 0x00, 0x00, 0x3c, 0x00, 0x00, 0x00,
  0xc5, 0x00, 0x00, 0x00, 0x00, 0x00, 0x00, 0x09, 0x58, 0x00, 0x00, 0x00,
  0x02, 0x00, 0x00, 0x00, 0xff, 0xff, 0xff, 0xff, 0x10, 0x00, 0x00, 0x00,
  0x24, 0x07, 0xff, 0xff, 0x08, 0x00, 0x00, 0x00, 0x10, 0x00, 0x00, 0x00,
  0x01, 0x00, 0x00, 0x00, 0x00, 0x00, 0x00, 0x00, 0x00, 0x00, 0x00, 0x00,
  0x01, 0x00, 0x00, 0x00, 0x00, 0x00, 0x00, 0x3c, 0x22, 0x00, 0x00, 0x00,
  0x73, 0x65, 0x71, 0x75, 0x65, 0x6e, 0x74, 0x69, 0x61, 0x6c, 0x5f, 0x31,
  0x2f, 0x67, 0x72, 0x75, 0x5f, 0x31, 0x2f, 0x67, 0x72, 0x75, 0x5f, 0x63,
  0x65, 0x6c, 0x6c, 0x5f, 0x35, 0x2f, 0x54, 0x61, 0x6e, 0x68, 0x00, 0x00,
  0x02, 0x00, 0x00, 0x00, 0x01, 0x00, 0x00, 0x00, 0x10, 0x00, 0x00, 0x00,
  0xbe, 0x07, 0xff, 0xff, 0x00, 0x00, 0x00, 0x01, 0x18, 0x00, 0x00, 0x00,
  0x20, 0x00, 0x00, 0x00, 0x3c, 0x00, 0x00, 0x00, 0xc4, 0x00, 0x00, 0x00,
  0x00, 0x00, 0x00, 0x09, 0x58, 0x00, 0x00, 0x00, 0x02, 0x00, 0x00, 0x00,
  0xff, 0xff, 0xff, 0xff, 0x10, 0x00, 0x00, 0x00, 0xa4, 0x07, 0xff, 0xff,
  0x08, 0x00, 0x00, 0x00, 0x10, 0x00, 0x00, 0x00, 0x01, 0x00, 0x00, 0x00,
  0x0a, 0x00, 0x00, 0x00, 0x00, 0x00, 0x00, 0x00, 0x01, 0x00, 0x00, 0x00,
  0xde, 0x9f, 0xfb, 0x3b, 0x23, 0x00, 0x00, 0x00, 0x73, 0x65, 0x71, 0x75,
  0x65, 0x6e, 0x74, 0x69, 0x61, 0x6c, 0x5f, 0x31, 0x2f, 0x67, 0x72, 0x75,
  0x5f, 0x31, 0x2f, 0x67, 0x72, 0x75, 0x5f, 0x63, 0x65, 0x6c, 0x6c, 0x5f,
  0x35, 0x2f, 0x61, 0x64, 0x64, 0x5f, 0x33, 0x00, 0x02, 0x00, 0x00, 0x00,
  0x01, 0x00, 0x00, 0x00, 0x10, 0x00, 0x00, 0x00, 0x3e, 0x08, 0xff, 0xff,
  0x00, 0x00, 0x00, 0x01, 0x18, 0x00, 0x00, 0x00, 0x20, 0x00, 0x00, 0x00,
  0x3c, 0x00, 0x00, 0x00, 0xc3, 0x00, 0x00, 0x00, 0x00, 0x00, 0x00, 0x09,
  0x58, 0x00, 0x00, 0x00, 0x02, 0x00, 0x00, 0x00, 0xff, 0xff, 0xff, 0xff,
  0x10, 0x00, 0x00, 0x00, 0x24, 0x08, 0xff, 0xff, 0x08, 0x00, 0x00, 0x00,
  0x10, 0x00, 0x00, 0x00, 0x01, 0x00, 0x00, 0x00, 0x05, 0x00, 0x00, 0x00,
  0x00, 0x00, 0x00, 0x00, 0x01, 0x00, 0x00, 0x00, 0x10, 0x54, 0x20, 0x3b,
  0x21, 0x00, 0x00, 0x00, 0x73, 0x65, 0x71, 0x75, 0x65, 0x6e, 0x74, 0x69,
  0x61, 0x6c, 0x5f, 0x31, 0x2f, 0x67, 0x72, 0x75, 0x5f, 0x31, 0x2f, 0x67,
  0x72, 0x75, 0x5f, 0x63, 0x65, 0x6c, 0x6c, 0x5f, 0x35, 0x2f, 0x6d, 0x75,
  0x6c, 0x00, 0x00, 0x00, 0x02, 0x00, 0x00, 0x00, 0x01, 0x00, 0x00, 0x00,
  0x10, 0x00, 0x00, 0x00, 0xbe, 0x08, 0xff, 0xff, 0x00, 0x00, 0x00, 0x01,
  0x18, 0x00, 0x00, 0x00, 0x20, 0x00, 0x00, 0x00, 0x40, 0x00, 0x00, 0x00,
  0xc2, 0x00, 0x00, 0x00, 0x00, 0x00, 0x00, 0x09, 0x68, 0x00, 0x00, 0x00,
  0x02, 0x00, 0x00, 0x00, 0xff, 0xff, 0xff, 0xff, 0x10, 0x00, 0x00, 0x00,
  0xa4, 0x08, 0xff, 0xff, 0x08, 0x00, 0x00, 0x00, 0x14, 0x00, 0x00, 0x00,
  0x01, 0x00, 0x00, 0x00, 0xfe, 0xff, 0xff, 0xff, 0xff, 0xff, 0xff, 0xff,
  0x00, 0x00, 0x00, 0x00, 0x01, 0x00, 0x00, 0x00, 0x0d, 0x69, 0xa9, 0x3b,
  0x2d, 0x00, 0x00, 0x00, 0x73, 0x65, 0x71, 0x75, 0x65, 0x6e, 0x74, 0x69,
  0x61, 0x6c, 0x5f, 0x31, 0x2f, 0x67, 0x72, 0x75, 0x5f, 0x31, 0x2f, 0x67,
  0x72, 0x75, 0x5f, 0x63, 0x65, 0x6c, 0x6c, 0x5f, 0x35, 0x2f, 0x73, 0x74,
  0x72, 0x69, 0x64, 0x65, 0x64, 0x5f, 0x73, 0x6c, 0x69, 0x63, 0x65, 0x5f,
  0x32, 0x00, 0x00, 0x00, 0x02, 0x00, 0x00, 0x00, 0x01, 0x00, 0x00, 0x00,
  0x10, 0x00, 0x00, 0x00, 0x4e, 0x09, 0xff, 0xff, 0x00, 0x00, 0x00, 0x01,
  0x18, 0x00, 0x00, 0x00, 0x20, 0x00, 0x00, 0x00, 0x40, 0x00, 0x00, 0x00,
  0xc1, 0x00, 0x00, 0x00, 0x00, 0x00, 0x00, 0x09, 0x60, 0x00, 0x00, 0x00,
  0x02, 0x00, 0x00, 0x00, 0xff, 0xff, 0xff, 0xff, 0x10, 0x00, 0x00, 0x00,
  0x34, 0x09, 0xff, 0xff, 0x08, 0x00, 0x00, 0x00, 0x14, 0x00, 0x00, 0x00,
  0x01, 0x00, 0x00, 0x00, 0x80, 0xff, 0xff, 0xff, 0xff, 0xff, 0xff, 0xff,
  0x00, 0x00, 0x00, 0x00, 0x01, 0x00, 0x00, 0x00, 0x00, 0x00, 0x80, 0x3b,
  0x27, 0x00, 0x00, 0x00, 0x73, 0x65, 0x71, 0x75, 0x65, 0x6e, 0x74, 0x69,
  0x61, 0x6c, 0x5f, 0x31, 0x2f, 0x67, 0x72, 0x75, 0x5f, 0x31, 0x2f, 0x67,
  0x72, 0x75, 0x5f, 0x63, 0x65, 0x6c, 0x6c, 0x5f, 0x35, 0x2f, 0x53, 0x69,
  0x67, 0x6d, 0x6f, 0x69, 0x64, 0x5f, 0x31, 0x00, 0x02, 0x00, 0x00, 0x00,
  0x01, 0x00, 0x00, 0x00, 0x10, 0x00, 0x00, 0x00, 0xd6, 0x09, 0xff, 0xff,
  0x00, 0x00, 0x00, 0x01, 0x18, 0x00, 0x00, 0x00, 0x20, 0x00, 0x00, 0x00,
  0x3c, 0x00, 0x00, 0x00, 0xc0, 0x00, 0x00, 0x00, 0x00, 0x00, 0x00, 0x09,
  0x58, 0x00, 0x00, 0x00, 0x02, 0x00, 0x00, 0x00, 0xff, 0xff, 0xff, 0xff,
  0x10, 0x00, 0x00, 0x00, 0xbc, 0x09, 0xff, 0xff, 0x08, 0x00, 0x00, 0x00,
  0x10, 0x00, 0x00, 0x00, 0x01, 0x00, 0x00, 0x00, 0x01, 0x00, 0x00, 0x00,
  0x00, 0x00, 0x00, 0x00, 0x01, 0x00, 0x00, 0x00, 0x8c, 0x2d, 0x6d, 0x3c,
  0x23, 0x00, 0x00, 0x00, 0x73, 0x65, 0x71, 0x75, 0x65, 0x6e, 0x74, 0x69,
  0x61, 0x6c, 0x5f, 0x31, 0x2f, 0x67, 0x72, 0x75, 0x5f, 0x31, 0x2f, 0x67,
  0x72, 0x75, 0x5f, 0x63, 0x65, 0x6c, 0x6c, 0x5f, 0x35, 0x2f, 0x61, 0x64,
  0x64, 0x5f, 0x32, 0x00, 0x02, 0x00, 0x00, 0x00, 0x01, 0x00, 0x00, 0x00,
  0x10, 0x00, 0x00, 0x00, 0x56, 0x0a, 0xff, 0xff, 0x00, 0x00, 0x00, 0x01,
  0x18, 0x00, 0x00, 0x00, 0x20, 0x00, 0x00, 0x00, 0x40, 0x00, 0x00, 0x00,
  0xbf, 0x00, 0x00, 0x00, 0x00, 0x00, 0x00, 0x09, 0x68, 0x00, 0x00, 0x00,
  0x02, 0x00, 0x00, 0x00, 0xff, 0xff, 0xff, 0xff, 0x10, 0x00, 0x00, 0x00,
  0x3c, 0x0a, 0xff, 0xff, 0x08, 0x00, 0x00, 0x00, 0x14, 0x00, 0x00, 0x00,
  0x01, 0x00, 0x00, 0x00, 0xfe, 0xff, 0xff, 0xff, 0xff, 0xff, 0xff, 0xff,
  0x00, 0x00, 0x00, 0x00, 0x01, 0x00, 0x00, 0x00, 0x0d, 0x69, 0xa9, 0x3b,
  0x2d, 0x00, 0x00, 0x00, 0x73, 0x65, 0x71, 0x75, 0x65, 0x6e, 0x74, 0x69,
  0x61, 0x6c, 0x5f, 0x31, 0x2f, 0x67, 0x72, 0x75, 0x5f, 0x31, 0x2f, 0x67,
  0x72, 0x75, 0x5f, 0x63, 0x65, 0x6c, 0x6c, 0x5f, 0x35, 0x2f, 0x73, 0x74,
  0x72, 0x69, 0x64, 0x65, 0x64, 0x5f, 0x73, 0x6c, 0x69, 0x63, 0x65, 0x5f,
  0x31, 0x00, 0x00, 0x00, 0x02, 0x00, 0x00, 0x00, 0x01, 0x00, 0x00, 0x00,
  0x10, 0x00, 0x00, 0x00, 0xe6, 0x0a, 0xff, 0xff, 0x00, 0x00, 0x00, 0x01,
  0x18, 0x00, 0x00, 0x00, 0x20, 0x00, 0x00, 0x00, 0x3c, 0x00, 0x00, 0x00,
  0xbe, 0x00, 0x00, 0x00, 0x00, 0x00, 0x00, 0x09, 0x58, 0x00, 0x00, 0x00,
  0x02, 0x00, 0x00, 0x00, 0xff, 0xff, 0xff, 0xff, 0x10, 0x00, 0x00, 0x00,
  0xcc, 0x0a, 0xff, 0xff, 0x08, 0x00, 0x00, 0x00, 0x10, 0x00, 0x00, 0x00,
  0x01, 0x00, 0x00, 0x00, 0xe5, 0xff, 0xff, 0xff, 0xff, 0xff, 0xff, 0xff,
  0x01, 0x00, 0x00, 0x00, 0x0b, 0x02, 0x8f, 0x3b, 0x21, 0x00, 0x00, 0x00,
  0x73, 0x65, 0x71, 0x75, 0x65, 0x6e, 0x74, 0x69, 0x61, 0x6c, 0x5f, 0x31,
  0x2f, 0x67, 0x72, 0x75, 0x5f, 0x31, 0x2f, 0x67, 0x72, 0x75, 0x5f, 0x63,
  0x65, 0x6c, 0x6c, 0x5f, 0x35, 0x2f, 0x73, 0x75, 0x62, 0x00, 0x00, 0x00,
  0x02, 0x00, 0x00, 0x00, 0x01, 0x00, 0x00, 0x00, 0x10, 0x00, 0x00, 0x00,
  0x66, 0x0b, 0xff, 0xff, 0x00, 0x00, 0x00, 0x01, 0x18, 0x00, 0x00, 0x00,
  0x20, 0x00, 0x00, 0x00, 0x3c, 0x00, 0x00, 0x00, 0xbd, 0x00, 0x00, 0x00,
  0x00, 0x00, 0x00, 0x09, 0x58, 0x00, 0x00, 0x00, 0x02, 0x00, 0x00, 0x00,
  0xff, 0xff, 0xff, 0xff, 0x10, 0x00, 0x00, 0x00, 0x4c, 0x0b, 0xff, 0xff,
  0x08, 0x00, 0x00, 0x00, 0x10, 0x00, 0x00, 0x00, 0x01, 0x00, 0x00, 0x00,
  0x0e, 0x00, 0x00, 0x00, 0x00, 0x00, 0x00, 0x00, 0x01, 0x00, 0x00, 0x00,
  0xf2, 0x89, 0x93, 0x3b, 0x23, 0x00, 0x00, 0x00, 0x73, 0x65, 0x71, 0x75,
  0x65, 0x6e, 0x74, 0x69, 0x61, 0x6c, 0x5f, 0x31, 0x2f, 0x67, 0x72, 0x75,
  0x5f, 0x31, 0x2f, 0x67, 0x72, 0x75, 0x5f, 0x63, 0x65, 0x6c, 0x6c, 0x5f,
  0x35, 0x2f, 0x6d, 0x75, 0x6c, 0x5f, 0x31, 0x00, 0x02, 0x00, 0x00, 0x00,
  0x01, 0x00, 0x00, 0x00, 0x10, 0x00, 0x00, 0x00, 0xe6, 0x0b, 0xff, 0xff,
  0x00, 0x00, 0x00, 0x01, 0x18, 0x00, 0x00, 0x00, 0x20, 0x00, 0x00, 0x00,
  0x40, 0x00, 0x00, 0x00, 0xbc, 0x00, 0x00, 0x00, 0x00, 0x00, 0x00, 0x09,
  0x60, 0x00, 0x00, 0x00, 0x02, 0x00, 0x00, 0x00, 0xff, 0xff, 0xff, 0xff,
  0x10, 0x00, 0x00, 0x00, 0xcc, 0x0b, 0xff, 0xff, 0x08, 0x00, 0x00, 0x00,
  0x14, 0x00, 0x00, 0x00, 0x01, 0x00, 0x00, 0x00, 0x80, 0xff, 0xff, 0xff,
  0xff, 0xff, 0xff, 0xff, 0x00, 0x00, 0x00, 0x00, 0x01, 0x00, 0x00, 0x00,
  0x00, 0x00, 0x80, 0x3b, 0x25, 0x00, 0x00, 0x00, 0x73, 0x65, 0x71, 0x75,
  0x65, 0x6e, 0x74, 0x69, 0x61, 0x6c, 0x5f, 0x31, 0x2f, 0x67, 0x72, 0x75,
  0x5f, 0x31, 0x2f, 0x67, 0x72, 0x75, 0x5f, 0x63, 0x65, 0x6c, 0x6c, 0x5f,
  0x35, 0x2f, 0x53, 0x69, 0x67, 0x6d, 0x6f, 0x69, 0x64, 0x00, 0x00, 0x00,
  0x02, 0x00, 0x00, 0x00, 0x01, 0x00, 0x00, 0x00, 0x10, 0x00, 0x00, 0x00,
  0x6e, 0x0c, 0xff, 0xff, 0x00, 0x00, 0x00, 0x01, 0x18, 0x00, 0x00, 0x00,
  0x20, 0x00, 0x00, 0x00, 0x3c, 0x00, 0x00, 0x00, 0xbb, 0x00, 0x00, 0x00,
  0x00, 0x00, 0x00, 0x09, 0x58, 0x00, 0x00, 0x00, 0x02, 0x00, 0x00, 0x00,
  0xff, 0xff, 0xff, 0xff, 0x10, 0x00, 0x00, 0x00, 0x54, 0x0c, 0xff, 0xff,
  0x08, 0x00, 0x00, 0x00, 0x10, 0x00, 0x00, 0x00, 0x01, 0x00, 0x00, 0x00,
  0xc1, 0xff, 0xff, 0xff, 0xff, 0xff, 0xff, 0xff, 0x01, 0x00, 0x00, 0x00,
  0xc8, 0xb3, 0x37, 0x3c, 0x23, 0x00, 0x00, 0x00, 0x73, 0x65, 0x71, 0x75,
  0x65, 0x6e, 0x74, 0x69, 0x61, 0x6c, 0x5f, 0x31, 0x2f, 0x67, 0x72, 0x75,
  0x5f, 0x31, 0x2f, 0x67, 0x72, 0x75, 0x5f, 0x63, 0x65, 0x6c, 0x6c, 0x5f,
  0x35, 0x2f, 0x61, 0x64, 0x64, 0x5f, 0x31, 0x00, 0x02, 0x00, 0x00, 0x00,
  0x01, 0x00, 0x00, 0x00, 0x10, 0x00, 0x00, 0x00, 0xee, 0x0c, 0xff, 0xff,
  0x00, 0x00, 0x00, 0x01, 0x18, 0x00, 0x00, 0x00, 0x20, 0x00, 0x00, 0x00,
  0x3c, 0x00, 0x00, 0x00, 0xba, 0x00, 0x00, 0x00, 0x00, 0x00, 0x00, 0x09,
  0x60, 0x00, 0x00, 0x00, 0x02, 0x00, 0x00, 0x00, 0xff, 0xff, 0xff, 0xff,
  0x10, 0x00, 0x00, 0x00, 0xd4, 0x0c, 0xff, 0xff, 0x08, 0x00, 0x00, 0x00,
  0x10, 0x00, 0x00, 0x00, 0x01, 0x00, 0x00, 0x00, 0xfe, 0xff, 0xff, 0xff,
  0xff, 0xff, 0xff, 0xff, 0x01, 0x00, 0x00, 0x00, 0x0d, 0x69, 0xa9, 0x3b,
  0x2b, 0x00, 0x00, 0x00, 0x73, 0x65, 0x71, 0x75, 0x65, 0x6e, 0x74, 0x69,
  0x61, 0x6c, 0x5f, 0x31, 0x2f, 0x67, 0x72, 0x75, 0x5f, 0x31, 0x2f, 0x67,
  0x72, 0x75, 0x5f, 0x63, 0x65, 0x6c, 0x6c, 0x5f, 0x35, 0x2f, 0x73, 0x74,
  0x72, 0x69, 0x64, 0x65, 0x64, 0x5f, 0x73, 0x6c, 0x69, 0x63, 0x65, 0x00,
  0x02, 0x00, 0x00, 0x00, 0x01, 0x00, 0x00, 0x00, 0x10, 0x00, 0x00, 0x00,
  0x76, 0x0d, 0xff, 0xff, 0x00, 0x00, 0x00, 0x01, 0x18, 0x00, 0x00, 0x00,
  0x20, 0x00, 0x00, 0x00, 0x3c, 0x00, 0x00, 0x00, 0xb9, 0x00, 0x00, 0x00,
  0x00, 0x00, 0x00, 0x09, 0x80, 0x00, 0x00, 0x00, 0x02, 0x00, 0x00, 0x00,
  0xff, 0xff, 0xff, 0xff, 0x30, 0x00, 0x00, 0x00, 0x5c, 0x0d, 0xff, 0xff,
  0x08, 0x00, 0x00, 0x00, 0x10, 0x00, 0x00, 0x00, 0x01, 0x00, 0x00, 0x00,
  0xfe, 0xff, 0xff, 0xff, 0xff, 0xff, 0xff, 0xff, 0x01, 0x00, 0x00, 0x00,
  0x0d, 0x69, 0xa9, 0x3b, 0x48, 0x00, 0x00, 0x00, 0x73, 0x65, 0x71, 0x75,
  0x65, 0x6e, 0x74, 0x69, 0x61, 0x6c, 0x5f, 0x31, 0x2f, 0x67, 0x72, 0x75,
  0x5f, 0x31, 0x2f, 0x67, 0x72, 0x75, 0x5f, 0x63, 0x65, 0x6c, 0x6c, 0x5f,
  0x35, 0x2f, 0x4d, 0x61, 0x74, 0x4d, 0x75, 0x6c, 0x5f, 0x31, 0x3b, 0x73,
  0x65, 0x71, 0x75, 0x65, 0x6e, 0x74, 0x69, 0x61, 0x6c, 0x5f, 0x31, 0x2f,
  0x67, 0x72, 0x75, 0x5f, 0x31, 0x2f, 0x67, 0x72, 0x75, 0x5f, 0x63, 0x65,
  0x6c, 0x6c, 0x5f, 0x35, 0x2f, 0x61, 0x64, 0x64, 0x00, 0x00, 0x00, 0x00,
  0x02, 0x00, 0x00, 0x00, 0x01, 0x00, 0x00, 0x00, 0x30, 0x00, 0x00, 0x00,
  0x1e, 0x0e, 0xff, 0xff, 0x00, 0x00, 0x00, 0x01, 0x18, 0x00, 0x00, 0x00,
  0x20, 0x00, 0x00, 0x00, 0x40, 0x00, 0x00, 0x00, 0xb8, 0x00, 0x00, 0x00,
  0x00, 0x00, 0x00, 0x09, 0xb0, 0x00, 0x00, 0x00, 0x02, 0x00, 0x00, 0x00,
  0xff, 0xff, 0xff, 0xff, 0x10, 0x00, 0x00, 0x00, 0x04, 0x0e, 0xff, 0xff,
  0x08, 0x00, 0x00, 0x00, 0x14, 0x00, 0x00, 0x00, 0x01, 0x00, 0x00, 0x00,
  0xf7, 0xff, 0xff, 0xff, 0xff, 0xff, 0xff, 0xff, 0x00, 0x00, 0x00, 0x00,
  0x01, 0x00, 0x00, 0x00, 0xf8, 0x89, 0x56, 0x3c, 0x74, 0x00, 0x00, 0x00,
  0x73, 0x65, 0x71, 0x75, 0x65, 0x6e, 0x74, 0x69, 0x61, 0x6c, 0x5f, 0x31,
  0x2f, 0x67, 0x72, 0x75, 0x5f, 0x31, 0x2f, 0x67, 0x72, 0x75, 0x5f, 0x63,
  0x65, 0x6c, 0x6c, 0x5f, 0x35, 0x2f, 0x73, 0x70, 0x6c, 0x69, 0x74, 0x5f,
  0x31, 0x3b, 0x73, 0x65, 0x71, 0x75, 0x65, 0x6e, 0x74, 0x69, 0x61, 0x6c,
  0x5f, 0x31, 0x2f, 0x67, 0x72, 0x75, 0x5f, 0x31, 0x2f, 0x67, 0x72, 0x75,
  0x5f, 0x63, 0x65, 0x6c, 0x6c, 0x5f, 0x35, 0x2f, 0x73, 0x70, 0x6c, 0x69,
  0x74, 0x5f, 0x31, 0x31, 0x3b, 0x73, 0x65, 0x71, 0x75, 0x65, 0x6e, 0x74,
  0x69, 0x61, 0x6c, 0x5f, 0x31, 0x2f, 0x67, 0x72, 0x75, 0x5f, 0x31, 0x2f,
  0x67, 0x72, 0x75, 0x5f, 0x63, 0x65, 0x6c, 0x6c, 0x5f, 0x35, 0x2f, 0x73,
  0x70, 0x6c, 0x69, 0x74, 0x5f, 0x31, 0x32, 0x32, 0x00, 0x00, 0x00, 0x00,
  0x02, 0x00, 0x00, 0x00, 0x01, 0x00, 0x00, 0x00, 0x10, 0x00, 0x00, 0x00,
  0xf6, 0x0e, 0xff, 0xff, 0x00, 0x00, 0x00, 0x01, 0x18, 0x00, 0x00, 0x00,
  0x20, 0x00, 0x00, 0x00, 0x40, 0x00, 0x00, 0x00, 0xb7, 0x00, 0x00, 0x00,
  0x00, 0x00, 0x00, 0x09, 0xb0, 0x00, 0x00, 0x00, 0x02, 0x00, 0x00, 0x00,
  0xff, 0xff, 0xff, 0xff, 0x10, 0x00, 0x00, 0x00, 0xdc, 0x0e, 0xff, 0xff,
  0x08, 0x00, 0x00, 0x00, 0x14, 0x00, 0x00, 0x00, 0x01, 0x00, 0x00, 0x00,
  0xf7, 0xff, 0xff, 0xff, 0xff, 0xff, 0xff, 0xff, 0x00, 0x00, 0x00, 0x00,
  0x01, 0x00, 0x00, 0x00, 0xf8, 0x89, 0x56, 0x3c, 0x74, 0x00, 0x00, 0x00,
  0x73, 0x65, 0x71, 0x75, 0x65, 0x6e, 0x74, 0x69, 0x61, 0x6c, 0x5f, 0x31,
  0x2f, 0x67, 0x72, 0x75, 0x5f, 0x31, 0x2f, 0x67, 0x72, 0x75, 0x5f, 0x63,
  0x65, 0x6c, 0x6c, 0x5f, 0x35, 0x2f, 0x73, 0x70, 0x6c, 0x69, 0x74, 0x5f,
  0x31, 0x3b, 0x73, 0x65, 0x71, 0x75, 0x65, 0x6e, 0x74, 0x69, 0x61, 0x6c,
  0x5f, 0x31, 0x2f, 0x67, 0x72, 0x75, 0x5f, 0x31, 0x2f, 0x67, 0x72, 0x75,
  0x5f, 0x63, 0x65, 0x6c, 0x6c, 0x5f, 0x35, 0x2f, 0x73, 0x70, 0x6c, 0x69,
  0x74, 0x5f, 0x31, 0x31, 0x3b, 0x73, 0x65, 0x71, 0x75, 0x65, 0x6e, 0x74,
  0x69, 0x61, 0x6c, 0x5f, 0x31, 0x2f, 0x67, 0x72, 0x75, 0x5f, 0x31, 0x2f,
  0x67, 0x72, 0x75, 0x5f, 0x63, 0x65, 0x6c, 0x6c, 0x5f, 0x35, 0x2f, 0x73,
  0x70, 0x6c, 0x69, 0x74, 0x5f, 0x31, 0x32, 0x31, 0x00, 0x00, 0x00, 0x00,
  0x02, 0x00, 0x00, 0x00, 0x01, 0x00, 0x00, 0x00, 0x10, 0x00, 0x00, 0x00,
  0xce, 0x0f, 0xff, 0xff, 0x00, 0x00, 0x00, 0x01, 0x18, 0x00, 0x00, 0x00,
  0x20, 0x00, 0x00, 0x00, 0x3c, 0x00, 0x00, 0x00, 0xb6, 0x00, 0x00, 0x00,
  0x00, 0x00, 0x00, 0x09, 0xa8, 0x00, 0x00, 0x00, 0x02, 0x00, 0x00, 0x00,
  0xff, 0xff, 0xff, 0xff, 0x10, 0x00, 0x00, 0x00, 0xb4, 0x0f, 0xff, 0xff,
  0x08, 0x00, 0x00, 0x00, 0x10, 0x00, 0x00, 0x00, 0x01, 0x00, 0x00, 0x00,
  0xf7, 0xff, 0xff, 0xff, 0xff, 0xff, 0xff, 0xff, 0x01, 0x00, 0x00, 0x00,
  0xf8, 0x89, 0x56, 0x3c, 0x73, 0x00, 0x00, 0x00, 0x73, 0x65, 0x71, 0x75,
  0x65, 0x6e, 0x74, 0x69, 0x61, 0x6c, 0x5f, 0x31, 0x2f, 0x67, 0x72, 0x75,
  0x5f, 0x31, 0x2f, 0x67, 0x72, 0x75, 0x5f, 0x63, 0x65, 0x6c, 0x6c, 0x5f,
  0x35, 0x2f, 0x73, 0x70, 0x6c, 0x69, 0x74, 0x5f, 0x31, 0x3b, 0x73, 0x65,
  0x71, 0x75, 0x65, 0x6e, 0x74, 0x69, 0x61, 0x6c, 0x5f, 0x31, 0x2f, 0x67,
  0x72, 0x75, 0x5f, 0x31, 0x2f, 0x67, 0x72, 0x75, 0x5f, 0x63, 0x65, 0x6c,
  0x6c, 0x5f, 0x35, 0x2f, 0x73, 0x70, 0x6c, 0x69, 0x74, 0x5f, 0x31, 0x31,
  0x3b, 0x73, 0x65, 0x71, 0x75, 0x65, 0x6e, 0x74, 0x69, 0x61, 0x6c, 0x5f,
  0x31, 0x2f, 0x67, 0x72, 0x75, 0x5f, 0x31, 0x2f, 0x67, 0x72, 0x75, 0x5f,
  0x63, 0x65, 0x6c, 0x6c, 0x5f, 0x35, 0x2f, 0x73, 0x70, 0x6c, 0x69, 0x74,
  0x5f, 0x31, 0x32, 0x00, 0x02, 0x00, 0x00, 0x00, 0x01, 0x00, 0x00, 0x00,
  0x10, 0x00, 0x00, 0x00, 0x9e, 0x10, 0xff, 0xff, 0x00, 0x00, 0x00, 0x01,
  0x18, 0x00, 0x00, 0x00, 0x20, 0x00, 0x00, 0x00, 0x3c, 0x00, 0x00, 0x00,
  0xb5, 0x00, 0x00, 0x00, 0x00, 0x00, 0x00, 0x09, 0x80, 0x00, 0x00, 0x00,
  0x02, 0x00, 0x00, 0x00, 0xff, 0xff, 0xff, 0xff, 0x30, 0x00, 0x00, 0x00,
  0x84, 0x10, 0xff, 0xff, 0x08, 0x00, 0x00, 0x00, 0x10, 0x00, 0x00, 0x00,
  0x01, 0x00, 0x00, 0x00, 0xf7, 0xff, 0xff, 0xff, 0xff, 0xff, 0xff, 0xff,
  0x01, 0x00, 0x00, 0x00, 0xf8, 0x89, 0x56, 0x3c, 0x4a, 0x00, 0x00, 0x00,
  0x73, 0x65, 0x71, 0x75, 0x65, 0x6e, 0x74, 0x69, 0x61, 0x6c, 0x5f, 0x31,
  0x2f, 0x67, 0x72, 0x75, 0x5f, 0x31, 0x2f, 0x67, 0x72, 0x75, 0x5f, 0x63,
  0x65, 0x6c, 0x6c, 0x5f, 0x35, 0x2f, 0x4d, 0x61, 0x74, 0x4d, 0x75, 0x6c,
  0x3b, 0x73, 0x65, 0x71, 0x75, 0x65, 0x6e, 0x74, 0x69, 0x61, 0x6c, 0x5f,
  0x31, 0x2f, 0x67, 0x72, 0x75, 0x5f, 0x31, 0x2f, 0x67, 0x72, 0x75, 0x5f,
  0x63, 0x65, 0x6c, 0x6c, 0x5f, 0x35, 0x2f, 0x42, 0x69, 0x61, 0x73, 0x41,
  0x64, 0x64, 0x00, 0x00, 0x02, 0x00, 0x00, 0x00, 0x01, 0x00, 0x00, 0x00,
  0x30, 0x00, 0x00, 0x00, 0x46, 0x11, 0xff, 0xff, 0x00, 0x00, 0x00, 0x01,
  0x18, 0x00, 0x00, 0x00, 0x20, 0x00, 0x00, 0x00, 0x40, 0x00, 0x00, 0x00,
  0xb4, 0x00, 0x00, 0x00, 0x00, 0x00, 0x00, 0x09, 0xb0, 0x00, 0x00, 0x00,
  0x02, 0x00, 0x00, 0x00, 0xff, 0xff, 0xff, 0xff, 0x10, 0x00, 0x00, 0x00,
  0x2c, 0x11, 0xff, 0xff, 0x08, 0x00, 0x00, 0x00, 0x14, 0x00, 0x00, 0x00,
  0x01, 0x00, 0x00, 0x00, 0xf3, 0xff, 0xff, 0xff, 0xff, 0xff, 0xff, 0xff,
  0x00, 0x00, 0x00, 0x00, 0x01, 0x00, 0x00, 0x00, 0x88, 0x13, 0x5b, 0x3c,
  0x77, 0x00, 0x00, 0x00, 0x73, 0x65, 0x71, 0x75, 0x65, 0x6e, 0x74, 0x69,
  0x61, 0x6c, 0x5f, 0x31, 0x2f, 0x67, 0x72, 0x75, 0x5f, 0x31, 0x2f, 0x67,
  0x72, 0x75, 0x5f, 0x63, 0x65, 0x6c, 0x6c, 0x5f, 0x33, 0x39, 0x2f, 0x73,
  0x70, 0x6c, 0x69, 0x74, 0x5f, 0x31, 0x3b, 0x73, 0x65, 0x71, 0x75, 0x65,
  0x6e, 0x74, 0x69, 0x61, 0x6c, 0x5f, 0x31, 0x2f, 0x67, 0x72, 0x75, 0x5f,
  0x31, 0x2f, 0x67, 0x72, 0x75, 0x5f, 0x63, 0x65, 0x6c, 0x6c, 0x5f, 0x33,
  0x39, 0x2f, 0x73, 0x70, 0x6c, 0x69, 0x74, 0x5f, 0x31, 0x31, 0x3b, 0x73,
  0x65, 0x71, 0x75, 0x65, 0x6e, 0x74, 0x69, 0x61, 0x6c, 0x5f, 0x31, 0x2f,
  0x67, 0x72, 0x75, 0x5f, 0x31, 0x2f, 0x67, 0x72, 0x75, 0x5f, 0x63, 0x65,
  0x6c, 0x6c, 0x5f, 0x33, 0x39, 0x2f, 0x73, 0x70, 0x6c, 0x69, 0x74, 0x5f,
  0x31, 0x32, 0x32, 0x00, 0x02, 0x00, 0x00, 0x00, 0x01, 0x00, 0x00, 0x00,
  0x10, 0x00, 0x00, 0x00, 0x1e, 0x12, 0xff, 0xff, 0x00, 0x00, 0x00, 0x01,
  0x18, 0x00, 0x00, 0x00, 0x20, 0x00, 0x00, 0x00, 0x40, 0x00, 0x00, 0x00,
  0xb3, 0x00, 0x00, 0x00, 0x00, 0x00, 0x00, 0x09, 0xb0, 0x00, 0x00, 0x00,
  0x02, 0x00, 0x00, 0x00, 0xff, 0xff, 0xff, 0xff, 0x10, 0x00, 0x00, 0x00,
  0x04, 0x12, 0xff, 0xff, 0x08, 0x00, 0x00, 0x00, 0x14, 0x00, 0x00, 0x00,
  0x01, 0x00, 0x00, 0x00, 0xf3, 0xff, 0xff, 0xff, 0xff, 0xff, 0xff, 0xff,
  0x00, 0x00, 0x00, 0x00, 0x01, 0x00, 0x00, 0x00, 0x88, 0x13, 0x5b, 0x3c,
  0x77, 0x00, 0x00, 0x00, 0x73, 0x65, 0x71, 0x75, 0x65, 0x6e, 0x74, 0x69,
  0x61, 0x6c, 0x5f, 0x31, 0x2f, 0x67, 0x72, 0x75, 0x5f, 0x31, 0x2f, 0x67,
  0x72, 0x75, 0x5f, 0x63, 0x65, 0x6c, 0x6c, 0x5f, 0x33, 0x39, 0x2f, 0x73,
  0x70, 0x6c, 0x69, 0x74, 0x5f, 0x31, 0x3b, 0x73, 0x65, 0x71, 0x75, 0x65,
  0x6e, 0x74, 0x69, 0x61, 0x6c, 0x5f, 0x31, 0x2f, 0x67, 0x72, 0x75, 0x5f,
  0x31, 0x2f, 0x67, 0x72, 0x75, 0x5f, 0x63, 0x65, 0x6c, 0x6c, 0x5f, 0x33,
  0x39, 0x2f, 0x73, 0x70, 0x6c, 0x69, 0x74, 0x5f, 0x31, 0x31, 0x3b, 0x73,
  0x65, 0x71, 0x75, 0x65, 0x6e, 0x74, 0x69, 0x61, 0x6c, 0x5f, 0x31, 0x2f,
  0x67, 0x72, 0x75, 0x5f, 0x31, 0x2f, 0x67, 0x72, 0x75, 0x5f, 0x63, 0x65,
  0x6c, 0x6c, 0x5f, 0x33, 0x39, 0x2f, 0x73, 0x70, 0x6c, 0x69, 0x74, 0x5f,
  0x31, 0x32, 0x31, 0x00, 0x02, 0x00, 0x00, 0x00, 0x01, 0x00, 0x00, 0x00,
  0x10, 0x00, 0x00, 0x00, 0xf6, 0x12, 0xff, 0xff, 0x00, 0x00, 0x00, 0x01,
  0x18, 0x00, 0x00, 0x00, 0x20, 0x00, 0x00, 0x00, 0x40, 0x00, 0x00, 0x00,
  0xb2, 0x00, 0x00, 0x00, 0x00, 0x00, 0x00, 0x09, 0xb0, 0x00, 0x00, 0x00,
  0x02, 0x00, 0x00, 0x00, 0xff, 0xff, 0xff, 0xff, 0x10, 0x00, 0x00, 0x00,
  0xdc, 0x12, 0xff, 0xff, 0x08, 0x00, 0x00, 0x00, 0x14, 0x00, 0x00, 0x00,
  0x01, 0x00, 0x00, 0x00, 0xf3, 0xff, 0xff, 0xff, 0xff, 0xff, 0xff, 0xff,
  0x00, 0x00, 0x00, 0x00, 0x01, 0x00, 0x00, 0x00, 0x88, 0x13, 0x5b, 0x3c,
  0x76, 0x00, 0x00, 0x00, 0x73, 0x65, 0x71, 0x75, 0x65, 0x6e, 0x74, 0x69,
  0x61, 0x6c, 0x5f, 0x31, 0x2f, 0x67, 0x72, 0x75, 0x5f, 0x31, 0x2f, 0x67,
  0x72, 0x75, 0x5f, 0x63, 0x65, 0x6c, 0x6c, 0x5f, 0x33, 0x39, 0x2f, 0x73,
  0x70, 0x6c, 0x69, 0x74, 0x5f, 0x31, 0x3b, 0x73, 0x65, 0x71, 0x75, 0x65,
  0x6e, 0x74, 0x69, 0x61, 0x6c, 0x5f, 0x31, 0x2f, 0x67, 0x72, 0x75, 0x5f,
  0x31, 0x2f, 0x67, 0x72, 0x75, 0x5f, 0x63, 0x65, 0x6c, 0x6c, 0x5f, 0x33,
  0x39, 0x2f, 0x73, 0x70, 0x6c, 0x69, 0x74, 0x5f, 0x31, 0x31, 0x3b, 0x73,
  0x65, 0x71, 0x75, 0x65, 0x6e, 0x74, 0x69, 0x61, 0x6c, 0x5f, 0x31, 0x2f,
  0x67, 0x72, 0x75, 0x5f, 0x31, 0x2f, 0x67, 0x72, 0x75, 0x5f, 0x63, 0x65,
  0x6c, 0x6c, 0x5f, 0x33, 0x39, 0x2f, 0x73, 0x70, 0x6c, 0x69, 0x74, 0x5f,
  0x31, 0x32, 0x00, 0x00, 0x02, 0x00, 0x00, 0x00, 0x01, 0x00, 0x00, 0x00,
  0x10, 0x00, 0x00, 0x00, 0xce, 0x13, 0xff, 0xff, 0x00, 0x00, 0x00, 0x01,
  0x18, 0x00, 0x00, 0x00, 0x20, 0x00, 0x00, 0x00, 0x40, 0x00, 0x00, 0x00,
  0xb1, 0x00, 0x00, 0x00, 0x00, 0x00, 0x00, 0x09, 0x88, 0x00, 0x00, 0x00,
  0x02, 0x00, 0x00, 0x00, 0xff, 0xff, 0xff, 0xff, 0x30, 0x00, 0x00, 0x00,
  0xb4, 0x13, 0xff, 0xff, 0x08, 0x00, 0x00, 0x00, 0x14, 0x00, 0x00, 0x00,
  0x01, 0x00, 0x00, 0x00, 0xf3, 0xff, 0xff, 0xff, 0xff, 0xff, 0xff, 0xff,
  0x00, 0x00, 0x00, 0x00, 0x01, 0x00, 0x00, 0x00, 0x88, 0x13, 0x5b, 0x3c,
  0x4c, 0x00, 0x00, 0x00, 0x73, 0x65, 0x71, 0x75, 0x65, 0x6e, 0x74, 0x69,
  0x61, 0x6c, 0x5f, 0x31, 0x2f, 0x67, 0x72, 0x75, 0x5f, 0x31, 0x2f, 0x67,
  0x72, 0x75, 0x5f, 0x63, 0x65, 0x6c, 0x6c, 0x5f, 0x33, 0x39, 0x2f, 0x4d,
  0x61, 0x74, 0x4d, 0x75, 0x6c, 0x3b, 0x73, 0x65, 0x71, 0x75, 0x65, 0x6e,
  0x74, 0x69, 0x61, 0x6c, 0x5f, 0x31, 0x2f, 0x67, 0x72, 0x75, 0x5f, 0x31,
  0x2f, 0x67, 0x72, 0x75, 0x5f, 0x63, 0x65, 0x6c, 0x6c, 0x5f, 0x33, 0x39,
  0x2f, 0x42, 0x69, 0x61, 0x73, 0x41, 0x64, 0x64, 0x00, 0x00, 0x00, 0x00,
  0x02, 0x00, 0x00, 0x00, 0x01, 0x00, 0x00, 0x00, 0x30, 0x00, 0x00, 0x00,
  0x7e, 0x14, 0xff, 0xff, 0x00, 0x00, 0x00, 0x01, 0x18, 0x00, 0x00, 0x00,
  0x20, 0x00, 0x00, 0x00, 0x40, 0x00, 0x00, 0x00, 0xb0, 0x00, 0x00, 0x00,
  0x00, 0x00, 0x00, 0x09, 0xb0, 0x00, 0x00, 0x00, 0x02, 0x00, 0x00, 0x00,
  0xff, 0xff, 0xff, 0xff, 0x10, 0x00, 0x00, 0x00, 0x64, 0x14, 0xff, 0xff,
  0x08, 0x00, 0x00, 0x00, 0x14, 0x00, 0x00, 0x00, 0x01, 0x00, 0x00, 0x00,
  0xfc, 0xff, 0xff, 0xff, 0xff, 0xff, 0xff, 0xff, 0x00, 0x00, 0x00, 0x00,
  0x01, 0x00, 0x00, 0x00, 0x17, 0x25, 0x6d, 0x3c, 0x77, 0x00, 0x00, 0x00,
  0x73, 0x65, 0x71, 0x75, 0x65, 0x6e, 0x74, 0x69, 0x61, 0x6c, 0x5f, 0x31,
  0x2f, 0x67, 0x72, 0x75, 0x5f, 0x31, 0x2f, 0x67, 0x72, 0x75, 0x5f, 0x63,
  0x65, 0x6c, 0x6c, 0x5f, 0x33, 0x37, 0x2f, 0x73, 0x70, 0x6c, 0x69, 0x74,
  0x5f, 0x31, 0x3b, 0x73, 0x65, 0x71, 0x75, 0x65, 0x6e, 0x74, 0x69, 0x61,
  0x6c, 0x5f, 0x31, 0x2f, 0x67, 0x72, 0x75, 0x5f, 0x31, 0x2f, 0x67, 0x72,
  0x75, 0x5f, 0x63, 0x65, 0x6c, 0x6c, 0x5f, 0x33, 0x37, 0x2f, 0x73, 0x70,
  0x6c, 0x69, 0x74, 0x5f, 0x31, 0x31, 0x3b, 0x73, 0x65, 0x71, 0x75, 0x65,
  0x6e, 0x74, 0x69, 0x61, 0x6c, 0x5f, 0x31, 0x2f, 0x67, 0x72, 0x75, 0x5f,
  0x31, 0x2f, 0x67, 0x72, 0x75, 0x5f, 0x63, 0x65, 0x6c, 0x6c, 0x5f, 0x33,
  0x37, 0x2f, 0x73, 0x70, 0x6c, 0x69, 0x74, 0x5f, 0x31, 0x32, 0x32, 0x00,
  0x02, 0x00, 0x00, 0x00, 0x01, 0x00, 0x00, 0x00, 0x10, 0x00, 0x00, 0x00,
  0x56, 0x15, 0xff, 0xff, 0x00, 0x00, 0x00, 0x01, 0x18, 0x00, 0x00, 0x00,
  0x20, 0x00, 0x00, 0x00, 0x40, 0x00, 0x00, 0x00, 0xaf, 0x00, 0x00, 0x00,
  0x00, 0x00, 0x00, 0x09, 0xb0, 0x00, 0x00, 0x00, 0x02, 0x00, 0x00, 0x00,
  0xff, 0xff, 0xff, 0xff, 0x10, 0x00, 0x00, 0x00, 0x3c, 0x15, 0xff, 0xff,
  0x08, 0x00, 0x00, 0x00, 0x14, 0x00, 0x00, 0x00, 0x01, 0x00, 0x00, 0x00,
  0xfc, 0xff, 0xff, 0xff, 0xff, 0xff, 0xff, 0xff, 0x00, 0x00, 0x00, 0x00,
  0x01, 0x00, 0x00, 0x00, 0x17, 0x25, 0x6d, 0x3c, 0x77, 0x00, 0x00, 0x00,
  0x73, 0x65, 0x71, 0x75, 0x65, 0x6e, 0x74, 0x69, 0x61, 0x6c, 0x5f, 0x31,
  0x2f, 0x67, 0x72, 0x75, 0x5f, 0x31, 0x2f, 0x67, 0x72, 0x75, 0x5f, 0x63,
  0x65, 0x6c, 0x6c, 0x5f, 0x33, 0x37, 0x2f, 0x73, 0x70, 0x6c, 0x69, 0x74,
  0x5f, 0x31, 0x3b, 0x73, 0x65, 0x71, 0x75, 0x65, 0x6e, 0x74, 0x69, 0x61,
  0x6c, 0x5f, 0x31, 0x2f, 0x67, 0x72, 0x75, 0x5f, 0x31, 0x2f, 0x67, 0x72,
  0x75, 0x5f, 0x63, 0x65, 0x6c, 0x6c, 0x5f, 0x33, 0x37, 0x2f, 0x73, 0x70,
  0x6c, 0x69, 0x74, 0x5f, 0x31, 0x31, 0x3b, 0x73, 0x65, 0x71, 0x75, 0x65,
  0x6e, 0x74, 0x69, 0x61, 0x6c, 0x5f, 0x31, 0x2f, 0x67, 0x72, 0x75, 0x5f,
  0x31, 0x2f, 0x67, 0x72, 0x75, 0x5f, 0x63, 0x65, 0x6c, 0x6c, 0x5f, 0x33,
  0x37, 0x2f, 0x73, 0x70, 0x6c, 0x69, 0x74, 0x5f, 0x31, 0x32, 0x31, 0x00,
  0x02, 0x00, 0x00, 0x00, 0x01, 0x00, 0x00, 0x00, 0x10, 0x00, 0x00, 0x00,
  0x2e, 0x16, 0xff, 0xff, 0x00, 0x00, 0x00, 0x01, 0x18, 0x00, 0x00, 0x00,
  0x20, 0x00, 0x00, 0x00, 0x40, 0x00, 0x00, 0x00, 0xae, 0x00, 0x00, 0x00,
  0x00, 0x00, 0x00, 0x09, 0xb0, 0x00, 0x00, 0x00, 0x02, 0x00, 0x00, 0x00,
  0xff, 0xff, 0xff, 0xff, 0x10, 0x00, 0x00, 0x00, 0x14, 0x16, 0xff, 0xff,
  0x08, 0x00, 0x00, 0x00, 0x14, 0x00, 0x00, 0x00, 0x01, 0x00, 0x00, 0x00,
  0xfc, 0xff, 0xff, 0xff, 0xff, 0xff, 0xff, 0xff, 0x00, 0x00, 0x00, 0x00,
  0x01, 0x00, 0x00, 0x00, 0x17, 0x25, 0x6d, 0x3c, 0x76, 0x00, 0x00, 0x00,
  0x73, 0x65, 0x71, 0x75, 0x65, 0x6e, 0x74, 0x69, 0x61, 0x6c, 0x5f, 0x31,
  0x2f, 0x67, 0x72, 0x75, 0x5f, 0x31, 0x2f, 0x67, 0x72, 0x75, 0x5f, 0x63,
  0x65, 0x6c, 0x6c, 0x5f, 0x33, 0x37, 0x2f, 0x73, 0x70, 0x6c, 0x69, 0x74,
  0x5f, 0x31, 0x3b, 0x73, 0x65, 0x71, 0x75, 0x65, 0x6e, 0x74, 0x69, 0x61,
  0x6c, 0x5f, 0x31, 0x2f, 0x67, 0x72, 0x75, 0x5f, 0x31, 0x2f, 0x67, 0x72,
  0x75, 0x5f, 0x63, 0x65, 0x6c, 0x6c, 0x5f, 0x33, 0x37, 0x2f, 0x73, 0x70,
  0x6c, 0x69, 0x74, 0x5f, 0x31, 0x31, 0x3b, 0x73, 0x65, 0x71, 0x75, 0x65,
  0x6e, 0x74, 0x69, 0x61, 0x6c, 0x5f, 0x31, 0x2f, 0x67, 0x72, 0x75, 0x5f,
  0x31, 0x2f, 0x67, 0x72, 0x75, 0x5f, 0x63, 0x65, 0x6c, 0x6c, 0x5f, 0x33,
  0x37, 0x2f, 0x73, 0x70, 0x6c, 0x69, 0x74, 0x5f, 0x31, 0x32, 0x00, 0x00,
  0x02, 0x00, 0x00, 0x00, 0x01, 0x00, 0x00, 0x00, 0x10, 0x00, 0x00, 0x00,
  0x06, 0x17, 0xff, 0xff, 0x00, 0x00, 0x00, 0x01, 0x18, 0x00, 0x00, 0x00,
  0x20, 0x00, 0x00, 0x00, 0x40, 0x00, 0x00, 0x00, 0xad, 0x00, 0x00, 0x00,
  0x00, 0x00, 0x00, 0x09, 0x88, 0x00, 0x00, 0x00, 0x02, 0x00, 0x00, 0x00,
  0xff, 0xff, 0xff, 0xff, 0x30, 0x00, 0x00, 0x00, 0xec, 0x16, 0xff, 0xff,
  0x08, 0x00, 0x00, 0x00, 0x14, 0x00, 0x00, 0x00, 0x01, 0x00, 0x00, 0x00,
  0xfc, 0xff, 0xff, 0xff, 0xff, 0xff, 0xff, 0xff, 0x00, 0x00, 0x00, 0x00,
  0x01, 0x00, 0x00, 0x00, 0x17, 0x25, 0x6d, 0x3c, 0x4c, 0x00, 0x00, 0x00,
  0x73, 0x65, 0x71, 0x75, 0x65, 0x6e, 0x74, 0x69, 0x61, 0x6c, 0x5f, 0x31,
  0x2f, 0x67, 0x72, 0x75, 0x5f, 0x31, 0x2f, 0x67, 0x72, 0x75, 0x5f, 0x63,
  0x65, 0x6c, 0x6c, 0x5f, 0x33, 0x37, 0x2f, 0x4d, 0x61, 0x74, 0x4d, 0x75,
  0x6c, 0x3b, 0x73, 0x65, 0x71, 0x75, 0x65, 0x6e, 0x74, 0x69, 0x61, 0x6c,
  0x5f, 0x31, 0x2f, 0x67, 0x72, 0x75, 0x5f, 0x31, 0x2f, 0x67, 0x72, 0x75,
  0x5f, 0x63, 0x65, 0x6c, 0x6c, 0x5f, 0x33, 0x37, 0x2f, 0x42, 0x69, 0x61,
  0x73, 0x41, 0x64, 0x64, 0x00, 0x00, 0x00, 0x00, 0x02, 0x00, 0x00, 0x00,
  0x01, 0x00, 0x00, 0x00, 0x30, 0x00, 0x00, 0x00, 0xb6, 0x17, 0xff, 0xff,
  0x00, 0x00, 0x00, 0x01, 0x18, 0x00, 0x00, 0x00, 0x20, 0x00, 0x00, 0x00,
  0x40, 0x00, 0x00, 0x00, 0xac, 0x00, 0x00, 0x00, 0x00, 0x00, 0x00, 0x09,
  0xb0, 0x00, 0x00, 0x00, 0x02, 0x00, 0x00, 0x00, 0xff, 0xff, 0xff, 0xff,
  0x10, 0x00, 0x00, 0x00, 0x9c, 0x17, 0xff, 0xff, 0x08, 0x00, 0x00, 0x00,
  0x14, 0x00, 0x00, 0x00, 0x01, 0x00, 0x00, 0x00, 0xf6, 0xff, 0xff, 0xff,
  0xff, 0xff, 0xff, 0xff, 0x00, 0x00, 0x00, 0x00, 0x01, 0x00, 0x00, 0x00,
  0x23, 0xdf, 0x65, 0x3c, 0x77, 0x00, 0x00, 0x00, 0x73, 0x65, 0x71, 0x75,
  0x65, 0x6e, 0x74, 0x69, 0x61, 0x6c, 0x5f, 0x31, 0x2f, 0x67, 0x72, 0x75,
  0x5f, 0x31, 0x2f, 0x67, 0x72, 0x75, 0x5f, 0x63, 0x65, 0x6c, 0x6c, 0x5f,
  0x33, 0x35, 0x2f, 0x73, 0x70, 0x6c, 0x69, 0x74, 0x5f, 0x31, 0x3b, 0x73,
  0x65, 0x71, 0x75, 0x65, 0x6e, 0x74, 0x69, 0x61, 0x6c, 0x5f, 0x31, 0x2f,
  0x67, 0x72, 0x75, 0x5f, 0x31, 0x2f, 0x67, 0x72, 0x75, 0x5f, 0x63, 0x65,
  0x6c, 0x6c, 0x5f, 0x33, 0x35, 0x2f, 0x73, 0x70, 0x6c, 0x69, 0x74, 0x5f,
  0x31, 0x31, 0x3b, 0x73, 0x65, 0x71, 0x75, 0x65, 0x6e, 0x74, 0x69, 0x61,
  0x6c, 0x5f, 0x31, 0x2f, 0x67, 0x72, 0x75, 0x5f, 0x31, 0x2f, 0x67, 0x72,
  0x75, 0x5f, 0x63, 0x65, 0x6c, 0x6c, 0x5f, 0x33, 0x35, 0x2f, 0x73, 0x70,
  0x6c, 0x69, 0x74, 0x5f, 0x31, 0x32, 0x32, 0x00, 0x02, 0x00, 0x00, 0x00,
  0x01, 0x00, 0x00, 0x00, 0x10, 0x00, 0x00, 0x00, 0x8e, 0x18, 0xff, 0xff,
  0x00, 0x00, 0x00, 0x01, 0x18, 0x00, 0x00, 0x00, 0x20, 0x00, 0x00, 0x00,
  0x40, 0x00, 0x00, 0x00, 0xab, 0x00, 0x00, 0x00, 0x00, 0x00, 0x00, 0x09,
  0xb0, 0x00, 0x00, 0x00, 0x02, 0x00, 0x00, 0x00, 0xff, 0xff, 0xff, 0xff,
  0x10, 0x00, 0x00, 0x00, 0x74, 0x18, 0xff, 0xff, 0x08, 0x00, 0x00, 0x00,
  0x14, 0x00, 0x00, 0x00, 0x01, 0x00, 0x00, 0x00, 0xf6, 0xff, 0xff, 0xff,
  0xff, 0xff, 0xff, 0xff, 0x00, 0x00, 0x00, 0x00, 0x01, 0x00, 0x00, 0x00,
  0x23, 0xdf, 0x65, 0x3c, 0x77, 0x00, 0x00, 0x00, 0x73, 0x65, 0x71, 0x75,
  0x65, 0x6e, 0x74, 0x69, 0x61, 0x6c, 0x5f, 0x31, 0x2f, 0x67, 0x72, 0x75,
  0x5f, 0x31, 0x2f, 0x67, 0x72, 0x75, 0x5f, 0x63, 0x65, 0x6c, 0x6c, 0x5f,
  0x33, 0x35, 0x2f, 0x73, 0x70, 0x6c, 0x69, 0x74, 0x5f, 0x31, 0x3b, 0x73,
  0x65, 0x71, 0x75, 0x65, 0x6e, 0x74, 0x69, 0x61, 0x6c, 0x5f, 0x31, 0x2f,
  0x67, 0x72, 0x75, 0x5f, 0x31, 0x2f, 0x67, 0x72, 0x75, 0x5f, 0x63, 0x65,
  0x6c, 0x6c, 0x5f, 0x33, 0x35, 0x2f, 0x73, 0x70, 0x6c, 0x69, 0x74, 0x5f,
  0x31, 0x31, 0x3b, 0x73, 0x65, 0x71, 0x75, 0x65, 0x6e, 0x74, 0x69, 0x61,
  0x6c, 0x5f, 0x31, 0x2f, 0x67, 0x72, 0x75, 0x5f, 0x31, 0x2f, 0x67, 0x72,
  0x75, 0x5f, 0x63, 0x65, 0x6c, 0x6c, 0x5f, 0x33, 0x35, 0x2f, 0x73, 0x70,
  0x6c, 0x69, 0x74, 0x5f, 0x31, 0x32, 0x31, 0x00, 0x02, 0x00, 0x00, 0x00,
  0x01, 0x00, 0x00, 0x00, 0x10, 0x00, 0x00, 0x00, 0x66, 0x19, 0xff, 0xff,
  0x00, 0x00, 0x00, 0x01, 0x18, 0x00, 0x00, 0x00, 0x20, 0x00, 0x00, 0x00,
  0x40, 0x00, 0x00, 0x00, 0xaa, 0x00, 0x00, 0x00, 0x00, 0x00, 0x00, 0x09,
  0xb0, 0x00, 0x00, 0x00, 0x02, 0x00, 0x00, 0x00, 0xff, 0xff, 0xff, 0xff,
  0x10, 0x00, 0x00, 0x00, 0x4c, 0x19, 0xff, 0xff, 0x08, 0x00, 0x00, 0x00,
  0x14, 0x00, 0x00, 0x00, 0x01, 0x00, 0x00, 0x00, 0xf6, 0xff, 0xff, 0xff,
  0xff, 0xff, 0xff, 0xff, 0x00, 0x00, 0x00, 0x00, 0x01, 0x00, 0x00, 0x00,
  0x23, 0xdf, 0x65, 0x3c, 0x76, 0x00, 0x00, 0x00, 0x73, 0x65, 0x71, 0x75,
  0x65, 0x6e, 0x74, 0x69, 0x61, 0x6c, 0x5f, 0x31, 0x2f, 0x67, 0x72, 0x75,
  0x5f, 0x31, 0x2f, 0x67, 0x72, 0x75, 0x5f, 0x63, 0x65, 0x6c, 0x6c, 0x5f,
  0x33, 0x35, 0x2f, 0x73, 0x70, 0x6c, 0x69, 0x74, 0x5f, 0x31, 0x3b, 0x73,
  0x65, 0x71, 0x75, 0x65, 0x6e, 0x74, 0x69, 0x61, 0x6c, 0x5f, 0x31, 0x2f,
  0x67, 0x72, 0x75, 0x5f, 0x31, 0x2f, 0x67, 0x72, 0x75, 0x5f, 0x63, 0x65,
  0x6c, 0x6c, 0x5f, 0x33, 0x35, 0x2f, 0x73, 0x70, 0x6c, 0x69, 0x74, 0x5f,
  0x31, 0x31, 0x3b, 0x73, 0x65, 0x71, 0x75, 0x65, 0x6e, 0x74, 0x69, 0x61,
  0x6c, 0x5f, 0x31, 0x2f, 0x67, 0x72, 0x75, 0x5f, 0x31, 0x2f, 0x67, 0x72,
  0x75, 0x5f, 0x63, 0x65, 0x6c, 0x6c, 0x5f, 0x33, 0x35, 0x2f, 0x73, 0x70,
  0x6c, 0x69, 0x74, 0x5f, 0x31, 0x32, 0x00, 0x00, 0x02, 0x00, 0x00, 0x00,
  0x01, 0x00, 0x00, 0x00, 0x10, 0x00, 0x00, 0x00, 0x3e, 0x1a, 0xff, 0xff,
  0x00, 0x00, 0x00, 0x01, 0x18, 0x00, 0x00, 0x00, 0x20, 0x00, 0x00, 0x00,
  0x40, 0x00, 0x00, 0x00, 0xa9, 0x00, 0x00, 0x00, 0x00, 0x00, 0x00, 0x09,
  0x88, 0x00, 0x00, 0x00, 0x02, 0x00, 0x00, 0x00, 0xff, 0xff, 0xff, 0xff,
  0x30, 0x00, 0x00, 0x00, 0x24, 0x1a, 0xff, 0xff, 0x08, 0x00, 0x00, 0x00,
  0x14, 0x00, 0x00, 0x00, 0x01, 0x00, 0x00, 0x00, 0xf6, 0xff, 0xff, 0xff,
  0xff, 0xff, 0xff, 0xff, 0x00, 0x00, 0x00, 0x00, 0x01, 0x00, 0x00, 0x00,
  0x23, 0xdf, 0x65, 0x3c, 0x4c, 0x00, 0x00, 0x00, 0x73, 0x65, 0x71, 0x75,
  0x65, 0x6e, 0x74, 0x69, 0x61, 0x6c, 0x5f, 0x31, 0x2f, 0x67, 0x72, 0x75,
  0x5f, 0x31, 0x2f, 0x67, 0x72, 0x75, 0x5f, 0x63, 0x65, 0x6c, 0x6c, 0x5f,
  0x33, 0x35, 0x2f, 0x4d, 0x61, 0x74, 0x4d, 0x75, 0x6c, 0x3b, 0x73, 0x65,
  0x71, 0x75, 0x65, 0x6e, 0x74, 0x69, 0x61, 0x6c, 0x5f, 0x31, 0x2f, 0x67,
  0x72, 0x75, 0x5f, 0x31, 0x2f, 0x67, 0x72, 0x75, 0x5f, 0x63, 0x65, 0x6c,
  0x6c, 0x5f, 0x33, 0x35, 0x2f, 0x42, 0x69, 0x61, 0x73, 0x41, 0x64, 0x64,
  0x00, 0x00, 0x00, 0x00, 0x02, 0x00, 0x00, 0x00, 0x01, 0x00, 0x00, 0x00,
  0x30, 0x00, 0x00, 0x00, 0xee, 0x1a, 0xff, 0xff, 0x00, 0x00, 0x00, 0x01,
  0x18, 0x00, 0x00, 0x00, 0x20, 0x00, 0x00, 0x00, 0x40, 0x00, 0x00, 0x00,
  0xa8, 0x00, 0x00, 0x00, 0x00, 0x00, 0x00, 0x09, 0xb0, 0x00, 0x00, 0x00,
  0x02, 0x00, 0x00, 0x00, 0xff, 0xff, 0xff, 0xff, 0x10, 0x00, 0x00, 0x00,
  0xd4, 0x1a, 0xff, 0xff, 0x08, 0x00, 0x00, 0x00, 0x14, 0x00, 0x00, 0x00,
  0x01, 0x00, 0x00, 0x00, 0xf8, 0xff, 0xff, 0xff, 0xff, 0xff, 0xff, 0xff,
  0x00, 0x00, 0x00, 0x00, 0x01, 0x00, 0x00, 0x00, 0x6d, 0xa9, 0x4f, 0x3c,
  0x77, 0x00, 0x00, 0x00, 0x73, 0x65, 0x71, 0x75, 0x65, 0x6e, 0x74, 0x69,
  0x61, 0x6c, 0x5f, 0x31, 0x2f, 0x67, 0x72, 0x75, 0x5f, 0x31, 0x2f, 0x67,
  0x72, 0x75, 0x5f, 0x63, 0x65, 0x6c, 0x6c, 0x5f, 0x33, 0x33, 0x2f, 0x73,
  0x70, 0x6c, 0x69, 0x74, 0x5f, 0x31, 0x3b, 0x73, 0x65, 0x71, 0x75, 0x65,
  0x6e, 0x74, 0x69, 0x61, 0x6c, 0x5f, 0x31, 0x2f, 0x67, 0x72, 0x75, 0x5f,
  0x31, 0x2f, 0x67, 0x72, 0x75, 0x5f, 0x63, 0x65, 0x6c, 0x6c, 0x5f, 0x33,
  0x33, 0x2f, 0x73, 0x70, 0x6c, 0x69, 0x74, 0x5f, 0x31, 0x31, 0x3b, 0x73,
  0x65, 0x71, 0x75, 0x65, 0x6e, 0x74, 0x69, 0x61, 0x6c, 0x5f, 0x31, 0x2f,
  0x67, 0x72, 0x75, 0x5f, 0x31, 0x2f, 0x67, 0x72, 0x75, 0x5f, 0x63, 0x65,
  0x6c, 0x6c, 0x5f, 0x33, 0x33, 0x2f, 0x73, 0x70, 0x6c, 0x69, 0x74, 0x5f,
  0x31, 0x32, 0x32, 0x00, 0x02, 0x00, 0x00, 0x00, 0x01, 0x00, 0x00, 0x00,
  0x10, 0x00, 0x00, 0x00, 0xc6, 0x1b, 0xff, 0xff, 0x00, 0x00, 0x00, 0x01,
  0x18, 0x00, 0x00, 0x00, 0x20, 0x00, 0x00, 0x00, 0x40, 0x00, 0x00, 0x00,
  0xa7, 0x00, 0x00, 0x00, 0x00, 0x00, 0x00, 0x09, 0xb0, 0x00, 0x00, 0x00,
  0x02, 0x00, 0x00, 0x00, 0xff, 0xff, 0xff, 0xff, 0x10, 0x00, 0x00, 0x00,
  0xac, 0x1b, 0xff, 0xff, 0x08, 0x00, 0x00, 0x00, 0x14, 0x00, 0x00, 0x00,
  0x01, 0x00, 0x00, 0x00, 0xf8, 0xff, 0xff, 0xff, 0xff, 0xff, 0xff, 0xff,
  0x00, 0x00, 0x00, 0x00, 0x01, 0x00, 0x00, 0x00, 0x6d, 0xa9, 0x4f, 0x3c,
  0x77, 0x00, 0x00, 0x00, 0x73, 0x65, 0x71, 0x75, 0x65, 0x6e, 0x74, 0x69,
  0x61, 0x6c, 0x5f, 0x31, 0x2f, 0x67, 0x72, 0x75, 0x5f, 0x31, 0x2f, 0x67,
  0x72, 0x75, 0x5f, 0x63, 0x65, 0x6c, 0x6c, 0x5f, 0x33, 0x33, 0x2f, 0x73,
  0x70, 0x6c, 0x69, 0x74, 0x5f, 0x31, 0x3b, 0x73, 0x65, 0x71, 0x75, 0x65,
  0x6e, 0x74, 0x69, 0x61, 0x6c, 0x5f, 0x31, 0x2f, 0x67, 0x72, 0x75, 0x5f,
  0x31, 0x2f, 0x67, 0x72, 0x75, 0x5f, 0x63, 0x65, 0x6c, 0x6c, 0x5f, 0x33,
  0x33, 0x2f, 0x73, 0x70, 0x6c, 0x69, 0x74, 0x5f, 0x31, 0x31, 0x3b, 0x73,
  0x65, 0x71, 0x75, 0x65, 0x6e, 0x74, 0x69, 0x61, 0x6c, 0x5f, 0x31, 0x2f,
  0x67, 0x72, 0x75, 0x5f, 0x31, 0x2f, 0x67, 0x72, 0x75, 0x5f, 0x63, 0x65,
  0x6c, 0x6c, 0x5f, 0x33, 0x33, 0x2f, 0x73, 0x70, 0x6c, 0x69, 0x74, 0x5f,
  0x31, 0x32, 0x31, 0x00, 0x02, 0x00, 0x00, 0x00, 0x01, 0x00, 0x00, 0x00,
  0x10, 0x00, 0x00, 0x00, 0x9e, 0x1c, 0xff, 0xff, 0x00, 0x00, 0x00, 0x01,
  0x18, 0x00, 0x00, 0x00, 0x20, 0x00, 0x00, 0x00, 0x40, 0x00, 0x00, 0x00,
  0xa6, 0x00, 0x00, 0x00, 0x00, 0x00, 0x00, 0x09, 0xb0, 0x00, 0x00, 0x00,
  0x02, 0x00, 0x00, 0x00, 0xff, 0xff, 0xff, 0xff, 0x10, 0x00, 0x00, 0x00,
  0x84, 0x1c, 0xff, 0xff, 0x08, 0x00, 0x00, 0x00, 0x14, 0x00, 0x00, 0x00,
  0x01, 0x00, 0x00, 0x00, 0xf8, 0xff, 0xff, 0xff, 0xff, 0xff, 0xff, 0xff,
  0x00, 0x00, 0x00, 0x00, 0x01, 0x00, 0x00, 0x00, 0x6d, 0xa9, 0x4f, 0x3c,
  0x76, 0x00, 0x00, 0x00, 0x73, 0x65, 0x71, 0x75, 0x65, 0x6e, 0x74, 0x69,
  0x61, 0x6c, 0x5f, 0x31, 0x2f, 0x67, 0x72, 0x75, 0x5f, 0x31, 0x2f, 0x67,
  0x72, 0x75, 0x5f, 0x63, 0x65, 0x6c, 0x6c, 0x5f, 0x33, 0x33, 0x2f, 0x73,
  0x70, 0x6c, 0x69, 0x74, 0x5f, 0x31, 0x3b, 0x73, 0x65, 0x71, 0x75, 0x65,
  0x6e, 0x74, 0x69, 0x61, 0x6c, 0x5f, 0x31, 0x2f, 0x67, 0x72, 0x75, 0x5f,
  0x31, 0x2f, 0x67, 0x72, 0x75, 0x5f, 0x63, 0x65, 0x6c, 0x6c, 0x5f, 0x33,
  0x33, 0x2f, 0x73, 0x70, 0x6c, 0x69, 0x74, 0x5f, 0x31, 0x31, 0x3b, 0x73,
  0x65, 0x71, 0x75, 0x65, 0x6e, 0x74, 0x69, 0x61, 0x6c, 0x5f, 0x31, 0x2f,
  0x67, 0x72, 0x75, 0x5f, 0x31, 0x2f, 0x67, 0x72, 0x75, 0x5f, 0x63, 0x65,
  0x6c, 0x6c, 0x5f, 0x33, 0x33, 0x2f, 0x73, 0x70, 0x6c, 0x69, 0x74, 0x5f,
  0x31, 0x32, 0x00, 0x00, 0x02, 0x00, 0x00, 0x00, 0x01, 0x00, 0x00, 0x00,
  0x10, 0x00, 0x00, 0x00, 0x76, 0x1d, 0xff, 0xff, 0x00, 0x00, 0x00, 0x01,
  0x18, 0x00, 0x00, 0x00, 0x20, 0x00, 0x00, 0x00, 0x40, 0x00, 0x00, 0x00,
  0xa5, 0x00, 0x00, 0x00, 0x00, 0x00, 0x00, 0x09, 0x88, 0x00, 0x00, 0x00,
  0x02, 0x00, 0x00, 0x00, 0xff, 0xff, 0xff, 0xff, 0x30, 0x00, 0x00, 0x00,
  0x5c, 0x1d, 0xff, 0xff, 0x08, 0x00, 0x00, 0x00, 0x14, 0x00, 0x00, 0x00,
  0x01, 0x00, 0x00, 0x00, 0xf8, 0xff, 0xff, 0xff, 0xff, 0xff, 0xff, 0xff,
  0x00, 0x00, 0x00, 0x00, 0x01, 0x00, 0x00, 0x00, 0x6d, 0xa9, 0x4f, 0x3c,
  0x4c, 0x00, 0x00, 0x00, 0x73, 0x65, 0x71, 0x75, 0x65, 0x6e, 0x74, 0x69,
  0x61, 0x6c, 0x5f, 0x31, 0x2f, 0x67, 0x72, 0x75, 0x5f, 0x31, 0x2f, 0x67,
  0x72, 0x75, 0x5f, 0x63, 0x65, 0x6c, 0x6c, 0x5f, 0x33, 0x33, 0x2f, 0x4d,
  0x61, 0x74, 0x4d, 0x75, 0x6c, 0x3b, 0x73, 0x65, 0x71, 0x75, 0x65, 0x6e,
  0x74, 0x69, 0x61, 0x6c, 0x5f, 0x31, 0x2f, 0x67, 0x72, 0x75, 0x5f, 0x31,
  0x2f, 0x67, 0x72, 0x75, 0x5f, 0x63, 0x65, 0x6c, 0x6c, 0x5f, 0x33, 0x33,
  0x2f, 0x42, 0x69, 0x61, 0x73, 0x41, 0x64, 0x64, 0x00, 0x00, 0x00, 0x00,
  0x02, 0x00, 0x00, 0x00, 0x01, 0x00, 0x00, 0x00, 0x30, 0x00, 0x00, 0x00,
  0x26, 0x1e, 0xff, 0xff, 0x00, 0x00, 0x00, 0x01, 0x18, 0x00, 0x00, 0x00,
  0x20, 0x00, 0x00, 0x00, 0x40, 0x00, 0x00, 0x00, 0xa4, 0x00, 0x00, 0x00,
  0x00, 0x00, 0x00, 0x09, 0xb0, 0x00, 0x00, 0x00, 0x02, 0x00, 0x00, 0x00,
  0xff, 0xff, 0xff, 0xff, 0x10, 0x00, 0x00, 0x00, 0x0c, 0x1e, 0xff, 0xff,
  0x08, 0x00, 0x00, 0x00, 0x14, 0x00, 0x00, 0x00, 0x01, 0x00, 0x00, 0x00,
  0xf6, 0xff, 0xff, 0xff, 0xff, 0xff, 0xff, 0xff, 0x00, 0x00, 0x00, 0x00,
  0x01, 0x00, 0x00, 0x00, 0x41, 0x1d, 0x5a, 0x3c, 0x77, 0x00, 0x00, 0x00,
  0x73, 0x65, 0x71, 0x75, 0x65, 0x6e, 0x74, 0x69, 0x61, 0x6c, 0x5f, 0x31,
  0x2f, 0x67, 0x72, 0x75, 0x5f, 0x31, 0x2f, 0x67, 0x72, 0x75, 0x5f, 0x63,
  0x65, 0x6c, 0x6c, 0x5f, 0x33, 0x31, 0x2f, 0x73, 0x70, 0x6c, 0x69, 0x74,
  0x5f, 0x31, 0x3b, 0x73, 0x65, 0x71, 0x75, 0x65, 0x6e, 0x74, 0x69, 0x61,
  0x6c, 0x5f, 0x31, 0x2f, 0x67, 0x72, 0x75, 0x5f, 0x31, 0x2f, 0x67, 0x72,
  0x75, 0x5f, 0x63, 0x65, 0x6c, 0x6c, 0x5f, 0x33, 0x31, 0x2f, 0x73, 0x70,
  0x6c, 0x69, 0x74, 0x5f, 0x31, 0x31, 0x3b, 0x73, 0x65, 0x71, 0x75, 0x65,
  0x6e, 0x74, 0x69, 0x61, 0x6c, 0x5f, 0x31, 0x2f, 0x67, 0x72, 0x75, 0x5f,
  0x31, 0x2f, 0x67, 0x72, 0x75, 0x5f, 0x63, 0x65, 0x6c, 0x6c, 0x5f, 0x33,
  0x31, 0x2f, 0x73, 0x70, 0x6c, 0x69, 0x74, 0x5f, 0x31, 0x32, 0x32, 0x00,
  0x02, 0x00, 0x00, 0x00, 0x01, 0x00, 0x00, 0x00, 0x10, 0x00, 0x00, 0x00,
  0xfe, 0x1e, 0xff, 0xff, 0x00, 0x00, 0x00, 0x01, 0x18, 0x00, 0x00, 0x00,
  0x20, 0x00, 0x00, 0x00, 0x40, 0x00, 0x00, 0x00, 0xa3, 0x00, 0x00, 0x00,
  0x00, 0x00, 0x00, 0x09, 0xb0, 0x00, 0x00, 0x00, 0x02, 0x00, 0x00, 0x00,
  0xff, 0xff, 0xff, 0xff, 0x10, 0x00, 0x00, 0x00, 0xe4, 0x1e, 0xff, 0xff,
  0x08, 0x00, 0x00, 0x00, 0x14, 0x00, 0x00, 0x00, 0x01, 0x00, 0x00, 0x00,
  0xf6, 0xff, 0xff, 0xff, 0xff, 0xff, 0xff, 0xff, 0x00, 0x00, 0x00, 0x00,
  0x01, 0x00, 0x00, 0x00, 0x41, 0x1d, 0x5a, 0x3c, 0x77, 0x00, 0x00, 0x00,
  0x73, 0x65, 0x71, 0x75, 0x65, 0x6e, 0x74, 0x69, 0x61, 0x6c, 0x5f, 0x31,
  0x2f, 0x67, 0x72, 0x75, 0x5f, 0x31, 0x2f, 0x67, 0x72, 0x75, 0x5f, 0x63,
  0x65, 0x6c, 0x6c, 0x5f, 0x33, 0x31, 0x2f, 0x73, 0x70, 0x6c, 0x69, 0x74,
  0x5f, 0x31, 0x3b, 0x73, 0x65, 0x71, 0x75, 0x65, 0x6e, 0x74, 0x69, 0x61,
  0x6c, 0x5f, 0x31, 0x2f, 0x67, 0x72, 0x75, 0x5f, 0x31, 0x2f, 0x67, 0x72,
  0x75, 0x5f, 0x63, 0x65, 0x6c, 0x6c, 0x5f, 0x33, 0x31, 0x2f, 0x73, 0x70,
  0x6c, 0x69, 0x74, 0x5f, 0x31, 0x31, 0x3b, 0x73, 0x65, 0x71, 0x75, 0x65,
  0x6e, 0x74, 0x69, 0x61, 0x6c, 0x5f, 0x31, 0x2f, 0x67, 0x72, 0x75, 0x5f,
  0x31, 0x2f, 0x67, 0x72, 0x75, 0x5f, 0x63, 0x65, 0x6c, 0x6c, 0x5f, 0x33,
  0x31, 0x2f, 0x73, 0x70, 0x6c, 0x69, 0x74, 0x5f, 0x31, 0x32, 0x31, 0x00,
  0x02, 0x00, 0x00, 0x00, 0x01, 0x00, 0x00, 0x00, 0x10, 0x00, 0x00, 0x00,
  0xd6, 0x1f, 0xff, 0xff, 0x00, 0x00, 0x00, 0x01, 0x18, 0x00, 0x00, 0x00,
  0x20, 0x00, 0x00, 0x00, 0x40, 0x00, 0x00, 0x00, 0xa2, 0x00, 0x00, 0x00,
  0x00, 0x00, 0x00, 0x09, 0xb0, 0x00, 0x00, 0x00, 0x02, 0x00, 0x00, 0x00,
  0xff, 0xff, 0xff, 0xff, 0x10, 0x00, 0x00, 0x00, 0xbc, 0x1f, 0xff, 0xff,
  0x08, 0x00, 0x00, 0x00, 0x14, 0x00, 0x00, 0x00, 0x01, 0x00, 0x00, 0x00,
  0xf6, 0xff, 0xff, 0xff, 0xff, 0xff, 0xff, 0xff, 0x00, 0x00, 0x00, 0x00,
  0x01, 0x00, 0x00, 0x00, 0x41, 0x1d, 0x5a, 0x3c, 0x76, 0x00, 0x00, 0x00,
  0x73, 0x65, 0x71, 0x75, 0x65, 0x6e, 0x74, 0x69, 0x61, 0x6c, 0x5f, 0x31,
  0x2f, 0x67, 0x72, 0x75, 0x5f, 0x31, 0x2f, 0x67, 0x72, 0x75, 0x5f, 0x63,
  0x65, 0x6c, 0x6c, 0x5f, 0x33, 0x31, 0x2f, 0x73, 0x70, 0x6c, 0x69, 0x74,
  0x5f, 0x31, 0x3b, 0x73, 0x65, 0x71, 0x75, 0x65, 0x6e, 0x74, 0x69, 0x61,
  0x6c, 0x5f, 0x31, 0x2f, 0x67, 0x72, 0x75, 0x5f, 0x31, 0x2f, 0x67, 0x72,
  0x75, 0x5f, 0x63, 0x65, 0x6c, 0x6c, 0x5f, 0x33, 0x31, 0x2f, 0x73, 0x70,
  0x6c, 0x69, 0x74, 0x5f, 0x31, 0x31, 0x3b, 0x73, 0x65, 0x71, 0x75, 0x65,
  0x6e, 0x74, 0x69, 0x61, 0x6c, 0x5f, 0x31, 0x2f, 0x67, 0x72, 0x75, 0x5f,
  0x31, 0x2f, 0x67, 0x72, 0x75, 0x5f, 0x63, 0x65, 0x6c, 0x6c, 0x5f, 0x33,
  0x31, 0x2f, 0x73, 0x70, 0x6c, 0x69, 0x74, 0x5f, 0x31, 0x32, 0x00, 0x00,
  0x02, 0x00, 0x00, 0x00, 0x01, 0x00, 0x00, 0x00, 0x10, 0x00, 0x00, 0x00,
  0xae, 0x20, 0xff, 0xff, 0x00, 0x00, 0x00, 0x01, 0x18, 0x00, 0x00, 0x00,
  0x20, 0x00, 0x00, 0x00, 0x40, 0x00, 0x00, 0x00, 0xa1, 0x00, 0x00, 0x00,
  0x00, 0x00, 0x00, 0x09, 0x88, 0x00, 0x00, 0x00, 0x02, 0x00, 0x00, 0x00,
  0xff, 0xff, 0xff, 0xff, 0x30, 0x00, 0x00, 0x00, 0x94, 0x20, 0xff, 0xff,
  0x08, 0x00, 0x00, 0x00, 0x14, 0x00, 0x00, 0x00, 0x01, 0x00, 0x00, 0x00,
  0xf6, 0xff, 0xff, 0xff, 0xff, 0xff, 0xff, 0xff, 0x00, 0x00, 0x00, 0x00,
  0x01, 0x00, 0x00, 0x00, 0x41, 0x1d, 0x5a, 0x3c, 0x4c, 0x00, 0x00, 0x00,
  0x73, 0x65, 0x71, 0x75, 0x65, 0x6e, 0x74, 0x69, 0x61, 0x6c, 0x5f, 0x31,
  0x2f, 0x67, 0x72, 0x75, 0x5f, 0x31, 0x2f, 0x67, 0x72, 0x75, 0x5f, 0x63,
  0x65, 0x6c, 0x6c, 0x5f, 0x33, 0x31, 0x2f, 0x4d, 0x61, 0x74, 0x4d, 0x75,
  0x6c, 0x3b, 0x73, 0x65, 0x71, 0x75, 0x65, 0x6e, 0x74, 0x69, 0x61, 0x6c,
  0x5f, 0x31, 0x2f, 0x67, 0x72, 0x75, 0x5f, 0x31, 0x2f, 0x67, 0x72, 0x75,
  0x5f, 0x63, 0x65, 0x6c, 0x6c, 0x5f, 0x33, 0x31, 0x2f, 0x42, 0x69, 0x61,
  0x73, 0x41, 0x64, 0x64, 0x00, 0x00, 0x00, 0x00, 0x02, 0x00, 0x00, 0x00,
  0x01, 0x00, 0x00, 0x00, 0x30, 0x00, 0x00, 0x00, 0x5e, 0x21, 0xff, 0xff,
  0x00, 0x00, 0x00, 0x01, 0x18, 0x00, 0x00, 0x00, 0x20, 0x00, 0x00, 0x00,
  0x3c, 0x00, 0x00, 0x00, 0xa0, 0x00, 0x00, 0x00, 0x00, 0x00, 0x00, 0x09,
  0x58, 0x00, 0x00, 0x00, 0x02, 0x00, 0x00, 0x00, 0xff, 0xff, 0xff, 0xff,
  0x10, 0x00, 0x00, 0x00, 0x44, 0x21, 0xff, 0xff, 0x08, 0x00, 0x00, 0x00,
  0x10, 0x00, 0x00, 0x00, 0x01, 0x00, 0x00, 0x00, 0x0e, 0x00, 0x00, 0x00,
  0x00, 0x00, 0x00, 0x00, 0x01, 0x00, 0x00, 0x00, 0xa5, 0x78, 0x89, 0x3b,
  0x23, 0x00, 0x00, 0x00, 0x73, 0x65, 0x71, 0x75, 0x65, 0x6e, 0x74, 0x69,
  0x61, 0x6c, 0x5f, 0x31, 0x2f, 0x67, 0x72, 0x75, 0x5f, 0x31, 0x2f, 0x67,
  0x72, 0x75, 0x5f, 0x63, 0x65, 0x6c, 0x6c, 0x5f, 0x33, 0x2f, 0x61, 0x64,
  0x64, 0x5f, 0x34, 0x00, 0x02, 0x00, 0x00, 0x00, 0x01, 0x00, 0x00, 0x00,
  0x10, 0x00, 0x00, 0x00, 0xde, 0x21, 0xff, 0xff, 0x00, 0x00, 0x00, 0x01,
  0x18, 0x00, 0x00, 0x00, 0x20, 0x00, 0x00, 0x00, 0x3c, 0x00, 0x00, 0x00,
  0x9f, 0x00, 0x00, 0x00, 0x00, 0x00, 0x00, 0x09, 0x58, 0x00, 0x00, 0x00,
  0x02, 0x00, 0x00, 0x00, 0xff, 0xff, 0xff, 0xff, 0x10, 0x00, 0x00, 0x00,
  0xc4, 0x21, 0xff, 0xff, 0x08, 0x00, 0x00, 0x00, 0x10, 0x00, 0x00, 0x00,
  0x01, 0x00, 0x00, 0x00, 0x08, 0x00, 0x00, 0x00, 0x00, 0x00, 0x00, 0x00,
  0x01, 0x00, 0x00, 0x00, 0xf9, 0xf8, 0x53, 0x3b, 0x23, 0x00, 0x00, 0x00,
  0x73, 0x65, 0x71, 0x75, 0x65, 0x6e, 0x74, 0x69, 0x61, 0x6c, 0x5f, 0x31,
  0x2f, 0x67, 0x72, 0x75, 0x5f, 0x31, 0x2f, 0x67, 0x72, 0x75, 0x5f, 0x63,
  0x65, 0x6c, 0x6c, 0x5f, 0x33, 0x2f, 0x6d, 0x75, 0x6c, 0x5f, 0x32, 0x00,
  0x02, 0x00, 0x00, 0x00, 0x01, 0x00, 0x00, 0x00, 0x10, 0x00, 0x00, 0x00,
  0x5e, 0x22, 0xff, 0xff, 0x00, 0x00, 0x00, 0x01, 0x18, 0x00, 0x00, 0x00,
  0x20, 0x00, 0x00, 0x00, 0x3c, 0x00, 0x00, 0x00, 0x9e, 0x00, 0x00, 0x00,
  0x00, 0x00, 0x00, 0x09, 0x58, 0x00, 0x00, 0x00, 0x02, 0x00, 0x00, 0x00,
  0xff, 0xff, 0xff, 0xff, 0x10, 0x00, 0x00, 0x00, 0x44, 0x22, 0xff, 0xff,
  0x08, 0x00, 0x00, 0x00, 0x10, 0x00, 0x00, 0x00, 0x01, 0x00, 0x00, 0x00,
  0x00, 0x00, 0x00, 0x00, 0x00, 0x00, 0x00, 0x00, 0x01, 0x00, 0x00, 0x00,
  0x00, 0x00, 0x00, 0x3c, 0x22, 0x00, 0x00, 0x00, 0x73, 0x65, 0x71, 0x75,
  0x65, 0x6e, 0x74, 0x69, 0x61, 0x6c, 0x5f, 0x31, 0x2f, 0x67, 0x72, 0x75,
  0x5f, 0x31, 0x2f, 0x67, 0x72, 0x75, 0x5f, 0x63, 0x65, 0x6c, 0x6c, 0x5f,
  0x33, 0x2f, 0x54, 0x61, 0x6e, 0x68, 0x00, 0x00, 0x02, 0x00, 0x00, 0x00,
  0x01, 0x00, 0x00, 0x00, 0x10, 0x00, 0x00, 0x00, 0xde, 0x22, 0xff, 0xff,
  0x00, 0x00, 0x00, 0x01, 0x18, 0x00, 0x00, 0x00, 0x20, 0x00, 0x00, 0x00,
  0x3c, 0x00, 0x00, 0x00, 0x9d, 0x00, 0x00, 0x00, 0x00, 0x00, 0x00, 0x09,
  0x58, 0x00, 0x00, 0x00, 0x02, 0x00, 0x00, 0x00, 0xff, 0xff, 0xff, 0xff,
  0x10, 0x00, 0x00, 0x00, 0xc4, 0x22, 0xff, 0xff, 0x08, 0x00, 0x00, 0x00,
  0x10, 0x00, 0x00, 0x00, 0x01, 0x00, 0x00, 0x00, 0x08, 0x00, 0x00, 0x00,
  0x00, 0x00, 0x00, 0x00, 0x01, 0x00, 0x00, 0x00, 0x9e, 0xed, 0xf9, 0x3b,
  0x23, 0x00, 0x00, 0x00, 0x73, 0x65, 0x71, 0x75, 0x65, 0x6e, 0x74, 0x69,
  0x61, 0x6c, 0x5f, 0x31, 0x2f, 0x67, 0x72, 0x75, 0x5f, 0x31, 0x2f, 0x67,
  0x72, 0x75, 0x5f, 0x63, 0x65, 0x6c, 0x6c, 0x5f, 0x33, 0x2f, 0x61, 0x64,
  0x64, 0x5f, 0x33, 0x00, 0x02, 0x00, 0x00, 0x00, 0x01, 0x00, 0x00, 0x00,
  0x10, 0x00, 0x00, 0x00, 0x5e, 0x23, 0xff, 0xff, 0x00, 0x00, 0x00, 0x01,
  0x18, 0x00, 0x00, 0x00, 0x20, 0x00, 0x00, 0x00, 0x3c, 0x00, 0x00, 0x00,
  0x9c, 0x00, 0x00, 0x00, 0x00, 0x00, 0x00, 0x09, 0x58, 0x00, 0x00, 0x00,
  0x02, 0x00, 0x00, 0x00, 0xff, 0xff, 0xff, 0xff, 0x10, 0x00, 0x00, 0x00,
  0x44, 0x23, 0xff, 0xff, 0x08, 0x00, 0x00, 0x00, 0x10, 0x00, 0x00, 0x00,
  0x01, 0x00, 0x00, 0x00, 0x0f, 0x00, 0x00, 0x00, 0x00, 0x00, 0x00, 0x00,
  0x01, 0x00, 0x00, 0x00, 0xcd, 0xf6, 0xed, 0x3a, 0x21, 0x00, 0x00, 0x00,
  0x73, 0x65, 0x71, 0x75, 0x65, 0x6e, 0x74, 0x69, 0x61, 0x6c, 0x5f, 0x31,
  0x2f, 0x67, 0x72, 0x75, 0x5f, 0x31, 0x2f, 0x67, 0x72, 0x75, 0x5f, 0x63,
  0x65, 0x6c, 0x6c, 0x5f, 0x33, 0x2f, 0x6d, 0x75, 0x6c, 0x00, 0x00, 0x00,
  0x02, 0x00, 0x00, 0x00, 0x01, 0x00, 0x00, 0x00, 0x10, 0x00, 0x00, 0x00,
  0xde, 0x23, 0xff, 0xff, 0x00, 0x00, 0x00, 0x01, 0x18, 0x00, 0x00, 0x00,
  0x20, 0x00, 0x00, 0x00, 0x40, 0x00, 0x00, 0x00, 0x9b, 0x00, 0x00, 0x00,
  0x00, 0x00, 0x00, 0x09, 0x68, 0x00, 0x00, 0x00, 0x02, 0x00, 0x00, 0x00,
  0xff, 0xff, 0xff, 0xff, 0x10, 0x00, 0x00, 0x00, 0xc4, 0x23, 0xff, 0xff,
  0x08, 0x00, 0x00, 0x00, 0x14, 0x00, 0x00, 0x00, 0x01, 0x00, 0x00, 0x00,
  0x00, 0x00, 0x00, 0x00, 0x00, 0x00, 0x00, 0x00, 0x00, 0x00, 0x00, 0x00,
  0x01, 0x00, 0x00, 0x00, 0xfd, 0xdb, 0x85, 0x3b, 0x2d, 0x00, 0x00, 0x00,
  0x73, 0x65, 0x71, 0x75, 0x65, 0x6e, 0x74, 0x69, 0x61, 0x6c, 0x5f, 0x31,
  0x2f, 0x67, 0x72, 0x75, 0x5f, 0x31, 0x2f, 0x67, 0x72, 0x75, 0x5f, 0x63,
  0x65, 0x6c, 0x6c, 0x5f, 0x33, 0x2f, 0x73, 0x74, 0x72, 0x69, 0x64, 0x65,
  0x64, 0x5f, 0x73, 0x6c, 0x69, 0x63, 0x65, 0x5f, 0x32, 0x00, 0x00, 0x00,
  0x02, 0x00, 0x00, 0x00, 0x01, 0x00, 0x00, 0x00, 0x10, 0x00, 0x00, 0x00,
  0x6e, 0x24, 0xff, 0xff, 0x00, 0x00, 0x00, 0x01, 0x18, 0x00, 0x00, 0x00,
  0x20, 0x00, 0x00, 0x00, 0x40, 0x00, 0x00, 0x00, 0x9a, 0x00, 0x00, 0x00,
  0x00, 0x00, 0x00, 0x09, 0x60, 0x00, 0x00, 0x00, 0x02, 0x00, 0x00, 0x00,
  0xff, 0xff, 0xff, 0xff, 0x10, 0x00, 0x00, 0x00, 0x54, 0x24, 0xff, 0xff,
  0x08, 0x00, 0x00, 0x00, 0x14, 0x00, 0x00, 0x00, 0x01, 0x00, 0x00, 0x00,
  0x80, 0xff, 0xff, 0xff, 0xff, 0xff, 0xff, 0xff, 0x00, 0x00, 0x00, 0x00,
  0x01, 0x00, 0x00, 0x00, 0x00, 0x00, 0x80, 0x3b, 0x27, 0x00, 0x00, 0x00,
  0x73, 0x65, 0x71, 0x75, 0x65, 0x6e, 0x74, 0x69, 0x61, 0x6c, 0x5f, 0x31,
  0x2f, 0x67, 0x72, 0x75, 0x5f, 0x31, 0x2f, 0x67, 0x72, 0x75, 0x5f, 0x63,
  0x65, 0x6c, 0x6c, 0x5f, 0x33, 0x2f, 0x53, 0x69, 0x67, 0x6d, 0x6f, 0x69,
  0x64, 0x5f, 0x31, 0x00, 0x02, 0x00, 0x00, 0x00, 0x01, 0x00, 0x00, 0x00,
  0x10, 0x00, 0x00, 0x00, 0xf6, 0x24, 0xff, 0xff, 0x00, 0x00, 0x00, 0x01,
  0x18, 0x00, 0x00, 0x00, 0x20, 0x00, 0x00, 0x00, 0x3c, 0x00, 0x00, 0x00,
  0x99, 0x00, 0x00, 0x00, 0x00, 0x00, 0x00, 0x09, 0x58, 0x00, 0x00, 0x00,
  0x02, 0x00, 0x00, 0x00, 0xff, 0xff, 0xff, 0xff, 0x10, 0x00, 0x00, 0x00,
  0xdc, 0x24, 0xff, 0xff, 0x08, 0x00, 0x00, 0x00, 0x10, 0x00, 0x00, 0x00,
  0x01, 0x00, 0x00, 0x00, 0x03, 0x00, 0x00, 0x00, 0x00, 0x00, 0x00, 0x00,
  0x01, 0x00, 0x00, 0x00, 0x93, 0x49, 0x69, 0x3c, 0x23, 0x00, 0x00, 0x00,
  0x73, 0x65, 0x71, 0x75, 0x65, 0x6e, 0x74, 0x69, 0x61, 0x6c, 0x5f, 0x31,
  0x2f, 0x67, 0x72, 0x75, 0x5f, 0x31, 0x2f, 0x67, 0x72, 0x75, 0x5f, 0x63,
  0x65, 0x6c, 0x6c, 0x5f, 0x33, 0x2f, 0x61, 0x64, 0x64, 0x5f, 0x32, 0x00,
  0x02, 0x00, 0x00, 0x00, 0x01, 0x00, 0x00, 0x00, 0x10, 0x00, 0x00, 0x00,
  0x76, 0x25, 0xff, 0xff, 0x00, 0x00, 0x00, 0x01, 0x18, 0x00, 0x00, 0x00,
  0x20, 0x00, 0x00, 0x00, 0x40, 0x00, 0x00, 0x00, 0x98, 0x00, 0x00, 0x00,
  0x00, 0x00, 0x00, 0x09, 0x68, 0x00, 0x00, 0x00, 0x02, 0x00, 0x00, 0x00,
  0xff, 0xff, 0xff, 0xff, 0x10, 0x00, 0x00, 0x00, 0x5c, 0x25, 0xff, 0xff,
  0x08, 0x00, 0x00, 0x00, 0x14, 0x00, 0x00, 0x00, 0x01, 0x00, 0x00, 0x00,
  0x00, 0x00, 0x00, 0x00, 0x00, 0x00, 0x00, 0x00, 0x00, 0x00, 0x00, 0x00,
  0x01, 0x00, 0x00, 0x00, 0xfd, 0xdb, 0x85, 0x3b, 0x2d, 0x00, 0x00, 0x00,
  0x73, 0x65, 0x71, 0x75, 0x65, 0x6e, 0x74, 0x69, 0x61, 0x6c, 0x5f, 0x31,
  0x2f, 0x67, 0x72, 0x75, 0x5f, 0x31, 0x2f, 0x67, 0x72, 0x75, 0x5f, 0x63,
  0x65, 0x6c, 0x6c, 0x5f, 0x33, 0x2f, 0x73, 0x74, 0x72, 0x69, 0x64, 0x65,
  0x64, 0x5f, 0x73, 0x6c, 0x69, 0x63, 0x65, 0x5f, 0x31, 0x00, 0x00, 0x00,
  0x02, 0x00, 0x00, 0x00, 0x01, 0x00, 0x00, 0x00, 0x10, 0x00, 0x00, 0x00,
  0x06, 0x26, 0xff, 0xff, 0x00, 0x00, 0x00, 0x01, 0x18, 0x00, 0x00, 0x00,
  0x20, 0x00, 0x00, 0x00, 0x3c, 0x00, 0x00, 0x00, 0x97, 0x00, 0x00, 0x00,
  0x00, 0x00, 0x00, 0x09, 0x58, 0x00, 0x00, 0x00, 0x02, 0x00, 0x00, 0x00,
  0xff, 0xff, 0xff, 0xff, 0x10, 0x00, 0x00, 0x00, 0xec, 0x25, 0xff, 0xff,
  0x08, 0x00, 0x00, 0x00, 0x10, 0x00, 0x00, 0x00, 0x01, 0x00, 0x00, 0x00,
  0xe3, 0xff, 0xff, 0xff, 0xff, 0xff, 0xff, 0xff, 0x01, 0x00, 0x00, 0x00,
  0xbf, 0xd6, 0x90, 0x3b, 0x21, 0x00, 0x00, 0x00, 0x73, 0x65, 0x71, 0x75,
  0x65, 0x6e, 0x74, 0x69, 0x61, 0x6c, 0x5f, 0x31, 0x2f, 0x67, 0x72, 0x75,
  0x5f, 0x31, 0x2f, 0x67, 0x72, 0x75, 0x5f, 0x63, 0x65, 0x6c, 0x6c, 0x5f,
  0x33, 0x2f, 0x73, 0x75, 0x62, 0x00, 0x00, 0x00, 0x02, 0x00, 0x00, 0x00,
  0x01, 0x00, 0x00, 0x00, 0x10, 0x00, 0x00, 0x00, 0x86, 0x26, 0xff, 0xff,
  0x00, 0x00, 0x00, 0x01, 0x18, 0x00, 0x00, 0x00, 0x20, 0x00, 0x00, 0x00,
  0x3c, 0x00, 0x00, 0x00, 0x96, 0x00, 0x00, 0x00, 0x00, 0x00, 0x00, 0x09,
  0x58, 0x00, 0x00, 0x00, 0x02, 0x00, 0x00, 0x00, 0xff, 0xff, 0xff, 0xff,
  0x10, 0x00, 0x00, 0x00, 0x6c, 0x26, 0xff, 0xff, 0x08, 0x00, 0x00, 0x00,
  0x10, 0x00, 0x00, 0x00, 0x01, 0x00, 0x00, 0x00, 0x0e, 0x00, 0x00, 0x00,
  0x00, 0x00, 0x00, 0x00, 0x01, 0x00, 0x00, 0x00, 0xa5, 0x78, 0x89, 0x3b,
  0x23, 0x00, 0x00, 0x00, 0x73, 0x65, 0x71, 0x75, 0x65, 0x6e, 0x74, 0x69,
  0x61, 0x6c, 0x5f, 0x31, 0x2f, 0x67, 0x72, 0x75, 0x5f, 0x31, 0x2f, 0x67,
  0x72, 0x75, 0x5f, 0x63, 0x65, 0x6c, 0x6c, 0x5f, 0x33, 0x2f, 0x6d, 0x75,
  0x6c, 0x5f, 0x31, 0x00, 0x02, 0x00, 0x00, 0x00, 0x01, 0x00, 0x00, 0x00,
  0x10, 0x00, 0x00, 0x00, 0x06, 0x27, 0xff, 0xff, 0x00, 0x00, 0x00, 0x01,
  0x18, 0x00, 0x00, 0x00, 0x20, 0x00, 0x00, 0x00, 0x40, 0x00, 0x00, 0x00,
  0x95, 0x00, 0x00, 0x00, 0x00, 0x00, 0x00, 0x09, 0x60, 0x00, 0x00, 0x00,
  0x02, 0x00, 0x00, 0x00, 0xff, 0xff, 0xff, 0xff, 0x10, 0x00, 0x00, 0x00,
  0xec, 0x26, 0xff, 0xff, 0x08, 0x00, 0x00, 0x00, 0x14, 0x00, 0x00, 0x00,
  0x01, 0x00, 0x00, 0x00, 0x80, 0xff, 0xff, 0xff, 0xff, 0xff, 0xff, 0xff,
  0x00, 0x00, 0x00, 0x00, 0x01, 0x00, 0x00, 0x00, 0x00, 0x00, 0x80, 0x3b,
  0x25, 0x00, 0x00, 0x00, 0x73, 0x65, 0x71, 0x75, 0x65, 0x6e, 0x74, 0x69,
  0x61, 0x6c, 0x5f, 0x31, 0x2f, 0x67, 0x72, 0x75, 0x5f, 0x31, 0x2f, 0x67,
  0x72, 0x75, 0x5f, 0x63, 0x65, 0x6c, 0x6c, 0x5f, 0x33, 0x2f, 0x53, 0x69,
  0x67, 0x6d, 0x6f, 0x69, 0x64, 0x00, 0x00, 0x00, 0x02, 0x00, 0x00, 0x00,
  0x01, 0x00, 0x00, 0x00, 0x10, 0x00, 0x00, 0x00, 0x8e, 0x27, 0xff, 0xff,
  0x00, 0x00, 0x00, 0x01, 0x18, 0x00, 0x00, 0x00, 0x20, 0x00, 0x00, 0x00,
  0x3c, 0x00, 0x00, 0x00, 0x94, 0x00, 0x00, 0x00, 0x00, 0x00, 0x00, 0x09,
  0x58, 0x00, 0x00, 0x00, 0x02, 0x00, 0x00, 0x00, 0xff, 0xff, 0xff, 0xff,
  0x10, 0x00, 0x00, 0x00, 0x74, 0x27, 0xff, 0xff, 0x08, 0x00, 0x00, 0x00,
  0x10, 0x00, 0x00, 0x00, 0x01, 0x00, 0x00, 0x00, 0xca, 0xff, 0xff, 0xff,
  0xff, 0xff, 0xff, 0xff, 0x01, 0x00, 0x00, 0x00, 0xf5, 0x17, 0x2e, 0x3c,
  0x23, 0x00, 0x00, 0x00, 0x73, 0x65, 0x71, 0x75, 0x65, 0x6e, 0x74, 0x69,
  0x61, 0x6c, 0x5f, 0x31, 0x2f, 0x67, 0x72, 0x75, 0x5f, 0x31, 0x2f, 0x67,
  0x72, 0x75, 0x5f, 0x63, 0x65, 0x6c, 0x6c, 0x5f, 0x33, 0x2f, 0x61, 0x64,
  0x64, 0x5f, 0x31, 0x00, 0x02, 0x00, 0x00, 0x00, 0x01, 0x00, 0x00, 0x00,
  0x10, 0x00, 0x00, 0x00, 0x0e, 0x28, 0xff, 0xff, 0x00, 0x00, 0x00, 0x01,
  0x18, 0x00, 0x00, 0x00, 0x20, 0x00, 0x00, 0x00, 0x3c, 0x00, 0x00, 0x00,
  0x93, 0x00, 0x00, 0x00, 0x00, 0x00, 0x00, 0x09, 0x60, 0x00, 0x00, 0x00,
  0x02, 0x00, 0x00, 0x00, 0xff, 0xff, 0xff, 0xff, 0x10, 0x00, 0x00, 0x00,
  0xf4, 0x27, 0xff, 0xff, 0x08, 0x00, 0x00, 0x00, 0x10, 0x00, 0x00, 0x00,
  0x01, 0x00, 0x00, 0x00, 0x00, 0x00, 0x00, 0x00, 0x00, 0x00, 0x00, 0x00,
  0x01, 0x00, 0x00, 0x00, 0xfd, 0xdb, 0x85, 0x3b, 0x2b, 0x00, 0x00, 0x00,
  0x73, 0x65, 0x71, 0x75, 0x65, 0x6e, 0x74, 0x69, 0x61, 0x6c, 0x5f, 0x31,
  0x2f, 0x67, 0x72, 0x75, 0x5f, 0x31, 0x2f, 0x67, 0x72, 0x75, 0x5f, 0x63,
  0x65, 0x6c, 0x6c, 0x5f, 0x33, 0x2f, 0x73, 0x74, 0x72, 0x69, 0x64, 0x65,
  0x64, 0x5f, 0x73, 0x6c, 0x69, 0x63, 0x65, 0x00, 0x02, 0x00, 0x00, 0x00,
  0x01, 0x00, 0x00, 0x00, 0x10, 0x00, 0x00, 0x00, 0x96, 0x28, 0xff, 0xff,
  0x00, 0x00, 0x00, 0x01, 0x18, 0x00, 0x00, 0x00, 0x20, 0x00, 0x00, 0x00,
  0x3c, 0x00, 0x00, 0x00, 0x92, 0x00, 0x00, 0x00, 0x00, 0x00, 0x00, 0x09,
  0x80, 0x00, 0x00, 0x00, 0x02, 0x00, 0x00, 0x00, 0xff, 0xff, 0xff, 0xff,
  0x30, 0x00, 0x00, 0x00, 0x7c, 0x28, 0xff, 0xff, 0x08, 0x00, 0x00, 0x00,
  0x10, 0x00, 0x00, 0x00, 0x01, 0x00, 0x00, 0x00, 0x00, 0x00, 0x00, 0x00,
  0x00, 0x00, 0x00, 0x00, 0x01, 0x00, 0x00, 0x00, 0xfd, 0xdb, 0x85, 0x3b,
  0x48, 0x00, 0x00, 0x00, 0x73, 0x65, 0x71, 0x75, 0x65, 0x6e, 0x74, 0x69,
  0x61, 0x6c, 0x5f, 0x31, 0x2f, 0x67, 0x72, 0x75, 0x5f, 0x31, 0x2f, 0x67,
  0x72, 0x75, 0x5f, 0x63, 0x65, 0x6c, 0x6c, 0x5f, 0x33, 0x2f, 0x4d, 0x61,
  0x74, 0x4d, 0x75, 0x6c, 0x5f, 0x31, 0x3b, 0x73, 0x65, 0x71, 0x75, 0x65,
  0x6e, 0x74, 0x69, 0x61, 0x6c, 0x5f, 0x31, 0x2f, 0x67, 0x72, 0x75, 0x5f,
  0x31, 0x2f, 0x67, 0x72, 0x75, 0x5f, 0x63, 0x65, 0x6c, 0x6c, 0x5f, 0x33,
  0x2f, 0x61, 0x64, 0x64, 0x00, 0x00, 0x00, 0x00, 0x02, 0x00, 0x00, 0x00,
  0x01, 0x00, 0x00, 0x00, 0x30, 0x00, 0x00, 0x00, 0x3e, 0x29, 0xff, 0xff,
  0x00, 0x00, 0x00, 0x01, 0x18, 0x00, 0x00, 0x00, 0x20, 0x00, 0x00, 0x00,
  0x40, 0x00, 0x00, 0x00, 0x91, 0x00, 0x00, 0x00, 0x00, 0x00, 0x00, 0x09,
  0xb0, 0x00, 0x00, 0x00, 0x02, 0x00, 0x00, 0x00, 0xff, 0xff, 0xff, 0xff,
  0x10, 0x00, 0x00, 0x00, 0x24, 0x29, 0xff, 0xff, 0x08, 0x00, 0x00, 0x00,
  0x14, 0x00, 0x00, 0x00, 0x01, 0x00, 0x00, 0x00, 0x01, 0x00, 0x00, 0x00,
  0x00, 0x00, 0x00, 0x00, 0x00, 0x00, 0x00, 0x00, 0x01, 0x00, 0x00, 0x00,
  0x29, 0x47, 0x4f, 0x3c, 0x74, 0x00, 0x00, 0x00, 0x73, 0x65, 0x71, 0x75,
  0x65, 0x6e, 0x74, 0x69, 0x61, 0x6c, 0x5f, 0x31, 0x2f, 0x67, 0x72, 0x75,
  0x5f, 0x31, 0x2f, 0x67, 0x72, 0x75, 0x5f, 0x63, 0x65, 0x6c, 0x6c, 0x5f,
  0x33, 0x2f, 0x73, 0x70, 0x6c, 0x69, 0x74, 0x5f, 0x31, 0x3b, 0x73, 0x65,
  0x71, 0x75, 0x65, 0x6e, 0x74, 0x69, 0x61, 0x6c, 0x5f, 0x31, 0x2f, 0x67,
  0x72, 0x75, 0x5f, 0x31, 0x2f, 0x67, 0x72, 0x75, 0x5f, 0x63, 0x65, 0x6c,
  0x6c, 0x5f, 0x33, 0x2f, 0x73, 0x70, 0x6c, 0x69, 0x74, 0x5f, 0x31, 0x31,
  0x3b, 0x73, 0x65, 0x71, 0x75, 0x65, 0x6e, 0x74, 0x69, 0x61, 0x6c, 0x5f,
  0x31, 0x2f, 0x67, 0x72, 0x75, 0x5f, 0x31, 0x2f, 0x67, 0x72, 0x75, 0x5f,
  0x63, 0x65, 0x6c, 0x6c, 0x5f, 0x33, 0x2f, 0x73, 0x70, 0x6c, 0x69, 0x74,
  0x5f, 0x31, 0x32, 0x32, 0x00, 0x00, 0x00, 0x00, 0x02, 0x00, 0x00, 0x00,
  0x01, 0x00, 0x00, 0x00, 0x10, 0x00, 0x00, 0x00, 0x16, 0x2a, 0xff, 0xff,
  0x00, 0x00, 0x00, 0x01, 0x18, 0x00, 0x00, 0x00, 0x20, 0x00, 0x00, 0x00,
  0x40, 0x00, 0x00, 0x00, 0x90, 0x00, 0x00, 0x00, 0x00, 0x00, 0x00, 0x09,
  0xb0, 0x00, 0x00, 0x00, 0x02, 0x00, 0x00, 0x00, 0xff, 0xff, 0xff, 0xff,
  0x10, 0x00, 0x00, 0x00, 0xfc, 0x29, 0xff, 0xff, 0x08, 0x00, 0x00, 0x00,
  0x14, 0x00, 0x00, 0x00, 0x01, 0x00, 0x00, 0x00, 0x01, 0x00, 0x00, 0x00,
  0x00, 0x00, 0x00, 0x00, 0x00, 0x00, 0x00, 0x00, 0x01, 0x00, 0x00, 0x00,
  0x29, 0x47, 0x4f, 0x3c, 0x74, 0x00, 0x00, 0x00, 0x73, 0x65, 0x71, 0x75,
  0x65, 0x6e, 0x74, 0x69, 0x61, 0x6c, 0x5f, 0x31, 0x2f, 0x67, 0x72, 0x75,
  0x5f, 0x31, 0x2f, 0x67, 0x72, 0x75, 0x5f, 0x63, 0x65, 0x6c, 0x6c, 0x5f,
  0x33, 0x2f, 0x73, 0x70, 0x6c, 0x69, 0x74, 0x5f, 0x31, 0x3b, 0x73, 0x65,
  0x71, 0x75, 0x65, 0x6e, 0x74, 0x69, 0x61, 0x6c, 0x5f, 0x31, 0x2f, 0x67,
  0x72, 0x75, 0x5f, 0x31, 0x2f, 0x67, 0x72, 0x75, 0x5f, 0x63, 0x65, 0x6c,
  0x6c, 0x5f, 0x33, 0x2f, 0x73, 0x70, 0x6c, 0x69, 0x74, 0x5f, 0x31, 0x31,
  0x3b, 0x73, 0x65, 0x71, 0x75, 0x65, 0x6e, 0x74, 0x69, 0x61, 0x6c, 0x5f,
  0x31, 0x2f, 0x67, 0x72, 0x75, 0x5f, 0x31, 0x2f, 0x67, 0x72, 0x75, 0x5f,
  0x63, 0x65, 0x6c, 0x6c, 0x5f, 0x33, 0x2f, 0x73, 0x70, 0x6c, 0x69, 0x74,
  0x5f, 0x31, 0x32, 0x31, 0x00, 0x00, 0x00, 0x00, 0x02, 0x00, 0x00, 0x00,
  0x01, 0x00, 0x00, 0x00, 0x10, 0x00, 0x00, 0x00, 0xee, 0x2a, 0xff, 0xff,
  0x00, 0x00, 0x00, 0x01, 0x18, 0x00, 0x00, 0x00, 0x20, 0x00, 0x00, 0x00,
  0x3c, 0x00, 0x00, 0x00, 0x8f, 0x00, 0x00, 0x00, 0x00, 0x00, 0x00, 0x09,
  0xa8, 0x00, 0x00, 0x00, 0x02, 0x00, 0x00, 0x00, 0xff, 0xff, 0xff, 0xff,
  0x10, 0x00, 0x00, 0x00, 0xd4, 0x2a, 0xff, 0xff, 0x08, 0x00, 0x00, 0x00,
  0x10, 0x00, 0x00, 0x00, 0x01, 0x00, 0x00, 0x00, 0x01, 0x00, 0x00, 0x00,
  0x00, 0x00, 0x00, 0x00, 0x01, 0x00, 0x00, 0x00, 0x29, 0x47, 0x4f, 0x3c,
  0x73, 0x00, 0x00, 0x00, 0x73, 0x65, 0x71, 0x75, 0x65, 0x6e, 0x74, 0x69,
  0x61, 0x6c, 0x5f, 0x31, 0x2f, 0x67, 0x72, 0x75, 0x5f, 0x31, 0x2f, 0x67,
  0x72, 0x75, 0x5f, 0x63, 0x65, 0x6c, 0x6c, 0x5f, 0x33, 0x2f, 0x73, 0x70,
  0x6c, 0x69, 0x74, 0x5f, 0x31, 0x3b, 0x73, 0x65, 0x71, 0x75, 0x65, 0x6e,
  0x74, 0x69, 0x61, 0x6c, 0x5f, 0x31, 0x2f, 0x67, 0x72, 0x75, 0x5f, 0x31,
  0x2f, 0x67, 0x72, 0x75, 0x5f, 0x63, 0x65, 0x6c, 0x6c, 0x5f, 0x33, 0x2f,
  0x73, 0x70, 0x6c, 0x69, 0x74, 0x5f, 0x31, 0x31, 0x3b, 0x73, 0x65, 0x71,
  0x75, 0x65, 0x6e, 0x74, 0x69, 0x61, 0x6c, 0x5f, 0x31, 0x2f, 0x67, 0x72,
  0x75, 0x5f, 0x31, 0x2f, 0x67, 0x72, 0x75, 0x5f, 0x63, 0x65, 0x6c, 0x6c,
  0x5f, 0x33, 0x2f, 0x73, 0x70, 0x6c, 0x69, 0x74, 0x5f, 0x31, 0x32, 0x00,
  0x02, 0x00, 0x00, 0x00, 0x01, 0x00, 0x00, 0x00, 0x10, 0x00, 0x00, 0x00,
  0xbe, 0x2b, 0xff, 0xff, 0x00, 0x00, 0x00, 0x01, 0x18, 0x00, 0x00, 0x00,
  0x20, 0x00, 0x00, 0x00, 0x3c, 0x00, 0x00, 0x00, 0x8e, 0x00, 0x00, 0x00,
  0x00, 0x00, 0x00, 0x09, 0x80, 0x00, 0x00, 0x00, 0x02, 0x00, 0x00, 0x00,
  0xff, 0xff, 0xff, 0xff, 0x30, 0x00, 0x00, 0x00, 0xa4, 0x2b, 0xff, 0xff,
  0x08, 0x00, 0x00, 0x00, 0x10, 0x00, 0x00, 0x00, 0x01, 0x00, 0x00, 0x00,
  0x01, 0x00, 0x00, 0x00, 0x00, 0x00, 0x00, 0x00, 0x01, 0x00, 0x00, 0x00,
  0x29, 0x47, 0x4f, 0x3c, 0x4a, 0x00, 0x00, 0x00, 0x73, 0x65, 0x71, 0x75,
  0x65, 0x6e, 0x74, 0x69, 0x61, 0x6c, 0x5f, 0x31, 0x2f, 0x67, 0x72, 0x75,
  0x5f, 0x31, 0x2f, 0x67, 0x72, 0x75, 0x5f, 0x63, 0x65, 0x6c, 0x6c, 0x5f,
  0x33, 0x2f, 0x4d, 0x61, 0x74, 0x4d, 0x75, 0x6c, 0x3b, 0x73, 0x65, 0x71,
  0x75, 0x65, 0x6e, 0x74, 0x69, 0x61, 0x6c, 0x5f, 0x31, 0x2f, 0x67, 0x72,
  0x75, 0x5f, 0x31, 0x2f, 0x67, 0x72, 0x75, 0x5f, 0x63, 0x65, 0x6c, 0x6c,
  0x5f, 0x33, 0x2f, 0x42, 0x69, 0x61, 0x73, 0x41, 0x64, 0x64, 0x00, 0x00,
  0x02, 0x00, 0x00, 0x00, 0x01, 0x00, 0x00, 0x00, 0x30, 0x00, 0x00, 0x00,
  0x66, 0x2c, 0xff, 0xff, 0x00, 0x00, 0x00, 0x01, 0x18, 0x00, 0x00, 0x00,
  0x20, 0x00, 0x00, 0x00, 0x40, 0x00, 0x00, 0x00, 0x8d, 0x00, 0x00, 0x00,
  0x00, 0x00, 0x00, 0x09, 0xb0, 0x00, 0x00, 0x00, 0x02, 0x00, 0x00, 0x00,
  0xff, 0xff, 0xff, 0xff, 0x10, 0x00, 0x00, 0x00, 0x4c, 0x2c, 0xff, 0xff,
  0x08, 0x00, 0x00, 0x00, 0x14, 0x00, 0x00, 0x00, 0x01, 0x00, 0x00, 0x00,
  0xf4, 0xff, 0xff, 0xff, 0xff, 0xff, 0xff, 0xff, 0x00, 0x00, 0x00, 0x00,
  0x01, 0x00, 0x00, 0x00, 0x30, 0x0a, 0x6d, 0x3c, 0x77, 0x00, 0x00, 0x00,
  0x73, 0x65, 0x71, 0x75, 0x65, 0x6e, 0x74, 0x69, 0x61, 0x6c, 0x5f, 0x31,
  0x2f, 0x67, 0x72, 0x75, 0x5f, 0x31, 0x2f, 0x67, 0x72, 0x75, 0x5f, 0x63,
  0x65, 0x6c, 0x6c, 0x5f, 0x32, 0x39, 0x2f, 0x73, 0x70, 0x6c, 0x69, 0x74,
  0x5f, 0x31, 0x3b, 0x73, 0x65, 0x71, 0x75, 0x65, 0x6e, 0x74, 0x69, 0x61,
  0x6c, 0x5f, 0x31, 0x2f, 0x67, 0x72, 0x75, 0x5f, 0x31, 0x2f, 0x67, 0x72,
  0x75, 0x5f, 0x63, 0x65, 0x6c, 0x6c, 0x5f, 0x32, 0x39, 0x2f, 0x73, 0x70,
  0x6c, 0x69, 0x74, 0x5f, 0x31, 0x31, 0x3b, 0x73, 0x65, 0x71, 0x75, 0x65,
  0x6e, 0x74, 0x69, 0x61, 0x6c, 0x5f, 0x31, 0x2f, 0x67, 0x72, 0x75, 0x5f,
  0x31, 0x2f, 0x67, 0x72, 0x75, 0x5f, 0x63, 0x65, 0x6c, 0x6c, 0x5f, 0x32,
  0x39, 0x2f, 0x73, 0x70, 0x6c, 0x69, 0x74, 0x5f, 0x31, 0x32, 0x32, 0x00,
  0x02, 0x00, 0x00, 0x00, 0x01, 0x00, 0x00, 0x00, 0x10, 0x00, 0x00, 0x00,
  0x3e, 0x2d, 0xff, 0xff, 0x00, 0x00, 0x00, 0x01, 0x18, 0x00, 0x00, 0x00,
  0x20, 0x00, 0x00, 0x00, 0x40, 0x00, 0x00, 0x00, 0x8c, 0x00, 0x00, 0x00,
  0x00, 0x00, 0x00, 0x09, 0xb0, 0x00, 0x00, 0x00, 0x02, 0x00, 0x00, 0x00,
  0xff, 0xff, 0xff, 0xff, 0x10, 0x00, 0x00, 0x00, 0x24, 0x2d, 0xff, 0xff,
  0x08, 0x00, 0x00, 0x00, 0x14, 0x00, 0x00, 0x00, 0x01, 0x00, 0x00, 0x00,
  0xf4, 0xff, 0xff, 0xff, 0xff, 0xff, 0xff, 0xff, 0x00, 0x00, 0x00, 0x00,
  0x01, 0x00, 0x00, 0x00, 0x30, 0x0a, 0x6d, 0x3c, 0x77, 0x00, 0x00, 0x00,
  0x73, 0x65, 0x71, 0x75, 0x65, 0x6e, 0x74, 0x69, 0x61, 0x6c, 0x5f, 0x31,
  0x2f, 0x67, 0x72, 0x75, 0x5f, 0x31, 0x2f, 0x67, 0x72, 0x75, 0x5f, 0x63,
  0x65, 0x6c, 0x6c, 0x5f, 0x32, 0x39, 0x2f, 0x73, 0x70, 0x6c, 0x69, 0x74,
  0x5f, 0x31, 0x3b, 0x73, 0x65, 0x71, 0x75, 0x65, 0x6e, 0x74, 0x69, 0x61,
  0x6c, 0x5f, 0x31, 0x2f, 0x67, 0x72, 0x75, 0x5f, 0x31, 0x2f, 0x67, 0x72,
  0x75, 0x5f, 0x63, 0x65, 0x6c, 0x6c, 0x5f, 0x32, 0x39, 0x2f, 0x73, 0x70,
  0x6c, 0x69, 0x74, 0x5f, 0x31, 0x31, 0x3b, 0x73, 0x65, 0x71, 0x75, 0x65,
  0x6e, 0x74, 0x69, 0x61, 0x6c, 0x5f, 0x31, 0x2f, 0x67, 0x72, 0x75, 0x5f,
  0x31, 0x2f, 0x67, 0x72, 0x75, 0x5f, 0x63, 0x65, 0x6c, 0x6c, 0x5f, 0x32,
  0x39, 0x2f, 0x73, 0x70, 0x6c, 0x69, 0x74, 0x5f, 0x31, 0x32, 0x31, 0x00,
  0x02, 0x00, 0x00, 0x00, 0x01, 0x00, 0x00, 0x00, 0x10, 0x00, 0x00, 0x00,
  0x16, 0x2e, 0xff, 0xff, 0x00, 0x00, 0x00, 0x01, 0x18, 0x00, 0x00, 0x00,
  0x20, 0x00, 0x00, 0x00, 0x40, 0x00, 0x00, 0x00, 0x8b, 0x00, 0x00, 0x00,
  0x00, 0x00, 0x00, 0x09, 0xb0, 0x00, 0x00, 0x00, 0x02, 0x00, 0x00, 0x00,
  0xff, 0xff, 0xff, 0xff, 0x10, 0x00, 0x00, 0x00, 0xfc, 0x2d, 0xff, 0xff,
  0x08, 0x00, 0x00, 0x00, 0x14, 0x00, 0x00, 0x00, 0x01, 0x00, 0x00, 0x00,
  0xf4, 0xff, 0xff, 0xff, 0xff, 0xff, 0xff, 0xff, 0x00, 0x00, 0x00, 0x00,
  0x01, 0x00, 0x00, 0x00, 0x30, 0x0a, 0x6d, 0x3c, 0x76, 0x00, 0x00, 0x00,
  0x73, 0x65, 0x71, 0x75, 0x65, 0x6e, 0x74, 0x69, 0x61, 0x6c, 0x5f, 0x31,
  0x2f, 0x67, 0x72, 0x75, 0x5f, 0x31, 0x2f, 0x67, 0x72, 0x75, 0x5f, 0x63,
  0x65, 0x6c, 0x6c, 0x5f, 0x32, 0x39, 0x2f, 0x73, 0x70, 0x6c, 0x69, 0x74,
  0x5f, 0x31, 0x3b, 0x73, 0x65, 0x71, 0x75, 0x65, 0x6e, 0x74, 0x69, 0x61,
  0x6c, 0x5f, 0x31, 0x2f, 0x67, 0x72, 0x75, 0x5f, 0x31, 0x2f, 0x67, 0x72,
  0x75, 0x5f, 0x63, 0x65, 0x6c, 0x6c, 0x5f, 0x32, 0x39, 0x2f, 0x73, 0x70,
  0x6c, 0x69, 0x74, 0x5f, 0x31, 0x31, 0x3b, 0x73, 0x65, 0x71, 0x75, 0x65,
  0x6e, 0x74, 0x69, 0x61, 0x6c, 0x5f, 0x31, 0x2f, 0x67, 0x72, 0x75, 0x5f,
  0x31, 0x2f, 0x67, 0x72, 0x75, 0x5f, 0x63, 0x65, 0x6c, 0x6c, 0x5f, 0x32,
  0x39, 0x2f, 0x73, 0x70, 0x6c, 0x69, 0x74, 0x5f, 0x31, 0x32, 0x00, 0x00,
  0x02, 0x00, 0x00, 0x00, 0x01, 0x00, 0x00, 0x00, 0x10, 0x00, 0x00, 0x00,
  0xee, 0x2e, 0xff, 0xff, 0x00, 0x00, 0x00, 0x01, 0x18, 0x00, 0x00, 0x00,
  0x20, 0x00, 0x00, 0x00, 0x40, 0x00, 0x00, 0x00, 0x8a, 0x00, 0x00, 0x00,
  0x00, 0x00, 0x00, 0x09, 0x88, 0x00, 0x00, 0x00, 0x02, 0x00, 0x00, 0x00,
  0xff, 0xff, 0xff, 0xff, 0x30, 0x00, 0x00, 0x00, 0xd4, 0x2e, 0xff, 0xff,
  0x08, 0x00, 0x00, 0x00, 0x14, 0x00, 0x00, 0x00, 0x01, 0x00, 0x00, 0x00,
  0xf4, 0xff, 0xff, 0xff, 0xff, 0xff, 0xff, 0xff, 0x00, 0x00, 0x00, 0x00,
  0x01, 0x00, 0x00, 0x00, 0x30, 0x0a, 0x6d, 0x3c, 0x4c, 0x00, 0x00, 0x00,
  0x73, 0x65, 0x71, 0x75, 0x65, 0x6e, 0x74, 0x69, 0x61, 0x6c, 0x5f, 0x31,
  0x2f, 0x67, 0x72, 0x75, 0x5f, 0x31, 0x2f, 0x67, 0x72, 0x75, 0x5f, 0x63,
  0x65, 0x6c, 0x6c, 0x5f, 0x32, 0x39, 0x2f, 0x4d, 0x61, 0x74, 0x4d, 0x75,
  0x6c, 0x3b, 0x73, 0x65, 0x71, 0x75, 0x65, 0x6e, 0x74, 0x69, 0x61, 0x6c,
  0x5f, 0x31, 0x2f, 0x67, 0x72, 0x75, 0x5f, 0x31, 0x2f, 0x67, 0x72, 0x75,
  0x5f, 0x63, 0x65, 0x6c, 0x6c, 0x5f, 0x32, 0x39, 0x2f, 0x42, 0x69, 0x61,
  0x73, 0x41, 0x64, 0x64, 0x00, 0x00, 0x00, 0x00, 0x02, 0x00, 0x00, 0x00,
  0x01, 0x00, 0x00, 0x00, 0x30, 0x00, 0x00, 0x00, 0x9e, 0x2f, 0xff, 0xff,
  0x00, 0x00, 0x00, 0x01, 0x18, 0x00, 0x00, 0x00, 0x20, 0x00, 0x00, 0x00,
  0x40, 0x00, 0x00, 0x00, 0x89, 0x00, 0x00, 0x00, 0x00, 0x00, 0x00, 0x09,
  0xb0, 0x00, 0x00, 0x00, 0x02, 0x00, 0x00, 0x00, 0xff, 0xff, 0xff, 0xff,
  0x10, 0x00, 0x00, 0x00, 0x84, 0x2f, 0xff, 0xff, 0x08, 0x00, 0x00, 0x00,
  0x14, 0x00, 0x00, 0x00, 0x01, 0x00, 0x00, 0x00, 0xf9, 0xff, 0xff, 0xff,
  0xff, 0xff, 0xff, 0xff, 0x00, 0x00, 0x00, 0x00, 0x01, 0x00, 0x00, 0x00,
  0xe3, 0xee, 0x5b, 0x3c, 0x77, 0x00, 0x00, 0x00, 0x73, 0x65, 0x71, 0x75,
  0x65, 0x6e, 0x74, 0x69, 0x61, 0x6c, 0x5f, 0x31, 0x2f, 0x67, 0x72, 0x75,
  0x5f, 0x31, 0x2f, 0x67, 0x72, 0x75, 0x5f, 0x63, 0x65, 0x6c, 0x6c, 0x5f,
  0x32, 0x37, 0x2f, 0x73, 0x70, 0x6c, 0x69, 0x74, 0x5f, 0x31, 0x3b, 0x73,
  0x65, 0x71, 0x75, 0x65, 0x6e, 0x74, 0x69, 0x61, 0x6c, 0x5f, 0x31, 0x2f,
  0x67, 0x72, 0x75, 0x5f, 0x31, 0x2f, 0x67, 0x72, 0x75, 0x5f, 0x63, 0x65,
  0x6c, 0x6c, 0x5f, 0x32, 0x37, 0x2f, 0x73, 0x70, 0x6c, 0x69, 0x74, 0x5f,
  0x31, 0x31, 0x3b, 0x73, 0x65, 0x71, 0x75, 0x65, 0x6e, 0x74, 0x69, 0x61,
  0x6c, 0x5f, 0x31, 0x2f, 0x67, 0x72, 0x75, 0x5f, 0x31, 0x2f, 0x67, 0x72,
  0x75, 0x5f, 0x63, 0x65, 0x6c, 0x6c, 0x5f, 0x32, 0x37, 0x2f, 0x73, 0x70,
  0x6c, 0x69, 0x74, 0x5f, 0x31, 0x32, 0x32, 0x00, 0x02, 0x00, 0x00, 0x00,
  0x01, 0x00, 0x00, 0x00, 0x10, 0x00, 0x00, 0x00, 0x76, 0x30, 0xff, 0xff,
  0x00, 0x00, 0x00, 0x01, 0x18, 0x00, 0x00, 0x00, 0x20, 0x00, 0x00, 0x00,
  0x40, 0x00, 0x00, 0x00, 0x88, 0x00, 0x00, 0x00, 0x00, 0x00, 0x00, 0x09,
  0xb0, 0x00, 0x00, 0x00, 0x02, 0x00, 0x00, 0x00, 0xff, 0xff, 0xff, 0xff,
  0x10, 0x00, 0x00, 0x00, 0x5c, 0x30, 0xff, 0xff, 0x08, 0x00, 0x00, 0x00,
  0x14, 0x00, 0x00, 0x00, 0x01, 0x00, 0x00, 0x00, 0xf9, 0xff, 0xff, 0xff,
  0xff, 0xff, 0xff, 0xff, 0x00, 0x00, 0x00, 0x00, 0x01, 0x00, 0x00, 0x00,
  0xe3, 0xee, 0x5b, 0x3c, 0x77, 0x00, 0x00, 0x00, 0x73, 0x65, 0x71, 0x75,
  0x65, 0x6e, 0x74, 0x69, 0x61, 0x6c, 0x5f, 0x31, 0x2f, 0x67, 0x72, 0x75,
  0x5f, 0x31, 0x2f, 0x67, 0x72, 0x75, 0x5f, 0x63, 0x65, 0x6c, 0x6c, 0x5f,
  0x32, 0x37, 0x2f, 0x73, 0x70, 0x6c, 0x69, 0x74, 0x5f, 0x31, 0x3b, 0x73,
  0x65, 0x71, 0x75, 0x65, 0x6e, 0x74, 0x69, 0x61, 0x6c, 0x5f, 0x31, 0x2f,
  0x67, 0x72, 0x75, 0x5f, 0x31, 0x2f, 0x67, 0x72, 0x75, 0x5f, 0x63, 0x65,
  0x6c, 0x6c, 0x5f, 0x32, 0x37, 0x2f, 0x73, 0x70, 0x6c, 0x69, 0x74, 0x5f,
  0x31, 0x31, 0x3b, 0x73, 0x65, 0x71, 0x75, 0x65, 0x6e, 0x74, 0x69, 0x61,
  0x6c, 0x5f, 0x31, 0x2f, 0x67, 0x72, 0x75, 0x5f, 0x31, 0x2f, 0x67, 0x72,
  0x75, 0x5f, 0x63, 0x65, 0x6c, 0x6c, 0x5f, 0x32, 0x37, 0x2f, 0x73, 0x70,
  0x6c, 0x69, 0x74, 0x5f, 0x31, 0x32, 0x31, 0x00, 0x02, 0x00, 0x00, 0x00,
  0x01, 0x00, 0x00, 0x00, 0x10, 0x00, 0x00, 0x00, 0x4e, 0x31, 0xff, 0xff,
  0x00, 0x00, 0x00, 0x01, 0x18, 0x00, 0x00, 0x00, 0x20, 0x00, 0x00, 0x00,
  0x40, 0x00, 0x00, 0x00, 0x87, 0x00, 0x00, 0x00, 0x00, 0x00, 0x00, 0x09,
  0xb0, 0x00, 0x00, 0x00, 0x02, 0x00, 0x00, 0x00, 0xff, 0xff, 0xff, 0xff,
  0x10, 0x00, 0x00, 0x00, 0x34, 0x31, 0xff, 0xff, 0x08, 0x00, 0x00, 0x00,
  0x14, 0x00, 0x00, 0x00, 0x01, 0x00, 0x00, 0x00, 0xf9, 0xff, 0xff, 0xff,
  0xff, 0xff, 0xff, 0xff, 0x00, 0x00, 0x00, 0x00, 0x01, 0x00, 0x00, 0x00,
  0xe3, 0xee, 0x5b, 0x3c, 0x76, 0x00, 0x00, 0x00, 0x73, 0x65, 0x71, 0x75,
  0x65, 0x6e, 0x74, 0x69, 0x61, 0x6c, 0x5f, 0x31, 0x2f, 0x67, 0x72, 0x75,
  0x5f, 0x31, 0x2f, 0x67, 0x72, 0x75, 0x5f, 0x63, 0x65, 0x6c, 0x6c, 0x5f,
  0x32, 0x37, 0x2f, 0x73, 0x70, 0x6c, 0x69, 0x74, 0x5f, 0x31, 0x3b, 0x73,
  0x65, 0x71, 0x75, 0x65, 0x6e, 0x74, 0x69, 0x61, 0x6c, 0x5f, 0x31, 0x2f,
  0x67, 0x72, 0x75, 0x5f, 0x31, 0x2f, 0x67, 0x72, 0x75, 0x5f, 0x63, 0x65,
  0x6c, 0x6c, 0x5f, 0x32, 0x37, 0x2f, 0x73, 0x70, 0x6c, 0x69, 0x74, 0x5f,
  0x31, 0x31, 0x3b, 0x73, 0x65, 0x71, 0x75, 0x65, 0x6e, 0x74, 0x69, 0x61,
  0x6c, 0x5f, 0x31, 0x2f, 0x67, 0x72, 0x75, 0x5f, 0x31, 0x2f, 0x67, 0x72,
  0x75, 0x5f, 0x63, 0x65, 0x6c, 0x6c, 0x5f, 0x32, 0x37, 0x2f, 0x73, 0x70,
  0x6c, 0x69, 0x74, 0x5f, 0x31, 0x32, 0x00, 0x00, 0x02, 0x00, 0x00, 0x00,
  0x01, 0x00, 0x00, 0x00, 0x10, 0x00, 0x00, 0x00, 0x26, 0x32, 0xff, 0xff,
  0x00, 0x00, 0x00, 0x01, 0x18, 0x00, 0x00, 0x00, 0x20, 0x00, 0x00, 0x00,
  0x40, 0x00, 0x00, 0x00, 0x86, 0x00, 0x00, 0x00, 0x00, 0x00, 0x00, 0x09,
  0x88, 0x00, 0x00, 0x00, 0x02, 0x00, 0x00, 0x00, 0xff, 0xff, 0xff, 0xff,
  0x30, 0x00, 0x00, 0x00, 0x0c, 0x32, 0xff, 0xff, 0x08, 0x00, 0x00, 0x00,
  0x14, 0x00, 0x00, 0x00, 0x01, 0x00, 0x00, 0x00, 0xf9, 0xff, 0xff, 0xff,
  0xff, 0xff, 0xff, 0xff, 0x00, 0x00, 0x00, 0x00, 0x01, 0x00, 0x00, 0x00,
  0xe3, 0xee, 0x5b, 0x3c, 0x4c, 0x00, 0x00, 0x00, 0x73, 0x65, 0x71, 0x75,
  0x65, 0x6e, 0x74, 0x69, 0x61, 0x6c, 0x5f, 0x31, 0x2f, 0x67, 0x72, 0x75,
  0x5f, 0x31, 0x2f, 0x67, 0x72, 0x75, 0x5f, 0x63, 0x65, 0x6c, 0x6c, 0x5f,
  0x32, 0x37, 0x2f, 0x4d, 0x61, 0x74, 0x4d, 0x75, 0x6c, 0x3b, 0x73, 0x65,
  0x71, 0x75, 0x65, 0x6e, 0x74, 0x69, 0x61, 0x6c, 0x5f, 0x31, 0x2f, 0x67,
  0x72, 0x75, 0x5f, 0x31, 0x2f, 0x67, 0x72, 0x75, 0x5f, 0x63, 0x65, 0x6c,
  0x6c, 0x5f, 0x32, 0x37, 0x2f, 0x42, 0x69, 0x61, 0x73, 0x41, 0x64, 0x64,
  0x00, 0x00, 0x00, 0x00, 0x02, 0x00, 0x00, 0x00, 0x01, 0x00, 0x00, 0x00,
  0x30, 0x00, 0x00, 0x00, 0xd6, 0x32, 0xff, 0xff, 0x00, 0x00, 0x00, 0x01,
  0x18, 0x00, 0x00, 0x00, 0x20, 0x00, 0x00, 0x00, 0x40, 0x00, 0x00, 0x00,
  0x85, 0x00, 0x00, 0x00, 0x00, 0x00, 0x00, 0x09, 0xb0, 0x00, 0x00, 0x00,
  0x02, 0x00, 0x00, 0x00, 0xff, 0xff, 0xff, 0xff, 0x10, 0x00, 0x00, 0x00,
  0xbc, 0x32, 0xff, 0xff, 0x08, 0x00, 0x00, 0x00, 0x14, 0x00, 0x00, 0x00,
  0x01, 0x00, 0x00, 0x00, 0xf8, 0xff, 0xff, 0xff, 0xff, 0xff, 0xff, 0xff,
  0x00, 0x00, 0x00, 0x00, 0x01, 0x00, 0x00, 0x00, 0x1b, 0x37, 0x5e, 0x3c,
  0x77, 0x00, 0x00, 0x00, 0x73, 0x65, 0x71, 0x75, 0x65, 0x6e, 0x74, 0x69,
  0x61, 0x6c, 0x5f, 0x31, 0x2f, 0x67, 0x72, 0x75, 0x5f, 0x31, 0x2f, 0x67,
  0x72, 0x75, 0x5f, 0x63, 0x65, 0x6c, 0x6c, 0x5f, 0x32, 0x35, 0x2f, 0x73,
  0x70, 0x6c, 0x69, 0x74, 0x5f, 0x31, 0x3b, 0x73, 0x65, 0x71, 0x75, 0x65,
  0x6e, 0x74, 0x69, 0x61, 0x6c, 0x5f, 0x31, 0x2f, 0x67, 0x72, 0x75, 0x5f,
  0x31, 0x2f, 0x67, 0x72, 0x75, 0x5f, 0x63, 0x65, 0x6c, 0x6c, 0x5f, 0x32,
  0x35, 0x2f, 0x73, 0x70, 0x6c, 0x69, 0x74, 0x5f, 0x31, 0x31, 0x3b, 0x73,
  0x65, 0x71, 0x75, 0x65, 0x6e, 0x74, 0x69, 0x61, 0x6c, 0x5f, 0x31, 0x2f,
  0x67, 0x72, 0x75, 0x5f, 0x31, 0x2f, 0x67, 0x72, 0x75, 0x5f, 0x63, 0x65,
  0x6c, 0x6c, 0x5f, 0x32, 0x35, 0x2f, 0x73, 0x70, 0x6c, 0x69, 0x74, 0x5f,
  0x31, 0x32, 0x32, 0x00, 0x02, 0x00, 0x00, 0x00, 0x01, 0x00, 0x00, 0x00,
  0x10, 0x00, 0x00, 0x00, 0xae, 0x33, 0xff, 0xff, 0x00, 0x00, 0x00, 0x01,
  0x18, 0x00, 0x00, 0x00, 0x20, 0x00, 0x00, 0x00, 0x40, 0x00, 0x00, 0x00,
  0x84, 0x00, 0x00, 0x00, 0x00, 0x00, 0x00, 0x09, 0xb0, 0x00, 0x00, 0x00,
  0x02, 0x00, 0x00, 0x00, 0xff, 0xff, 0xff, 0xff, 0x10, 0x00, 0x00, 0x00,
  0x94, 0x33, 0xff, 0xff, 0x08, 0x00, 0x00, 0x00, 0x14, 0x00, 0x00, 0x00,
  0x01, 0x00, 0x00, 0x00, 0xf8, 0xff, 0xff, 0xff, 0xff, 0xff, 0xff, 0xff,
  0x00, 0x00, 0x00, 0x00, 0x01, 0x00, 0x00, 0x00, 0x1b, 0x37, 0x5e, 0x3c,
  0x77, 0x00, 0x00, 0x00, 0x73, 0x65, 0x71, 0x75, 0x65, 0x6e, 0x74, 0x69,
  0x61, 0x6c, 0x5f, 0x31, 0x2f, 0x67, 0x72, 0x75, 0x5f, 0x31, 0x2f, 0x67,
  0x72, 0x75, 0x5f, 0x63, 0x65, 0x6c, 0x6c, 0x5f, 0x32, 0x35, 0x2f, 0x73,
  0x70, 0x6c, 0x69, 0x74, 0x5f, 0x31, 0x3b, 0x73, 0x65, 0x71, 0x75, 0x65,
  0x6e, 0x74, 0x69, 0x61, 0x6c, 0x5f, 0x31, 0x2f, 0x67, 0x72, 0x75, 0x5f,
  0x31, 0x2f, 0x67, 0x72, 0x75, 0x5f, 0x63, 0x65, 0x6c, 0x6c, 0x5f, 0x32,
  0x35, 0x2f, 0x73, 0x70, 0x6c, 0x69, 0x74, 0x5f, 0x31, 0x31, 0x3b, 0x73,
  0x65, 0x71, 0x75, 0x65, 0x6e, 0x74, 0x69, 0x61, 0x6c, 0x5f, 0x31, 0x2f,
  0x67, 0x72, 0x75, 0x5f, 0x31, 0x2f, 0x67, 0x72, 0x75, 0x5f, 0x63, 0x65,
  0x6c, 0x6c, 0x5f, 0x32, 0x35, 0x2f, 0x73, 0x70, 0x6c, 0x69, 0x74, 0x5f,
  0x31, 0x32, 0x31, 0x00, 0x02, 0x00, 0x00, 0x00, 0x01, 0x00, 0x00, 0x00,
  0x10, 0x00, 0x00, 0x00, 0x86, 0x34, 0xff, 0xff, 0x00, 0x00, 0x00, 0x01,
  0x18, 0x00, 0x00, 0x00, 0x20, 0x00, 0x00, 0x00, 0x40, 0x00, 0x00, 0x00,
  0x83, 0x00, 0x00, 0x00, 0x00, 0x00, 0x00, 0x09, 0xb0, 0x00, 0x00, 0x00,
  0x02, 0x00, 0x00, 0x00, 0xff, 0xff, 0xff, 0xff, 0x10, 0x00, 0x00, 0x00,
  0x6c, 0x34, 0xff, 0xff, 0x08, 0x00, 0x00, 0x00, 0x14, 0x00, 0x00, 0x00,
  0x01, 0x00, 0x00, 0x00, 0xf8, 0xff, 0xff, 0xff, 0xff, 0xff, 0xff, 0xff,
  0x00, 0x00, 0x00, 0x00, 0x01, 0x00, 0x00, 0x00, 0x1b, 0x37, 0x5e, 0x3c,
  0x76, 0x00, 0x00, 0x00, 0x73, 0x65, 0x71, 0x75, 0x65, 0x6e, 0x74, 0x69,
  0x61, 0x6c, 0x5f, 0x31, 0x2f, 0x67, 0x72, 0x75, 0x5f, 0x31, 0x2f, 0x67,
  0x72, 0x75, 0x5f, 0x63, 0x65, 0x6c, 0x6c, 0x5f, 0x32, 0x35, 0x2f, 0x73,
  0x70, 0x6c, 0x69, 0x74, 0x5f, 0x31, 0x3b, 0x73, 0x65, 0x71, 0x75, 0x65,
  0x6e, 0x74, 0x69, 0x61, 0x6c, 0x5f, 0x31, 0x2f, 0x67, 0x72, 0x75, 0x5f,
  0x31, 0x2f, 0x67, 0x72, 0x75, 0x5f, 0x63, 0x65, 0x6c, 0x6c, 0x5f, 0x32,
  0x35, 0x2f, 0x73, 0x70, 0x6c, 0x69, 0x74, 0x5f, 0x31, 0x31, 0x3b, 0x73,
  0x65, 0x71, 0x75, 0x65, 0x6e, 0x74, 0x69, 0x61, 0x6c, 0x5f, 0x31, 0x2f,
  0x67, 0x72, 0x75, 0x5f, 0x31, 0x2f, 0x67, 0x72, 0x75, 0x5f, 0x63, 0x65,
  0x6c, 0x6c, 0x5f, 0x32, 0x35, 0x2f, 0x73, 0x70, 0x6c, 0x69, 0x74, 0x5f,
  0x31, 0x32, 0x00, 0x00, 0x02, 0x00, 0x00, 0x00, 0x01, 0x00, 0x00, 0x00,
  0x10, 0x00, 0x00, 0x00, 0x5e, 0x35, 0xff, 0xff, 0x00, 0x00, 0x00, 0x01,
  0x18, 0x00, 0x00, 0x00, 0x20, 0x00, 0x00, 0x00, 0x40, 0x00, 0x00, 0x00,
  0x82, 0x00, 0x00, 0x00, 0x00, 0x00, 0x00, 0x09, 0x88, 0x00, 0x00, 0x00,
  0x02, 0x00, 0x00, 0x00, 0xff, 0xff, 0xff, 0xff, 0x30, 0x00, 0x00, 0x00,
  0x44, 0x35, 0xff, 0xff, 0x08, 0x00, 0x00, 0x00, 0x14, 0x00, 0x00, 0x00,
  0x01, 0x00, 0x00, 0x00, 0xf8, 0xff, 0xff, 0xff, 0xff, 0xff, 0xff, 0xff,
  0x00, 0x00, 0x00, 0x00, 0x01, 0x00, 0x00, 0x00, 0x1b, 0x37, 0x5e, 0x3c,
  0x4c, 0x00, 0x00, 0x00, 0x73, 0x65, 0x71, 0x75, 0x65, 0x6e, 0x74, 0x69,
  0x61, 0x6c, 0x5f, 0x31, 0x2f, 0x67, 0x72, 0x75, 0x5f, 0x31, 0x2f, 0x67,
  0x72, 0x75, 0x5f, 0x63, 0x65, 0x6c, 0x6c, 0x5f, 0x32, 0x35, 0x2f, 0x4d,
  0x61, 0x74, 0x4d, 0x75, 0x6c, 0x3b, 0x73, 0x65, 0x71, 0x75, 0x65, 0x6e,
  0x74, 0x69, 0x61, 0x6c, 0x5f, 0x31, 0x2f, 0x67, 0x72, 0x75, 0x5f, 0x31,
  0x2f, 0x67, 0x72, 0x75, 0x5f, 0x63, 0x65, 0x6c, 0x6c, 0x5f, 0x32, 0x35,
  0x2f, 0x42, 0x69, 0x61, 0x73, 0x41, 0x64, 0x64, 0x00, 0x00, 0x00, 0x00,
  0x02, 0x00, 0x00, 0x00, 0x01, 0x00, 0x00, 0x00, 0x30, 0x00, 0x00, 0x00,
  0x0e, 0x36, 0xff, 0xff, 0x00, 0x00, 0x00, 0x01, 0x18, 0x00, 0x00, 0x00,
  0x20, 0x00, 0x00, 0x00, 0x40, 0x00, 0x00, 0x00, 0x81, 0x00, 0x00, 0x00,
  0x00, 0x00, 0x00, 0x09, 0xb0, 0x00, 0x00, 0x00, 0x02, 0x00, 0x00, 0x00,
  0xff, 0xff, 0xff, 0xff, 0x10, 0x00, 0x00, 0x00, 0xf4, 0x35, 0xff, 0xff,
  0x08, 0x00, 0x00, 0x00, 0x14, 0x00, 0x00, 0x00, 0x01, 0x00, 0x00, 0x00,
  0xf4, 0xff, 0xff, 0xff, 0xff, 0xff, 0xff, 0xff, 0x00, 0x00, 0x00, 0x00,
  0x01, 0x00, 0x00, 0x00, 0x02, 0x63, 0x72, 0x3c, 0x77, 0x00, 0x00, 0x00,
  0x73, 0x65, 0x71, 0x75, 0x65, 0x6e, 0x74, 0x69, 0x61, 0x6c, 0x5f, 0x31,
  0x2f, 0x67, 0x72, 0x75, 0x5f, 0x31, 0x2f, 0x67, 0x72, 0x75, 0x5f, 0x63,
  0x65, 0x6c, 0x6c, 0x5f, 0x32, 0x33, 0x2f, 0x73, 0x70, 0x6c, 0x69, 0x74,
  0x5f, 0x31, 0x3b, 0x73, 0x65, 0x71, 0x75, 0x65, 0x6e, 0x74, 0x69, 0x61,
  0x6c, 0x5f, 0x31, 0x2f, 0x67, 0x72, 0x75, 0x5f, 0x31, 0x2f, 0x67, 0x72,
  0x75, 0x5f, 0x63, 0x65, 0x6c, 0x6c, 0x5f, 0x32, 0x33, 0x2f, 0x73, 0x70,
  0x6c, 0x69, 0x74, 0x5f, 0x31, 0x31, 0x3b, 0x73, 0x65, 0x71, 0x75, 0x65,
  0x6e, 0x74, 0x69, 0x61, 0x6c, 0x5f, 0x31, 0x2f, 0x67, 0x72, 0x75, 0x5f,
  0x31, 0x2f, 0x67, 0x72, 0x75, 0x5f, 0x63, 0x65, 0x6c, 0x6c, 0x5f, 0x32,
  0x33, 0x2f, 0x73, 0x70, 0x6c, 0x69, 0x74, 0x5f, 0x31, 0x32, 0x32, 0x00,
  0x02, 0x00, 0x00, 0x00, 0x01, 0x00, 0x00, 0x00, 0x10, 0x00, 0x00, 0x00,
  0xe6, 0x36, 0xff, 0xff, 0x00, 0x00, 0x00, 0x01, 0x18, 0x00, 0x00, 0x00,
  0x20, 0x00, 0x00, 0x00, 0x40, 0x00, 0x00, 0x00, 0x80, 0x00, 0x00, 0x00,
  0x00, 0x00, 0x00, 0x09, 0xb0, 0x00, 0x00, 0x00, 0x02, 0x00, 0x00, 0x00,
  0xff, 0xff, 0xff, 0xff, 0x10, 0x00, 0x00, 0x00, 0xcc, 0x36, 0xff, 0xff,
  0x08, 0x00, 0x00, 0x00, 0x14, 0x00, 0x00, 0x00, 0x01, 0x00, 0x00, 0x00,
  0xf4, 0xff, 0xff, 0xff, 0xff, 0xff, 0xff, 0xff, 0x00, 0x00, 0x00, 0x00,
  0x01, 0x00, 0x00, 0x00, 0x02, 0x63, 0x72, 0x3c, 0x77, 0x00, 0x00, 0x00,
  0x73, 0x65, 0x71, 0x75, 0x65, 0x6e, 0x74, 0x69, 0x61, 0x6c, 0x5f, 0x31,
  0x2f, 0x67, 0x72, 0x75, 0x5f, 0x31, 0x2f, 0x67, 0x72, 0x75, 0x5f, 0x63,
  0x65, 0x6c, 0x6c, 0x5f, 0x32, 0x33, 0x2f, 0x73, 0x70, 0x6c, 0x69, 0x74,
  0x5f, 0x31, 0x3b, 0x73, 0x65, 0x71, 0x75, 0x65, 0x6e, 0x74, 0x69, 0x61,
  0x6c, 0x5f, 0x31, 0x2f, 0x67, 0x72, 0x75, 0x5f, 0x31, 0x2f, 0x67, 0x72,
  0x75, 0x5f, 0x63, 0x65, 0x6c, 0x6c, 0x5f, 0x32, 0x33, 0x2f, 0x73, 0x70,
  0x6c, 0x69, 0x74, 0x5f, 0x31, 0x31, 0x3b, 0x73, 0x65, 0x71, 0x75, 0x65,
  0x6e, 0x74, 0x69, 0x61, 0x6c, 0x5f, 0x31, 0x2f, 0x67, 0x72, 0x75, 0x5f,
  0x31, 0x2f, 0x67, 0x72, 0x75, 0x5f, 0x63, 0x65, 0x6c, 0x6c, 0x5f, 0x32,
  0x33, 0x2f, 0x73, 0x70, 0x6c, 0x69, 0x74, 0x5f, 0x31, 0x32, 0x31, 0x00,
  0x02, 0x00, 0x00, 0x00, 0x01, 0x00, 0x00, 0x00, 0x10, 0x00, 0x00, 0x00,
  0xbe, 0x37, 0xff, 0xff, 0x00, 0x00, 0x00, 0x01, 0x18, 0x00, 0x00, 0x00,
  0x20, 0x00, 0x00, 0x00, 0x40, 0x00, 0x00, 0x00, 0x7f, 0x00, 0x00, 0x00,
  0x00, 0x00, 0x00, 0x09, 0xb0, 0x00, 0x00, 0x00, 0x02, 0x00, 0x00, 0x00,
  0xff, 0xff, 0xff, 0xff, 0x10, 0x00, 0x00, 0x00, 0xa4, 0x37, 0xff, 0xff,
  0x08, 0x00, 0x00, 0x00, 0x14, 0x00, 0x00, 0x00, 0x01, 0x00, 0x00, 0x00,
  0xf4, 0xff, 0xff, 0xff, 0xff, 0xff, 0xff, 0xff, 0x00, 0x00, 0x00, 0x00,
  0x01, 0x00, 0x00, 0x00, 0x02, 0x63, 0x72, 0x3c, 0x76, 0x00, 0x00, 0x00,
  0x73, 0x65, 0x71, 0x75, 0x65, 0x6e, 0x74, 0x69, 0x61, 0x6c, 0x5f, 0x31,
  0x2f, 0x67, 0x72, 0x75, 0x5f, 0x31, 0x2f, 0x67, 0x72, 0x75, 0x5f, 0x63,
  0x65, 0x6c, 0x6c, 0x5f, 0x32, 0x33, 0x2f, 0x73, 0x70, 0x6c, 0x69, 0x74,
  0x5f, 0x31, 0x3b, 0x73, 0x65, 0x71, 0x75, 0x65, 0x6e, 0x74, 0x69, 0x61,
  0x6c, 0x5f, 0x31, 0x2f, 0x67, 0x72, 0x75, 0x5f, 0x31, 0x2f, 0x67, 0x72,
  0x75, 0x5f, 0x63, 0x65, 0x6c, 0x6c, 0x5f, 0x32, 0x33, 0x2f, 0x73, 0x70,
  0x6c, 0x69, 0x74, 0x5f, 0x31, 0x31, 0x3b, 0x73, 0x65, 0x71, 0x75, 0x65,
  0x6e, 0x74, 0x69, 0x61, 0x6c, 0x5f, 0x31, 0x2f, 0x67, 0x72, 0x75, 0x5f,
  0x31, 0x2f, 0x67, 0x72, 0x75, 0x5f, 0x63, 0x65, 0x6c, 0x6c, 0x5f, 0x32,
  0x33, 0x2f, 0x73, 0x70, 0x6c, 0x69, 0x74, 0x5f, 0x31, 0x32, 0x00, 0x00,
  0x02, 0x00, 0x00, 0x00, 0x01, 0x00, 0x00, 0x00, 0x10, 0x00, 0x00, 0x00,
  0x96, 0x38, 0xff, 0xff, 0x00, 0x00, 0x00, 0x01, 0x18, 0x00, 0x00, 0x00,
  0x20, 0x00, 0x00, 0x00, 0x40, 0x00, 0x00, 0x00, 0x7e, 0x00, 0x00, 0x00,
  0x00, 0x00, 0x00, 0x09, 0x88, 0x00, 0x00, 0x00, 0x02, 0x00, 0x00, 0x00,
  0xff, 0xff, 0xff, 0xff, 0x30, 0x00, 0x00, 0x00, 0x7c, 0x38, 0xff, 0xff,
  0x08, 0x00, 0x00, 0x00, 0x14, 0x00, 0x00, 0x00, 0x01, 0x00, 0x00, 0x00,
  0xf4, 0xff, 0xff, 0xff, 0xff, 0xff, 0xff, 0xff, 0x00, 0x00, 0x00, 0x00,
  0x01, 0x00, 0x00, 0x00, 0x02, 0x63, 0x72, 0x3c, 0x4c, 0x00, 0x00, 0x00,
  0x73, 0x65, 0x71, 0x75, 0x65, 0x6e, 0x74, 0x69, 0x61, 0x6c, 0x5f, 0x31,
  0x2f, 0x67, 0x72, 0x75, 0x5f, 0x31, 0x2f, 0x67, 0x72, 0x75, 0x5f, 0x63,
  0x65, 0x6c, 0x6c, 0x5f, 0x32, 0x33, 0x2f, 0x4d, 0x61, 0x74, 0x4d, 0x75,
  0x6c, 0x3b, 0x73, 0x65, 0x71, 0x75, 0x65, 0x6e, 0x74, 0x69, 0x61, 0x6c,
  0x5f, 0x31, 0x2f, 0x67, 0x72, 0x75, 0x5f, 0x31, 0x2f, 0x67, 0x72, 0x75,
  0x5f, 0x63, 0x65, 0x6c, 0x6c, 0x5f, 0x32, 0x33, 0x2f, 0x42, 0x69, 0x61,
  0x73, 0x41, 0x64, 0x64, 0x00, 0x00, 0x00, 0x00, 0x02, 0x00, 0x00, 0x00,
  0x01, 0x00, 0x00, 0x00, 0x30, 0x00, 0x00, 0x00, 0x46, 0x39, 0xff, 0xff,
  0x00, 0x00, 0x00, 0x01, 0x18, 0x00, 0x00, 0x00, 0x20, 0x00, 0x00, 0x00,
  0x40, 0x00, 0x00, 0x00, 0x7d, 0x00, 0x00, 0x00, 0x00, 0x00, 0x00, 0x09,
  0xb0, 0x00, 0x00, 0x00, 0x02, 0x00, 0x00, 0x00, 0xff, 0xff, 0xff, 0xff,
  0x10, 0x00, 0x00, 0x00, 0x2c, 0x39, 0xff, 0xff, 0x08, 0x00, 0x00, 0x00,
  0x14, 0x00, 0x00, 0x00, 0x01, 0x00, 0x00, 0x00, 0xf8, 0xff, 0xff, 0xff,
  0xff, 0xff, 0xff, 0xff, 0x00, 0x00, 0x00, 0x00, 0x01, 0x00, 0x00, 0x00,
  0xa6, 0xcd, 0x54, 0x3c, 0x77, 0x00, 0x00, 0x00, 0x73, 0x65, 0x71, 0x75,
  0x65, 0x6e, 0x74, 0x69, 0x61, 0x6c, 0x5f, 0x31, 0x2f, 0x67, 0x72, 0x75,
  0x5f, 0x31, 0x2f, 0x67, 0x72, 0x75, 0x5f, 0x63, 0x65, 0x6c, 0x6c, 0x5f,
  0x32, 0x31, 0x2f, 0x73, 0x70, 0x6c, 0x69, 0x74, 0x5f, 0x31, 0x3b, 0x73,
  0x65, 0x71, 0x75, 0x65, 0x6e, 0x74, 0x69, 0x61, 0x6c, 0x5f, 0x31, 0x2f,
  0x67, 0x72, 0x75, 0x5f, 0x31, 0x2f, 0x67, 0x72, 0x75, 0x5f, 0x63, 0x65,
  0x6c, 0x6c, 0x5f, 0x32, 0x31, 0x2f, 0x73, 0x70, 0x6c, 0x69, 0x74, 0x5f,
  0x31, 0x31, 0x3b, 0x73, 0x65, 0x71, 0x75, 0x65, 0x6e, 0x74, 0x69, 0x61,
  0x6c, 0x5f, 0x31, 0x2f, 0x67, 0x72, 0x75, 0x5f, 0x31, 0x2f, 0x67, 0x72,
  0x75, 0x5f, 0x63, 0x65, 0x6c, 0x6c, 0x5f, 0x32, 0x31, 0x2f, 0x73, 0x70,
  0x6c, 0x69, 0x74, 0x5f, 0x31, 0x32, 0x32, 0x00, 0x02, 0x00, 0x00, 0x00,
  0x01, 0x00, 0x00, 0x00, 0x10, 0x00, 0x00, 0x00, 0x1e, 0x3a, 0xff, 0xff,
  0x00, 0x00, 0x00, 0x01, 0x18, 0x00, 0x00, 0x00, 0x20, 0x00, 0x00, 0x00,
  0x40, 0x00, 0x00, 0x00, 0x7c, 0x00, 0x00, 0x00, 0x00, 0x00, 0x00, 0x09,
  0xb0, 0x00, 0x00, 0x00, 0x02, 0x00, 0x00, 0x00, 0xff, 0xff, 0xff, 0xff,
  0x10, 0x00, 0x00, 0x00, 0x04, 0x3a, 0xff, 0xff, 0x08, 0x00, 0x00, 0x00,
  0x14, 0x00, 0x00, 0x00, 0x01, 0x00, 0x00, 0x00, 0xf8, 0xff, 0xff, 0xff,
  0xff, 0xff, 0xff, 0xff, 0x00, 0x00, 0x00, 0x00, 0x01, 0x00, 0x00, 0x00,
  0xa6, 0xcd, 0x54, 0x3c, 0x77, 0x00, 0x00, 0x00, 0x73, 0x65, 0x71, 0x75,
  0x65, 0x6e, 0x74, 0x69, 0x61, 0x6c, 0x5f, 0x31, 0x2f, 0x67, 0x72, 0x75,
  0x5f, 0x31, 0x2f, 0x67, 0x72, 0x75, 0x5f, 0x63, 0x65, 0x6c, 0x6c, 0x5f,
  0x32, 0x31, 0x2f, 0x73, 0x70, 0x6c, 0x69, 0x74, 0x5f, 0x31, 0x3b, 0x73,
  0x65, 0x71, 0x75, 0x65, 0x6e, 0x74, 0x69, 0x61, 0x6c, 0x5f, 0x31, 0x2f,
  0x67, 0x72, 0x75, 0x5f, 0x31, 0x2f, 0x67, 0x72, 0x75, 0x5f, 0x63, 0x65,
  0x6c, 0x6c, 0x5f, 0x32, 0x31, 0x2f, 0x73, 0x70, 0x6c, 0x69, 0x74, 0x5f,
  0x31, 0x31, 0x3b, 0x73, 0x65, 0x71, 0x75, 0x65, 0x6e, 0x74, 0x69, 0x61,
  0x6c, 0x5f, 0x31, 0x2f, 0x67, 0x72, 0x75, 0x5f, 0x31, 0x2f, 0x67, 0x72,
  0x75, 0x5f, 0x63, 0x65, 0x6c, 0x6c, 0x5f, 0x32, 0x31, 0x2f, 0x73, 0x70,
  0x6c, 0x69, 0x74, 0x5f, 0x31, 0x32, 0x31, 0x00, 0x02, 0x00, 0x00, 0x00,
  0x01, 0x00, 0x00, 0x00, 0x10, 0x00, 0x00, 0x00, 0xf6, 0x3a, 0xff, 0xff,
  0x00, 0x00, 0x00, 0x01, 0x18, 0x00, 0x00, 0x00, 0x20, 0x00, 0x00, 0x00,
  0x40, 0x00, 0x00, 0x00, 0x7b, 0x00, 0x00, 0x00, 0x00, 0x00, 0x00, 0x09,
  0xb0, 0x00, 0x00, 0x00, 0x02, 0x00, 0x00, 0x00, 0xff, 0xff, 0xff, 0xff,
  0x10, 0x00, 0x00, 0x00, 0xdc, 0x3a, 0xff, 0xff, 0x08, 0x00, 0x00, 0x00,
  0x14, 0x00, 0x00, 0x00, 0x01, 0x00, 0x00, 0x00, 0xf8, 0xff, 0xff, 0xff,
  0xff, 0xff, 0xff, 0xff, 0x00, 0x00, 0x00, 0x00, 0x01, 0x00, 0x00, 0x00,
  0xa6, 0xcd, 0x54, 0x3c, 0x76, 0x00, 0x00, 0x00, 0x73, 0x65, 0x71, 0x75,
  0x65, 0x6e, 0x74, 0x69, 0x61, 0x6c, 0x5f, 0x31, 0x2f, 0x67, 0x72, 0x75,
  0x5f, 0x31, 0x2f, 0x67, 0x72, 0x75, 0x5f, 0x63, 0x65, 0x6c, 0x6c, 0x5f,
  0x32, 0x31, 0x2f, 0x73, 0x70, 0x6c, 0x69, 0x74, 0x5f, 0x31, 0x3b, 0x73,
  0x65, 0x71, 0x75, 0x65, 0x6e, 0x74, 0x69, 0x61, 0x6c, 0x5f, 0x31, 0x2f,
  0x67, 0x72, 0x75, 0x5f, 0x31, 0x2f, 0x67, 0x72, 0x75, 0x5f, 0x63, 0x65,
  0x6c, 0x6c, 0x5f, 0x32, 0x31, 0x2f, 0x73, 0x70, 0x6c, 0x69, 0x74, 0x5f,
  0x31, 0x31, 0x3b, 0x73, 0x65, 0x71, 0x75, 0x65, 0x6e, 0x74, 0x69, 0x61,
  0x6c, 0x5f, 0x31, 0x2f, 0x67, 0x72, 0x75, 0x5f, 0x31, 0x2f, 0x67, 0x72,
  0x75, 0x5f, 0x63, 0x65, 0x6c, 0x6c, 0x5f, 0x32, 0x31, 0x2f, 0x73, 0x70,
  0x6c, 0x69, 0x74, 0x5f, 0x31, 0x32, 0x00, 0x00, 0x02, 0x00, 0x00, 0x00,
  0x01, 0x00, 0x00, 0x00, 0x10, 0x00, 0x00, 0x00, 0xce, 0x3b, 0xff, 0xff,
  0x00, 0x00, 0x00, 0x01, 0x18, 0x00, 0x00, 0x00, 0x20, 0x00, 0x00, 0x00,
  0x40, 0x00, 0x00, 0x00, 0x7a, 0x00, 0x00, 0x00, 0x00, 0x00, 0x00, 0x09,
  0x88, 0x00, 0x00, 0x00, 0x02, 0x00, 0x00, 0x00, 0xff, 0xff, 0xff, 0xff,
  0x30, 0x00, 0x00, 0x00, 0xb4, 0x3b, 0xff, 0xff, 0x08, 0x00, 0x00, 0x00,
  0x14, 0x00, 0x00, 0x00, 0x01, 0x00, 0x00, 0x00, 0xf8, 0xff, 0xff, 0xff,
  0xff, 0xff, 0xff, 0xff, 0x00, 0x00, 0x00, 0x00, 0x01, 0x00, 0x00, 0x00,
  0xa6, 0xcd, 0x54, 0x3c, 0x4c, 0x00, 0x00, 0x00, 0x73, 0x65, 0x71, 0x75,
  0x65, 0x6e, 0x74, 0x69, 0x61, 0x6c, 0x5f, 0x31, 0x2f, 0x67, 0x72, 0x75,
  0x5f, 0x31, 0x2f, 0x67, 0x72, 0x75, 0x5f, 0x63, 0x65, 0x6c, 0x6c, 0x5f,
  0x32, 0x31, 0x2f, 0x4d, 0x61, 0x74, 0x4d, 0x75, 0x6c, 0x3b, 0x73, 0x65,
  0x71, 0x75, 0x65, 0x6e, 0x74, 0x69, 0x61, 0x6c, 0x5f, 0x31, 0x2f, 0x67,
  0x72, 0x75, 0x5f, 0x31, 0x2f, 0x67, 0x72, 0x75, 0x5f, 0x63, 0x65, 0x6c,
  0x6c, 0x5f, 0x32, 0x31, 0x2f, 0x42, 0x69, 0x61, 0x73, 0x41, 0x64, 0x64,
  0x00, 0x00, 0x00, 0x00, 0x02, 0x00, 0x00, 0x00, 0x01, 0x00, 0x00, 0x00,
  0x30, 0x00, 0x00, 0x00, 0x7e, 0x3c, 0xff, 0xff, 0x00, 0x00, 0x00, 0x01,
  0x18, 0x00, 0x00, 0x00, 0x20, 0x00, 0x00, 0x00, 0x40, 0x00, 0x00, 0x00,
  0x79, 0x00, 0x00, 0x00, 0x00, 0x00, 0x00, 0x09, 0xb0, 0x00, 0x00, 0x00,
  0x02, 0x00, 0x00, 0x00, 0xff, 0xff, 0xff, 0xff, 0x10, 0x00, 0x00, 0x00,
  0x64, 0x3c, 0xff, 0xff, 0x08, 0x00, 0x00, 0x00, 0x14, 0x00, 0x00, 0x00,
  0x01, 0x00, 0x00, 0x00, 0xf1, 0xff, 0xff, 0xff, 0xff, 0xff, 0xff, 0xff,
  0x00, 0x00, 0x00, 0x00, 0x01, 0x00, 0x00, 0x00, 0xd4, 0xb1, 0x63, 0x3c,
  0x77, 0x00, 0x00, 0x00, 0x73, 0x65, 0x71, 0x75, 0x65, 0x6e, 0x74, 0x69,
  0x61, 0x6c, 0x5f, 0x31, 0x2f, 0x67, 0x72, 0x75, 0x5f, 0x31, 0x2f, 0x67,
  0x72, 0x75, 0x5f, 0x63, 0x65, 0x6c, 0x6c, 0x5f, 0x31, 0x39, 0x2f, 0x73,
  0x70, 0x6c, 0x69, 0x74, 0x5f, 0x31, 0x3b, 0x73, 0x65, 0x71, 0x75, 0x65,
  0x6e, 0x74, 0x69, 0x61, 0x6c, 0x5f, 0x31, 0x2f, 0x67, 0x72, 0x75, 0x5f,
  0x31, 0x2f, 0x67, 0x72, 0x75, 0x5f, 0x63, 0x65, 0x6c, 0x6c, 0x5f, 0x31,
  0x39, 0x2f, 0x73, 0x70, 0x6c, 0x69, 0x74, 0x5f, 0x31, 0x31, 0x3b, 0x73,
  0x65, 0x71, 0x75, 0x65, 0x6e, 0x74, 0x69, 0x61, 0x6c, 0x5f, 0x31, 0x2f,
  0x67, 0x72, 0x75, 0x5f, 0x31, 0x2f, 0x67, 0x72, 0x75, 0x5f, 0x63, 0x65,
  0x6c, 0x6c, 0x5f, 0x31, 0x39, 0x2f, 0x73, 0x70, 0x6c, 0x69, 0x74, 0x5f,
  0x31, 0x32, 0x32, 0x00, 0x02, 0x00, 0x00, 0x00, 0x01, 0x00, 0x00, 0x00,
  0x10, 0x00, 0x00, 0x00, 0x56, 0x3d, 0xff, 0xff, 0x00, 0x00, 0x00, 0x01,
  0x18, 0x00, 0x00, 0x00, 0x20, 0x00, 0x00, 0x00, 0x40, 0x00, 0x00, 0x00,
  0x78, 0x00, 0x00, 0x00, 0x00, 0x00, 0x00, 0x09, 0xb0, 0x00, 0x00, 0x00,
  0x02, 0x00, 0x00, 0x00, 0xff, 0xff, 0xff, 0xff, 0x10, 0x00, 0x00, 0x00,
  0x3c, 0x3d, 0xff, 0xff, 0x08, 0x00, 0x00, 0x00, 0x14, 0x00, 0x00, 0x00,
  0x01, 0x00, 0x00, 0x00, 0xf1, 0xff, 0xff, 0xff, 0xff, 0xff, 0xff, 0xff,
  0x00, 0x00, 0x00, 0x00, 0x01, 0x00, 0x00, 0x00, 0xd4, 0xb1, 0x63, 0x3c,
  0x77, 0x00, 0x00, 0x00, 0x73, 0x65, 0x71, 0x75, 0x65, 0x6e, 0x74, 0x69,
  0x61, 0x6c, 0x5f, 0x31, 0x2f, 0x67, 0x72, 0x75, 0x5f, 0x31, 0x2f, 0x67,
  0x72, 0x75, 0x5f, 0x63, 0x65, 0x6c, 0x6c, 0x5f, 0x31, 0x39, 0x2f, 0x73,
  0x70, 0x6c, 0x69, 0x74, 0x5f, 0x31, 0x3b, 0x73, 0x65, 0x71, 0x75, 0x65,
  0x6e, 0x74, 0x69, 0x61, 0x6c, 0x5f, 0x31, 0x2f, 0x67, 0x72, 0x75, 0x5f,
  0x31, 0x2f, 0x67, 0x72, 0x75, 0x5f, 0x63, 0x65, 0x6c, 0x6c, 0x5f, 0x31,
  0x39, 0x2f, 0x73, 0x70, 0x6c, 0x69, 0x74, 0x5f, 0x31, 0x31, 0x3b, 0x73,
  0x65, 0x71, 0x75, 0x65, 0x6e, 0x74, 0x69, 0x61, 0x6c, 0x5f, 0x31, 0x2f,
  0x67, 0x72, 0x75, 0x5f, 0x31, 0x2f, 0x67, 0x72, 0x75, 0x5f, 0x63, 0x65,
  0x6c, 0x6c, 0x5f, 0x31, 0x39, 0x2f, 0x73, 0x70, 0x6c, 0x69, 0x74, 0x5f,
  0x31, 0x32, 0x31, 0x00, 0x02, 0x00, 0x00, 0x00, 0x01, 0x00, 0x00, 0x00,
  0x10, 0x00, 0x00, 0x00, 0x2e, 0x3e, 0xff, 0xff, 0x00, 0x00, 0x00, 0x01,
  0x18, 0x00, 0x00, 0x00, 0x20, 0x00, 0x00, 0x00, 0x40, 0x00, 0x00, 0x00,
  0x77, 0x00, 0x00, 0x00, 0x00, 0x00, 0x00, 0x09, 0xb0, 0x00, 0x00, 0x00,
  0x02, 0x00, 0x00, 0x00, 0xff, 0xff, 0xff, 0xff, 0x10, 0x00, 0x00, 0x00,
  0x14, 0x3e, 0xff, 0xff, 0x08, 0x00, 0x00, 0x00, 0x14, 0x00, 0x00, 0x00,
  0x01, 0x00, 0x00, 0x00, 0xf1, 0xff, 0xff, 0xff, 0xff, 0xff, 0xff, 0xff,
  0x00, 0x00, 0x00, 0x00, 0x01, 0x00, 0x00, 0x00, 0xd4, 0xb1, 0x63, 0x3c,
  0x76, 0x00, 0x00, 0x00, 0x73, 0x65, 0x71, 0x75, 0x65, 0x6e, 0x74, 0x69,
  0x61, 0x6c, 0x5f, 0x31, 0x2f, 0x67, 0x72, 0x75, 0x5f, 0x31, 0x2f, 0x67,
  0x72, 0x75, 0x5f, 0x63, 0x65, 0x6c, 0x6c, 0x5f, 0x31, 0x39, 0x2f, 0x73,
  0x70, 0x6c, 0x69, 0x74, 0x5f, 0x31, 0x3b, 0x73, 0x65, 0x71, 0x75, 0x65,
  0x6e, 0x74, 0x69, 0x61, 0x6c, 0x5f, 0x31, 0x2f, 0x67, 0x72, 0x75, 0x5f,
  0x31, 0x2f, 0x67, 0x72, 0x75, 0x5f, 0x63, 0x65, 0x6c, 0x6c, 0x5f, 0x31,
  0x39, 0x2f, 0x73, 0x70, 0x6c, 0x69, 0x74, 0x5f, 0x31, 0x31, 0x3b, 0x73,
  0x65, 0x71, 0x75, 0x65, 0x6e, 0x74, 0x69, 0x61, 0x6c, 0x5f, 0x31, 0x2f,
  0x67, 0x72, 0x75, 0x5f, 0x31, 0x2f, 0x67, 0x72, 0x75, 0x5f, 0x63, 0x65,
  0x6c, 0x6c, 0x5f, 0x31, 0x39, 0x2f, 0x73, 0x70, 0x6c, 0x69, 0x74, 0x5f,
  0x31, 0x32, 0x00, 0x00, 0x02, 0x00, 0x00, 0x00, 0x01, 0x00, 0x00, 0x00,
  0x10, 0x00, 0x00, 0x00, 0x06, 0x3f, 0xff, 0xff, 0x00, 0x00, 0x00, 0x01,
  0x18, 0x00, 0x00, 0x00, 0x20, 0x00, 0x00, 0x00, 0x40, 0x00, 0x00, 0x00,
  0x76, 0x00, 0x00, 0x00, 0x00, 0x00, 0x00, 0x09, 0x88, 0x00, 0x00, 0x00,
  0x02, 0x00, 0x00, 0x00, 0xff, 0xff, 0xff, 0xff, 0x30, 0x00, 0x00, 0x00,
  0xec, 0x3e, 0xff, 0xff, 0x08, 0x00, 0x00, 0x00, 0x14, 0x00, 0x00, 0x00,
  0x01, 0x00, 0x00, 0x00, 0xf1, 0xff, 0xff, 0xff, 0xff, 0xff, 0xff, 0xff,
  0x00, 0x00, 0x00, 0x00, 0x01, 0x00, 0x00, 0x00, 0xd4, 0xb1, 0x63, 0x3c,
  0x4c, 0x00, 0x00, 0x00, 0x73, 0x65, 0x71, 0x75, 0x65, 0x6e, 0x74, 0x69,
  0x61, 0x6c, 0x5f, 0x31, 0x2f, 0x67, 0x72, 0x75, 0x5f, 0x31, 0x2f, 0x67,
  0x72, 0x75, 0x5f, 0x63, 0x65, 0x6c, 0x6c, 0x5f, 0x31, 0x39, 0x2f, 0x4d,
  0x61, 0x74, 0x4d, 0x75, 0x6c, 0x3b, 0x73, 0x65, 0x71, 0x75, 0x65, 0x6e,
  0x74, 0x69, 0x61, 0x6c, 0x5f, 0x31, 0x2f, 0x67, 0x72, 0x75, 0x5f, 0x31,
  0x2f, 0x67, 0x72, 0x75, 0x5f, 0x63, 0x65, 0x6c, 0x6c, 0x5f, 0x31, 0x39,
  0x2f, 0x42, 0x69, 0x61, 0x73, 0x41, 0x64, 0x64, 0x00, 0x00, 0x00, 0x00,
  0x02, 0x00, 0x00, 0x00, 0x01, 0x00, 0x00, 0x00, 0x30, 0x00, 0x00, 0x00,
  0xb6, 0x3f, 0xff, 0xff, 0x00, 0x00, 0x00, 0x01, 0x18, 0x00, 0x00, 0x00,
  0x20, 0x00, 0x00, 0x00, 0x40, 0x00, 0x00, 0x00, 0x75, 0x00, 0x00, 0x00,
  0x00, 0x00, 0x00, 0x09, 0xb0, 0x00, 0x00, 0x00, 0x02, 0x00, 0x00, 0x00,
  0xff, 0xff, 0xff, 0xff, 0x10, 0x00, 0x00, 0x00, 0x9c, 0x3f, 0xff, 0xff,
  0x08, 0x00, 0x00, 0x00, 0x14, 0x00, 0x00, 0x00, 0x01, 0x00, 0x00, 0x00,
  0xf4, 0xff, 0xff, 0xff, 0xff, 0xff, 0xff, 0xff, 0x00, 0x00, 0x00, 0x00,
  0x01, 0x00, 0x00, 0x00, 0xbd, 0x60, 0x62, 0x3c, 0x77, 0x00, 0x00, 0x00,
  0x73, 0x65, 0x71, 0x75, 0x65, 0x6e, 0x74, 0x69, 0x61, 0x6c, 0x5f, 0x31,
  0x2f, 0x67, 0x72, 0x75, 0x5f, 0x31, 0x2f, 0x67, 0x72, 0x75, 0x5f, 0x63,
  0x65, 0x6c, 0x6c, 0x5f, 0x31, 0x37, 0x2f, 0x73, 0x70, 0x6c, 0x69, 0x74,
  0x5f, 0x31, 0x3b, 0x73, 0x65, 0x71, 0x75, 0x65, 0x6e, 0x74, 0x69, 0x61,
  0x6c, 0x5f, 0x31, 0x2f, 0x67, 0x72, 0x75, 0x5f, 0x31, 0x2f, 0x67, 0x72,
  0x75, 0x5f, 0x63, 0x65, 0x6c, 0x6c, 0x5f, 0x31, 0x37, 0x2f, 0x73, 0x70,
  0x6c, 0x69, 0x74, 0x5f, 0x31, 0x31, 0x3b, 0x73, 0x65, 0x71, 0x75, 0x65,
  0x6e, 0x74, 0x69, 0x61, 0x6c, 0x5f, 0x31, 0x2f, 0x67, 0x72, 0x75, 0x5f,
  0x31, 0x2f, 0x67, 0x72, 0x75, 0x5f, 0x63, 0x65, 0x6c, 0x6c, 0x5f, 0x31,
  0x37, 0x2f, 0x73, 0x70, 0x6c, 0x69, 0x74, 0x5f, 0x31, 0x32, 0x32, 0x00,
  0x02, 0x00, 0x00, 0x00, 0x01, 0x00, 0x00, 0x00, 0x10, 0x00, 0x00, 0x00,
  0x8e, 0x40, 0xff, 0xff, 0x00, 0x00, 0x00, 0x01, 0x18, 0x00, 0x00, 0x00,
  0x20, 0x00, 0x00, 0x00, 0x40, 0x00, 0x00, 0x00, 0x74, 0x00, 0x00, 0x00,
  0x00, 0x00, 0x00, 0x09, 0xb0, 0x00, 0x00, 0x00, 0x02, 0x00, 0x00, 0x00,
  0xff, 0xff, 0xff, 0xff, 0x10, 0x00, 0x00, 0x00, 0x74, 0x40, 0xff, 0xff,
  0x08, 0x00, 0x00, 0x00, 0x14, 0x00, 0x00, 0x00, 0x01, 0x00, 0x00, 0x00,
  0xf4, 0xff, 0xff, 0xff, 0xff, 0xff, 0xff, 0xff, 0x00, 0x00, 0x00, 0x00,
  0x01, 0x00, 0x00, 0x00, 0xbd, 0x60, 0x62, 0x3c, 0x77, 0x00, 0x00, 0x00,
  0x73, 0x65, 0x71, 0x75, 0x65, 0x6e, 0x74, 0x69, 0x61, 0x6c, 0x5f, 0x31,
  0x2f, 0x67, 0x72, 0x75, 0x5f, 0x31, 0x2f, 0x67, 0x72, 0x75, 0x5f, 0x63,
  0x65, 0x6c, 0x6c, 0x5f, 0x31, 0x37, 0x2f, 0x73, 0x70, 0x6c, 0x69, 0x74,
  0x5f, 0x31, 0x3b, 0x73, 0x65, 0x71, 0x75, 0x65, 0x6e, 0x74, 0x69, 0x61,
  0x6c, 0x5f, 0x31, 0x2f, 0x67, 0x72, 0x75, 0x5f, 0x31, 0x2f, 0x67, 0x72,
  0x75, 0x5f, 0x63, 0x65, 0x6c, 0x6c, 0x5f, 0x31, 0x37, 0x2f, 0x73, 0x70,
  0x6c, 0x69, 0x74, 0x5f, 0x31, 0x31, 0x3b, 0x73, 0x65, 0x71, 0x75, 0x65,
  0x6e, 0x74, 0x69, 0x61, 0x6c, 0x5f, 0x31, 0x2f, 0x67, 0x72, 0x75, 0x5f,
  0x31, 0x2f, 0x67, 0x72, 0x75, 0x5f, 0x63, 0x65, 0x6c, 0x6c, 0x5f, 0x31,
  0x37, 0x2f, 0x73, 0x70, 0x6c, 0x69, 0x74, 0x5f, 0x31, 0x32, 0x31, 0x00,
  0x02, 0x00, 0x00, 0x00, 0x01, 0x00, 0x00, 0x00, 0x10, 0x00, 0x00, 0x00,
  0x66, 0x41, 0xff, 0xff, 0x00, 0x00, 0x00, 0x01, 0x18, 0x00, 0x00, 0x00,
  0x20, 0x00, 0x00, 0x00, 0x40, 0x00, 0x00, 0x00, 0x73, 0x00, 0x00, 0x00,
  0x00, 0x00, 0x00, 0x09, 0xb0, 0x00, 0x00, 0x00, 0x02, 0x00, 0x00, 0x00,
  0xff, 0xff, 0xff, 0xff, 0x10, 0x00, 0x00, 0x00, 0x4c, 0x41, 0xff, 0xff,
  0x08, 0x00, 0x00, 0x00, 0x14, 0x00, 0x00, 0x00, 0x01, 0x00, 0x00, 0x00,
  0xf4, 0xff, 0xff, 0xff, 0xff, 0xff, 0xff, 0xff, 0x00, 0x00, 0x00, 0x00,
  0x01, 0x00, 0x00, 0x00, 0xbd, 0x60, 0x62, 0x3c, 0x76, 0x00, 0x00, 0x00,
  0x73, 0x65, 0x71, 0x75, 0x65, 0x6e, 0x74, 0x69, 0x61, 0x6c, 0x5f, 0x31,
  0x2f, 0x67, 0x72, 0x75, 0x5f, 0x31, 0x2f, 0x67, 0x72, 0x75, 0x5f, 0x63,
  0x65, 0x6c, 0x6c, 0x5f, 0x31, 0x37, 0x2f, 0x73, 0x70, 0x6c, 0x69, 0x74,
  0x5f, 0x31, 0x3b, 0x73, 0x65, 0x71, 0x75, 0x65, 0x6e, 0x74, 0x69, 0x61,
  0x6c, 0x5f, 0x31, 0x2f, 0x67, 0x72, 0x75, 0x5f, 0x31, 0x2f, 0x67, 0x72,
  0x75, 0x5f, 0x63, 0x65, 0x6c, 0x6c, 0x5f, 0x31, 0x37, 0x2f, 0x73, 0x70,
  0x6c, 0x69, 0x74, 0x5f, 0x31, 0x31, 0x3b, 0x73, 0x65, 0x71, 0x75, 0x65,
  0x6e, 0x74, 0x69, 0x61, 0x6c, 0x5f, 0x31, 0x2f, 0x67, 0x72, 0x75, 0x5f,
  0x31, 0x2f, 0x67, 0x72, 0x75, 0x5f, 0x63, 0x65, 0x6c, 0x6c, 0x5f, 0x31,
  0x37, 0x2f, 0x73, 0x70, 0x6c, 0x69, 0x74, 0x5f, 0x31, 0x32, 0x00, 0x00,
  0x02, 0x00, 0x00, 0x00, 0x01, 0x00, 0x00, 0x00, 0x10, 0x00, 0x00, 0x00,
  0x3e, 0x42, 0xff, 0xff, 0x00, 0x00, 0x00, 0x01, 0x18, 0x00, 0x00, 0x00,
  0x20, 0x00, 0x00, 0x00, 0x40, 0x00, 0x00, 0x00, 0x72, 0x00, 0x00, 0x00,
  0x00, 0x00, 0x00, 0x09, 0x88, 0x00, 0x00, 0x00, 0x02, 0x00, 0x00, 0x00,
  0xff, 0xff, 0xff, 0xff, 0x30, 0x00, 0x00, 0x00, 0x24, 0x42, 0xff, 0xff,
  0x08, 0x00, 0x00, 0x00, 0x14, 0x00, 0x00, 0x00, 0x01, 0x00, 0x00, 0x00,
  0xf4, 0xff, 0xff, 0xff, 0xff, 0xff, 0xff, 0xff, 0x00, 0x00, 0x00, 0x00,
  0x01, 0x00, 0x00, 0x00, 0xbd, 0x60, 0x62, 0x3c, 0x4c, 0x00, 0x00, 0x00,
  0x73, 0x65, 0x71, 0x75, 0x65, 0x6e, 0x74, 0x69, 0x61, 0x6c, 0x5f, 0x31,
  0x2f, 0x67, 0x72, 0x75, 0x5f, 0x31, 0x2f, 0x67, 0x72, 0x75, 0x5f, 0x63,
  0x65, 0x6c, 0x6c, 0x5f, 0x31, 0x37, 0x2f, 0x4d, 0x61, 0x74, 0x4d, 0x75,
  0x6c, 0x3b, 0x73, 0x65, 0x71, 0x75, 0x65, 0x6e, 0x74, 0x69, 0x61, 0x6c,
  0x5f, 0x31, 0x2f, 0x67, 0x72, 0x75, 0x5f, 0x31, 0x2f, 0x67, 0x72, 0x75,
  0x5f, 0x63, 0x65, 0x6c, 0x6c, 0x5f, 0x31, 0x37, 0x2f, 0x42, 0x69, 0x61,
  0x73, 0x41, 0x64, 0x64, 0x00, 0x00, 0x00, 0x00, 0x02, 0x00, 0x00, 0x00,
  0x01, 0x00, 0x00, 0x00, 0x30, 0x00, 0x00, 0x00, 0xee, 0x42, 0xff, 0xff,
  0x00, 0x00, 0x00, 0x01, 0x18, 0x00, 0x00, 0x00, 0x20, 0x00, 0x00, 0x00,
  0x40, 0x00, 0x00, 0x00, 0x71, 0x00, 0x00, 0x00, 0x00, 0x00, 0x00, 0x09,
  0xb0, 0x00, 0x00, 0x00, 0x02, 0x00, 0x00, 0x00, 0xff, 0xff, 0xff, 0xff,
  0x10, 0x00, 0x00, 0x00, 0xd4, 0x42, 0xff, 0xff, 0x08, 0x00, 0x00, 0x00,
  0x14, 0x00, 0x00, 0x00, 0x01, 0x00, 0x00, 0x00, 0xfb, 0xff, 0xff, 0xff,
  0xff, 0xff, 0xff, 0xff, 0x00, 0x00, 0x00, 0x00, 0x01, 0x00, 0x00, 0x00,
  0x09, 0x93, 0x59, 0x3c, 0x77, 0x00, 0x00, 0x00, 0x73, 0x65, 0x71, 0x75,
  0x65, 0x6e, 0x74, 0x69, 0x61, 0x6c, 0x5f, 0x31, 0x2f, 0x67, 0x72, 0x75,
  0x5f, 0x31, 0x2f, 0x67, 0x72, 0x75, 0x5f, 0x63, 0x65, 0x6c, 0x6c, 0x5f,
  0x31, 0x35, 0x2f, 0x73, 0x70, 0x6c, 0x69, 0x74, 0x5f, 0x31, 0x3b, 0x73,
  0x65, 0x71, 0x75, 0x65, 0x6e, 0x74, 0x69, 0x61, 0x6c, 0x5f, 0x31, 0x2f,
  0x67, 0x72, 0x75, 0x5f, 0x31, 0x2f, 0x67, 0x72, 0x75, 0x5f, 0x63, 0x65,
  0x6c, 0x6c, 0x5f, 0x31, 0x35, 0x2f, 0x73, 0x70, 0x6c, 0x69, 0x74, 0x5f,
  0x31, 0x31, 0x3b, 0x73, 0x65, 0x71, 0x75, 0x65, 0x6e, 0x74, 0x69, 0x61,
  0x6c, 0x5f, 0x31, 0x2f, 0x67, 0x72, 0x75, 0x5f, 0x31, 0x2f, 0x67, 0x72,
  0x75, 0x5f, 0x63, 0x65, 0x6c, 0x6c, 0x5f, 0x31, 0x35, 0x2f, 0x73, 0x70,
  0x6c, 0x69, 0x74, 0x5f, 0x31, 0x32, 0x32, 0x00, 0x02, 0x00, 0x00, 0x00,
  0x01, 0x00, 0x00, 0x00, 0x10, 0x00, 0x00, 0x00, 0xc6, 0x43, 0xff, 0xff,
  0x00, 0x00, 0x00, 0x01, 0x18, 0x00, 0x00, 0x00, 0x20, 0x00, 0x00, 0x00,
  0x40, 0x00, 0x00, 0x00, 0x70, 0x00, 0x00, 0x00, 0x00, 0x00, 0x00, 0x09,
  0xb0, 0x00, 0x00, 0x00, 0x02, 0x00, 0x00, 0x00, 0xff, 0xff, 0xff, 0xff,
  0x10, 0x00, 0x00, 0x00, 0xac, 0x43, 0xff, 0xff, 0x08, 0x00, 0x00, 0x00,
  0x14, 0x00, 0x00, 0x00, 0x01, 0x00, 0x00, 0x00, 0xfb, 0xff, 0xff, 0xff,
  0xff, 0xff, 0xff, 0xff, 0x00, 0x00, 0x00, 0x00, 0x01, 0x00, 0x00, 0x00,
  0x09, 0x93, 0x59, 0x3c, 0x77, 0x00, 0x00, 0x00, 0x73, 0x65, 0x71, 0x75,
  0x65, 0x6e, 0x74, 0x69, 0x61, 0x6c, 0x5f, 0x31, 0x2f, 0x67, 0x72, 0x75,
  0x5f, 0x31, 0x2f, 0x67, 0x72, 0x75, 0x5f, 0x63, 0x65, 0x6c, 0x6c, 0x5f,
  0x31, 0x35, 0x2f, 0x73, 0x70, 0x6c, 0x69, 0x74, 0x5f, 0x31, 0x3b, 0x73,
  0x65, 0x71, 0x75, 0x65, 0x6e, 0x74, 0x69, 0x61, 0x6c, 0x5f, 0x31, 0x2f,
  0x67, 0x72, 0x75, 0x5f, 0x31, 0x2f, 0x67, 0x72, 0x75, 0x5f, 0x63, 0x65,
  0x6c, 0x6c, 0x5f, 0x31, 0x35, 0x2f, 0x73, 0x70, 0x6c, 0x69, 0x74, 0x5f,
  0x31, 0x31, 0x3b, 0x73, 0x65, 0x71, 0x75, 0x65, 0x6e, 0x74, 0x69, 0x61,
  0x6c, 0x5f, 0x31, 0x2f, 0x67, 0x72, 0x75, 0x5f, 0x31, 0x2f, 0x67, 0x72,
  0x75, 0x5f, 0x63, 0x65, 0x6c, 0x6c, 0x5f, 0x31, 0x35, 0x2f, 0x73, 0x70,
  0x6c, 0x69, 0x74, 0x5f, 0x31, 0x32, 0x31, 0x00, 0x02, 0x00, 0x00, 0x00,
  0x01, 0x00, 0x00, 0x00, 0x10, 0x00, 0x00, 0x00, 0x9e, 0x44, 0xff, 0xff,
  0x00, 0x00, 0x00, 0x01, 0x18, 0x00, 0x00, 0x00, 0x20, 0x00, 0x00, 0x00,
  0x40, 0x00, 0x00, 0x00, 0x6f, 0x00, 0x00, 0x00, 0x00, 0x00, 0x00, 0x09,
  0xb0, 0x00, 0x00, 0x00, 0x02, 0x00, 0x00, 0x00, 0xff, 0xff, 0xff, 0xff,
  0x10, 0x00, 0x00, 0x00, 0x84, 0x44, 0xff, 0xff, 0x08, 0x00, 0x00, 0x00,
  0x14, 0x00, 0x00, 0x00, 0x01, 0x00, 0x00, 0x00, 0xfb, 0xff, 0xff, 0xff,
  0xff, 0xff, 0xff, 0xff, 0x00, 0x00, 0x00, 0x00, 0x01, 0x00, 0x00, 0x00,
  0x09, 0x93, 0x59, 0x3c, 0x76, 0x00, 0x00, 0x00, 0x73, 0x65, 0x71, 0x75,
  0x65, 0x6e, 0x74, 0x69, 0x61, 0x6c, 0x5f, 0x31, 0x2f, 0x67, 0x72, 0x75,
  0x5f, 0x31, 0x2f, 0x67, 0x72, 0x75, 0x5f, 0x63, 0x65, 0x6c, 0x6c, 0x5f,
  0x31, 0x35, 0x2f, 0x73, 0x70, 0x6c, 0x69, 0x74, 0x5f, 0x31, 0x3b, 0x73,
  0x65, 0x71, 0x75, 0x65, 0x6e, 0x74, 0x69, 0x61, 0x6c, 0x5f, 0x31, 0x2f,
  0x67, 0x72, 0x75, 0x5f, 0x31, 0x2f, 0x67, 0x72, 0x75, 0x5f, 0x63, 0x65,
  0x6c, 0x6c, 0x5f, 0x31, 0x35, 0x2f, 0x73, 0x70, 0x6c, 0x69, 0x74, 0x5f,
  0x31, 0x31, 0x3b, 0x73, 0x65, 0x71, 0x75, 0x65, 0x6e, 0x74, 0x69, 0x61,
  0x6c, 0x5f, 0x31, 0x2f, 0x67, 0x72, 0x75, 0x5f, 0x31, 0x2f, 0x67, 0x72,
  0x75, 0x5f, 0x63, 0x65, 0x6c, 0x6c, 0x5f, 0x31, 0x35, 0x2f, 0x73, 0x70,
  0x6c, 0x69, 0x74, 0x5f, 0x31, 0x32, 0x00, 0x00, 0x02, 0x00, 0x00, 0x00,
  0x01, 0x00, 0x00, 0x00, 0x10, 0x00, 0x00, 0x00, 0x76, 0x45, 0xff, 0xff,
  0x00, 0x00, 0x00, 0x01, 0x18, 0x00, 0x00, 0x00, 0x20, 0x00, 0x00, 0x00,
  0x40, 0x00, 0x00, 0x00, 0x6e, 0x00, 0x00, 0x00, 0x00, 0x00, 0x00, 0x09,
  0x88, 0x00, 0x00, 0x00, 0x02, 0x00, 0x00, 0x00, 0xff, 0xff, 0xff, 0xff,
  0x30, 0x00, 0x00, 0x00, 0x5c, 0x45, 0xff, 0xff, 0x08, 0x00, 0x00, 0x00,
  0x14, 0x00, 0x00, 0x00, 0x01, 0x00, 0x00, 0x00, 0xfb, 0xff, 0xff, 0xff,
  0xff, 0xff, 0xff, 0xff, 0x00, 0x00, 0x00, 0x00, 0x01, 0x00, 0x00, 0x00,
  0x09, 0x93, 0x59, 0x3c, 0x4c, 0x00, 0x00, 0x00, 0x73, 0x65, 0x71, 0x75,
  0x65, 0x6e, 0x74, 0x69, 0x61, 0x6c, 0x5f, 0x31, 0x2f, 0x67, 0x72, 0x75,
  0x5f, 0x31, 0x2f, 0x67, 0x72, 0x75, 0x5f, 0x63, 0x65, 0x6c, 0x6c, 0x5f,
  0x31, 0x35, 0x2f, 0x4d, 0x61, 0x74, 0x4d, 0x75, 0x6c, 0x3b, 0x73, 0x65,
  0x71, 0x75, 0x65, 0x6e, 0x74, 0x69, 0x61, 0x6c, 0x5f, 0x31, 0x2f, 0x67,
  0x72, 0x75, 0x5f, 0x31, 0x2f, 0x67, 0x72, 0x75, 0x5f, 0x63, 0x65, 0x6c,
  0x6c, 0x5f, 0x31, 0x35, 0x2f, 0x42, 0x69, 0x61, 0x73, 0x41, 0x64, 0x64,
  0x00, 0x00, 0x00, 0x00, 0x02, 0x00, 0x00, 0x00, 0x01, 0x00, 0x00, 0x00,
  0x30, 0x00, 0x00, 0x00, 0x26, 0x46, 0xff, 0xff, 0x00, 0x00, 0x00, 0x01,
  0x18, 0x00, 0x00, 0x00, 0x20, 0x00, 0x00, 0x00, 0x40, 0x00, 0x00, 0x00,
  0x6d, 0x00, 0x00, 0x00, 0x00, 0x00, 0x00, 0x09, 0xb0, 0x00, 0x00, 0x00,
  0x02, 0x00, 0x00, 0x00, 0xff, 0xff, 0xff, 0xff, 0x10, 0x00, 0x00, 0x00,
  0x0c, 0x46, 0xff, 0xff, 0x08, 0x00, 0x00, 0x00, 0x14, 0x00, 0x00, 0x00,
  0x01, 0x00, 0x00, 0x00, 0xff, 0xff, 0xff, 0xff, 0xff, 0xff, 0xff, 0xff,
  0x00, 0x00, 0x00, 0x00, 0x01, 0x00, 0x00, 0x00, 0x5a, 0x06, 0x62, 0x3c,
  0x77, 0x00, 0x00, 0x00, 0x73, 0x65, 0x71, 0x75, 0x65, 0x6e, 0x74, 0x69,
  0x61, 0x6c, 0x5f, 0x31, 0x2f, 0x67, 0x72, 0x75, 0x5f, 0x31, 0x2f, 0x67,
  0x72, 0x75, 0x5f, 0x63, 0x65, 0x6c, 0x6c, 0x5f, 0x31, 0x33, 0x2f, 0x73,
  0x70, 0x6c, 0x69, 0x74, 0x5f, 0x31, 0x3b, 0x73, 0x65, 0x71, 0x75, 0x65,
  0x6e, 0x74, 0x69, 0x61, 0x6c, 0x5f, 0x31, 0x2f, 0x67, 0x72, 0x75, 0x5f,
  0x31, 0x2f, 0x67, 0x72, 0x75, 0x5f, 0x63, 0x65, 0x6c, 0x6c, 0x5f, 0x31,
  0x33, 0x2f, 0x73, 0x70, 0x6c, 0x69, 0x74, 0x5f, 0x31, 0x31, 0x3b, 0x73,
  0x65, 0x71, 0x75, 0x65, 0x6e, 0x74, 0x69, 0x61, 0x6c, 0x5f, 0x31, 0x2f,
  0x67, 0x72, 0x75, 0x5f, 0x31, 0x2f, 0x67, 0x72, 0x75, 0x5f, 0x63, 0x65,
  0x6c, 0x6c, 0x5f, 0x31, 0x33, 0x2f, 0x73, 0x70, 0x6c, 0x69, 0x74, 0x5f,
  0x31, 0x32, 0x32, 0x00, 0x02, 0x00, 0x00, 0x00, 0x01, 0x00, 0x00, 0x00,
  0x10, 0x00, 0x00, 0x00, 0xfe, 0x46, 0xff, 0xff, 0x00, 0x00, 0x00, 0x01,
  0x18, 0x00, 0x00, 0x00, 0x20, 0x00, 0x00, 0x00, 0x40, 0x00, 0x00, 0x00,
  0x6c, 0x00, 0x00, 0x00, 0x00, 0x00, 0x00, 0x09, 0xb0, 0x00, 0x00, 0x00,
  0x02, 0x00, 0x00, 0x00, 0xff, 0xff, 0xff, 0xff, 0x10, 0x00, 0x00, 0x00,
  0xe4, 0x46, 0xff, 0xff, 0x08, 0x00, 0x00, 0x00, 0x14, 0x00, 0x00, 0x00,
  0x01, 0x00, 0x00, 0x00, 0xff, 0xff, 0xff, 0xff, 0xff, 0xff, 0xff, 0xff,
  0x00, 0x00, 0x00, 0x00, 0x01, 0x00, 0x00, 0x00, 0x5a, 0x06, 0x62, 0x3c,
  0x77, 0x00, 0x00, 0x00, 0x73, 0x65, 0x71, 0x75, 0x65, 0x6e, 0x74, 0x69,
  0x61, 0x6c, 0x5f, 0x31, 0x2f, 0x67, 0x72, 0x75, 0x5f, 0x31, 0x2f, 0x67,
  0x72, 0x75, 0x5f, 0x63, 0x65, 0x6c, 0x6c, 0x5f, 0x31, 0x33, 0x2f, 0x73,
  0x70, 0x6c, 0x69, 0x74, 0x5f, 0x31, 0x3b, 0x73, 0x65, 0x71, 0x75, 0x65,
  0x6e, 0x74, 0x69, 0x61, 0x6c, 0x5f, 0x31, 0x2f, 0x67, 0x72, 0x75, 0x5f,
  0x31, 0x2f, 0x67, 0x72, 0x75, 0x5f, 0x63, 0x65, 0x6c, 0x6c, 0x5f, 0x31,
  0x33, 0x2f, 0x73, 0x70, 0x6c, 0x69, 0x74, 0x5f, 0x31, 0x31, 0x3b, 0x73,
  0x65, 0x71, 0x75, 0x65, 0x6e, 0x74, 0x69, 0x61, 0x6c, 0x5f, 0x31, 0x2f,
  0x67, 0x72, 0x75, 0x5f, 0x31, 0x2f, 0x67, 0x72, 0x75, 0x5f, 0x63, 0x65,
  0x6c, 0x6c, 0x5f, 0x31, 0x33, 0x2f, 0x73, 0x70, 0x6c, 0x69, 0x74, 0x5f,
  0x31, 0x32, 0x31, 0x00, 0x02, 0x00, 0x00, 0x00, 0x01, 0x00, 0x00, 0x00,
  0x10, 0x00, 0x00, 0x00, 0xd6, 0x47, 0xff, 0xff, 0x00, 0x00, 0x00, 0x01,
  0x18, 0x00, 0x00, 0x00, 0x20, 0x00, 0x00, 0x00, 0x40, 0x00, 0x00, 0x00,
  0x6b, 0x00, 0x00, 0x00, 0x00, 0x00, 0x00, 0x09, 0xb0, 0x00, 0x00, 0x00,
  0x02, 0x00, 0x00, 0x00, 0xff, 0xff, 0xff, 0xff, 0x10, 0x00, 0x00, 0x00,
  0xbc, 0x47, 0xff, 0xff, 0x08, 0x00, 0x00, 0x00, 0x14, 0x00, 0x00, 0x00,
  0x01, 0x00, 0x00, 0x00, 0xff, 0xff, 0xff, 0xff, 0xff, 0xff, 0xff, 0xff,
  0x00, 0x00, 0x00, 0x00, 0x01, 0x00, 0x00, 0x00, 0x5a, 0x06, 0x62, 0x3c,
  0x76, 0x00, 0x00, 0x00, 0x73, 0x65, 0x71, 0x75, 0x65, 0x6e, 0x74, 0x69,
  0x61, 0x6c, 0x5f, 0x31, 0x2f, 0x67, 0x72, 0x75, 0x5f, 0x31, 0x2f, 0x67,
  0x72, 0x75, 0x5f, 0x63, 0x65, 0x6c, 0x6c, 0x5f, 0x31, 0x33, 0x2f, 0x73,
  0x70, 0x6c, 0x69, 0x74, 0x5f, 0x31, 0x3b, 0x73, 0x65, 0x71, 0x75, 0x65,
  0x6e, 0x74, 0x69, 0x61, 0x6c, 0x5f, 0x31, 0x2f, 0x67, 0x72, 0x75, 0x5f,
  0x31, 0x2f, 0x67, 0x72, 0x75, 0x5f, 0x63, 0x65, 0x6c, 0x6c, 0x5f, 0x31,
  0x33, 0x2f, 0x73, 0x70, 0x6c, 0x69, 0x74, 0x5f, 0x31, 0x31, 0x3b, 0x73,
  0x65, 0x71, 0x75, 0x65, 0x6e, 0x74, 0x69, 0x61, 0x6c, 0x5f, 0x31, 0x2f,
  0x67, 0x72, 0x75, 0x5f, 0x31, 0x2f, 0x67, 0x72, 0x75, 0x5f, 0x63, 0x65,
  0x6c, 0x6c, 0x5f, 0x31, 0x33, 0x2f, 0x73, 0x70, 0x6c, 0x69, 0x74, 0x5f,
  0x31, 0x32, 0x00, 0x00, 0x02, 0x00, 0x00, 0x00, 0x01, 0x00, 0x00, 0x00,
  0x10, 0x00, 0x00, 0x00, 0xae, 0x48, 0xff, 0xff, 0x00, 0x00, 0x00, 0x01,
  0x18, 0x00, 0x00, 0x00, 0x20, 0x00, 0x00, 0x00, 0x40, 0x00, 0x00, 0x00,
  0x6a, 0x00, 0x00, 0x00, 0x00, 0x00, 0x00, 0x09, 0x88, 0x00, 0x00, 0x00,
  0x02, 0x00, 0x00, 0x00, 0xff, 0xff, 0xff, 0xff, 0x30, 0x00, 0x00, 0x00,
  0x94, 0x48, 0xff, 0xff, 0x08, 0x00, 0x00, 0x00, 0x14, 0x00, 0x00, 0x00,
  0x01, 0x00, 0x00, 0x00, 0xff, 0xff, 0xff, 0xff, 0xff, 0xff, 0xff, 0xff,
  0x00, 0x00, 0x00, 0x00, 0x01, 0x00, 0x00, 0x00, 0x5a, 0x06, 0x62, 0x3c,
  0x4c, 0x00, 0x00, 0x00, 0x73, 0x65, 0x71, 0x75, 0x65, 0x6e, 0x74, 0x69,
  0x61, 0x6c, 0x5f, 0x31, 0x2f, 0x67, 0x72, 0x75, 0x5f, 0x31, 0x2f, 0x67,
  0x72, 0x75, 0x5f, 0x63, 0x65, 0x6c, 0x6c, 0x5f, 0x31, 0x33, 0x2f, 0x4d,
  0x61, 0x74, 0x4d, 0x75, 0x6c, 0x3b, 0x73, 0x65, 0x71, 0x75, 0x65, 0x6e,
  0x74, 0x69, 0x61, 0x6c, 0x5f, 0x31, 0x2f, 0x67, 0x72, 0x75, 0x5f, 0x31,
  0x2f, 0x67, 0x72, 0x75, 0x5f, 0x63, 0x65, 0x6c, 0x6c, 0x5f, 0x31, 0x33,
  0x2f, 0x42, 0x69, 0x61, 0x73, 0x41, 0x64, 0x64, 0x00, 0x00, 0x00, 0x00,
  0x02, 0x00, 0x00, 0x00, 0x01, 0x00, 0x00, 0x00, 0x30, 0x00, 0x00, 0x00,
  0x5e, 0x49, 0xff, 0xff, 0x00, 0x00, 0x00, 0x01, 0x18, 0x00, 0x00, 0x00,
  0x20, 0x00, 0x00, 0x00, 0x40, 0x00, 0x00, 0x00, 0x69, 0x00, 0x00, 0x00,
  0x00, 0x00, 0x00, 0x09, 0xb0, 0x00, 0x00, 0x00, 0x02, 0x00, 0x00, 0x00,
  0xff, 0xff, 0xff, 0xff, 0x10, 0x00, 0x00, 0x00, 0x44, 0x49, 0xff, 0xff,
  0x08, 0x00, 0x00, 0x00, 0x14, 0x00, 0x00, 0x00, 0x01, 0x00, 0x00, 0x00,
  0xfb, 0xff, 0xff, 0xff, 0xff, 0xff, 0xff, 0xff, 0x00, 0x00, 0x00, 0x00,
  0x01, 0x00, 0x00, 0x00, 0xd0, 0x7c, 0x74, 0x3c, 0x77, 0x00, 0x00, 0x00,
  0x73, 0x65, 0x71, 0x75, 0x65, 0x6e, 0x74, 0x69, 0x61, 0x6c, 0x5f, 0x31,
  0x2f, 0x67, 0x72, 0x75, 0x5f, 0x31, 0x2f, 0x67, 0x72, 0x75, 0x5f, 0x63,
  0x65, 0x6c, 0x6c, 0x5f, 0x31, 0x31, 0x2f, 0x73, 0x70, 0x6c, 0x69, 0x74,
  0x5f, 0x31, 0x3b, 0x73, 0x65, 0x71, 0x75, 0x65, 0x6e, 0x74, 0x69, 0x61,
  0x6c, 0x5f, 0x31, 0x2f, 0x67, 0x72, 0x75, 0x5f, 0x31, 0x2f, 0x67, 0x72,
  0x75, 0x5f, 0x63, 0x65, 0x6c, 0x6c, 0x5f, 0x31, 0x31, 0x2f, 0x73, 0x70,
  0x6c, 0x69, 0x74, 0x5f, 0x31, 0x31, 0x3b, 0x73, 0x65, 0x71, 0x75, 0x65,
  0x6e, 0x74, 0x69, 0x61, 0x6c, 0x5f, 0x31, 0x2f, 0x67, 0x72, 0x75, 0x5f,
  0x31, 0x2f, 0x67, 0x72, 0x75, 0x5f, 0x63, 0x65, 0x6c, 0x6c, 0x5f, 0x31,
  0x31, 0x2f, 0x73, 0x70, 0x6c, 0x69, 0x74, 0x5f, 0x31, 0x32, 0x32, 0x00,
  0x02, 0x00, 0x00, 0x00, 0x01, 0x00, 0x00, 0x00, 0x10, 0x00, 0x00, 0x00,
  0x36, 0x4a, 0xff, 0xff, 0x00, 0x00, 0x00, 0x01, 0x18, 0x00, 0x00, 0x00,
  0x20, 0x00, 0x00, 0x00, 0x40, 0x00, 0x00, 0x00, 0x68, 0x00, 0x00, 0x00,
  0x00, 0x00, 0x00, 0x09, 0xb0, 0x00, 0x00, 0x00, 0x02, 0x00, 0x00, 0x00,
  0xff, 0xff, 0xff, 0xff, 0x10, 0x00, 0x00, 0x00, 0x1c, 0x4a, 0xff, 0xff,
  0x08, 0x00, 0x00, 0x00, 0x14, 0x00, 0x00, 0x00, 0x01, 0x00, 0x00, 0x00,
  0xfb, 0xff, 0xff, 0xff, 0xff, 0xff, 0xff, 0xff, 0x00, 0x00, 0x00, 0x00,
  0x01, 0x00, 0x00, 0x00, 0xd0, 0x7c, 0x74, 0x3c, 0x77, 0x00, 0x00, 0x00,
  0x73, 0x65, 0x71, 0x75, 0x65, 0x6e, 0x74, 0x69, 0x61, 0x6c, 0x5f, 0x31,
  0x2f, 0x67, 0x72, 0x75, 0x5f, 0x31, 0x2f, 0x67, 0x72, 0x75, 0x5f, 0x63,
  0x65, 0x6c, 0x6c, 0x5f, 0x31, 0x31, 0x2f, 0x73, 0x70, 0x6c, 0x69, 0x74,
  0x5f, 0x31, 0x3b, 0x73, 0x65, 0x71, 0x75, 0x65, 0x6e, 0x74, 0x69, 0x61,
  0x6c, 0x5f, 0x31, 0x2f, 0x67, 0x72, 0x75, 0x5f, 0x31, 0x2f, 0x67, 0x72,
  0x75, 0x5f, 0x63, 0x65, 0x6c, 0x6c, 0x5f, 0x31, 0x31, 0x2f, 0x73, 0x70,
  0x6c, 0x69, 0x74, 0x5f, 0x31, 0x31, 0x3b, 0x73, 0x65, 0x71, 0x75, 0x65,
  0x6e, 0x74, 0x69, 0x61, 0x6c, 0x5f, 0x31, 0x2f, 0x67, 0x72, 0x75, 0x5f,
  0x31, 0x2f, 0x67, 0x72, 0x75, 0x5f, 0x63, 0x65, 0x6c, 0x6c, 0x5f, 0x31,
  0x31, 0x2f, 0x73, 0x70, 0x6c, 0x69, 0x74, 0x5f, 0x31, 0x32, 0x31, 0x00,
  0x02, 0x00, 0x00, 0x00, 0x01, 0x00, 0x00, 0x00, 0x10, 0x00, 0x00, 0x00,
  0x0e, 0x4b, 0xff, 0xff, 0x00, 0x00, 0x00, 0x01, 0x18, 0x00, 0x00, 0x00,
  0x20, 0x00, 0x00, 0x00, 0x40, 0x00, 0x00, 0x00, 0x67, 0x00, 0x00, 0x00,
  0x00, 0x00, 0x00, 0x09, 0xb0, 0x00, 0x00, 0x00, 0x02, 0x00, 0x00, 0x00,
  0xff, 0xff, 0xff, 0xff, 0x10, 0x00, 0x00, 0x00, 0xf4, 0x4a, 0xff, 0xff,
  0x08, 0x00, 0x00, 0x00, 0x14, 0x00, 0x00, 0x00, 0x01, 0x00, 0x00, 0x00,
  0xfb, 0xff, 0xff, 0xff, 0xff, 0xff, 0xff, 0xff, 0x00, 0x00, 0x00, 0x00,
  0x01, 0x00, 0x00, 0x00, 0xd0, 0x7c, 0x74, 0x3c, 0x76, 0x00, 0x00, 0x00,
  0x73, 0x65, 0x71, 0x75, 0x65, 0x6e, 0x74, 0x69, 0x61, 0x6c, 0x5f, 0x31,
  0x2f, 0x67, 0x72, 0x75, 0x5f, 0x31, 0x2f, 0x67, 0x72, 0x75, 0x5f, 0x63,
  0x65, 0x6c, 0x6c, 0x5f, 0x31, 0x31, 0x2f, 0x73, 0x70, 0x6c, 0x69, 0x74,
  0x5f, 0x31, 0x3b, 0x73, 0x65, 0x71, 0x75, 0x65, 0x6e, 0x74, 0x69, 0x61,
  0x6c, 0x5f, 0x31, 0x2f, 0x67, 0x72, 0x75, 0x5f, 0x31, 0x2f, 0x67, 0x72,
  0x75, 0x5f, 0x63, 0x65, 0x6c, 0x6c, 0x5f, 0x31, 0x31, 0x2f, 0x73, 0x70,
  0x6c, 0x69, 0x74, 0x5f, 0x31, 0x31, 0x3b, 0x73, 0x65, 0x71, 0x75, 0x65,
  0x6e, 0x74, 0x69, 0x61, 0x6c, 0x5f, 0x31, 0x2f, 0x67, 0x72, 0x75, 0x5f,
  0x31, 0x2f, 0x67, 0x72, 0x75, 0x5f, 0x63, 0x65, 0x6c, 0x6c, 0x5f, 0x31,
  0x31, 0x2f, 0x73, 0x70, 0x6c, 0x69, 0x74, 0x5f, 0x31, 0x32, 0x00, 0x00,
  0x02, 0x00, 0x00, 0x00, 0x01, 0x00, 0x00, 0x00, 0x10, 0x00, 0x00, 0x00,
  0xe6, 0x4b, 0xff, 0xff, 0x00, 0x00, 0x00, 0x01, 0x18, 0x00, 0x00, 0x00,
  0x20, 0x00, 0x00, 0x00, 0x40, 0x00, 0x00, 0x00, 0x66, 0x00, 0x00, 0x00,
  0x00, 0x00, 0x00, 0x09, 0x88, 0x00, 0x00, 0x00, 0x02, 0x00, 0x00, 0x00,
  0xff, 0xff, 0xff, 0xff, 0x30, 0x00, 0x00, 0x00, 0xcc, 0x4b, 0xff, 0xff,
  0x08, 0x00, 0x00, 0x00, 0x14, 0x00, 0x00, 0x00, 0x01, 0x00, 0x00, 0x00,
  0xfb, 0xff, 0xff, 0xff, 0xff, 0xff, 0xff, 0xff, 0x00, 0x00, 0x00, 0x00,
  0x01, 0x00, 0x00, 0x00, 0xd0, 0x7c, 0x74, 0x3c, 0x4c, 0x00, 0x00, 0x00,
  0x73, 0x65, 0x71, 0x75, 0x65, 0x6e, 0x74, 0x69, 0x61, 0x6c, 0x5f, 0x31,
  0x2f, 0x67, 0x72, 0x75, 0x5f, 0x31, 0x2f, 0x67, 0x72, 0x75, 0x5f, 0x63,
  0x65, 0x6c, 0x6c, 0x5f, 0x31, 0x31, 0x2f, 0x4d, 0x61, 0x74, 0x4d, 0x75,
  0x6c, 0x3b, 0x73, 0x65, 0x71, 0x75, 0x65, 0x6e, 0x74, 0x69, 0x61, 0x6c,
  0x5f, 0x31, 0x2f, 0x67, 0x72, 0x75, 0x5f, 0x31, 0x2f, 0x67, 0x72, 0x75,
  0x5f, 0x63, 0x65, 0x6c, 0x6c, 0x5f, 0x31, 0x31, 0x2f, 0x42, 0x69, 0x61,
  0x73, 0x41, 0x64, 0x64, 0x00, 0x00, 0x00, 0x00, 0x02, 0x00, 0x00, 0x00,
  0x01, 0x00, 0x00, 0x00, 0x30, 0x00, 0x00, 0x00, 0x96, 0x4c, 0xff, 0xff,
  0x00, 0x00, 0x00, 0x01, 0x18, 0x00, 0x00, 0x00, 0x20, 0x00, 0x00, 0x00,
  0x3c, 0x00, 0x00, 0x00, 0x65, 0x00, 0x00, 0x00, 0x00, 0x00, 0x00, 0x09,
  0x58, 0x00, 0x00, 0x00, 0x02, 0x00, 0x00, 0x00, 0xff, 0xff, 0xff, 0xff,
  0x10, 0x00, 0x00, 0x00, 0x7c, 0x4c, 0xff, 0xff, 0x08, 0x00, 0x00, 0x00,
  0x10, 0x00, 0x00, 0x00, 0x01, 0x00, 0x00, 0x00, 0x0c, 0x00, 0x00, 0x00,
  0x00, 0x00, 0x00, 0x00, 0x01, 0x00, 0x00, 0x00, 0x35, 0x38, 0x59, 0x3b,
  0x23, 0x00, 0x00, 0x00, 0x73, 0x65, 0x71, 0x75, 0x65, 0x6e, 0x74, 0x69,
  0x61, 0x6c, 0x5f, 0x31, 0x2f, 0x67, 0x72, 0x75, 0x5f, 0x31, 0x2f, 0x67,
  0x72, 0x75, 0x5f, 0x63, 0x65, 0x6c, 0x6c, 0x5f, 0x31, 0x2f, 0x61, 0x64,
  0x64, 0x5f, 0x34, 0x00, 0x02, 0x00, 0x00, 0x00, 0x01, 0x00, 0x00, 0x00,
  0x10, 0x00, 0x00, 0x00, 0x16, 0x4d, 0xff, 0xff, 0x00, 0x00, 0x00, 0x01,
  0x18, 0x00, 0x00, 0x00, 0x20, 0x00, 0x00, 0x00, 0x3c, 0x00, 0x00, 0x00,
  0x64, 0x00, 0x00, 0x00, 0x00, 0x00, 0x00, 0x09, 0x58, 0x00, 0x00, 0x00,
  0x02, 0x00, 0x00, 0x00, 0xff, 0xff, 0xff, 0xff, 0x10, 0x00, 0x00, 0x00,
  0xfc, 0x4c, 0xff, 0xff, 0x08, 0x00, 0x00, 0x00, 0x10, 0x00, 0x00, 0x00,
  0x01, 0x00, 0x00, 0x00, 0x0c, 0x00, 0x00, 0x00, 0x00, 0x00, 0x00, 0x00,
  0x01, 0x00, 0x00, 0x00, 0x35, 0x38, 0x59, 0x3b, 0x23, 0x00, 0x00, 0x00,
  0x73, 0x65, 0x71, 0x75, 0x65, 0x6e, 0x74, 0x69, 0x61, 0x6c, 0x5f, 0x31,
  0x2f, 0x67, 0x72, 0x75, 0x5f, 0x31, 0x2f, 0x67, 0x72, 0x75, 0x5f, 0x63,
  0x65, 0x6c, 0x6c, 0x5f, 0x31, 0x2f, 0x6d, 0x75, 0x6c, 0x5f, 0x32, 0x00,
  0x02, 0x00, 0x00, 0x00, 0x01, 0x00, 0x00, 0x00, 0x10, 0x00, 0x00, 0x00,
  0x96, 0x4d, 0xff, 0xff, 0x00, 0x00, 0x00, 0x01, 0x18, 0x00, 0x00, 0x00,
  0x20, 0x00, 0x00, 0x00, 0x3c, 0x00, 0x00, 0x00, 0x63, 0x00, 0x00, 0x00,
  0x00, 0x00, 0x00, 0x09, 0x58, 0x00, 0x00, 0x00, 0x02, 0x00, 0x00, 0x00,
  0xff, 0xff, 0xff, 0xff, 0x10, 0x00, 0x00, 0x00, 0x7c, 0x4d, 0xff, 0xff,
  0x08, 0x00, 0x00, 0x00, 0x10, 0x00, 0x00, 0x00, 0x01, 0x00, 0x00, 0x00,
  0x00, 0x00, 0x00, 0x00, 0x00, 0x00, 0x00, 0x00, 0x01, 0x00, 0x00, 0x00,
  0x00, 0x00, 0x00, 0x3c, 0x22, 0x00, 0x00, 0x00, 0x73, 0x65, 0x71, 0x75,
  0x65, 0x6e, 0x74, 0x69, 0x61, 0x6c, 0x5f, 0x31, 0x2f, 0x67, 0x72, 0x75,
  0x5f, 0x31, 0x2f, 0x67, 0x72, 0x75, 0x5f, 0x63, 0x65, 0x6c, 0x6c, 0x5f,
  0x31, 0x2f, 0x54, 0x61, 0x6e, 0x68, 0x00, 0x00, 0x02, 0x00, 0x00, 0x00,
  0x01, 0x00, 0x00, 0x00, 0x10, 0x00, 0x00, 0x00, 0x16, 0x4e, 0xff, 0xff,
  0x00, 0x00, 0x00, 0x01, 0x18, 0x00, 0x00, 0x00, 0x20, 0x00, 0x00, 0x00,
  0x3c, 0x00, 0x00, 0x00, 0x62, 0x00, 0x00, 0x00, 0x00, 0x00, 0x00, 0x09,
  0x58, 0x00, 0x00, 0x00, 0x02, 0x00, 0x00, 0x00, 0xff, 0xff, 0xff, 0xff,
  0x10, 0x00, 0x00, 0x00, 0xfc, 0x4d, 0xff, 0xff, 0x08, 0x00, 0x00, 0x00,
  0x10, 0x00, 0x00, 0x00, 0x01, 0x00, 0x00, 0x00, 0x13, 0x00, 0x00, 0x00,
  0x00, 0x00, 0x00, 0x00, 0x01, 0x00, 0x00, 0x00, 0x4a, 0x4f, 0x04, 0x3c,
  0x23, 0x00, 0x00, 0x00, 0x73, 0x65, 0x71, 0x75, 0x65, 0x6e, 0x74, 0x69,
  0x61, 0x6c, 0x5f, 0x31, 0x2f, 0x67, 0x72, 0x75, 0x5f, 0x31, 0x2f, 0x67,
  0x72, 0x75, 0x5f, 0x63, 0x65, 0x6c, 0x6c, 0x5f, 0x31, 0x2f, 0x61, 0x64,
  0x64, 0x5f, 0x33, 0x00, 0x02, 0x00, 0x00, 0x00, 0x01, 0x00, 0x00, 0x00,
  0x10, 0x00, 0x00, 0x00, 0x96, 0x4e, 0xff, 0xff, 0x00, 0x00, 0x00, 0x01,
  0x18, 0x00, 0x00, 0x00, 0x20, 0x00, 0x00, 0x00, 0x3c, 0x00, 0x00, 0x00,
  0x61, 0x00, 0x00, 0x00, 0x00, 0x00, 0x00, 0x09, 0x58, 0x00, 0x00, 0x00,
  0x02, 0x00, 0x00, 0x00, 0xff, 0xff, 0xff, 0xff, 0x10, 0x00, 0x00, 0x00,
  0x7c, 0x4e, 0xff, 0xff, 0x08, 0x00, 0x00, 0x00, 0x10, 0x00, 0x00, 0x00,
  0x01, 0x00, 0x00, 0x00, 0x01, 0x00, 0x00, 0x00, 0x00, 0x00, 0x00, 0x00,
  0x01, 0x00, 0x00, 0x00, 0x04, 0xc3, 0x45, 0x39, 0x21, 0x00, 0x00, 0x00,
  0x73, 0x65, 0x71, 0x75, 0x65, 0x6e, 0x74, 0x69, 0x61, 0x6c, 0x5f, 0x31,
  0x2f, 0x67, 0x72, 0x75, 0x5f, 0x31, 0x2f, 0x67, 0x72, 0x75, 0x5f, 0x63,
  0x65, 0x6c, 0x6c, 0x5f, 0x31, 0x2f, 0x6d, 0x75, 0x6c, 0x00, 0x00, 0x00,
  0x02, 0x00, 0x00, 0x00, 0x01, 0x00, 0x00, 0x00, 0x10, 0x00, 0x00, 0x00,
  0x16, 0x4f, 0xff, 0xff, 0x00, 0x00, 0x00, 0x01, 0x18, 0x00, 0x00, 0x00,
  0x20, 0x00, 0x00, 0x00, 0x40, 0x00, 0x00, 0x00, 0x60, 0x00, 0x00, 0x00,
  0x00, 0x00, 0x00, 0x09, 0x68, 0x00, 0x00, 0x00, 0x02, 0x00, 0x00, 0x00,
  0xff, 0xff, 0xff, 0xff, 0x10, 0x00, 0x00, 0x00, 0xfc, 0x4e, 0xff, 0xff,
  0x08, 0x00, 0x00, 0x00, 0x14, 0x00, 0x00, 0x00, 0x01, 0x00, 0x00, 0x00,
  0xee, 0xff, 0xff, 0xff, 0xff, 0xff, 0xff, 0xff, 0x00, 0x00, 0x00, 0x00,
  0x01, 0x00, 0x00, 0x00, 0x91, 0x02, 0x77, 0x3a, 0x2d, 0x00, 0x00, 0x00,
  0x73, 0x65, 0x71, 0x75, 0x65, 0x6e, 0x74, 0x69, 0x61, 0x6c, 0x5f, 0x31,
  0x2f, 0x67, 0x72, 0x75, 0x5f, 0x31, 0x2f, 0x67, 0x72, 0x75, 0x5f, 0x63,
  0x65, 0x6c, 0x6c, 0x5f, 0x31, 0x2f, 0x73, 0x74, 0x72, 0x69, 0x64, 0x65,
  0x64, 0x5f, 0x73, 0x6c, 0x69, 0x63, 0x65, 0x5f, 0x32, 0x00, 0x00, 0x00,
  0x02, 0x00, 0x00, 0x00, 0x01, 0x00, 0x00, 0x00, 0x10, 0x00, 0x00, 0x00,
  0xa6, 0x4f, 0xff, 0xff, 0x00, 0x00, 0x00, 0x01, 0x18, 0x00, 0x00, 0x00,
  0x20, 0x00, 0x00, 0x00, 0x40, 0x00, 0x00, 0x00, 0x5f, 0x00, 0x00, 0x00,
  0x00, 0x00, 0x00, 0x09, 0x60, 0x00, 0x00, 0x00, 0x02, 0x00, 0x00, 0x00,
  0xff, 0xff, 0xff, 0xff, 0x10, 0x00, 0x00, 0x00, 0x8c, 0x4f, 0xff, 0xff,
  0x08, 0x00, 0x00, 0x00, 0x14, 0x00, 0x00, 0x00, 0x01, 0x00, 0x00, 0x00,
  0x80, 0xff, 0xff, 0xff, 0xff, 0xff, 0xff, 0xff, 0x00, 0x00, 0x00, 0x00,
  0x01, 0x00, 0x00, 0x00, 0x00, 0x00, 0x80, 0x3b, 0x27, 0x00, 0x00, 0x00,
  0x73, 0x65, 0x71, 0x75, 0x65, 0x6e, 0x74, 0x69, 0x61, 0x6c, 0x5f, 0x31,
  0x2f, 0x67, 0x72, 0x75, 0x5f, 0x31, 0x2f, 0x67, 0x72, 0x75, 0x5f, 0x63,
  0x65, 0x6c, 0x6c, 0x5f, 0x31, 0x2f, 0x53, 0x69, 0x67, 0x6d, 0x6f, 0x69,
  0x64, 0x5f, 0x31, 0x00, 0x02, 0x00, 0x00, 0x00, 0x01, 0x00, 0x00, 0x00,
  0x10, 0x00, 0x00, 0x00, 0x2e, 0x50, 0xff, 0xff, 0x00, 0x00, 0x00, 0x01,
  0x18, 0x00, 0x00, 0x00, 0x20, 0x00, 0x00, 0x00, 0x3c, 0x00, 0x00, 0x00,
  0x5e, 0x00, 0x00, 0x00, 0x00, 0x00, 0x00, 0x09, 0x58, 0x00, 0x00, 0x00,
  0x02, 0x00, 0x00, 0x00, 0xff, 0xff, 0xff, 0xff, 0x10, 0x00, 0x00, 0x00,
  0x14, 0x50, 0xff, 0xff, 0x08, 0x00, 0x00, 0x00, 0x10, 0x00, 0x00, 0x00,
  0x01, 0x00, 0x00, 0x00, 0xfb, 0xff, 0xff, 0xff, 0xff, 0xff, 0xff, 0xff,
  0x01, 0x00, 0x00, 0x00, 0x4b, 0xf5, 0x5c, 0x3c, 0x23, 0x00, 0x00, 0x00,
  0x73, 0x65, 0x71, 0x75, 0x65, 0x6e, 0x74, 0x69, 0x61, 0x6c, 0x5f, 0x31,
  0x2f, 0x67, 0x72, 0x75, 0x5f, 0x31, 0x2f, 0x67, 0x72, 0x75, 0x5f, 0x63,
  0x65, 0x6c, 0x6c, 0x5f, 0x31, 0x2f, 0x61, 0x64, 0x64, 0x5f, 0x32, 0x00,
  0x02, 0x00, 0x00, 0x00, 0x01, 0x00, 0x00, 0x00, 0x10, 0x00, 0x00, 0x00,
  0xae, 0x50, 0xff, 0xff, 0x00, 0x00, 0x00, 0x01, 0x18, 0x00, 0x00, 0x00,
  0x20, 0x00, 0x00, 0x00, 0x40, 0x00, 0x00, 0x00, 0x5d, 0x00, 0x00, 0x00,
  0x00, 0x00, 0x00, 0x09, 0x68, 0x00, 0x00, 0x00, 0x02, 0x00, 0x00, 0x00,
  0xff, 0xff, 0xff, 0xff, 0x10, 0x00, 0x00, 0x00, 0x94, 0x50, 0xff, 0xff,
  0x08, 0x00, 0x00, 0x00, 0x14, 0x00, 0x00, 0x00, 0x01, 0x00, 0x00, 0x00,
  0xee, 0xff, 0xff, 0xff, 0xff, 0xff, 0xff, 0xff, 0x00, 0x00, 0x00, 0x00,
  0x01, 0x00, 0x00, 0x00, 0x91, 0x02, 0x77, 0x3a, 0x2d, 0x00, 0x00, 0x00,
  0x73, 0x65, 0x71, 0x75, 0x65, 0x6e, 0x74, 0x69, 0x61, 0x6c, 0x5f, 0x31,
  0x2f, 0x67, 0x72, 0x75, 0x5f, 0x31, 0x2f, 0x67, 0x72, 0x75, 0x5f, 0x63,
  0x65, 0x6c, 0x6c, 0x5f, 0x31, 0x2f, 0x73, 0x74, 0x72, 0x69, 0x64, 0x65,
  0x64, 0x5f, 0x73, 0x6c, 0x69, 0x63, 0x65, 0x5f, 0x31, 0x00, 0x00, 0x00,
  0x02, 0x00, 0x00, 0x00, 0x01, 0x00, 0x00, 0x00, 0x10, 0x00, 0x00, 0x00,
  0x3e, 0x51, 0xff, 0xff, 0x00, 0x00, 0x00, 0x01, 0x18, 0x00, 0x00, 0x00,
  0x20, 0x00, 0x00, 0x00, 0x3c, 0x00, 0x00, 0x00, 0x5c, 0x00, 0x00, 0x00,
  0x00, 0x00, 0x00, 0x09, 0x58, 0x00, 0x00, 0x00, 0x02, 0x00, 0x00, 0x00,
  0xff, 0xff, 0xff, 0xff, 0x10, 0x00, 0x00, 0x00, 0x24, 0x51, 0xff, 0xff,
  0x08, 0x00, 0x00, 0x00, 0x10, 0x00, 0x00, 0x00, 0x01, 0x00, 0x00, 0x00,
  0xe5, 0xff, 0xff, 0xff, 0xff, 0xff, 0xff, 0xff, 0x01, 0x00, 0x00, 0x00,
  0xf4, 0x8c, 0x96, 0x3b, 0x21, 0x00, 0x00, 0x00, 0x73, 0x65, 0x71, 0x75,
  0x65, 0x6e, 0x74, 0x69, 0x61, 0x6c, 0x5f, 0x31, 0x2f, 0x67, 0x72, 0x75,
  0x5f, 0x31, 0x2f, 0x67, 0x72, 0x75, 0x5f, 0x63, 0x65, 0x6c, 0x6c, 0x5f,
  0x31, 0x2f, 0x73, 0x75, 0x62, 0x00, 0x00, 0x00, 0x02, 0x00, 0x00, 0x00,
  0x01, 0x00, 0x00, 0x00, 0x10, 0x00, 0x00, 0x00, 0xbe, 0x51, 0xff, 0xff,
  0x00, 0x00, 0x00, 0x01, 0x18, 0x00, 0x00, 0x00, 0x20, 0x00, 0x00, 0x00,
  0x3c, 0x00, 0x00, 0x00, 0x5b, 0x00, 0x00, 0x00, 0x00, 0x00, 0x00, 0x09,
  0x58, 0x00, 0x00, 0x00, 0x02, 0x00, 0x00, 0x00, 0xff, 0xff, 0xff, 0xff,
  0x10, 0x00, 0x00, 0x00, 0xa4, 0x51, 0xff, 0xff, 0x08, 0x00, 0x00, 0x00,
  0x10, 0x00, 0x00, 0x00, 0x01, 0x00, 0x00, 0x00, 0x0c, 0x00, 0x00, 0x00,
  0x00, 0x00, 0x00, 0x00, 0x01, 0x00, 0x00, 0x00, 0x35, 0x38, 0x59, 0x3b,
  0x23, 0x00, 0x00, 0x00, 0x73, 0x65, 0x71, 0x75, 0x65, 0x6e, 0x74, 0x69,
  0x61, 0x6c, 0x5f, 0x31, 0x2f, 0x67, 0x72, 0x75, 0x5f, 0x31, 0x2f, 0x67,
  0x72, 0x75, 0x5f, 0x63, 0x65, 0x6c, 0x6c, 0x5f, 0x31, 0x2f, 0x6d, 0x75,
  0x6c, 0x5f, 0x31, 0x00, 0x02, 0x00, 0x00, 0x00, 0x01, 0x00, 0x00, 0x00,
  0x10, 0x00, 0x00, 0x00, 0x3e, 0x52, 0xff, 0xff, 0x00, 0x00, 0x00, 0x01,
  0x18, 0x00, 0x00, 0x00, 0x20, 0x00, 0x00, 0x00, 0x40, 0x00, 0x00, 0x00,
  0x5a, 0x00, 0x00, 0x00, 0x00, 0x00, 0x00, 0x09, 0x60, 0x00, 0x00, 0x00,
  0x02, 0x00, 0x00, 0x00, 0xff, 0xff, 0xff, 0xff, 0x10, 0x00, 0x00, 0x00,
  0x24, 0x52, 0xff, 0xff, 0x08, 0x00, 0x00, 0x00, 0x14, 0x00, 0x00, 0x00,
  0x01, 0x00, 0x00, 0x00, 0x80, 0xff, 0xff, 0xff, 0xff, 0xff, 0xff, 0xff,
  0x00, 0x00, 0x00, 0x00, 0x01, 0x00, 0x00, 0x00, 0x00, 0x00, 0x80, 0x3b,
  0x25, 0x00, 0x00, 0x00, 0x73, 0x65, 0x71, 0x75, 0x65, 0x6e, 0x74, 0x69,
  0x61, 0x6c, 0x5f, 0x31, 0x2f, 0x67, 0x72, 0x75, 0x5f, 0x31, 0x2f, 0x67,
  0x72, 0x75, 0x5f, 0x63, 0x65, 0x6c, 0x6c, 0x5f, 0x31, 0x2f, 0x53, 0x69,
  0x67, 0x6d, 0x6f, 0x69, 0x64, 0x00, 0x00, 0x00, 0x02, 0x00, 0x00, 0x00,
  0x01, 0x00, 0x00, 0x00, 0x10, 0x00, 0x00, 0x00, 0xc6, 0x52, 0xff, 0xff,
  0x00, 0x00, 0x00, 0x01, 0x18, 0x00, 0x00, 0x00, 0x20, 0x00, 0x00, 0x00,
  0x3c, 0x00, 0x00, 0x00, 0x59, 0x00, 0x00, 0x00, 0x00, 0x00, 0x00, 0x09,
  0x58, 0x00, 0x00, 0x00, 0x02, 0x00, 0x00, 0x00, 0xff, 0xff, 0xff, 0xff,
  0x10, 0x00, 0x00, 0x00, 0xac, 0x52, 0xff, 0xff, 0x08, 0x00, 0x00, 0x00,
  0x10, 0x00, 0x00, 0x00, 0x01, 0x00, 0x00, 0x00, 0xc9, 0xff, 0xff, 0xff,
  0xff, 0xff, 0xff, 0xff, 0x01, 0x00, 0x00, 0x00, 0x6c, 0x79, 0x47, 0x3c,
  0x23, 0x00, 0x00, 0x00, 0x73, 0x65, 0x71, 0x75, 0x65, 0x6e, 0x74, 0x69,
  0x61, 0x6c, 0x5f, 0x31, 0x2f, 0x67, 0x72, 0x75, 0x5f, 0x31, 0x2f, 0x67,
  0x72, 0x75, 0x5f, 0x63, 0x65, 0x6c, 0x6c, 0x5f, 0x31, 0x2f, 0x61, 0x64,
  0x64, 0x5f, 0x31, 0x00, 0x02, 0x00, 0x00, 0x00, 0x01, 0x00, 0x00, 0x00,
  0x10, 0x00, 0x00, 0x00, 0x46, 0x53, 0xff, 0xff, 0x00, 0x00, 0x00, 0x01,
  0x18, 0x00, 0x00, 0x00, 0x20, 0x00, 0x00, 0x00, 0x3c, 0x00, 0x00, 0x00,
  0x58, 0x00, 0x00, 0x00, 0x00, 0x00, 0x00, 0x09, 0x60, 0x00, 0x00, 0x00,
  0x02, 0x00, 0x00, 0x00, 0xff, 0xff, 0xff, 0xff, 0x10, 0x00, 0x00, 0x00,
  0x2c, 0x53, 0xff, 0xff, 0x08, 0x00, 0x00, 0x00, 0x10, 0x00, 0x00, 0x00,
  0x01, 0x00, 0x00, 0x00, 0xee, 0xff, 0xff, 0xff, 0xff, 0xff, 0xff, 0xff,
  0x01, 0x00, 0x00, 0x00, 0x91, 0x02, 0x77, 0x3a, 0x2b, 0x00, 0x00, 0x00,
  0x73, 0x65, 0x71, 0x75, 0x65, 0x6e, 0x74, 0x69, 0x61, 0x6c, 0x5f, 0x31,
  0x2f, 0x67, 0x72, 0x75, 0x5f, 0x31, 0x2f, 0x67, 0x72, 0x75, 0x5f, 0x63,
  0x65, 0x6c, 0x6c, 0x5f, 0x31, 0x2f, 0x73, 0x74, 0x72, 0x69, 0x64, 0x65,
  0x64, 0x5f, 0x73, 0x6c, 0x69, 0x63, 0x65, 0x00, 0x02, 0x00, 0x00, 0x00,
  0x01, 0x00, 0x00, 0x00, 0x10, 0x00, 0x00, 0x00, 0xce, 0x53, 0xff, 0xff,
  0x00, 0x00, 0x00, 0x01, 0x18, 0x00, 0x00, 0x00, 0x20, 0x00, 0x00, 0x00,
  0x3c, 0x00, 0x00, 0x00, 0x57, 0x00, 0x00, 0x00, 0x00, 0x00, 0x00, 0x09,
  0x80, 0x00, 0x00, 0x00, 0x02, 0x00, 0x00, 0x00, 0xff, 0xff, 0xff, 0xff,
  0x30, 0x00, 0x00, 0x00, 0xb4, 0x53, 0xff, 0xff, 0x08, 0x00, 0x00, 0x00,
  0x10, 0x00, 0x00, 0x00, 0x01, 0x00, 0x00, 0x00, 0xee, 0xff, 0xff, 0xff,
  0xff, 0xff, 0xff, 0xff, 0x01, 0x00, 0x00, 0x00, 0x91, 0x02, 0x77, 0x3a,
  0x48, 0x00, 0x00, 0x00, 0x73, 0x65, 0x71, 0x75, 0x65, 0x6e, 0x74, 0x69,
  0x61, 0x6c, 0x5f, 0x31, 0x2f, 0x67, 0x72, 0x75, 0x5f, 0x31, 0x2f, 0x67,
  0x72, 0x75, 0x5f, 0x63, 0x65, 0x6c, 0x6c, 0x5f, 0x31, 0x2f, 0x4d, 0x61,
  0x74, 0x4d, 0x75, 0x6c, 0x5f, 0x31, 0x3b, 0x73, 0x65, 0x71, 0x75, 0x65,
  0x6e, 0x74, 0x69, 0x61, 0x6c, 0x5f, 0x31, 0x2f, 0x67, 0x72, 0x75, 0x5f,
  0x31, 0x2f, 0x67, 0x72, 0x75, 0x5f, 0x63, 0x65, 0x6c, 0x6c, 0x5f, 0x31,
  0x2f, 0x61, 0x64, 0x64, 0x00, 0x00, 0x00, 0x00, 0x02, 0x00, 0x00, 0x00,
  0x01, 0x00, 0x00, 0x00, 0x30, 0x00, 0x00, 0x00, 0x76, 0x54, 0xff, 0xff,
  0x00, 0x00, 0x00, 0x01, 0x18, 0x00, 0x00, 0x00, 0x20, 0x00, 0x00, 0x00,
  0x40, 0x00, 0x00, 0x00, 0x56, 0x00, 0x00, 0x00, 0x00, 0x00, 0x00, 0x09,
  0xb0, 0x00, 0x00, 0x00, 0x02, 0x00, 0x00, 0x00, 0xff, 0xff, 0xff, 0xff,
  0x10, 0x00, 0x00, 0x00, 0x5c, 0x54, 0xff, 0xff, 0x08, 0x00, 0x00, 0x00,
  0x14, 0x00, 0x00, 0x00, 0x01, 0x00, 0x00, 0x00, 0xef, 0xff, 0xff, 0xff,
  0xff, 0xff, 0xff, 0xff, 0x00, 0x00, 0x00, 0x00, 0x01, 0x00, 0x00, 0x00,
  0xba, 0x37, 0x71, 0x3c, 0x74, 0x00, 0x00, 0x00, 0x73, 0x65, 0x71, 0x75,
  0x65, 0x6e, 0x74, 0x69, 0x61, 0x6c, 0x5f, 0x31, 0x2f, 0x67, 0x72, 0x75,
  0x5f, 0x31, 0x2f, 0x67, 0x72, 0x75, 0x5f, 0x63, 0x65, 0x6c, 0x6c, 0x5f,
  0x31, 0x2f, 0x73, 0x70, 0x6c, 0x69, 0x74, 0x5f, 0x31, 0x3b, 0x73, 0x65,
  0x71, 0x75, 0x65, 0x6e, 0x74, 0x69, 0x61, 0x6c, 0x5f, 0x31, 0x2f, 0x67,
  0x72, 0x75, 0x5f, 0x31, 0x2f, 0x67, 0x72, 0x75, 0x5f, 0x63, 0x65, 0x6c,
  0x6c, 0x5f, 0x31, 0x2f, 0x73, 0x70, 0x6c, 0x69, 0x74, 0x5f, 0x31, 0x31,
  0x3b, 0x73, 0x65, 0x71, 0x75, 0x65, 0x6e, 0x74, 0x69, 0x61, 0x6c, 0x5f,
  0x31, 0x2f, 0x67, 0x72, 0x75, 0x5f, 0x31, 0x2f, 0x67, 0x72, 0x75, 0x5f,
  0x63, 0x65, 0x6c, 0x6c, 0x5f, 0x31, 0x2f, 0x73, 0x70, 0x6c, 0x69, 0x74,
  0x5f, 0x31, 0x32, 0x32, 0x00, 0x00, 0x00, 0x00, 0x02, 0x00, 0x00, 0x00,
  0x01, 0x00, 0x00, 0x00, 0x10, 0x00, 0x00, 0x00, 0x4e, 0x55, 0xff, 0xff,
  0x00, 0x00, 0x00, 0x01, 0x18, 0x00, 0x00, 0x00, 0x20, 0x00, 0x00, 0x00,
  0x40, 0x00, 0x00, 0x00, 0x55, 0x00, 0x00, 0x00, 0x00, 0x00, 0x00, 0x09,
  0xb0, 0x00, 0x00, 0x00, 0x02, 0x00, 0x00, 0x00, 0xff, 0xff, 0xff, 0xff,
  0x10, 0x00, 0x00, 0x00, 0x34, 0x55, 0xff, 0xff, 0x08, 0x00, 0x00, 0x00,
  0x14, 0x00, 0x00, 0x00, 0x01, 0x00, 0x00, 0x00, 0xef, 0xff, 0xff, 0xff,
  0xff, 0xff, 0xff, 0xff, 0x00, 0x00, 0x00, 0x00, 0x01, 0x00, 0x00, 0x00,
  0xba, 0x37, 0x71, 0x3c, 0x74, 0x00, 0x00, 0x00, 0x73, 0x65, 0x71, 0x75,
  0x65, 0x6e, 0x74, 0x69, 0x61, 0x6c, 0x5f, 0x31, 0x2f, 0x67, 0x72, 0x75,
  0x5f, 0x31, 0x2f, 0x67, 0x72, 0x75, 0x5f, 0x63, 0x65, 0x6c, 0x6c, 0x5f,
  0x31, 0x2f, 0x73, 0x70, 0x6c, 0x69, 0x74, 0x5f, 0x31, 0x3b, 0x73, 0x65,
  0x71, 0x75, 0x65, 0x6e, 0x74, 0x69, 0x61, 0x6c, 0x5f, 0x31, 0x2f, 0x67,
  0x72, 0x75, 0x5f, 0x31, 0x2f, 0x67, 0x72, 0x75, 0x5f, 0x63, 0x65, 0x6c,
  0x6c, 0x5f, 0x31, 0x2f, 0x73, 0x70, 0x6c, 0x69, 0x74, 0x5f, 0x31, 0x31,
  0x3b, 0x73, 0x65, 0x71, 0x75, 0x65, 0x6e, 0x74, 0x69, 0x61, 0x6c, 0x5f,
  0x31, 0x2f, 0x67, 0x72, 0x75, 0x5f, 0x31, 0x2f, 0x67, 0x72, 0x75, 0x5f,
  0x63, 0x65, 0x6c, 0x6c, 0x5f, 0x31, 0x2f, 0x73, 0x70, 0x6c, 0x69, 0x74,
  0x5f, 0x31, 0x32, 0x31, 0x00, 0x00, 0x00, 0x00, 0x02, 0x00, 0x00, 0x00,
  0x01, 0x00, 0x00, 0x00, 0x10, 0x00, 0x00, 0x00, 0x26, 0x56, 0xff, 0xff,
  0x00, 0x00, 0x00, 0x01, 0x18, 0x00, 0x00, 0x00, 0x20, 0x00, 0x00, 0x00,
  0x3c, 0x00, 0x00, 0x00, 0x54, 0x00, 0x00, 0x00, 0x00, 0x00, 0x00, 0x09,
  0xa8, 0x00, 0x00, 0x00, 0x02, 0x00, 0x00, 0x00, 0xff, 0xff, 0xff, 0xff,
  0x10, 0x00, 0x00, 0x00, 0x0c, 0x56, 0xff, 0xff, 0x08, 0x00, 0x00, 0x00,
  0x10, 0x00, 0x00, 0x00, 0x01, 0x00, 0x00, 0x00, 0xef, 0xff, 0xff, 0xff,
  0xff, 0xff, 0xff, 0xff, 0x01, 0x00, 0x00, 0x00, 0xba, 0x37, 0x71, 0x3c,
  0x73, 0x00, 0x00, 0x00, 0x73, 0x65, 0x71, 0x75, 0x65, 0x6e, 0x74, 0x69,
  0x61, 0x6c, 0x5f, 0x31, 0x2f, 0x67, 0x72, 0x75, 0x5f, 0x31, 0x2f, 0x67,
  0x72, 0x75, 0x5f, 0x63, 0x65, 0x6c, 0x6c, 0x5f, 0x31, 0x2f, 0x73, 0x70,
  0x6c, 0x69, 0x74, 0x5f, 0x31, 0x3b, 0x73, 0x65, 0x71, 0x75, 0x65, 0x6e,
  0x74, 0x69, 0x61, 0x6c, 0x5f, 0x31, 0x2f, 0x67, 0x72, 0x75, 0x5f, 0x31,
  0x2f, 0x67, 0x72, 0x75, 0x5f, 0x63, 0x65, 0x6c, 0x6c, 0x5f, 0x31, 0x2f,
  0x73, 0x70, 0x6c, 0x69, 0x74, 0x5f, 0x31, 0x31, 0x3b, 0x73, 0x65, 0x71,
  0x75, 0x65, 0x6e, 0x74, 0x69, 0x61, 0x6c, 0x5f, 0x31, 0x2f, 0x67, 0x72,
  0x75, 0x5f, 0x31, 0x2f, 0x67, 0x72, 0x75, 0x5f, 0x63, 0x65, 0x6c, 0x6c,
  0x5f, 0x31, 0x2f, 0x73, 0x70, 0x6c, 0x69, 0x74, 0x5f, 0x31, 0x32, 0x00,
  0x02, 0x00, 0x00, 0x00, 0x01, 0x00, 0x00, 0x00, 0x10, 0x00, 0x00, 0x00,
  0xf6, 0x56, 0xff, 0xff, 0x00, 0x00, 0x00, 0x01, 0x18, 0x00, 0x00, 0x00,
  0x20, 0x00, 0x00, 0x00, 0x3c, 0x00, 0x00, 0x00, 0x53, 0x00, 0x00, 0x00,
  0x00, 0x00, 0x00, 0x09, 0x80, 0x00, 0x00, 0x00, 0x02, 0x00, 0x00, 0x00,
  0xff, 0xff, 0xff, 0xff, 0x30, 0x00, 0x00, 0x00, 0xdc, 0x56, 0xff, 0xff,
  0x08, 0x00, 0x00, 0x00, 0x10, 0x00, 0x00, 0x00, 0x01, 0x00, 0x00, 0x00,
  0xef, 0xff, 0xff, 0xff, 0xff, 0xff, 0xff, 0xff, 0x01, 0x00, 0x00, 0x00,
  0xba, 0x37, 0x71, 0x3c, 0x4a, 0x00, 0x00, 0x00, 0x73, 0x65, 0x71, 0x75,
  0x65, 0x6e, 0x74, 0x69, 0x61, 0x6c, 0x5f, 0x31, 0x2f, 0x67, 0x72, 0x75,
  0x5f, 0x31, 0x2f, 0x67, 0x72, 0x75, 0x5f, 0x63, 0x65, 0x6c, 0x6c, 0x5f,
  0x31, 0x2f, 0x4d, 0x61, 0x74, 0x4d, 0x75, 0x6c, 0x3b, 0x73, 0x65, 0x71,
  0x75, 0x65, 0x6e, 0x74, 0x69, 0x61, 0x6c, 0x5f, 0x31, 0x2f, 0x67, 0x72,
  0x75, 0x5f, 0x31, 0x2f, 0x67, 0x72, 0x75, 0x5f, 0x63, 0x65, 0x6c, 0x6c,
  0x5f, 0x31, 0x2f, 0x42, 0x69, 0x61, 0x73, 0x41, 0x64, 0x64, 0x00, 0x00,
  0x02, 0x00, 0x00, 0x00, 0x01, 0x00, 0x00, 0x00, 0x30, 0x00, 0x00, 0x00,
  0x9e, 0x57, 0xff, 0xff, 0x00, 0x00, 0x00, 0x01, 0x18, 0x00, 0x00, 0x00,
  0x20, 0x00, 0x00, 0x00, 0x40, 0x00, 0x00, 0x00, 0x52, 0x00, 0x00, 0x00,
  0x00, 0x00, 0x00, 0x09, 0x54, 0x00, 0x00, 0x00, 0x02, 0x00, 0x00, 0x00,
  0xff, 0xff, 0xff, 0xff, 0x10, 0x00, 0x00, 0x00, 0x84, 0x57, 0xff, 0xff,
  0x08, 0x00, 0x00, 0x00, 0x14, 0x00, 0x00, 0x00, 0x01, 0x00, 0x00, 0x00,
  0x00, 0x00, 0x00, 0x00, 0x00, 0x00, 0x00, 0x00, 0x00, 0x00, 0x00, 0x00,
  0x01, 0x00, 0x00, 0x00, 0x7b, 0xbe, 0x06, 0x32, 0x18, 0x00, 0x00, 0x00,
  0x73, 0x65, 0x71, 0x75, 0x65, 0x6e, 0x74, 0x69, 0x61, 0x6c, 0x5f, 0x31,
  0x2f, 0x67, 0x72, 0x75, 0x5f, 0x31, 0x2f, 0x7a, 0x65, 0x72, 0x6f, 0x73,
  0x00, 0x00, 0x00, 0x00, 0x02, 0x00, 0x00, 0x00, 0x01, 0x00, 0x00, 0x00,
  0x10, 0x00, 0x00, 0x00, 0x8a, 0x58, 0xff, 0xff, 0x00, 0x00, 0x00, 0x01,
  0x14, 0x00, 0x00, 0x00, 0x14, 0x00, 0x00, 0x00, 0x51, 0x00, 0x00, 0x00,
  0x00, 0x00, 0x00, 0x02, 0x2c, 0x00, 0x00, 0x00, 0x74, 0x58, 0xff, 0xff,
  0x1f, 0x00, 0x00, 0x00, 0x73, 0x65, 0x71, 0x75, 0x65, 0x6e, 0x74, 0x69,
  0x61, 0x6c, 0x5f, 0x31, 0x2f, 0x67, 0x72, 0x75, 0x5f, 0x31, 0x2f, 0x7a,
  0x65, 0x72, 0x6f, 0x73, 0x2f, 0x70, 0x61, 0x63, 0x6b, 0x65, 0x64, 0x00,
  0x01, 0x00, 0x00, 0x00, 0x02, 0x00, 0x00, 0x00, 0x66, 0x58, 0xff, 0xff,
  0x00, 0x00, 0x00, 0x01, 0x18, 0x00, 0x00, 0x00, 0x20, 0x00, 0x00, 0x00,
  0x3c, 0x00, 0x00, 0x00, 0x50, 0x00, 0x00, 0x00, 0x00, 0x00, 0x00, 0x09,
  0x70, 0x02, 0x00, 0x00, 0x02, 0x00, 0x00, 0x00, 0xff, 0xff, 0xff, 0xff,
  0x0c, 0x00, 0x00, 0x00, 0x4c, 0x58, 0xff, 0xff, 0x08, 0x00, 0x00, 0x00,
  0x10, 0x00, 0x00, 0x00, 0x01, 0x00, 0x00, 0x00, 0x80, 0xff, 0xff, 0xff,
  0xff, 0xff, 0xff, 0xff, 0x01, 0x00, 0x00, 0x00, 0x81, 0x80, 0x80, 0x3b,
  0x3a, 0x02, 0x00, 0x00, 0x73, 0x65, 0x71, 0x75, 0x65, 0x6e, 0x74, 0x69,
  0x61, 0x6c, 0x5f, 0x31, 0x2f, 0x67, 0x72, 0x75, 0x5f, 0x31, 0x2f, 0x75,
  0x6e, 0x73, 0x74, 0x61, 0x63, 0x6b, 0x3b, 0x73, 0x65, 0x71, 0x75, 0x65,
  0x6e, 0x74, 0x69, 0x61, 0x6c, 0x5f, 0x31, 0x2f, 0x67, 0x72, 0x75, 0x5f,
  0x31, 0x2f, 0x75, 0x6e, 0x73, 0x74, 0x61, 0x63, 0x6b, 0x31, 0x3b, 0x73,
  0x65, 0x71, 0x75, 0x65, 0x6e, 0x74, 0x69, 0x61, 0x6c, 0x5f, 0x31, 0x2f,
  0x67, 0x72, 0x75, 0x5f, 0x31, 0x2f, 0x75, 0x6e, 0x73, 0x74, 0x61, 0x63,
  0x6b, 0x32, 0x3b, 0x73, 0x65, 0x71, 0x75, 0x65, 0x6e, 0x74, 0x69, 0x61,
  0x6c, 0x5f, 0x31, 0x2f, 0x67, 0x72, 0x75, 0x5f, 0x31, 0x2f, 0x75, 0x6e,
  0x73, 0x74, 0x61, 0x63, 0x6b, 0x33, 0x3b, 0x73, 0x65, 0x71, 0x75, 0x65,
  0x6e, 0x74, 0x69, 0x61, 0x6c, 0x5f, 0x31, 0x2f, 0x67, 0x72, 0x75, 0x5f,
  0x31, 0x2f, 0x75, 0x6e, 0x73, 0x74, 0x61, 0x63, 0x6b, 0x34, 0x3b, 0x73,
  0x65, 0x71, 0x75, 0x65, 0x6e, 0x74, 0x69, 0x61, 0x6c, 0x5f, 0x31, 0x2f,
  0x67, 0x72, 0x75, 0x5f, 0x31, 0x2f, 0x75, 0x6e, 0x73, 0x74, 0x61, 0x63,
  0x6b, 0x35, 0x3b, 0x73, 0x65, 0x71, 0x75, 0x65, 0x6e, 0x74, 0x69, 0x61,
  0x6c, 0x5f, 0x31, 0x2f, 0x67, 0x72, 0x75, 0x5f, 0x31, 0x2f, 0x75, 0x6e,
  0x73, 0x74, 0x61, 0x63, 0x6b, 0x36, 0x3b, 0x73, 0x65, 0x71, 0x75, 0x65,
  0x6e, 0x74, 0x69, 0x61, 0x6c, 0x5f, 0x31, 0x2f, 0x67, 0x72, 0x75, 0x5f,
  0x31, 0x2f, 0x75, 0x6e, 0x73, 0x74, 0x61, 0x63, 0x6b, 0x37, 0x3b, 0x73,
  0x65, 0x71, 0x75, 0x65, 0x6e, 0x74, 0x69, 0x61, 0x6c, 0x5f, 0x31, 0x2f,
  0x67, 0x72, 0x75, 0x5f, 0x31, 0x2f, 0x75, 0x6e, 0x73, 0x74, 0x61, 0x63,
  0x6b, 0x38, 0x3b, 0x73, 0x65, 0x71, 0x75, 0x65, 0x6e, 0x74, 0x69, 0x61,
  0x6c, 0x5f, 0x31, 0x2f, 0x67, 0x72, 0x75, 0x5f, 0x31, 0x2f, 0x75, 0x6e,
  0x73, 0x74, 0x61, 0x63, 0x6b, 0x39, 0x3b, 0x73, 0x65, 0x71, 0x75, 0x65,
  0x6e, 0x74, 0x69, 0x61, 0x6c, 0x5f, 0x31, 0x2f, 0x67, 0x72, 0x75, 0x5f,
  0x31, 0x2f, 0x75, 0x6e, 0x73, 0x74, 0x61, 0x63, 0x6b, 0x31, 0x30, 0x3b,
  0x73, 0x65, 0x71, 0x75, 0x65, 0x6e, 0x74, 0x69, 0x61, 0x6c, 0x5f, 0x31,
  0x2f, 0x67, 0x72, 0x75, 0x5f, 0x31, 0x2f, 0x75, 0x6e, 0x73, 0x74, 0x61,
  0x63, 0x6b, 0x31, 0x31, 0x3b, 0x73, 0x65, 0x71, 0x75, 0x65, 0x6e, 0x74,
  0x69, 0x61, 0x6c, 0x5f, 0x31, 0x2f, 0x67, 0x72, 0x75, 0x5f, 0x31, 0x2f,
  0x75, 0x6e, 0x73, 0x74, 0x61, 0x63, 0x6b, 0x31, 0x32, 0x3b, 0x73, 0x65,
  0x71, 0x75, 0x65, 0x6e, 0x74, 0x69, 0x61, 0x6c, 0x5f, 0x31, 0x2f, 0x67,
  0x72, 0x75, 0x5f, 0x31, 0x2f, 0x75, 0x6e, 0x73, 0x74, 0x61, 0x63, 0x6b,
  0x31, 0x33, 0x3b, 0x73, 0x65, 0x71, 0x75, 0x65, 0x6e, 0x74, 0x69, 0x61,
  0x6c, 0x5f, 0x31, 0x2f, 0x67, 0x72, 0x75, 0x5f, 0x31, 0x2f, 0x75, 0x6e,
  0x73, 0x74, 0x61, 0x63, 0x6b, 0x31, 0x34, 0x3b, 0x73, 0x65, 0x71, 0x75,
  0x65, 0x6e, 0x74, 0x69, 0x61, 0x6c, 0x5f, 0x31, 0x2f, 0x67, 0x72, 0x75,
  0x5f, 0x31, 0x2f, 0x75, 0x6e, 0x73, 0x74, 0x61, 0x63, 0x6b, 0x31, 0x35,
  0x3b, 0x73, 0x65, 0x71, 0x75, 0x65, 0x6e, 0x74, 0x69, 0x61, 0x6c, 0x5f,
  0x31, 0x2f, 0x67, 0x72, 0x75, 0x5f, 0x31, 0x2f, 0x75, 0x6e, 0x73, 0x74,
  0x61, 0x63, 0x6b, 0x31, 0x36, 0x3b, 0x73, 0x65, 0x71, 0x75, 0x65, 0x6e,
  0x74, 0x69, 0x61, 0x6c, 0x5f, 0x31, 0x2f, 0x67, 0x72, 0x75, 0x5f, 0x31,
  0x2f, 0x75, 0x6e, 0x73, 0x74, 0x61, 0x63, 0x6b, 0x31, 0x37, 0x3b, 0x73,
  0x65, 0x71, 0x75, 0x65, 0x6e, 0x74, 0x69, 0x61, 0x6c, 0x5f, 0x31, 0x2f,
  0x67, 0x72, 0x75, 0x5f, 0x31, 0x2f, 0x75, 0x6e, 0x73, 0x74, 0x61, 0x63,
  0x6b, 0x31, 0x38, 0x3b, 0x73, 0x65, 0x71, 0x75, 0x65, 0x6e, 0x74, 0x69,
  0x61, 0x6c, 0x5f, 0x31, 0x2f, 0x67, 0x72, 0x75, 0x5f, 0x31, 0x2f, 0x75,
  0x6e, 0x73, 0x74, 0x61, 0x63, 0x6b, 0x31, 0x39, 0x31, 0x39, 0x00, 0x00,
  0x02, 0x00, 0x00, 0x00, 0x01, 0x00, 0x00, 0x00, 0x0c, 0x00, 0x00, 0x00,
  0xfe, 0x5a, 0xff, 0xff, 0x00, 0x00, 0x00, 0x01, 0x18, 0x00, 0x00, 0x00,
  0x20, 0x00, 0x00, 0x00, 0x3c, 0x00, 0x00, 0x00, 0x4f, 0x00, 0x00, 0x00,
  0x00, 0x00, 0x00, 0x09, 0x70, 0x02, 0x00, 0x00, 0x02, 0x00, 0x00, 0x00,
  0xff, 0xff, 0xff, 0xff, 0x0c, 0x00, 0x00, 0x00, 0xe4, 0x5a, 0xff, 0xff,
  0x08, 0x00, 0x00, 0x00, 0x10, 0x00, 0x00, 0x00, 0x01, 0x00, 0x00, 0x00,
  0x80, 0xff, 0xff, 0xff, 0xff, 0xff, 0xff, 0xff, 0x01, 0x00, 0x00, 0x00,
  0x81, 0x80, 0x80, 0x3b, 0x3a, 0x02, 0x00, 0x00, 0x73, 0x65, 0x71, 0x75,
  0x65, 0x6e, 0x74, 0x69, 0x61, 0x6c, 0x5f, 0x31, 0x2f, 0x67, 0x72, 0x75,
  0x5f, 0x31, 0x2f, 0x75, 0x6e, 0x73, 0x74, 0x61, 0x63, 0x6b, 0x3b, 0x73,
  0x65, 0x71, 0x75, 0x65, 0x6e, 0x74, 0x69, 0x61, 0x6c, 0x5f, 0x31, 0x2f,
  0x67, 0x72, 0x75, 0x5f, 0x31, 0x2f, 0x75, 0x6e, 0x73, 0x74, 0x61, 0x63,
  0x6b, 0x31, 0x3b, 0x73, 0x65, 0x71, 0x75, 0x65, 0x6e, 0x74, 0x69, 0x61,
  0x6c, 0x5f, 0x31, 0x2f, 0x67, 0x72, 0x75, 0x5f, 0x31, 0x2f, 0x75, 0x6e,
  0x73, 0x74, 0x61, 0x63, 0x6b, 0x32, 0x3b, 0x73, 0x65, 0x71, 0x75, 0x65,
  0x6e, 0x74, 0x69, 0x61, 0x6c, 0x5f, 0x31, 0x2f, 0x67, 0x72, 0x75, 0x5f,
  0x31, 0x2f, 0x75, 0x6e, 0x73, 0x74, 0x61, 0x63, 0x6b, 0x33, 0x3b, 0x73,
  0x65, 0x71, 0x75, 0x65, 0x6e, 0x74, 0x69, 0x61, 0x6c, 0x5f, 0x31, 0x2f,
  0x67, 0x72, 0x75, 0x5f, 0x31, 0x2f, 0x75, 0x6e, 0x73, 0x74, 0x61, 0x63,
  0x6b, 0x34, 0x3b, 0x73, 0x65, 0x71, 0x75, 0x65, 0x6e, 0x74, 0x69, 0x61,
  0x6c, 0x5f, 0x31, 0x2f, 0x67, 0x72, 0x75, 0x5f, 0x31, 0x2f, 0x75, 0x6e,
  0x73, 0x74, 0x61, 0x63, 0x6b, 0x35, 0x3b, 0x73, 0x65, 0x71, 0x75, 0x65,
  0x6e, 0x74, 0x69, 0x61, 0x6c, 0x5f, 0x31, 0x2f, 0x67, 0x72, 0x75, 0x5f,
  0x31, 0x2f, 0x75, 0x6e, 0x73, 0x74, 0x61, 0x63, 0x6b, 0x36, 0x3b, 0x73,
  0x65, 0x71, 0x75, 0x65, 0x6e, 0x74, 0x69, 0x61, 0x6c, 0x5f, 0x31, 0x2f,
  0x67, 0x72, 0x75, 0x5f, 0x31, 0x2f, 0x75, 0x6e, 0x73, 0x74, 0x61, 0x63,
  0x6b, 0x37, 0x3b, 0x73, 0x65, 0x71, 0x75, 0x65, 0x6e, 0x74, 0x69, 0x61,
  0x6c, 0x5f, 0x31, 0x2f, 0x67, 0x72, 0x75, 0x5f, 0x31, 0x2f, 0x75, 0x6e,
  0x73, 0x74, 0x61, 0x63, 0x6b, 0x38, 0x3b, 0x73, 0x65, 0x71, 0x75, 0x65,
  0x6e, 0x74, 0x69, 0x61, 0x6c, 0x5f, 0x31, 0x2f, 0x67, 0x72, 0x75, 0x5f,
  0x31, 0x2f, 0x75, 0x6e, 0x73, 0x74, 0x61, 0x63, 0x6b, 0x39, 0x3b, 0x73,
  0x65, 0x71, 0x75, 0x65, 0x6e, 0x74, 0x69, 0x61, 0x6c, 0x5f, 0x31, 0x2f,
  0x67, 0x72, 0x75, 0x5f, 0x31, 0x2f, 0x75, 0x6e, 0x73, 0x74, 0x61, 0x63,
  0x6b, 0x31, 0x30, 0x3b, 0x73, 0x65, 0x71, 0x75, 0x65, 0x6e, 0x74, 0x69,
  0x61, 0x6c, 0x5f, 0x31, 0x2f, 0x67, 0x72, 0x75, 0x5f, 0x31, 0x2f, 0x75,
  0x6e, 0x73, 0x74, 0x61, 0x63, 0x6b, 0x31, 0x31, 0x3b, 0x73, 0x65, 0x71,
  0x75, 0x65, 0x6e, 0x74, 0x69, 0x61, 0x6c, 0x5f, 0x31, 0x2f, 0x67, 0x72,
  0x75, 0x5f, 0x31, 0x2f, 0x75, 0x6e, 0x73, 0x74, 0x61, 0x63, 0x6b, 0x31,
  0x32, 0x3b, 0x73, 0x65, 0x71, 0x75, 0x65, 0x6e, 0x74, 0x69, 0x61, 0x6c,
  0x5f, 0x31, 0x2f, 0x67, 0x72, 0x75, 0x5f, 0x31, 0x2f, 0x75, 0x6e, 0x73,
  0x74, 0x61, 0x63, 0x6b, 0x31, 0x33, 0x3b, 0x73, 0x65, 0x71, 0x75, 0x65,
  0x6e, 0x74, 0x69, 0x61, 0x6c, 0x5f, 0x31, 0x2f, 0x67, 0x72, 0x75, 0x5f,
  0x31, 0x2f, 0x75, 0x6e, 0x73, 0x74, 0x61, 0x63, 0x6b, 0x31, 0x34, 0x3b,
  0x73, 0x65, 0x71, 0x75, 0x65, 0x6e, 0x74, 0x69, 0x61, 0x6c, 0x5f, 0x31,
  0x2f, 0x67, 0x72, 0x75, 0x5f, 0x31, 0x2f, 0x75, 0x6e, 0x73, 0x74, 0x61,
  0x63, 0x6b, 0x31, 0x35, 0x3b, 0x73, 0x65, 0x71, 0x75, 0x65, 0x6e, 0x74,
  0x69, 0x61, 0x6c, 0x5f, 0x31, 0x2f, 0x67, 0x72, 0x75, 0x5f, 0x31, 0x2f,
  0x75, 0x6e, 0x73, 0x74, 0x61, 0x63, 0x6b, 0x31, 0x36, 0x3b, 0x73, 0x65,
  0x71, 0x75, 0x65, 0x6e, 0x74, 0x69, 0x61, 0x6c, 0x5f, 0x31, 0x2f, 0x67,
  0x72, 0x75, 0x5f, 0x31, 0x2f, 0x75, 0x6e, 0x73, 0x74, 0x61, 0x63, 0x6b,
  0x31, 0x37, 0x3b, 0x73, 0x65, 0x71, 0x75, 0x65, 0x6e, 0x74, 0x69, 0x61,
  0x6c, 0x5f, 0x31, 0x2f, 0x67, 0x72, 0x75, 0x5f, 0x31, 0x2f, 0x75, 0x6e,
  0x73, 0x74, 0x61, 0x63, 0x6b, 0x31, 0x38, 0x3b, 0x73, 0x65, 0x71, 0x75,
  0x65, 0x6e, 0x74, 0x69, 0x61, 0x6c, 0x5f, 0x31, 0x2f, 0x67, 0x72, 0x75,
  0x5f, 0x31, 0x2f, 0x75, 0x6e, 0x73, 0x74, 0x61, 0x63, 0x6b, 0x31, 0x39,
  0x31, 0x38, 0x00, 0x00, 0x02, 0x00, 0x00, 0x00, 0x01, 0x00, 0x00, 0x00,
  0x0c, 0x00, 0x00, 0x00, 0x96, 0x5d, 0xff, 0xff, 0x00, 0x00, 0x00, 0x01,
  0x18, 0x00, 0x00, 0x00, 0x20, 0x00, 0x00, 0x00, 0x3c, 0x00, 0x00, 0x00,
  0x4e, 0x00, 0x00, 0x00, 0x00, 0x00, 0x00, 0x09, 0x70, 0x02, 0x00, 0x00,
  0x02, 0x00, 0x00, 0x00, 0xff, 0xff, 0xff, 0xff, 0x0c, 0x00, 0x00, 0x00,
  0x7c, 0x5d, 0xff, 0xff, 0x08, 0x00, 0x00, 0x00, 0x10, 0x00, 0x00, 0x00,
  0x01, 0x00, 0x00, 0x00, 0x80, 0xff, 0xff, 0xff, 0xff, 0xff, 0xff, 0xff,
  0x01, 0x00, 0x00, 0x00, 0x81, 0x80, 0x80, 0x3b, 0x3a, 0x02, 0x00, 0x00,
  0x73, 0x65, 0x71, 0x75, 0x65, 0x6e, 0x74, 0x69, 0x61, 0x6c, 0x5f, 0x31,
  0x2f, 0x67, 0x72, 0x75, 0x5f, 0x31, 0x2f, 0x75, 0x6e, 0x73, 0x74, 0x61,
  0x63, 0x6b, 0x3b, 0x73, 0x65, 0x71, 0x75, 0x65, 0x6e, 0x74, 0x69, 0x61,
  0x6c, 0x5f, 0x31, 0x2f, 0x67, 0x72, 0x75, 0x5f, 0x31, 0x2f, 0x75, 0x6e,
  0x73, 0x74, 0x61, 0x63, 0x6b, 0x31, 0x3b, 0x73, 0x65, 0x71, 0x75, 0x65,
  0x6e, 0x74, 0x69, 0x61, 0x6c, 0x5f, 0x31, 0x2f, 0x67, 0x72, 0x75, 0x5f,
  0x31, 0x2f, 0x75, 0x6e, 0x73, 0x74, 0x61, 0x63, 0x6b, 0x32, 0x3b, 0x73,
  0x65, 0x71, 0x75, 0x65, 0x6e, 0x74, 0x69, 0x61, 0x6c, 0x5f, 0x31, 0x2f,
  0x67, 0x72, 0x75, 0x5f, 0x31, 0x2f, 0x75, 0x6e, 0x73, 0x74, 0x61, 0x63,
  0x6b, 0x33, 0x3b, 0x73, 0x65, 0x71, 0x75, 0x65, 0x6e, 0x74, 0x69, 0x61,
  0x6c, 0x5f, 0x31, 0x2f, 0x67, 0x72, 0x75, 0x5f, 0x31, 0x2f, 0x75, 0x6e,
  0x73, 0x74, 0x61, 0x63, 0x6b, 0x34, 0x3b, 0x73, 0x65, 0x71, 0x75, 0x65,
  0x6e, 0x74, 0x69, 0x61, 0x6c, 0x5f, 0x31, 0x2f, 0x67, 0x72, 0x75, 0x5f,
  0x31, 0x2f, 0x75, 0x6e, 0x73, 0x74, 0x61, 0x63, 0x6b, 0x35, 0x3b, 0x73,
  0x65, 0x71, 0x75, 0x65, 0x6e, 0x74, 0x69, 0x61, 0x6c, 0x5f, 0x31, 0x2f,
  0x67, 0x72, 0x75, 0x5f, 0x31, 0x2f, 0x75, 0x6e, 0x73, 0x74, 0x61, 0x63,
  0x6b, 0x36, 0x3b, 0x73, 0x65, 0x71, 0x75, 0x65, 0x6e, 0x74, 0x69, 0x61,
  0x6c, 0x5f, 0x31, 0x2f, 0x67, 0x72, 0x75, 0x5f, 0x31, 0x2f, 0x75, 0x6e,
  0x73, 0x74, 0x61, 0x63, 0x6b, 0x37, 0x3b, 0x73, 0x65, 0x71, 0x75, 0x65,
  0x6e, 0x74, 0x69, 0x61, 0x6c, 0x5f, 0x31, 0x2f, 0x67, 0x72, 0x75, 0x5f,
  0x31, 0x2f, 0x75, 0x6e, 0x73, 0x74, 0x61, 0x63, 0x6b, 0x38, 0x3b, 0x73,
  0x65, 0x71, 0x75, 0x65, 0x6e, 0x74, 0x69, 0x61, 0x6c, 0x5f, 0x31, 0x2f,
  0x67, 0x72, 0x75, 0x5f, 0x31, 0x2f, 0x75, 0x6e, 0x73, 0x74, 0x61, 0x63,
  0x6b, 0x39, 0x3b, 0x73, 0x65, 0x71, 0x75, 0x65, 0x6e, 0x74, 0x69, 0x61,
  0x6c, 0x5f, 0x31, 0x2f, 0x67, 0x72, 0x75, 0x5f, 0x31, 0x2f, 0x75, 0x6e,
  0x73, 0x74, 0x61, 0x63, 0x6b, 0x31, 0x30, 0x3b, 0x73, 0x65, 0x71, 0x75,
  0x65, 0x6e, 0x74, 0x69, 0x61, 0x6c, 0x5f, 0x31, 0x2f, 0x67, 0x72, 0x75,
  0x5f, 0x31, 0x2f, 0x75, 0x6e, 0x73, 0x74, 0x61, 0x63, 0x6b, 0x31, 0x31,
  0x3b, 0x73, 0x65, 0x71, 0x75, 0x65, 0x6e, 0x74, 0x69, 0x61, 0x6c, 0x5f,
  0x31, 0x2f, 0x67, 0x72, 0x75, 0x5f, 0x31, 0x2f, 0x75, 0x6e, 0x73, 0x74,
  0x61, 0x63, 0x6b, 0x31, 0x32, 0x3b, 0x73, 0x65, 0x71, 0x75, 0x65, 0x6e,
  0x74, 0x69, 0x61, 0x6c, 0x5f, 0x31, 0x2f, 0x67, 0x72, 0x75, 0x5f, 0x31,
  0x2f, 0x75, 0x6e, 0x73, 0x74, 0x61, 0x63, 0x6b, 0x31, 0x33, 0x3b, 0x73,
  0x65, 0x71, 0x75, 0x65, 0x6e, 0x74, 0x69, 0x61, 0x6c, 0x5f, 0x31, 0x2f,
  0x67, 0x72, 0x75, 0x5f, 0x31, 0x2f, 0x75, 0x6e, 0x73, 0x74, 0x61, 0x63,
  0x6b, 0x31, 0x34, 0x3b, 0x73, 0x65, 0x71, 0x75, 0x65, 0x6e, 0x74, 0x69,
  0x61, 0x6c, 0x5f, 0x31, 0x2f, 0x67, 0x72, 0x75, 0x5f, 0x31, 0x2f, 0x75,
  0x6e, 0x73, 0x74, 0x61, 0x63, 0x6b, 0x31, 0x35, 0x3b, 0x73, 0x65, 0x71,
  0x75, 0x65, 0x6e, 0x74, 0x69, 0x61, 0x6c, 0x5f, 0x31, 0x2f, 0x67, 0x72,
  0x75, 0x5f, 0x31, 0x2f, 0x75, 0x6e, 0x73, 0x74, 0x61, 0x63, 0x6b, 0x31,
  0x36, 0x3b, 0x73, 0x65, 0x71, 0x75, 0x65, 0x6e, 0x74, 0x69, 0x61, 0x6c,
  0x5f, 0x31, 0x2f, 0x67, 0x72, 0x75, 0x5f, 0x31, 0x2f, 0x75, 0x6e, 0x73,
  0x74, 0x61, 0x63, 0x6b, 0x31, 0x37, 0x3b, 0x73, 0x65, 0x71, 0x75, 0x65,
  0x6e, 0x74, 0x69, 0x61, 0x6c, 0x5f, 0x31, 0x2f, 0x67, 0x72, 0x75, 0x5f,
  0x31, 0x2f, 0x75, 0x6e, 0x73, 0x74, 0x61, 0x63, 0x6b, 0x31, 0x38, 0x3b,
  0x73, 0x65, 0x71, 0x75, 0x65, 0x6e, 0x74, 0x69, 0x61, 0x6c, 0x5f, 0x31,
  0x2f, 0x67, 0x72, 0x75, 0x5f, 0x31, 0x2f, 0x75, 0x6e, 0x73, 0x74, 0x61,
  0x63, 0x6b, 0x31, 0x39, 0x31, 0x37, 0x00, 0x00, 0x02, 0x00, 0x00, 0x00,
  0x01, 0x00, 0x00, 0x00, 0x0c, 0x00, 0x00, 0x00, 0x2e, 0x60, 0xff, 0xff,
  0x00, 0x00, 0x00, 0x01, 0x18, 0x00, 0x00, 0x00, 0x20, 0x00, 0x00, 0x00,
  0x3c, 0x00, 0x00, 0x00, 0x4d, 0x00, 0x00, 0x00, 0x00, 0x00, 0x00, 0x09,
  0x70, 0x02, 0x00, 0x00, 0x02, 0x00, 0x00, 0x00, 0xff, 0xff, 0xff, 0xff,
  0x0c, 0x00, 0x00, 0x00, 0x14, 0x60, 0xff, 0xff, 0x08, 0x00, 0x00, 0x00,
  0x10, 0x00, 0x00, 0x00, 0x01, 0x00, 0x00, 0x00, 0x80, 0xff, 0xff, 0xff,
  0xff, 0xff, 0xff, 0xff, 0x01, 0x00, 0x00, 0x00, 0x81, 0x80, 0x80, 0x3b,
  0x3a, 0x02, 0x00, 0x00, 0x73, 0x65, 0x71, 0x75, 0x65, 0x6e, 0x74, 0x69,
  0x61, 0x6c, 0x5f, 0x31, 0x2f, 0x67, 0x72, 0x75, 0x5f, 0x31, 0x2f, 0x75,
  0x6e, 0x73, 0x74, 0x61, 0x63, 0x6b, 0x3b, 0x73, 0x65, 0x71, 0x75, 0x65,
  0x6e, 0x74, 0x69, 0x61, 0x6c, 0x5f, 0x31, 0x2f, 0x67, 0x72, 0x75, 0x5f,
  0x31, 0x2f, 0x75, 0x6e, 0x73, 0x74, 0x61, 0x63, 0x6b, 0x31, 0x3b, 0x73,
  0x65, 0x71, 0x75, 0x65, 0x6e, 0x74, 0x69, 0x61, 0x6c, 0x5f, 0x31, 0x2f,
  0x67, 0x72, 0x75, 0x5f, 0x31, 0x2f, 0x75, 0x6e, 0x73, 0x74, 0x61, 0x63,
  0x6b, 0x32, 0x3b, 0x73, 0x65, 0x71, 0x75, 0x65, 0x6e, 0x74, 0x69, 0x61,
  0x6c, 0x5f, 0x31, 0x2f, 0x67, 0x72, 0x75, 0x5f, 0x31, 0x2f, 0x75, 0x6e,
  0x73, 0x74, 0x61, 0x63, 0x6b, 0x33, 0x3b, 0x73, 0x65, 0x71, 0x75, 0x65,
  0x6e, 0x74, 0x69, 0x61, 0x6c, 0x5f, 0x31, 0x2f, 0x67, 0x72, 0x75, 0x5f,
  0x31, 0x2f, 0x75, 0x6e, 0x73, 0x74, 0x61, 0x63, 0x6b, 0x34, 0x3b, 0x73,
  0x65, 0x71, 0x75, 0x65, 0x6e, 0x74, 0x69, 0x61, 0x6c, 0x5f, 0x31, 0x2f,
  0x67, 0x72, 0x75, 0x5f, 0x31, 0x2f, 0x75, 0x6e, 0x73, 0x74, 0x61, 0x63,
  0x6b, 0x35, 0x3b, 0x73, 0x65, 0x71, 0x75, 0x65, 0x6e, 0x74, 0x69, 0x61,
  0x6c, 0x5f, 0x31, 0x2f, 0x67, 0x72, 0x75, 0x5f, 0x31, 0x2f, 0x75, 0x6e,
  0x73, 0x74, 0x61, 0x63, 0x6b, 0x36, 0x3b, 0x73, 0x65, 0x71, 0x75, 0x65,
  0x6e, 0x74, 0x69, 0x61, 0x6c, 0x5f, 0x31, 0x2f, 0x67, 0x72, 0x75, 0x5f,
  0x31, 0x2f, 0x75, 0x6e, 0x73, 0x74, 0x61, 0x63, 0x6b, 0x37, 0x3b, 0x73,
  0x65, 0x71, 0x75, 0x65, 0x6e, 0x74, 0x69, 0x61, 0x6c, 0x5f, 0x31, 0x2f,
  0x67, 0x72, 0x75, 0x5f, 0x31, 0x2f, 0x75, 0x6e, 0x73, 0x74, 0x61, 0x63,
  0x6b, 0x38, 0x3b, 0x73, 0x65, 0x71, 0x75, 0x65, 0x6e, 0x74, 0x69, 0x61,
  0x6c, 0x5f, 0x31, 0x2f, 0x67, 0x72, 0x75, 0x5f, 0x31, 0x2f, 0x75, 0x6e,
  0x73, 0x74, 0x61, 0x63, 0x6b, 0x39, 0x3b, 0x73, 0x65, 0x71, 0x75, 0x65,
  0x6e, 0x74, 0x69, 0x61, 0x6c, 0x5f, 0x31, 0x2f, 0x67, 0x72, 0x75, 0x5f,
  0x31, 0x2f, 0x75, 0x6e, 0x73, 0x74, 0x61, 0x63, 0x6b, 0x31, 0x30, 0x3b,
  0x73, 0x65, 0x71, 0x75, 0x65, 0x6e, 0x74, 0x69, 0x61, 0x6c, 0x5f, 0x31,
  0x2f, 0x67, 0x72, 0x75, 0x5f, 0x31, 0x2f, 0x75, 0x6e, 0x73, 0x74, 0x61,
  0x63, 0x6b, 0x31, 0x31, 0x3b, 0x73, 0x65, 0x71, 0x75, 0x65, 0x6e, 0x74,
  0x69, 0x61, 0x6c, 0x5f, 0x31, 0x2f, 0x67, 0x72, 0x75, 0x5f, 0x31, 0x2f,
  0x75, 0x6e, 0x73, 0x74, 0x61, 0x63, 0x6b, 0x31, 0x32, 0x3b, 0x73, 0x65,
  0x71, 0x75, 0x65, 0x6e, 0x74, 0x69, 0x61, 0x6c, 0x5f, 0x31, 0x2f, 0x67,
  0x72, 0x75, 0x5f, 0x31, 0x2f, 0x75, 0x6e, 0x73, 0x74, 0x61, 0x63, 0x6b,
  0x31, 0x33, 0x3b, 0x73, 0x65, 0x71, 0x75, 0x65, 0x6e, 0x74, 0x69, 0x61,
  0x6c, 0x5f, 0x31, 0x2f, 0x67, 0x72, 0x75, 0x5f, 0x31, 0x2f, 0x75, 0x6e,
  0x73, 0x74, 0x61, 0x63, 0x6b, 0x31, 0x34, 0x3b, 0x73, 0x65, 0x71, 0x75,
  0x65, 0x6e, 0x74, 0x69, 0x61, 0x6c, 0x5f, 0x31, 0x2f, 0x67, 0x72, 0x75,
  0x5f, 0x31, 0x2f, 0x75, 0x6e, 0x73, 0x74, 0x61, 0x63, 0x6b, 0x31, 0x35,
  0x3b, 0x73, 0x65, 0x71, 0x75, 0x65, 0x6e, 0x74, 0x69, 0x61, 0x6c, 0x5f,
  0x31, 0x2f, 0x67, 0x72, 0x75, 0x5f, 0x31, 0x2f, 0x75, 0x6e, 0x73, 0x74,
  0x61, 0x63, 0x6b, 0x31, 0x36, 0x3b, 0x73, 0x65, 0x71, 0x75, 0x65, 0x6e,
  0x74, 0x69, 0x61, 0x6c, 0x5f, 0x31, 0x2f, 0x67, 0x72, 0x75, 0x5f, 0x31,
  0x2f, 0x75, 0x6e, 0x73, 0x74, 0x61, 0x63, 0x6b, 0x31, 0x37, 0x3b, 0x73,
  0x65, 0x71, 0x75, 0x65, 0x6e, 0x74, 0x69, 0x61, 0x6c, 0x5f, 0x31, 0x2f,
  0x67, 0x72, 0x75, 0x5f, 0x31, 0x2f, 0x75, 0x6e, 0x73, 0x74, 0x61, 0x63,
  0x6b, 0x31, 0x38, 0x3b, 0x73, 0x65, 0x71, 0x75, 0x65, 0x6e, 0x74, 0x69,
  0x61, 0x6c, 0x5f, 0x31, 0x2f, 0x67, 0x72, 0x75, 0x5f, 0x31, 0x2f, 0x75,
  0x6e, 0x73, 0x74, 0x61, 0x63, 0x6b, 0x31, 0x39, 0x31, 0x36, 0x00, 0x00,
  0x02, 0x00, 0x00, 0x00, 0x01, 0x00, 0x00, 0x00, 0x0c, 0x00, 0x00, 0x00,
  0xc6, 0x62, 0xff, 0xff, 0x00, 0x00, 0x00, 0x01, 0x18, 0x00, 0x00, 0x00,
  0x20, 0x00, 0x00, 0x00, 0x3c, 0x00, 0x00, 0x00, 0x4c, 0x00, 0x00, 0x00,
  0x00, 0x00, 0x00, 0x09, 0x70, 0x02, 0x00, 0x00, 0x02, 0x00, 0x00, 0x00,
  0xff, 0xff, 0xff, 0xff, 0x0c, 0x00, 0x00, 0x00, 0xac, 0x62, 0xff, 0xff,
  0x08, 0x00, 0x00, 0x00, 0x10, 0x00, 0x00, 0x00, 0x01, 0x00, 0x00, 0x00,
  0x80, 0xff, 0xff, 0xff, 0xff, 0xff, 0xff, 0xff, 0x01, 0x00, 0x00, 0x00,
  0x81, 0x80, 0x80, 0x3b, 0x3a, 0x02, 0x00, 0x00, 0x73, 0x65, 0x71, 0x75,
  0x65, 0x6e, 0x74, 0x69, 0x61, 0x6c, 0x5f, 0x31, 0x2f, 0x67, 0x72, 0x75,
  0x5f, 0x31, 0x2f, 0x75, 0x6e, 0x73, 0x74, 0x61, 0x63, 0x6b, 0x3b, 0x73,
  0x65, 0x71, 0x75, 0x65, 0x6e, 0x74, 0x69, 0x61, 0x6c, 0x5f, 0x31, 0x2f,
  0x67, 0x72, 0x75, 0x5f, 0x31, 0x2f, 0x75, 0x6e, 0x73, 0x74, 0x61, 0x63,
  0x6b, 0x31, 0x3b, 0x73, 0x65, 0x71, 0x75, 0x65, 0x6e, 0x74, 0x69, 0x61,
  0x6c, 0x5f, 0x31, 0x2f, 0x67, 0x72, 0x75, 0x5f, 0x31, 0x2f, 0x75, 0x6e,
  0x73, 0x74, 0x61, 0x63, 0x6b, 0x32, 0x3b, 0x73, 0x65, 0x71, 0x75, 0x65,
  0x6e, 0x74, 0x69, 0x61, 0x6c, 0x5f, 0x31, 0x2f, 0x67, 0x72, 0x75, 0x5f,
  0x31, 0x2f, 0x75, 0x6e, 0x73, 0x74, 0x61, 0x63, 0x6b, 0x33, 0x3b, 0x73,
  0x65, 0x71, 0x75, 0x65, 0x6e, 0x74, 0x69, 0x61, 0x6c, 0x5f, 0x31, 0x2f,
  0x67, 0x72, 0x75, 0x5f, 0x31, 0x2f, 0x75, 0x6e, 0x73, 0x74, 0x61, 0x63,
  0x6b, 0x34, 0x3b, 0x73, 0x65, 0x71, 0x75, 0x65, 0x6e, 0x74, 0x69, 0x61,
  0x6c, 0x5f, 0x31, 0x2f, 0x67, 0x72, 0x75, 0x5f, 0x31, 0x2f, 0x75, 0x6e,
  0x73, 0x74, 0x61, 0x63, 0x6b, 0x35, 0x3b, 0x73, 0x65, 0x71, 0x75, 0x65,
  0x6e, 0x74, 0x69, 0x61, 0x6c, 0x5f, 0x31, 0x2f, 0x67, 0x72, 0x75, 0x5f,
  0x31, 0x2f, 0x75, 0x6e, 0x73, 0x74, 0x61, 0x63, 0x6b, 0x36, 0x3b, 0x73,
  0x65, 0x71, 0x75, 0x65, 0x6e, 0x74, 0x69, 0x61, 0x6c, 0x5f, 0x31, 0x2f,
  0x67, 0x72, 0x75, 0x5f, 0x31, 0x2f, 0x75, 0x6e, 0x73, 0x74, 0x61, 0x63,
  0x6b, 0x37, 0x3b, 0x73, 0x65, 0x71, 0x75, 0x65, 0x6e, 0x74, 0x69, 0x61,
  0x6c, 0x5f, 0x31, 0x2f, 0x67, 0x72, 0x75, 0x5f, 0x31, 0x2f, 0x75, 0x6e,
  0x73, 0x74, 0x61, 0x63, 0x6b, 0x38, 0x3b, 0x73, 0x65, 0x71, 0x75, 0x65,
  0x6e, 0x74, 0x69, 0x61, 0x6c, 0x5f, 0x31, 0x2f, 0x67, 0x72, 0x75, 0x5f,
  0x31, 0x2f, 0x75, 0x6e, 0x73, 0x74, 0x61, 0x63, 0x6b, 0x39, 0x3b, 0x73,
  0x65, 0x71, 0x75, 0x65, 0x6e, 0x74, 0x69, 0x61, 0x6c, 0x5f, 0x31, 0x2f,
  0x67, 0x72, 0x75, 0x5f, 0x31, 0x2f, 0x75, 0x6e, 0x73, 0x74, 0x61, 0x63,
  0x6b, 0x31, 0x30, 0x3b, 0x73, 0x65, 0x71, 0x75, 0x65, 0x6e, 0x74, 0x69,
  0x61, 0x6c, 0x5f, 0x31, 0x2f, 0x67, 0x72, 0x75, 0x5f, 0x31, 0x2f, 0x75,
  0x6e, 0x73, 0x74, 0x61, 0x63, 0x6b, 0x31, 0x31, 0x3b, 0x73, 0x65, 0x71,
  0x75, 0x65, 0x6e, 0x74, 0x69, 0x61, 0x6c, 0x5f, 0x31, 0x2f, 0x67, 0x72,
  0x75, 0x5f, 0x31, 0x2f, 0x75, 0x6e, 0x73, 0x74, 0x61, 0x63, 0x6b, 0x31,
  0x32, 0x3b, 0x73, 0x65, 0x71, 0x75, 0x65, 0x6e, 0x74, 0x69, 0x61, 0x6c,
  0x5f, 0x31, 0x2f, 0x67, 0x72, 0x75, 0x5f, 0x31, 0x2f, 0x75, 0x6e, 0x73,
  0x74, 0x61, 0x63, 0x6b, 0x31, 0x33, 0x3b, 0x73, 0x65, 0x71, 0x75, 0x65,
  0x6e, 0x74, 0x69, 0x61, 0x6c, 0x5f, 0x31, 0x2f, 0x67, 0x72, 0x75, 0x5f,
  0x31, 0x2f, 0x75, 0x6e, 0x73, 0x74, 0x61, 0x63, 0x6b, 0x31, 0x34, 0x3b,
  0x73, 0x65, 0x71, 0x75, 0x65, 0x6e, 0x74, 0x69, 0x61, 0x6c, 0x5f, 0x31,
  0x2f, 0x67, 0x72, 0x75, 0x5f, 0x31, 0x2f, 0x75, 0x6e, 0x73, 0x74, 0x61,
  0x63, 0x6b, 0x31, 0x35, 0x3b, 0x73, 0x65, 0x71, 0x75, 0x65, 0x6e, 0x74,
  0x69, 0x61, 0x6c, 0x5f, 0x31, 0x2f, 0x67, 0x72, 0x75, 0x5f, 0x31, 0x2f,
  0x75, 0x6e, 0x73, 0x74, 0x61, 0x63, 0x6b, 0x31, 0x36, 0x3b, 0x73, 0x65,
  0x71, 0x75, 0x65, 0x6e, 0x74, 0x69, 0x61, 0x6c, 0x5f, 0x31, 0x2f, 0x67,
  0x72, 0x75, 0x5f, 0x31, 0x2f, 0x75, 0x6e, 0x73, 0x74, 0x61, 0x63, 0x6b,
  0x31, 0x37, 0x3b, 0x73, 0x65, 0x71, 0x75, 0x65, 0x6e, 0x74, 0x69, 0x61,
  0x6c, 0x5f, 0x31, 0x2f, 0x67, 0x72, 0x75, 0x5f, 0x31, 0x2f, 0x75, 0x6e,
  0x73, 0x74, 0x61, 0x63, 0x6b, 0x31, 0x38, 0x3b, 0x73, 0x65, 0x71, 0x75,
  0x65, 0x6e, 0x74, 0x69, 0x61, 0x6c, 0x5f, 0x31, 0x2f, 0x67, 0x72, 0x75,
  0x5f, 0x31, 0x2f, 0x75, 0x6e, 0x73, 0x74, 0x61, 0x63, 0x6b, 0x31, 0x39,
  0x31, 0x35, 0x00, 0x00, 0x02, 0x00, 0x00, 0x00, 0x01, 0x00, 0x00, 0x00,
  0x0c, 0x00, 0x00, 0x00, 0x5e, 0x65, 0xff, 0xff, 0x00, 0x00, 0x00, 0x01,
  0x18, 0x00, 0x00, 0x00, 0x20, 0x00, 0x00, 0x00, 0x3c, 0x00, 0x00, 0x00,
  0x4b, 0x00, 0x00, 0x00, 0x00, 0x00, 0x00, 0x09, 0x70, 0x02, 0x00, 0x00,
  0x02, 0x00, 0x00, 0x00, 0xff, 0xff, 0xff, 0xff, 0x0c, 0x00, 0x00, 0x00,
  0x44, 0x65, 0xff, 0xff, 0x08, 0x00, 0x00, 0x00, 0x10, 0x00, 0x00, 0x00,
  0x01, 0x00, 0x00, 0x00, 0x80, 0xff, 0xff, 0xff, 0xff, 0xff, 0xff, 0xff,
  0x01, 0x00, 0x00, 0x00, 0x81, 0x80, 0x80, 0x3b, 0x3a, 0x02, 0x00, 0x00,
  0x73, 0x65, 0x71, 0x75, 0x65, 0x6e, 0x74, 0x69, 0x61, 0x6c, 0x5f, 0x31,
  0x2f, 0x67, 0x72, 0x75, 0x5f, 0x31, 0x2f, 0x75, 0x6e, 0x73, 0x74, 0x61,
  0x63, 0x6b, 0x3b, 0x73, 0x65, 0x71, 0x75, 0x65, 0x6e, 0x74, 0x69, 0x61,
  0x6c, 0x5f, 0x31, 0x2f, 0x67, 0x72, 0x75, 0x5f, 0x31, 0x2f, 0x75, 0x6e,
  0x73, 0x74, 0x61, 0x63, 0x6b, 0x31, 0x3b, 0x73, 0x65, 0x71, 0x75, 0x65,
  0x6e, 0x74, 0x69, 0x61, 0x6c, 0x5f, 0x31, 0x2f, 0x67, 0x72, 0x75, 0x5f,
  0x31, 0x2f, 0x75, 0x6e, 0x73, 0x74, 0x61, 0x63, 0x6b, 0x32, 0x3b, 0x73,
  0x65, 0x71, 0x75, 0x65, 0x6e, 0x74, 0x69, 0x61, 0x6c, 0x5f, 0x31, 0x2f,
  0x67, 0x72, 0x75, 0x5f, 0x31, 0x2f, 0x75, 0x6e, 0x73, 0x74, 0x61, 0x63,
  0x6b, 0x33, 0x3b, 0x73, 0x65, 0x71, 0x75, 0x65, 0x6e, 0x74, 0x69, 0x61,
  0x6c, 0x5f, 0x31, 0x2f, 0x67, 0x72, 0x75, 0x5f, 0x31, 0x2f, 0x75, 0x6e,
  0x73, 0x74, 0x61, 0x63, 0x6b, 0x34, 0x3b, 0x73, 0x65, 0x71, 0x75, 0x65,
  0x6e, 0x74, 0x69, 0x61, 0x6c, 0x5f, 0x31, 0x2f, 0x67, 0x72, 0x75, 0x5f,
  0x31, 0x2f, 0x75, 0x6e, 0x73, 0x74, 0x61, 0x63, 0x6b, 0x35, 0x3b, 0x73,
  0x65, 0x71, 0x75, 0x65, 0x6e, 0x74, 0x69, 0x61, 0x6c, 0x5f, 0x31, 0x2f,
  0x67, 0x72, 0x75, 0x5f, 0x31, 0x2f, 0x75, 0x6e, 0x73, 0x74, 0x61, 0x63,
  0x6b, 0x36, 0x3b, 0x73, 0x65, 0x71, 0x75, 0x65, 0x6e, 0x74, 0x69, 0x61,
  0x6c, 0x5f, 0x31, 0x2f, 0x67, 0x72, 0x75, 0x5f, 0x31, 0x2f, 0x75, 0x6e,
  0x73, 0x74, 0x61, 0x63, 0x6b, 0x37, 0x3b, 0x73, 0x65, 0x71, 0x75, 0x65,
  0x6e, 0x74, 0x69, 0x61, 0x6c, 0x5f, 0x31, 0x2f, 0x67, 0x72, 0x75, 0x5f,
  0x31, 0x2f, 0x75, 0x6e, 0x73, 0x74, 0x61, 0x63, 0x6b, 0x38, 0x3b, 0x73,
  0x65, 0x71, 0x75, 0x65, 0x6e, 0x74, 0x69, 0x61, 0x6c, 0x5f, 0x31, 0x2f,
  0x67, 0x72, 0x75, 0x5f, 0x31, 0x2f, 0x75, 0x6e, 0x73, 0x74, 0x61, 0x63,
  0x6b, 0x39, 0x3b, 0x73, 0x65, 0x71, 0x75, 0x65, 0x6e, 0x74, 0x69, 0x61,
  0x6c, 0x5f, 0x31, 0x2f, 0x67, 0x72, 0x75, 0x5f, 0x31, 0x2f, 0x75, 0x6e,
  0x73, 0x74, 0x61, 0x63, 0x6b, 0x31, 0x30, 0x3b, 0x73, 0x65, 0x71, 0x75,
  0x65, 0x6e, 0x74, 0x69, 0x61, 0x6c, 0x5f, 0x31, 0x2f, 0x67, 0x72, 0x75,
  0x5f, 0x31, 0x2f, 0x75, 0x6e, 0x73, 0x74, 0x61, 0x63, 0x6b, 0x31, 0x31,
  0x3b, 0x73, 0x65, 0x71, 0x75, 0x65, 0x6e, 0x74, 0x69, 0x61, 0x6c, 0x5f,
  0x31, 0x2f, 0x67, 0x72, 0x75, 0x5f, 0x31, 0x2f, 0x75, 0x6e, 0x73, 0x74,
  0x61, 0x63, 0x6b, 0x31, 0x32, 0x3b, 0x73, 0x65, 0x71, 0x75, 0x65, 0x6e,
  0x74, 0x69, 0x61, 0x6c, 0x5f, 0x31, 0x2f, 0x67, 0x72, 0x75, 0x5f, 0x31,
  0x2f, 0x75, 0x6e, 0x73, 0x74, 0x61, 0x63, 0x6b, 0x31, 0x33, 0x3b, 0x73,
  0x65, 0x71, 0x75, 0x65, 0x6e, 0x74, 0x69, 0x61, 0x6c, 0x5f, 0x31, 0x2f,
  0x67, 0x72, 0x75, 0x5f, 0x31, 0x2f, 0x75, 0x6e, 0x73, 0x74, 0x61, 0x63,
  0x6b, 0x31, 0x34, 0x3b, 0x73, 0x65, 0x71, 0x75, 0x65, 0x6e, 0x74, 0x69,
  0x61, 0x6c, 0x5f, 0x31, 0x2f, 0x67, 0x72, 0x75, 0x5f, 0x31, 0x2f, 0x75,
  0x6e, 0x73, 0x74, 0x61, 0x63, 0x6b, 0x31, 0x35, 0x3b, 0x73, 0x65, 0x71,
  0x75, 0x65, 0x6e, 0x74, 0x69, 0x61, 0x6c, 0x5f, 0x31, 0x2f, 0x67, 0x72,
  0x75, 0x5f, 0x31, 0x2f, 0x75, 0x6e, 0x73, 0x74, 0x61, 0x63, 0x6b, 0x31,
  0x36, 0x3b, 0x73, 0x65, 0x71, 0x75, 0x65, 0x6e, 0x74, 0x69, 0x61, 0x6c,
  0x5f, 0x31, 0x2f, 0x67, 0x72, 0x75, 0x5f, 0x31, 0x2f, 0x75, 0x6e, 0x73,
  0x74, 0x61, 0x63, 0x6b, 0x31, 0x37, 0x3b, 0x73, 0x65, 0x71, 0x75, 0x65,
  0x6e, 0x74, 0x69, 0x61, 0x6c, 0x5f, 0x31, 0x2f, 0x67, 0x72, 0x75, 0x5f,
  0x31, 0x2f, 0x75, 0x6e, 0x73, 0x74, 0x61, 0x63, 0x6b, 0x31, 0x38, 0x3b,
  0x73, 0x65, 0x71, 0x75, 0x65, 0x6e, 0x74, 0x69, 0x61, 0x6c, 0x5f, 0x31,
  0x2f, 0x67, 0x72, 0x75, 0x5f, 0x31, 0x2f, 0x75, 0x6e, 0x73, 0x74, 0x61,
  0x63, 0x6b, 0x31, 0x39, 0x31, 0x34, 0x00, 0x00, 0x02, 0x00, 0x00, 0x00,
  0x01, 0x00, 0x00, 0x00, 0x0c, 0x00, 0x00, 0x00, 0xf6, 0x67, 0xff, 0xff,
  0x00, 0x00, 0x00, 0x01, 0x18, 0x00, 0x00, 0x00, 0x20, 0x00, 0x00, 0x00,
  0x3c, 0x00, 0x00, 0x00, 0x4a, 0x00, 0x00, 0x00, 0x00, 0x00, 0x00, 0x09,
  0x70, 0x02, 0x00, 0x00, 0x02, 0x00, 0x00, 0x00, 0xff, 0xff, 0xff, 0xff,
  0x0c, 0x00, 0x00, 0x00, 0xdc, 0x67, 0xff, 0xff, 0x08, 0x00, 0x00, 0x00,
  0x10, 0x00, 0x00, 0x00, 0x01, 0x00, 0x00, 0x00, 0x80, 0xff, 0xff, 0xff,
  0xff, 0xff, 0xff, 0xff, 0x01, 0x00, 0x00, 0x00, 0x81, 0x80, 0x80, 0x3b,
  0x3a, 0x02, 0x00, 0x00, 0x73, 0x65, 0x71, 0x75, 0x65, 0x6e, 0x74, 0x69,
  0x61, 0x6c, 0x5f, 0x31, 0x2f, 0x67, 0x72, 0x75, 0x5f, 0x31, 0x2f, 0x75,
  0x6e, 0x73, 0x74, 0x61, 0x63, 0x6b, 0x3b, 0x73, 0x65, 0x71, 0x75, 0x65,
  0x6e, 0x74, 0x69, 0x61, 0x6c, 0x5f, 0x31, 0x2f, 0x67, 0x72, 0x75, 0x5f,
  0x31, 0x2f, 0x75, 0x6e, 0x73, 0x74, 0x61, 0x63, 0x6b, 0x31, 0x3b, 0x73,
  0x65, 0x71, 0x75, 0x65, 0x6e, 0x74, 0x69, 0x61, 0x6c, 0x5f, 0x31, 0x2f,
  0x67, 0x72, 0x75, 0x5f, 0x31, 0x2f, 0x75, 0x6e, 0x73, 0x74, 0x61, 0x63,
  0x6b, 0x32, 0x3b, 0x73, 0x65, 0x71, 0x75, 0x65, 0x6e, 0x74, 0x69, 0x61,
  0x6c, 0x5f, 0x31, 0x2f, 0x67, 0x72, 0x75, 0x5f, 0x31, 0x2f, 0x75, 0x6e,
  0x73, 0x74, 0x61, 0x63, 0x6b, 0x33, 0x3b, 0x73, 0x65, 0x71, 0x75, 0x65,
  0x6e, 0x74, 0x69, 0x61, 0x6c, 0x5f, 0x31, 0x2f, 0x67, 0x72, 0x75, 0x5f,
  0x31, 0x2f, 0x75, 0x6e, 0x73, 0x74, 0x61, 0x63, 0x6b, 0x34, 0x3b, 0x73,
  0x65, 0x71, 0x75, 0x65, 0x6e, 0x74, 0x69, 0x61, 0x6c, 0x5f, 0x31, 0x2f,
  0x67, 0x72, 0x75, 0x5f, 0x31, 0x2f, 0x75, 0x6e, 0x73, 0x74, 0x61, 0x63,
  0x6b, 0x35, 0x3b, 0x73, 0x65, 0x71, 0x75, 0x65, 0x6e, 0x74, 0x69, 0x61,
  0x6c, 0x5f, 0x31, 0x2f, 0x67, 0x72, 0x75, 0x5f, 0x31, 0x2f, 0x75, 0x6e,
  0x73, 0x74, 0x61, 0x63, 0x6b, 0x36, 0x3b, 0x73, 0x65, 0x71, 0x75, 0x65,
  0x6e, 0x74, 0x69, 0x61, 0x6c, 0x5f, 0x31, 0x2f, 0x67, 0x72, 0x75, 0x5f,
  0x31, 0x2f, 0x75, 0x6e, 0x73, 0x74, 0x61, 0x63, 0x6b, 0x37, 0x3b, 0x73,
  0x65, 0x71, 0x75, 0x65, 0x6e, 0x74, 0x69, 0x61, 0x6c, 0x5f, 0x31, 0x2f,
  0x67, 0x72, 0x75, 0x5f, 0x31, 0x2f, 0x75, 0x6e, 0x73, 0x74, 0x61, 0x63,
  0x6b, 0x38, 0x3b, 0x73, 0x65, 0x71, 0x75, 0x65, 0x6e, 0x74, 0x69, 0x61,
  0x6c, 0x5f, 0x31, 0x2f, 0x67, 0x72, 0x75, 0x5f, 0x31, 0x2f, 0x75, 0x6e,
  0x73, 0x74, 0x61, 0x63, 0x6b, 0x39, 0x3b, 0x73, 0x65, 0x71, 0x75, 0x65,
  0x6e, 0x74, 0x69, 0x61, 0x6c, 0x5f, 0x31, 0x2f, 0x67, 0x72, 0x75, 0x5f,
  0x31, 0x2f, 0x75, 0x6e, 0x73, 0x74, 0x61, 0x63, 0x6b, 0x31, 0x30, 0x3b,
  0x73, 0x65, 0x71, 0x75, 0x65, 0x6e, 0x74, 0x69, 0x61, 0x6c, 0x5f, 0x31,
  0x2f, 0x67, 0x72, 0x75, 0x5f, 0x31, 0x2f, 0x75, 0x6e, 0x73, 0x74, 0x61,
  0x63, 0x6b, 0x31, 0x31, 0x3b, 0x73, 0x65, 0x71, 0x75, 0x65, 0x6e, 0x74,
  0x69, 0x61, 0x6c, 0x5f, 0x31, 0x2f, 0x67, 0x72, 0x75, 0x5f, 0x31, 0x2f,
  0x75, 0x6e, 0x73, 0x74, 0x61, 0x63, 0x6b, 0x31, 0x32, 0x3b, 0x73, 0x65,
  0x71, 0x75, 0x65, 0x6e, 0x74, 0x69, 0x61, 0x6c, 0x5f, 0x31, 0x2f, 0x67,
  0x72, 0x75, 0x5f, 0x31, 0x2f, 0x75, 0x6e, 0x73, 0x74, 0x61, 0x63, 0x6b,
  0x31, 0x33, 0x3b, 0x73, 0x65, 0x71, 0x75, 0x65, 0x6e, 0x74, 0x69, 0x61,
  0x6c, 0x5f, 0x31, 0x2f, 0x67, 0x72, 0x75, 0x5f, 0x31, 0x2f, 0x75, 0x6e,
  0x73, 0x74, 0x61, 0x63, 0x6b, 0x31, 0x34, 0x3b, 0x73, 0x65, 0x71, 0x75,
  0x65, 0x6e, 0x74, 0x69, 0x61, 0x6c, 0x5f, 0x31, 0x2f, 0x67, 0x72, 0x75,
  0x5f, 0x31, 0x2f, 0x75, 0x6e, 0x73, 0x74, 0x61, 0x63, 0x6b, 0x31, 0x35,
  0x3b, 0x73, 0x65, 0x71, 0x75, 0x65, 0x6e, 0x74, 0x69, 0x61, 0x6c, 0x5f,
  0x31, 0x2f, 0x67, 0x72, 0x75, 0x5f, 0x31, 0x2f, 0x75, 0x6e, 0x73, 0x74,
  0x61, 0x63, 0x6b, 0x31, 0x36, 0x3b, 0x73, 0x65, 0x71, 0x75, 0x65, 0x6e,
  0x74, 0x69, 0x61, 0x6c, 0x5f, 0x31, 0x2f, 0x67, 0x72, 0x75, 0x5f, 0x31,
  0x2f, 0x75, 0x6e, 0x73, 0x74, 0x61, 0x63, 0x6b, 0x31, 0x37, 0x3b, 0x73,
  0x65, 0x71, 0x75, 0x65, 0x6e, 0x74, 0x69, 0x61, 0x6c, 0x5f, 0x31, 0x2f,
  0x67, 0x72, 0x75, 0x5f, 0x31, 0x2f, 0x75, 0x6e, 0x73, 0x74, 0x61, 0x63,
  0x6b, 0x31, 0x38, 0x3b, 0x73, 0x65, 0x71, 0x75, 0x65, 0x6e, 0x74, 0x69,
  0x61, 0x6c, 0x5f, 0x31, 0x2f, 0x67, 0x72, 0x75, 0x5f, 0x31, 0x2f, 0x75,
  0x6e, 0x73, 0x74, 0x61, 0x63, 0x6b, 0x31, 0x39, 0x31, 0x33, 0x00, 0x00,
  0x02, 0x00, 0x00, 0x00, 0x01, 0x00, 0x00, 0x00, 0x0c, 0x00, 0x00, 0x00,
  0x8e, 0x6a, 0xff, 0xff, 0x00, 0x00, 0x00, 0x01, 0x18, 0x00, 0x00, 0x00,
  0x20, 0x00, 0x00, 0x00, 0x3c, 0x00, 0x00, 0x00, 0x49, 0x00, 0x00, 0x00,
  0x00, 0x00, 0x00, 0x09, 0x70, 0x02, 0x00, 0x00, 0x02, 0x00, 0x00, 0x00,
  0xff, 0xff, 0xff, 0xff, 0x0c, 0x00, 0x00, 0x00, 0x74, 0x6a, 0xff, 0xff,
  0x08, 0x00, 0x00, 0x00, 0x10, 0x00, 0x00, 0x00, 0x01, 0x00, 0x00, 0x00,
  0x80, 0xff, 0xff, 0xff, 0xff, 0xff, 0xff, 0xff, 0x01, 0x00, 0x00, 0x00,
  0x81, 0x80, 0x80, 0x3b, 0x3a, 0x02, 0x00, 0x00, 0x73, 0x65, 0x71, 0x75,
  0x65, 0x6e, 0x74, 0x69, 0x61, 0x6c, 0x5f, 0x31, 0x2f, 0x67, 0x72, 0x75,
  0x5f, 0x31, 0x2f, 0x75, 0x6e, 0x73, 0x74, 0x61, 0x63, 0x6b, 0x3b, 0x73,
  0x65, 0x71, 0x75, 0x65, 0x6e, 0x74, 0x69, 0x61, 0x6c, 0x5f, 0x31, 0x2f,
  0x67, 0x72, 0x75, 0x5f, 0x31, 0x2f, 0x75, 0x6e, 0x73, 0x74, 0x61, 0x63,
  0x6b, 0x31, 0x3b, 0x73, 0x65, 0x71, 0x75, 0x65, 0x6e, 0x74, 0x69, 0x61,
  0x6c, 0x5f, 0x31, 0x2f, 0x67, 0x72, 0x75, 0x5f, 0x31, 0x2f, 0x75, 0x6e,
  0x73, 0x74, 0x61, 0x63, 0x6b, 0x32, 0x3b, 0x73, 0x65, 0x71, 0x75, 0x65,
  0x6e, 0x74, 0x69, 0x61, 0x6c, 0x5f, 0x31, 0x2f, 0x67, 0x72, 0x75, 0x5f,
  0x31, 0x2f, 0x75, 0x6e, 0x73, 0x74, 0x61, 0x63, 0x6b, 0x33, 0x3b, 0x73,
  0x65, 0x71, 0x75, 0x65, 0x6e, 0x74, 0x69, 0x61, 0x6c, 0x5f, 0x31, 0x2f,
  0x67, 0x72, 0x75, 0x5f, 0x31, 0x2f, 0x75, 0x6e, 0x73, 0x74, 0x61, 0x63,
  0x6b, 0x34, 0x3b, 0x73, 0x65, 0x71, 0x75, 0x65, 0x6e, 0x74, 0x69, 0x61,
  0x6c, 0x5f, 0x31, 0x2f, 0x67, 0x72, 0x75, 0x5f, 0x31, 0x2f, 0x75, 0x6e,
  0x73, 0x74, 0x61, 0x63, 0x6b, 0x35, 0x3b, 0x73, 0x65, 0x71, 0x75, 0x65,
  0x6e, 0x74, 0x69, 0x61, 0x6c, 0x5f, 0x31, 0x2f, 0x67, 0x72, 0x75, 0x5f,
  0x31, 0x2f, 0x75, 0x6e, 0x73, 0x74, 0x61, 0x63, 0x6b, 0x36, 0x3b, 0x73,
  0x65, 0x71, 0x75, 0x65, 0x6e, 0x74, 0x69, 0x61, 0x6c, 0x5f, 0x31, 0x2f,
  0x67, 0x72, 0x75, 0x5f, 0x31, 0x2f, 0x75, 0x6e, 0x73, 0x74, 0x61, 0x63,
  0x6b, 0x37, 0x3b, 0x73, 0x65, 0x71, 0x75, 0x65, 0x6e, 0x74, 0x69, 0x61,
  0x6c, 0x5f, 0x31, 0x2f, 0x67, 0x72, 0x75, 0x5f, 0x31, 0x2f, 0x75, 0x6e,
  0x73, 0x74, 0x61, 0x63, 0x6b, 0x38, 0x3b, 0x73, 0x65, 0x71, 0x75, 0x65,
  0x6e, 0x74, 0x69, 0x61, 0x6c, 0x5f, 0x31, 0x2f, 0x67, 0x72, 0x75, 0x5f,
  0x31, 0x2f, 0x75, 0x6e, 0x73, 0x74, 0x61, 0x63, 0x6b, 0x39, 0x3b, 0x73,
  0x65, 0x71, 0x75, 0x65, 0x6e, 0x74, 0x69, 0x61, 0x6c, 0x5f, 0x31, 0x2f,
  0x67, 0x72, 0x75, 0x5f, 0x31, 0x2f, 0x75, 0x6e, 0x73, 0x74, 0x61, 0x63,
  0x6b, 0x31, 0x30, 0x3b, 0x73, 0x65, 0x71, 0x75, 0x65, 0x6e, 0x74, 0x69,
  0x61, 0x6c, 0x5f, 0x31, 0x2f, 0x67, 0x72, 0x75, 0x5f, 0x31, 0x2f, 0x75,
  0x6e, 0x73, 0x74, 0x61, 0x63, 0x6b, 0x31, 0x31, 0x3b, 0x73, 0x65, 0x71,
  0x75, 0x65, 0x6e, 0x74, 0x69, 0x61, 0x6c, 0x5f, 0x31, 0x2f, 0x67, 0x72,
  0x75, 0x5f, 0x31, 0x2f, 0x75, 0x6e, 0x73, 0x74, 0x61, 0x63, 0x6b, 0x31,
  0x32, 0x3b, 0x73, 0x65, 0x71, 0x75, 0x65, 0x6e, 0x74, 0x69, 0x61, 0x6c,
  0x5f, 0x31, 0x2f, 0x67, 0x72, 0x75, 0x5f, 0x31, 0x2f, 0x75, 0x6e, 0x73,
  0x74, 0x61, 0x63, 0x6b, 0x31, 0x33, 0x3b, 0x73, 0x65, 0x71, 0x75, 0x65,
  0x6e, 0x74, 0x69, 0x61, 0x6c, 0x5f, 0x31, 0x2f, 0x67, 0x72, 0x75, 0x5f,
  0x31, 0x2f, 0x75, 0x6e, 0x73, 0x74, 0x61, 0x63, 0x6b, 0x31, 0x34, 0x3b,
  0x73, 0x65, 0x71, 0x75, 0x65, 0x6e, 0x74, 0x69, 0x61, 0x6c, 0x5f, 0x31,
  0x2f, 0x67, 0x72, 0x75, 0x5f, 0x31, 0x2f, 0x75, 0x6e, 0x73, 0x74, 0x61,
  0x63, 0x6b, 0x31, 0x35, 0x3b, 0x73, 0x65, 0x71, 0x75, 0x65, 0x6e, 0x74,
  0x69, 0x61, 0x6c, 0x5f, 0x31, 0x2f, 0x67, 0x72, 0x75, 0x5f, 0x31, 0x2f,
  0x75, 0x6e, 0x73, 0x74, 0x61, 0x63, 0x6b, 0x31, 0x36, 0x3b, 0x73, 0x65,
  0x71, 0x75, 0x65, 0x6e, 0x74, 0x69, 0x61, 0x6c, 0x5f, 0x31, 0x2f, 0x67,
  0x72, 0x75, 0x5f, 0x31, 0x2f, 0x75, 0x6e, 0x73, 0x74, 0x61, 0x63, 0x6b,
  0x31, 0x37, 0x3b, 0x73, 0x65, 0x71, 0x75, 0x65, 0x6e, 0x74, 0x69, 0x61,
  0x6c, 0x5f, 0x31, 0x2f, 0x67, 0x72, 0x75, 0x5f, 0x31, 0x2f, 0x75, 0x6e,
  0x73, 0x74, 0x61, 0x63, 0x6b, 0x31, 0x38, 0x3b, 0x73, 0x65, 0x71, 0x75,
  0x65, 0x6e, 0x74, 0x69, 0x61, 0x6c, 0x5f, 0x31, 0x2f, 0x67, 0x72, 0x75,
  0x5f, 0x31, 0x2f, 0x75, 0x6e, 0x73, 0x74, 0x61, 0x63, 0x6b, 0x31, 0x39,
  0x31, 0x32, 0x00, 0x00, 0x02, 0x00, 0x00, 0x00, 0x01, 0x00, 0x00, 0x00,
  0x0c, 0x00, 0x00, 0x00, 0x26, 0x6d, 0xff, 0xff, 0x00, 0x00, 0x00, 0x01,
  0x18, 0x00, 0x00, 0x00, 0x20, 0x00, 0x00, 0x00, 0x3c, 0x00, 0x00, 0x00,
  0x48, 0x00, 0x00, 0x00, 0x00, 0x00, 0x00, 0x09, 0x70, 0x02, 0x00, 0x00,
  0x02, 0x00, 0x00, 0x00, 0xff, 0xff, 0xff, 0xff, 0x0c, 0x00, 0x00, 0x00,
  0x0c, 0x6d, 0xff, 0xff, 0x08, 0x00, 0x00, 0x00, 0x10, 0x00, 0x00, 0x00,
  0x01, 0x00, 0x00, 0x00, 0x80, 0xff, 0xff, 0xff, 0xff, 0xff, 0xff, 0xff,
  0x01, 0x00, 0x00, 0x00, 0x81, 0x80, 0x80, 0x3b, 0x3a, 0x02, 0x00, 0x00,
  0x73, 0x65, 0x71, 0x75, 0x65, 0x6e, 0x74, 0x69, 0x61, 0x6c, 0x5f, 0x31,
  0x2f, 0x67, 0x72, 0x75, 0x5f, 0x31, 0x2f, 0x75, 0x6e, 0x73, 0x74, 0x61,
  0x63, 0x6b, 0x3b, 0x73, 0x65, 0x71, 0x75, 0x65, 0x6e, 0x74, 0x69, 0x61,
  0x6c, 0x5f, 0x31, 0x2f, 0x67, 0x72, 0x75, 0x5f, 0x31, 0x2f, 0x75, 0x6e,
  0x73, 0x74, 0x61, 0x63, 0x6b, 0x31, 0x3b, 0x73, 0x65, 0x71, 0x75, 0x65,
  0x6e, 0x74, 0x69, 0x61, 0x6c, 0x5f, 0x31, 0x2f, 0x67, 0x72, 0x75, 0x5f,
  0x31, 0x2f, 0x75, 0x6e, 0x73, 0x74, 0x61, 0x63, 0x6b, 0x32, 0x3b, 0x73,
  0x65, 0x71, 0x75, 0x65, 0x6e, 0x74, 0x69, 0x61, 0x6c, 0x5f, 0x31, 0x2f,
  0x67, 0x72, 0x75, 0x5f, 0x31, 0x2f, 0x75, 0x6e, 0x73, 0x74, 0x61, 0x63,
  0x6b, 0x33, 0x3b, 0x73, 0x65, 0x71, 0x75, 0x65, 0x6e, 0x74, 0x69, 0x61,
  0x6c, 0x5f, 0x31, 0x2f, 0x67, 0x72, 0x75, 0x5f, 0x31, 0x2f, 0x75, 0x6e,
  0x73, 0x74, 0x61, 0x63, 0x6b, 0x34, 0x3b, 0x73, 0x65, 0x71, 0x75, 0x65,
  0x6e, 0x74, 0x69, 0x61, 0x6c, 0x5f, 0x31, 0x2f, 0x67, 0x72, 0x75, 0x5f,
  0x31, 0x2f, 0x75, 0x6e, 0x73, 0x74, 0x61, 0x63, 0x6b, 0x35, 0x3b, 0x73,
  0x65, 0x71, 0x75, 0x65, 0x6e, 0x74, 0x69, 0x61, 0x6c, 0x5f, 0x31, 0x2f,
  0x67, 0x72, 0x75, 0x5f, 0x31, 0x2f, 0x75, 0x6e, 0x73, 0x74, 0x61, 0x63,
  0x6b, 0x36, 0x3b, 0x73, 0x65, 0x71, 0x75, 0x65, 0x6e, 0x74, 0x69, 0x61,
  0x6c, 0x5f, 0x31, 0x2f, 0x67, 0x72, 0x75, 0x5f, 0x31, 0x2f, 0x75, 0x6e,
  0x73, 0x74, 0x61, 0x63, 0x6b, 0x37, 0x3b, 0x73, 0x65, 0x71, 0x75, 0x65,
  0x6e, 0x74, 0x69, 0x61, 0x6c, 0x5f, 0x31, 0x2f, 0x67, 0x72, 0x75, 0x5f,
  0x31, 0x2f, 0x75, 0x6e, 0x73, 0x74, 0x61, 0x63, 0x6b, 0x38, 0x3b, 0x73,
  0x65, 0x71, 0x75, 0x65, 0x6e, 0x74, 0x69, 0x61, 0x6c, 0x5f, 0x31, 0x2f,
  0x67, 0x72, 0x75, 0x5f, 0x31, 0x2f, 0x75, 0x6e, 0x73, 0x74, 0x61, 0x63,
  0x6b, 0x39, 0x3b, 0x73, 0x65, 0x71, 0x75, 0x65, 0x6e, 0x74, 0x69, 0x61,
  0x6c, 0x5f, 0x31, 0x2f, 0x67, 0x72, 0x75, 0x5f, 0x31, 0x2f, 0x75, 0x6e,
  0x73, 0x74, 0x61, 0x63, 0x6b, 0x31, 0x30, 0x3b, 0x73, 0x65, 0x71, 0x75,
  0x65, 0x6e, 0x74, 0x69, 0x61, 0x6c, 0x5f, 0x31, 0x2f, 0x67, 0x72, 0x75,
  0x5f, 0x31, 0x2f, 0x75, 0x6e, 0x73, 0x74, 0x61, 0x63, 0x6b, 0x31, 0x31,
  0x3b, 0x73, 0x65, 0x71, 0x75, 0x65, 0x6e, 0x74, 0x69, 0x61, 0x6c, 0x5f,
  0x31, 0x2f, 0x67, 0x72, 0x75, 0x5f, 0x31, 0x2f, 0x75, 0x6e, 0x73, 0x74,
  0x61, 0x63, 0x6b, 0x31, 0x32, 0x3b, 0x73, 0x65, 0x71, 0x75, 0x65, 0x6e,
  0x74, 0x69, 0x61, 0x6c, 0x5f, 0x31, 0x2f, 0x67, 0x72, 0x75, 0x5f, 0x31,
  0x2f, 0x75, 0x6e, 0x73, 0x74, 0x61, 0x63, 0x6b, 0x31, 0x33, 0x3b, 0x73,
  0x65, 0x71, 0x75, 0x65, 0x6e, 0x74, 0x69, 0x61, 0x6c, 0x5f, 0x31, 0x2f,
  0x67, 0x72, 0x75, 0x5f, 0x31, 0x2f, 0x75, 0x6e, 0x73, 0x74, 0x61, 0x63,
  0x6b, 0x31, 0x34, 0x3b, 0x73, 0x65, 0x71, 0x75, 0x65, 0x6e, 0x74, 0x69,
  0x61, 0x6c, 0x5f, 0x31, 0x2f, 0x67, 0x72, 0x75, 0x5f, 0x31, 0x2f, 0x75,
  0x6e, 0x73, 0x74, 0x61, 0x63, 0x6b, 0x31, 0x35, 0x3b, 0x73, 0x65, 0x71,
  0x75, 0x65, 0x6e, 0x74, 0x69, 0x61, 0x6c, 0x5f, 0x31, 0x2f, 0x67, 0x72,
  0x75, 0x5f, 0x31, 0x2f, 0x75, 0x6e, 0x73, 0x74, 0x61, 0x63, 0x6b, 0x31,
  0x36, 0x3b, 0x73, 0x65, 0x71, 0x75, 0x65, 0x6e, 0x74, 0x69, 0x61, 0x6c,
  0x5f, 0x31, 0x2f, 0x67, 0x72, 0x75, 0x5f, 0x31, 0x2f, 0x75, 0x6e, 0x73,
  0x74, 0x61, 0x63, 0x6b, 0x31, 0x37, 0x3b, 0x73, 0x65, 0x71, 0x75, 0x65,
  0x6e, 0x74, 0x69, 0x61, 0x6c, 0x5f, 0x31, 0x2f, 0x67, 0x72, 0x75, 0x5f,
  0x31, 0x2f, 0x75, 0x6e, 0x73, 0x74, 0x61, 0x63, 0x6b, 0x31, 0x38, 0x3b,
  0x73, 0x65, 0x71, 0x75, 0x65, 0x6e, 0x74, 0x69, 0x61, 0x6c, 0x5f, 0x31,
  0x2f, 0x67, 0x72, 0x75, 0x5f, 0x31, 0x2f, 0x75, 0x6e, 0x73, 0x74, 0x61,
  0x63, 0x6b, 0x31, 0x39, 0x31, 0x31, 0x00, 0x00, 0x02, 0x00, 0x00, 0x00,
  0x01, 0x00, 0x00, 0x00, 0x0c, 0x00, 0x00, 0x00, 0xbe, 0x6f, 0xff, 0xff,
  0x00, 0x00, 0x00, 0x01, 0x18, 0x00, 0x00, 0x00, 0x20, 0x00, 0x00, 0x00,
  0x3c, 0x00, 0x00, 0x00, 0x47, 0x00, 0x00, 0x00, 0x00, 0x00, 0x00, 0x09,
  0x70, 0x02, 0x00, 0x00, 0x02, 0x00, 0x00, 0x00, 0xff, 0xff, 0xff, 0xff,
  0x0c, 0x00, 0x00, 0x00, 0xa4, 0x6f, 0xff, 0xff, 0x08, 0x00, 0x00, 0x00,
  0x10, 0x00, 0x00, 0x00, 0x01, 0x00, 0x00, 0x00, 0x80, 0xff, 0xff, 0xff,
  0xff, 0xff, 0xff, 0xff, 0x01, 0x00, 0x00, 0x00, 0x81, 0x80, 0x80, 0x3b,
  0x3a, 0x02, 0x00, 0x00, 0x73, 0x65, 0x71, 0x75, 0x65, 0x6e, 0x74, 0x69,
  0x61, 0x6c, 0x5f, 0x31, 0x2f, 0x67, 0x72, 0x75, 0x5f, 0x31, 0x2f, 0x75,
  0x6e, 0x73, 0x74, 0x61, 0x63, 0x6b, 0x3b, 0x73, 0x65, 0x71, 0x75, 0x65,
  0x6e, 0x74, 0x69, 0x61, 0x6c, 0x5f, 0x31, 0x2f, 0x67, 0x72, 0x75, 0x5f,
  0x31, 0x2f, 0x75, 0x6e, 0x73, 0x74, 0x61, 0x63, 0x6b, 0x31, 0x3b, 0x73,
  0x65, 0x71, 0x75, 0x65, 0x6e, 0x74, 0x69, 0x61, 0x6c, 0x5f, 0x31, 0x2f,
  0x67, 0x72, 0x75, 0x5f, 0x31, 0x2f, 0x75, 0x6e, 0x73, 0x74, 0x61, 0x63,
  0x6b, 0x32, 0x3b, 0x73, 0x65, 0x71, 0x75, 0x65, 0x6e, 0x74, 0x69, 0x61,
  0x6c, 0x5f, 0x31, 0x2f, 0x67, 0x72, 0x75, 0x5f, 0x31, 0x2f, 0x75, 0x6e,
  0x73, 0x74, 0x61, 0x63, 0x6b, 0x33, 0x3b, 0x73, 0x65, 0x71, 0x75, 0x65,
  0x6e, 0x74, 0x69, 0x61, 0x6c, 0x5f, 0x31, 0x2f, 0x67, 0x72, 0x75, 0x5f,
  0x31, 0x2f, 0x75, 0x6e, 0x73, 0x74, 0x61, 0x63, 0x6b, 0x34, 0x3b, 0x73,
  0x65, 0x71, 0x75, 0x65, 0x6e, 0x74, 0x69, 0x61, 0x6c, 0x5f, 0x31, 0x2f,
  0x67, 0x72, 0x75, 0x5f, 0x31, 0x2f, 0x75, 0x6e, 0x73, 0x74, 0x61, 0x63,
  0x6b, 0x35, 0x3b, 0x73, 0x65, 0x71, 0x75, 0x65, 0x6e, 0x74, 0x69, 0x61,
  0x6c, 0x5f, 0x31, 0x2f, 0x67, 0x72, 0x75, 0x5f, 0x31, 0x2f, 0x75, 0x6e,
  0x73, 0x74, 0x61, 0x63, 0x6b, 0x36, 0x3b, 0x73, 0x65, 0x71, 0x75, 0x65,
  0x6e, 0x74, 0x69, 0x61, 0x6c, 0x5f, 0x31, 0x2f, 0x67, 0x72, 0x75, 0x5f,
  0x31, 0x2f, 0x75, 0x6e, 0x73, 0x74, 0x61, 0x63, 0x6b, 0x37, 0x3b, 0x73,
  0x65, 0x71, 0x75, 0x65, 0x6e, 0x74, 0x69, 0x61, 0x6c, 0x5f, 0x31, 0x2f,
  0x67, 0x72, 0x75, 0x5f, 0x31, 0x2f, 0x75, 0x6e, 0x73, 0x74, 0x61, 0x63,
  0x6b, 0x38, 0x3b, 0x73, 0x65, 0x71, 0x75, 0x65, 0x6e, 0x74, 0x69, 0x61,
  0x6c, 0x5f, 0x31, 0x2f, 0x67, 0x72, 0x75, 0x5f, 0x31, 0x2f, 0x75, 0x6e,
  0x73, 0x74, 0x61, 0x63, 0x6b, 0x39, 0x3b, 0x73, 0x65, 0x71, 0x75, 0x65,
  0x6e, 0x74, 0x69, 0x61, 0x6c, 0x5f, 0x31, 0x2f, 0x67, 0x72, 0x75, 0x5f,
  0x31, 0x2f, 0x75, 0x6e, 0x73, 0x74, 0x61, 0x63, 0x6b, 0x31, 0x30, 0x3b,
  0x73, 0x65, 0x71, 0x75, 0x65, 0x6e, 0x74, 0x69, 0x61, 0x6c, 0x5f, 0x31,
  0x2f, 0x67, 0x72, 0x75, 0x5f, 0x31, 0x2f, 0x75, 0x6e, 0x73, 0x74, 0x61,
  0x63, 0x6b, 0x31, 0x31, 0x3b, 0x73, 0x65, 0x71, 0x75, 0x65, 0x6e, 0x74,
  0x69, 0x61, 0x6c, 0x5f, 0x31, 0x2f, 0x67, 0x72, 0x75, 0x5f, 0x31, 0x2f,
  0x75, 0x6e, 0x73, 0x74, 0x61, 0x63, 0x6b, 0x31, 0x32, 0x3b, 0x73, 0x65,
  0x71, 0x75, 0x65, 0x6e, 0x74, 0x69, 0x61, 0x6c, 0x5f, 0x31, 0x2f, 0x67,
  0x72, 0x75, 0x5f, 0x31, 0x2f, 0x75, 0x6e, 0x73, 0x74, 0x61, 0x63, 0x6b,
  0x31, 0x33, 0x3b, 0x73, 0x65, 0x71, 0x75, 0x65, 0x6e, 0x74, 0x69, 0x61,
  0x6c, 0x5f, 0x31, 0x2f, 0x67, 0x72, 0x75, 0x5f, 0x31, 0x2f, 0x75, 0x6e,
  0x73, 0x74, 0x61, 0x63, 0x6b, 0x31, 0x34, 0x3b, 0x73, 0x65, 0x71, 0x75,
  0x65, 0x6e, 0x74, 0x69, 0x61, 0x6c, 0x5f, 0x31, 0x2f, 0x67, 0x72, 0x75,
  0x5f, 0x31, 0x2f, 0x75, 0x6e, 0x73, 0x74, 0x61, 0x63, 0x6b, 0x31, 0x35,
  0x3b, 0x73, 0x65, 0x71, 0x75, 0x65, 0x6e, 0x74, 0x69, 0x61, 0x6c, 0x5f,
  0x31, 0x2f, 0x67, 0x72, 0x75, 0x5f, 0x31, 0x2f, 0x75, 0x6e, 0x73, 0x74,
  0x61, 0x63, 0x6b, 0x31, 0x36, 0x3b, 0x73, 0x65, 0x71, 0x75, 0x65, 0x6e,
  0x74, 0x69, 0x61, 0x6c, 0x5f, 0x31, 0x2f, 0x67, 0x72, 0x75, 0x5f, 0x31,
  0x2f, 0x75, 0x6e, 0x73, 0x74, 0x61, 0x63, 0x6b, 0x31, 0x37, 0x3b, 0x73,
  0x65, 0x71, 0x75, 0x65, 0x6e, 0x74, 0x69, 0x61, 0x6c, 0x5f, 0x31, 0x2f,
  0x67, 0x72, 0x75, 0x5f, 0x31, 0x2f, 0x75, 0x6e, 0x73, 0x74, 0x61, 0x63,
  0x6b, 0x31, 0x38, 0x3b, 0x73, 0x65, 0x71, 0x75, 0x65, 0x6e, 0x74, 0x69,
  0x61, 0x6c, 0x5f, 0x31, 0x2f, 0x67, 0x72, 0x75, 0x5f, 0x31, 0x2f, 0x75,
  0x6e, 0x73, 0x74, 0x61, 0x63, 0x6b, 0x31, 0x39, 0x31, 0x30, 0x00, 0x00,
  0x02, 0x00, 0x00, 0x00, 0x01, 0x00, 0x00, 0x00, 0x0c, 0x00, 0x00, 0x00,
  0x56, 0x72, 0xff, 0xff, 0x00, 0x00, 0x00, 0x01, 0x18, 0x00, 0x00, 0x00,
  0x20, 0x00, 0x00, 0x00, 0x3c, 0x00, 0x00, 0x00, 0x46, 0x00, 0x00, 0x00,
  0x00, 0x00, 0x00, 0x09, 0x70, 0x02, 0x00, 0x00, 0x02, 0x00, 0x00, 0x00,
  0xff, 0xff, 0xff, 0xff, 0x0c, 0x00, 0x00, 0x00, 0x3c, 0x72, 0xff, 0xff,
  0x08, 0x00, 0x00, 0x00, 0x10, 0x00, 0x00, 0x00, 0x01, 0x00, 0x00, 0x00,
  0x80, 0xff, 0xff, 0xff, 0xff, 0xff, 0xff, 0xff, 0x01, 0x00, 0x00, 0x00,
  0x81, 0x80, 0x80, 0x3b, 0x39, 0x02, 0x00, 0x00, 0x73, 0x65, 0x71, 0x75,
  0x65, 0x6e, 0x74, 0x69, 0x61, 0x6c, 0x5f, 0x31, 0x2f, 0x67, 0x72, 0x75,
  0x5f, 0x31, 0x2f, 0x75, 0x6e, 0x73, 0x74, 0x61, 0x63, 0x6b, 0x3b, 0x73,
  0x65, 0x71, 0x75, 0x65, 0x6e, 0x74, 0x69, 0x61, 0x6c, 0x5f, 0x31, 0x2f,
  0x67, 0x72, 0x75, 0x5f, 0x31, 0x2f, 0x75, 0x6e, 0x73, 0x74, 0x61, 0x63,
  0x6b, 0x31, 0x3b, 0x73, 0x65, 0x71, 0x75, 0x65, 0x6e, 0x74, 0x69, 0x61,
  0x6c, 0x5f, 0x31, 0x2f, 0x67, 0x72, 0x75, 0x5f, 0x31, 0x2f, 0x75, 0x6e,
  0x73, 0x74, 0x61, 0x63, 0x6b, 0x32, 0x3b, 0x73, 0x65, 0x71, 0x75, 0x65,
  0x6e, 0x74, 0x69, 0x61, 0x6c, 0x5f, 0x31, 0x2f, 0x67, 0x72, 0x75, 0x5f,
  0x31, 0x2f, 0x75, 0x6e, 0x73, 0x74, 0x61, 0x63, 0x6b, 0x33, 0x3b, 0x73,
  0x65, 0x71, 0x75, 0x65, 0x6e, 0x74, 0x69, 0x61, 0x6c, 0x5f, 0x31, 0x2f,
  0x67, 0x72, 0x75, 0x5f, 0x31, 0x2f, 0x75, 0x6e, 0x73, 0x74, 0x61, 0x63,
  0x6b, 0x34, 0x3b, 0x73, 0x65, 0x71, 0x75, 0x65, 0x6e, 0x74, 0x69, 0x61,
  0x6c, 0x5f, 0x31, 0x2f, 0x67, 0x72, 0x75, 0x5f, 0x31, 0x2f, 0x75, 0x6e,
  0x73, 0x74, 0x61, 0x63, 0x6b, 0x35, 0x3b, 0x73, 0x65, 0x71, 0x75, 0x65,
  0x6e, 0x74, 0x69, 0x61, 0x6c, 0x5f, 0x31, 0x2f, 0x67, 0x72, 0x75, 0x5f,
  0x31, 0x2f, 0x75, 0x6e, 0x73, 0x74, 0x61, 0x63, 0x6b, 0x36, 0x3b, 0x73,
  0x65, 0x71, 0x75, 0x65, 0x6e, 0x74, 0x69, 0x61, 0x6c, 0x5f, 0x31, 0x2f,
  0x67, 0x72, 0x75, 0x5f, 0x31, 0x2f, 0x75, 0x6e, 0x73, 0x74, 0x61, 0x63,
  0x6b, 0x37, 0x3b, 0x73, 0x65, 0x71, 0x75, 0x65, 0x6e, 0x74, 0x69, 0x61,
  0x6c, 0x5f, 0x31, 0x2f, 0x67, 0x72, 0x75, 0x5f, 0x31, 0x2f, 0x75, 0x6e,
  0x73, 0x74, 0x61, 0x63, 0x6b, 0x38, 0x3b, 0x73, 0x65, 0x71, 0x75, 0x65,
  0x6e, 0x74, 0x69, 0x61, 0x6c, 0x5f, 0x31, 0x2f, 0x67, 0x72, 0x75, 0x5f,
  0x31, 0x2f, 0x75, 0x6e, 0x73, 0x74, 0x61, 0x63, 0x6b, 0x39, 0x3b, 0x73,
  0x65, 0x71, 0x75, 0x65, 0x6e, 0x74, 0x69, 0x61, 0x6c, 0x5f, 0x31, 0x2f,
  0x67, 0x72, 0x75, 0x5f, 0x31, 0x2f, 0x75, 0x6e, 0x73, 0x74, 0x61, 0x63,
  0x6b, 0x31, 0x30, 0x3b, 0x73, 0x65, 0x71, 0x75, 0x65, 0x6e, 0x74, 0x69,
  0x61, 0x6c, 0x5f, 0x31, 0x2f, 0x67, 0x72, 0x75, 0x5f, 0x31, 0x2f, 0x75,
  0x6e, 0x73, 0x74, 0x61, 0x63, 0x6b, 0x31, 0x31, 0x3b, 0x73, 0x65, 0x71,
  0x75, 0x65, 0x6e, 0x74, 0x69, 0x61, 0x6c, 0x5f, 0x31, 0x2f, 0x67, 0x72,
  0x75, 0x5f, 0x31, 0x2f, 0x75, 0x6e, 0x73, 0x74, 0x61, 0x63, 0x6b, 0x31,
  0x32, 0x3b, 0x73, 0x65, 0x71, 0x75, 0x65, 0x6e, 0x74, 0x69, 0x61, 0x6c,
  0x5f, 0x31, 0x2f, 0x67, 0x72, 0x75, 0x5f, 0x31, 0x2f, 0x75, 0x6e, 0x73,
  0x74, 0x61, 0x63, 0x6b, 0x31, 0x33, 0x3b, 0x73, 0x65, 0x71, 0x75, 0x65,
  0x6e, 0x74, 0x69, 0x61, 0x6c, 0x5f, 0x31, 0x2f, 0x67, 0x72, 0x75, 0x5f,
  0x31, 0x2f, 0x75, 0x6e, 0x73, 0x74, 0x61, 0x63, 0x6b, 0x31, 0x34, 0x3b,
  0x73, 0x65, 0x71, 0x75, 0x65, 0x6e, 0x74, 0x69, 0x61, 0x6c, 0x5f, 0x31,
  0x2f, 0x67, 0x72, 0x75, 0x5f, 0x31, 0x2f, 0x75, 0x6e, 0x73, 0x74, 0x61,
  0x63, 0x6b, 0x31, 0x35, 0x3b, 0x73, 0x65, 0x71, 0x75, 0x65, 0x6e, 0x74,
  0x69, 0x61, 0x6c, 0x5f, 0x31, 0x2f, 0x67, 0x72, 0x75, 0x5f, 0x31, 0x2f,
  0x75, 0x6e, 0x73, 0x74, 0x61, 0x63, 0x6b, 0x31, 0x36, 0x3b, 0x73, 0x65,
  0x71, 0x75, 0x65, 0x6e, 0x74, 0x69, 0x61, 0x6c, 0x5f, 0x31, 0x2f, 0x67,
  0x72, 0x75, 0x5f, 0x31, 0x2f, 0x75, 0x6e, 0x73, 0x74, 0x61, 0x63, 0x6b,
  0x31, 0x37, 0x3b, 0x73, 0x65, 0x71, 0x75, 0x65, 0x6e, 0x74, 0x69, 0x61,
  0x6c, 0x5f, 0x31, 0x2f, 0x67, 0x72, 0x75, 0x5f, 0x31, 0x2f, 0x75, 0x6e,
  0x73, 0x74, 0x61, 0x63, 0x6b, 0x31, 0x38, 0x3b, 0x73, 0x65, 0x71, 0x75,
  0x65, 0x6e, 0x74, 0x69, 0x61, 0x6c, 0x5f, 0x31, 0x2f, 0x67, 0x72, 0x75,
  0x5f, 0x31, 0x2f, 0x75, 0x6e, 0x73, 0x74, 0x61, 0x63, 0x6b, 0x31, 0x39,
  0x39, 0x00, 0x00, 0x00, 0x02, 0x00, 0x00, 0x00, 0x01, 0x00, 0x00, 0x00,
  0x0c, 0x00, 0x00, 0x00, 0xee, 0x74, 0xff, 0xff, 0x00, 0x00, 0x00, 0x01,
  0x18, 0x00, 0x00, 0x00, 0x20, 0x00, 0x00, 0x00, 0x3c, 0x00, 0x00, 0x00,
  0x45, 0x00, 0x00, 0x00, 0x00, 0x00, 0x00, 0x09, 0x70, 0x02, 0x00, 0x00,
  0x02, 0x00, 0x00, 0x00, 0xff, 0xff, 0xff, 0xff, 0x0c, 0x00, 0x00, 0x00,
  0xd4, 0x74, 0xff, 0xff, 0x08, 0x00, 0x00, 0x00, 0x10, 0x00, 0x00, 0x00,
  0x01, 0x00, 0x00, 0x00, 0x80, 0xff, 0xff, 0xff, 0xff, 0xff, 0xff, 0xff,
  0x01, 0x00, 0x00, 0x00, 0x81, 0x80, 0x80, 0x3b, 0x39, 0x02, 0x00, 0x00,
  0x73, 0x65, 0x71, 0x75, 0x65, 0x6e, 0x74, 0x69, 0x61, 0x6c, 0x5f, 0x31,
  0x2f, 0x67, 0x72, 0x75, 0x5f, 0x31, 0x2f, 0x75, 0x6e, 0x73, 0x74, 0x61,
  0x63, 0x6b, 0x3b, 0x73, 0x65, 0x71, 0x75, 0x65, 0x6e, 0x74, 0x69, 0x61,
  0x6c, 0x5f, 0x31, 0x2f, 0x67, 0x72, 0x75, 0x5f, 0x31, 0x2f, 0x75, 0x6e,
  0x73, 0x74, 0x61, 0x63, 0x6b, 0x31, 0x3b, 0x73, 0x65, 0x71, 0x75, 0x65,
  0x6e, 0x74, 0x69, 0x61, 0x6c, 0x5f, 0x31, 0x2f, 0x67, 0x72, 0x75, 0x5f,
  0x31, 0x2f, 0x75, 0x6e, 0x73, 0x74, 0x61, 0x63, 0x6b, 0x32, 0x3b, 0x73,
  0x65, 0x71, 0x75, 0x65, 0x6e, 0x74, 0x69, 0x61, 0x6c, 0x5f, 0x31, 0x2f,
  0x67, 0x72, 0x75, 0x5f, 0x31, 0x2f, 0x75, 0x6e, 0x73, 0x74, 0x61, 0x63,
  0x6b, 0x33, 0x3b, 0x73, 0x65, 0x71, 0x75, 0x65, 0x6e, 0x74, 0x69, 0x61,
  0x6c, 0x5f, 0x31, 0x2f, 0x67, 0x72, 0x75, 0x5f, 0x31, 0x2f, 0x75, 0x6e,
  0x73, 0x74, 0x61, 0x63, 0x6b, 0x34, 0x3b, 0x73, 0x65, 0x71, 0x75, 0x65,
  0x6e, 0x74, 0x69, 0x61, 0x6c, 0x5f, 0x31, 0x2f, 0x67, 0x72, 0x75, 0x5f,
  0x31, 0x2f, 0x75, 0x6e, 0x73, 0x74, 0x61, 0x63, 0x6b, 0x35, 0x3b, 0x73,
  0x65, 0x71, 0x75, 0x65, 0x6e, 0x74, 0x69, 0x61, 0x6c, 0x5f, 0x31, 0x2f,
  0x67, 0x72, 0x75, 0x5f, 0x31, 0x2f, 0x75, 0x6e, 0x73, 0x74, 0x61, 0x63,
  0x6b, 0x36, 0x3b, 0x73, 0x65, 0x71, 0x75, 0x65, 0x6e, 0x74, 0x69, 0x61,
  0x6c, 0x5f, 0x31, 0x2f, 0x67, 0x72, 0x75, 0x5f, 0x31, 0x2f, 0x75, 0x6e,
  0x73, 0x74, 0x61, 0x63, 0x6b, 0x37, 0x3b, 0x73, 0x65, 0x71, 0x75, 0x65,
  0x6e, 0x74, 0x69, 0x61, 0x6c, 0x5f, 0x31, 0x2f, 0x67, 0x72, 0x75, 0x5f,
  0x31, 0x2f, 0x75, 0x6e, 0x73, 0x74, 0x61, 0x63, 0x6b, 0x38, 0x3b, 0x73,
  0x65, 0x71, 0x75, 0x65, 0x6e, 0x74, 0x69, 0x61, 0x6c, 0x5f, 0x31, 0x2f,
  0x67, 0x72, 0x75, 0x5f, 0x31, 0x2f, 0x75, 0x6e, 0x73, 0x74, 0x61, 0x63,
  0x6b, 0x39, 0x3b, 0x73, 0x65, 0x71, 0x75, 0x65, 0x6e, 0x74, 0x69, 0x61,
  0x6c, 0x5f, 0x31, 0x2f, 0x67, 0x72, 0x75, 0x5f, 0x31, 0x2f, 0x75, 0x6e,
  0x73, 0x74, 0x61, 0x63, 0x6b, 0x31, 0x30, 0x3b, 0x73, 0x65, 0x71, 0x75,
  0x65, 0x6e, 0x74, 0x69, 0x61, 0x6c, 0x5f, 0x31, 0x2f, 0x67, 0x72, 0x75,
  0x5f, 0x31, 0x2f, 0x75, 0x6e, 0x73, 0x74, 0x61, 0x63, 0x6b, 0x31, 0x31,
  0x3b, 0x73, 0x65, 0x71, 0x75, 0x65, 0x6e, 0x74, 0x69, 0x61, 0x6c, 0x5f,
  0x31, 0x2f, 0x67, 0x72, 0x75, 0x5f, 0x31, 0x2f, 0x75, 0x6e, 0x73, 0x74,
  0x61, 0x63, 0x6b, 0x31, 0x32, 0x3b, 0x73, 0x65, 0x71, 0x75, 0x65, 0x6e,
  0x74, 0x69, 0x61, 0x6c, 0x5f, 0x31, 0x2f, 0x67, 0x72, 0x75, 0x5f, 0x31,
  0x2f, 0x75, 0x6e, 0x73, 0x74, 0x61, 0x63, 0x6b, 0x31, 0x33, 0x3b, 0x73,
  0x65, 0x71, 0x75, 0x65, 0x6e, 0x74, 0x69, 0x61, 0x6c, 0x5f, 0x31, 0x2f,
  0x67, 0x72, 0x75, 0x5f, 0x31, 0x2f, 0x75, 0x6e, 0x73, 0x74, 0x61, 0x63,
  0x6b, 0x31, 0x34, 0x3b, 0x73, 0x65, 0x71, 0x75, 0x65, 0x6e, 0x74, 0x69,
  0x61, 0x6c, 0x5f, 0x31, 0x2f, 0x67, 0x72, 0x75, 0x5f, 0x31, 0x2f, 0x75,
  0x6e, 0x73, 0x74, 0x61, 0x63, 0x6b, 0x31, 0x35, 0x3b, 0x73, 0x65, 0x71,
  0x75, 0x65, 0x6e, 0x74, 0x69, 0x61, 0x6c, 0x5f, 0x31, 0x2f, 0x67, 0x72,
  0x75, 0x5f, 0x31, 0x2f, 0x75, 0x6e, 0x73, 0x74, 0x61, 0x63, 0x6b, 0x31,
  0x36, 0x3b, 0x73, 0x65, 0x71, 0x75, 0x65, 0x6e, 0x74, 0x69, 0x61, 0x6c,
  0x5f, 0x31, 0x2f, 0x67, 0x72, 0x75, 0x5f, 0x31, 0x2f, 0x75, 0x6e, 0x73,
  0x74, 0x61, 0x63, 0x6b, 0x31, 0x37, 0x3b, 0x73, 0x65, 0x71, 0x75, 0x65,
  0x6e, 0x74, 0x69, 0x61, 0x6c, 0x5f, 0x31, 0x2f, 0x67, 0x72, 0x75, 0x5f,
  0x31, 0x2f, 0x75, 0x6e, 0x73, 0x74, 0x61, 0x63, 0x6b, 0x31, 0x38, 0x3b,
  0x73, 0x65, 0x71, 0x75, 0x65, 0x6e, 0x74, 0x69, 0x61, 0x6c, 0x5f, 0x31,
  0x2f, 0x67, 0x72, 0x75, 0x5f, 0x31, 0x2f, 0x75, 0x6e, 0x73, 0x74, 0x61,
  0x63, 0x6b, 0x31, 0x39, 0x38, 0x00, 0x00, 0x00, 0x02, 0x00, 0x00, 0x00,
  0x01, 0x00, 0x00, 0x00, 0x0c, 0x00, 0x00, 0x00, 0x86, 0x77, 0xff, 0xff,
  0x00, 0x00, 0x00, 0x01, 0x18, 0x00, 0x00, 0x00, 0x20, 0x00, 0x00, 0x00,
  0x3c, 0x00, 0x00, 0x00, 0x44, 0x00, 0x00, 0x00, 0x00, 0x00, 0x00, 0x09,
  0x70, 0x02, 0x00, 0x00, 0x02, 0x00, 0x00, 0x00, 0xff, 0xff, 0xff, 0xff,
  0x0c, 0x00, 0x00, 0x00, 0x6c, 0x77, 0xff, 0xff, 0x08, 0x00, 0x00, 0x00,
  0x10, 0x00, 0x00, 0x00, 0x01, 0x00, 0x00, 0x00, 0x80, 0xff, 0xff, 0xff,
  0xff, 0xff, 0xff, 0xff, 0x01, 0x00, 0x00, 0x00, 0x81, 0x80, 0x80, 0x3b,
  0x39, 0x02, 0x00, 0x00, 0x73, 0x65, 0x71, 0x75, 0x65, 0x6e, 0x74, 0x69,
  0x61, 0x6c, 0x5f, 0x31, 0x2f, 0x67, 0x72, 0x75, 0x5f, 0x31, 0x2f, 0x75,
  0x6e, 0x73, 0x74, 0x61, 0x63, 0x6b, 0x3b, 0x73, 0x65, 0x71, 0x75, 0x65,
  0x6e, 0x74, 0x69, 0x61, 0x6c, 0x5f, 0x31, 0x2f, 0x67, 0x72, 0x75, 0x5f,
  0x31, 0x2f, 0x75, 0x6e, 0x73, 0x74, 0x61, 0x63, 0x6b, 0x31, 0x3b, 0x73,
  0x65, 0x71, 0x75, 0x65, 0x6e, 0x74, 0x69, 0x61, 0x6c, 0x5f, 0x31, 0x2f,
  0x67, 0x72, 0x75, 0x5f, 0x31, 0x2f, 0x75, 0x6e, 0x73, 0x74, 0x61, 0x63,
  0x6b, 0x32, 0x3b, 0x73, 0x65, 0x71, 0x75, 0x65, 0x6e, 0x74, 0x69, 0x61,
  0x6c, 0x5f, 0x31, 0x2f, 0x67, 0x72, 0x75, 0x5f, 0x31, 0x2f, 0x75, 0x6e,
  0x73, 0x74, 0x61, 0x63, 0x6b, 0x33, 0x3b, 0x73, 0x65, 0x71, 0x75, 0x65,
  0x6e, 0x74, 0x69, 0x61, 0x6c, 0x5f, 0x31, 0x2f, 0x67, 0x72, 0x75, 0x5f,
  0x31, 0x2f, 0x75, 0x6e, 0x73, 0x74, 0x61, 0x63, 0x6b, 0x34, 0x3b, 0x73,
  0x65, 0x71, 0x75, 0x65, 0x6e, 0x74, 0x69, 0x61, 0x6c, 0x5f, 0x31, 0x2f,
  0x67, 0x72, 0x75, 0x5f, 0x31, 0x2f, 0x75, 0x6e, 0x73, 0x74, 0x61, 0x63,
  0x6b, 0x35, 0x3b, 0x73, 0x65, 0x71, 0x75, 0x65, 0x6e, 0x74, 0x69, 0x61,
  0x6c, 0x5f, 0x31, 0x2f, 0x67, 0x72, 0x75, 0x5f, 0x31, 0x2f, 0x75, 0x6e,
  0x73, 0x74, 0x61, 0x63, 0x6b, 0x36, 0x3b, 0x73, 0x65, 0x71, 0x75, 0x65,
  0x6e, 0x74, 0x69, 0x61, 0x6c, 0x5f, 0x31, 0x2f, 0x67, 0x72, 0x75, 0x5f,
  0x31, 0x2f, 0x75, 0x6e, 0x73, 0x74, 0x61, 0x63, 0x6b, 0x37, 0x3b, 0x73,
  0x65, 0x71, 0x75, 0x65, 0x6e, 0x74, 0x69, 0x61, 0x6c, 0x5f, 0x31, 0x2f,
  0x67, 0x72, 0x75, 0x5f, 0x31, 0x2f, 0x75, 0x6e, 0x73, 0x74, 0x61, 0x63,
  0x6b, 0x38, 0x3b, 0x73, 0x65, 0x71, 0x75, 0x65, 0x6e, 0x74, 0x69, 0x61,
  0x6c, 0x5f, 0x31, 0x2f, 0x67, 0x72, 0x75, 0x5f, 0x31, 0x2f, 0x75, 0x6e,
  0x73, 0x74, 0x61, 0x63, 0x6b, 0x39, 0x3b, 0x73, 0x65, 0x71, 0x75, 0x65,
  0x6e, 0x74, 0x69, 0x61, 0x6c, 0x5f, 0x31, 0x2f, 0x67, 0x72, 0x75, 0x5f,
  0x31, 0x2f, 0x75, 0x6e, 0x73, 0x74, 0x61, 0x63, 0x6b, 0x31, 0x30, 0x3b,
  0x73, 0x65, 0x71, 0x75, 0x65, 0x6e, 0x74, 0x69, 0x61, 0x6c, 0x5f, 0x31,
  0x2f, 0x67, 0x72, 0x75, 0x5f, 0x31, 0x2f, 0x75, 0x6e, 0x73, 0x74, 0x61,
  0x63, 0x6b, 0x31, 0x31, 0x3b, 0x73, 0x65, 0x71, 0x75, 0x65, 0x6e, 0x74,
  0x69, 0x61, 0x6c, 0x5f, 0x31, 0x2f, 0x67, 0x72, 0x75, 0x5f, 0x31, 0x2f,
  0x75, 0x6e, 0x73, 0x74, 0x61, 0x63, 0x6b, 0x31, 0x32, 0x3b, 0x73, 0x65,
  0x71, 0x75, 0x65, 0x6e, 0x74, 0x69, 0x61, 0x6c, 0x5f, 0x31, 0x2f, 0x67,
  0x72, 0x75, 0x5f, 0x31, 0x2f, 0x75, 0x6e, 0x73, 0x74, 0x61, 0x63, 0x6b,
  0x31, 0x33, 0x3b, 0x73, 0x65, 0x71, 0x75, 0x65, 0x6e, 0x74, 0x69, 0x61,
  0x6c, 0x5f, 0x31, 0x2f, 0x67, 0x72, 0x75, 0x5f, 0x31, 0x2f, 0x75, 0x6e,
  0x73, 0x74, 0x61, 0x63, 0x6b, 0x31, 0x34, 0x3b, 0x73, 0x65, 0x71, 0x75,
  0x65, 0x6e, 0x74, 0x69, 0x61, 0x6c, 0x5f, 0x31, 0x2f, 0x67, 0x72, 0x75,
  0x5f, 0x31, 0x2f, 0x75, 0x6e, 0x73, 0x74, 0x61, 0x63, 0x6b, 0x31, 0x35,
  0x3b, 0x73, 0x65, 0x71, 0x75, 0x65, 0x6e, 0x74, 0x69, 0x61, 0x6c, 0x5f,
  0x31, 0x2f, 0x67, 0x72, 0x75, 0x5f, 0x31, 0x2f, 0x75, 0x6e, 0x73, 0x74,
  0x61, 0x63, 0x6b, 0x31, 0x36, 0x3b, 0x73, 0x65, 0x71, 0x75, 0x65, 0x6e,
  0x74, 0x69, 0x61, 0x6c, 0x5f, 0x31, 0x2f, 0x67, 0x72, 0x75, 0x5f, 0x31,
  0x2f, 0x75, 0x6e, 0x73, 0x74, 0x61, 0x63, 0x6b, 0x31, 0x37, 0x3b, 0x73,
  0x65, 0x71, 0x75, 0x65, 0x6e, 0x74, 0x69, 0x61, 0x6c, 0x5f, 0x31, 0x2f,
  0x67, 0x72, 0x75, 0x5f, 0x31, 0x2f, 0x75, 0x6e, 0x73, 0x74, 0x61, 0x63,
  0x6b, 0x31, 0x38, 0x3b, 0x73, 0x65, 0x71, 0x75, 0x65, 0x6e, 0x74, 0x69,
  0x61, 0x6c, 0x5f, 0x31, 0x2f, 0x67, 0x72, 0x75, 0x5f, 0x31, 0x2f, 0x75,
  0x6e, 0x73, 0x74, 0x61, 0x63, 0x6b, 0x31, 0x39, 0x37, 0x00, 0x00, 0x00,
  0x02, 0x00, 0x00, 0x00, 0x01, 0x00, 0x00, 0x00, 0x0c, 0x00, 0x00, 0x00,
  0x1e, 0x7a, 0xff, 0xff, 0x00, 0x00, 0x00, 0x01, 0x18, 0x00, 0x00, 0x00,
  0x20, 0x00, 0x00, 0x00, 0x3c, 0x00, 0x00, 0x00, 0x43, 0x00, 0x00, 0x00,
  0x00, 0x00, 0x00, 0x09, 0x70, 0x02, 0x00, 0x00, 0x02, 0x00, 0x00, 0x00,
  0xff, 0xff, 0xff, 0xff, 0x0c, 0x00, 0x00, 0x00, 0x04, 0x7a, 0xff, 0xff,
  0x08, 0x00, 0x00, 0x00, 0x10, 0x00, 0x00, 0x00, 0x01, 0x00, 0x00, 0x00,
  0x80, 0xff, 0xff, 0xff, 0xff, 0xff, 0xff, 0xff, 0x01, 0x00, 0x00, 0x00,
  0x81, 0x80, 0x80, 0x3b, 0x39, 0x02, 0x00, 0x00, 0x73, 0x65, 0x71, 0x75,
  0x65, 0x6e, 0x74, 0x69, 0x61, 0x6c, 0x5f, 0x31, 0x2f, 0x67, 0x72, 0x75,
  0x5f, 0x31, 0x2f, 0x75, 0x6e, 0x73, 0x74, 0x61, 0x63, 0x6b, 0x3b, 0x73,
  0x65, 0x71, 0x75, 0x65, 0x6e, 0x74, 0x69, 0x61, 0x6c, 0x5f, 0x31, 0x2f,
  0x67, 0x72, 0x75, 0x5f, 0x31, 0x2f, 0x75, 0x6e, 0x73, 0x74, 0x61, 0x63,
  0x6b, 0x31, 0x3b, 0x73, 0x65, 0x71, 0x75, 0x65, 0x6e, 0x74, 0x69, 0x61,
  0x6c, 0x5f, 0x31, 0x2f, 0x67, 0x72, 0x75, 0x5f, 0x31, 0x2f, 0x75, 0x6e,
  0x73, 0x74, 0x61, 0x63, 0x6b, 0x32, 0x3b, 0x73, 0x65, 0x71, 0x75, 0x65,
  0x6e, 0x74, 0x69, 0x61, 0x6c, 0x5f, 0x31, 0x2f, 0x67, 0x72, 0x75, 0x5f,
  0x31, 0x2f, 0x75, 0x6e, 0x73, 0x74, 0x61, 0x63, 0x6b, 0x33, 0x3b, 0x73,
  0x65, 0x71, 0x75, 0x65, 0x6e, 0x74, 0x69, 0x61, 0x6c, 0x5f, 0x31, 0x2f,
  0x67, 0x72, 0x75, 0x5f, 0x31, 0x2f, 0x75, 0x6e, 0x73, 0x74, 0x61, 0x63,
  0x6b, 0x34, 0x3b, 0x73, 0x65, 0x71, 0x75, 0x65, 0x6e, 0x74, 0x69, 0x61,
  0x6c, 0x5f, 0x31, 0x2f, 0x67, 0x72, 0x75, 0x5f, 0x31, 0x2f, 0x75, 0x6e,
  0x73, 0x74, 0x61, 0x63, 0x6b, 0x35, 0x3b, 0x73, 0x65, 0x71, 0x75, 0x65,
  0x6e, 0x74, 0x69, 0x61, 0x6c, 0x5f, 0x31, 0x2f, 0x67, 0x72, 0x75, 0x5f,
  0x31, 0x2f, 0x75, 0x6e, 0x73, 0x74, 0x61, 0x63, 0x6b, 0x36, 0x3b, 0x73,
  0x65, 0x71, 0x75, 0x65, 0x6e, 0x74, 0x69, 0x61, 0x6c, 0x5f, 0x31, 0x2f,
  0x67, 0x72, 0x75, 0x5f, 0x31, 0x2f, 0x75, 0x6e, 0x73, 0x74, 0x61, 0x63,
  0x6b, 0x37, 0x3b, 0x73, 0x65, 0x71, 0x75, 0x65, 0x6e, 0x74, 0x69, 0x61,
  0x6c, 0x5f, 0x31, 0x2f, 0x67, 0x72, 0x75, 0x5f, 0x31, 0x2f, 0x75, 0x6e,
  0x73, 0x74, 0x61, 0x63, 0x6b, 0x38, 0x3b, 0x73, 0x65, 0x71, 0x75, 0x65,
  0x6e, 0x74, 0x69, 0x61, 0x6c, 0x5f, 0x31, 0x2f, 0x67, 0x72, 0x75, 0x5f,
  0x31, 0x2f, 0x75, 0x6e, 0x73, 0x74, 0x61, 0x63, 0x6b, 0x39, 0x3b, 0x73,
  0x65, 0x71, 0x75, 0x65, 0x6e, 0x74, 0x69, 0x61, 0x6c, 0x5f, 0x31, 0x2f,
  0x67, 0x72, 0x75, 0x5f, 0x31, 0x2f, 0x75, 0x6e, 0x73, 0x74, 0x61, 0x63,
  0x6b, 0x31, 0x30, 0x3b, 0x73, 0x65, 0x71, 0x75, 0x65, 0x6e, 0x74, 0x69,
  0x61, 0x6c, 0x5f, 0x31, 0x2f, 0x67, 0x72, 0x75, 0x5f, 0x31, 0x2f, 0x75,
  0x6e, 0x73, 0x74, 0x61, 0x63, 0x6b, 0x31, 0x31, 0x3b, 0x73, 0x65, 0x71,
  0x75, 0x65, 0x6e, 0x74, 0x69, 0x61, 0x6c, 0x5f, 0x31, 0x2f, 0x67, 0x72,
  0x75, 0x5f, 0x31, 0x2f, 0x75, 0x6e, 0x73, 0x74, 0x61, 0x63, 0x6b, 0x31,
  0x32, 0x3b, 0x73, 0x65, 0x71, 0x75, 0x65, 0x6e, 0x74, 0x69, 0x61, 0x6c,
  0x5f, 0x31, 0x2f, 0x67, 0x72, 0x75, 0x5f, 0x31, 0x2f, 0x75, 0x6e, 0x73,
  0x74, 0x61, 0x63, 0x6b, 0x31, 0x33, 0x3b, 0x73, 0x65, 0x71, 0x75, 0x65,
  0x6e, 0x74, 0x69, 0x61, 0x6c, 0x5f, 0x31, 0x2f, 0x67, 0x72, 0x75, 0x5f,
  0x31, 0x2f, 0x75, 0x6e, 0x73, 0x74, 0x61, 0x63, 0x6b, 0x31, 0x34, 0x3b,
  0x73, 0x65, 0x71, 0x75, 0x65, 0x6e, 0x74, 0x69, 0x61, 0x6c, 0x5f, 0x31,
  0x2f, 0x67, 0x72, 0x75, 0x5f, 0x31, 0x2f, 0x75, 0x6e, 0x73, 0x74, 0x61,
  0x63, 0x6b, 0x31, 0x35, 0x3b, 0x73, 0x65, 0x71, 0x75, 0x65, 0x6e, 0x74,
  0x69, 0x61, 0x6c, 0x5f, 0x31, 0x2f, 0x67, 0x72, 0x75, 0x5f, 0x31, 0x2f,
  0x75, 0x6e, 0x73, 0x74, 0x61, 0x63, 0x6b, 0x31, 0x36, 0x3b, 0x73, 0x65,
  0x71, 0x75, 0x65, 0x6e, 0x74, 0x69, 0x61, 0x6c, 0x5f, 0x31, 0x2f, 0x67,
  0x72, 0x75, 0x5f, 0x31, 0x2f, 0x75, 0x6e, 0x73, 0x74, 0x61, 0x63, 0x6b,
  0x31, 0x37, 0x3b, 0x73, 0x65, 0x71, 0x75, 0x65, 0x6e, 0x74, 0x69, 0x61,
  0x6c, 0x5f, 0x31, 0x2f, 0x67, 0x72, 0x75, 0x5f, 0x31, 0x2f, 0x75, 0x6e,
  0x73, 0x74, 0x61, 0x63, 0x6b, 0x31, 0x38, 0x3b, 0x73, 0x65, 0x71, 0x75,
  0x65, 0x6e, 0x74, 0x69, 0x61, 0x6c, 0x5f, 0x31, 0x2f, 0x67, 0x72, 0x75,
  0x5f, 0x31, 0x2f, 0x75, 0x6e, 0x73, 0x74, 0x61, 0x63, 0x6b, 0x31, 0x39,
  0x36, 0x00, 0x00, 0x00, 0x02, 0x00, 0x00, 0x00, 0x01, 0x00, 0x00, 0x00,
  0x0c, 0x00, 0x00, 0x00, 0xb6, 0x7c, 0xff, 0xff, 0x00, 0x00, 0x00, 0x01,
  0x18, 0x00, 0x00, 0x00, 0x20, 0x00, 0x00, 0x00, 0x3c, 0x00, 0x00, 0x00,
  0x42, 0x00, 0x00, 0x00, 0x00, 0x00, 0x00, 0x09, 0x70, 0x02, 0x00, 0x00,
  0x02, 0x00, 0x00, 0x00, 0xff, 0xff, 0xff, 0xff, 0x0c, 0x00, 0x00, 0x00,
  0x9c, 0x7c, 0xff, 0xff, 0x08, 0x00, 0x00, 0x00, 0x10, 0x00, 0x00, 0x00,
  0x01, 0x00, 0x00, 0x00, 0x80, 0xff, 0xff, 0xff, 0xff, 0xff, 0xff, 0xff,
  0x01, 0x00, 0x00, 0x00, 0x81, 0x80, 0x80, 0x3b, 0x39, 0x02, 0x00, 0x00,
  0x73, 0x65, 0x71, 0x75, 0x65, 0x6e, 0x74, 0x69, 0x61, 0x6c, 0x5f, 0x31,
  0x2f, 0x67, 0x72, 0x75, 0x5f, 0x31, 0x2f, 0x75, 0x6e, 0x73, 0x74, 0x61,
  0x63, 0x6b, 0x3b, 0x73, 0x65, 0x71, 0x75, 0x65, 0x6e, 0x74, 0x69, 0x61,
  0x6c, 0x5f, 0x31, 0x2f, 0x67, 0x72, 0x75, 0x5f, 0x31, 0x2f, 0x75, 0x6e,
  0x73, 0x74, 0x61, 0x63, 0x6b, 0x31, 0x3b, 0x73, 0x65, 0x71, 0x75, 0x65,
  0x6e, 0x74, 0x69, 0x61, 0x6c, 0x5f, 0x31, 0x2f, 0x67, 0x72, 0x75, 0x5f,
  0x31, 0x2f, 0x75, 0x6e, 0x73, 0x74, 0x61, 0x63, 0x6b, 0x32, 0x3b, 0x73,
  0x65, 0x71, 0x75, 0x65, 0x6e, 0x74, 0x69, 0x61, 0x6c, 0x5f, 0x31, 0x2f,
  0x67, 0x72, 0x75, 0x5f, 0x31, 0x2f, 0x75, 0x6e, 0x73, 0x74, 0x61, 0x63,
  0x6b, 0x33, 0x3b, 0x73, 0x65, 0x71, 0x75, 0x65, 0x6e, 0x74, 0x69, 0x61,
  0x6c, 0x5f, 0x31, 0x2f, 0x67, 0x72, 0x75, 0x5f, 0x31, 0x2f, 0x75, 0x6e,
  0x73, 0x74, 0x61, 0x63, 0x6b, 0x34, 0x3b, 0x73, 0x65, 0x71, 0x75, 0x65,
  0x6e, 0x74, 0x69, 0x61, 0x6c, 0x5f, 0x31, 0x2f, 0x67, 0x72, 0x75, 0x5f,
  0x31, 0x2f, 0x75, 0x6e, 0x73, 0x74, 0x61, 0x63, 0x6b, 0x35, 0x3b, 0x73,
  0x65, 0x71, 0x75, 0x65, 0x6e, 0x74, 0x69, 0x61, 0x6c, 0x5f, 0x31, 0x2f,
  0x67, 0x72, 0x75, 0x5f, 0x31, 0x2f, 0x75, 0x6e, 0x73, 0x74, 0x61, 0x63,
  0x6b, 0x36, 0x3b, 0x73, 0x65, 0x71, 0x75, 0x65, 0x6e, 0x74, 0x69, 0x61,
  0x6c, 0x5f, 0x31, 0x2f, 0x67, 0x72, 0x75, 0x5f, 0x31, 0x2f, 0x75, 0x6e,
  0x73, 0x74, 0x61, 0x63, 0x6b, 0x37, 0x3b, 0x73, 0x65, 0x71, 0x75, 0x65,
  0x6e, 0x74, 0x69, 0x61, 0x6c, 0x5f, 0x31, 0x2f, 0x67, 0x72, 0x75, 0x5f,
  0x31, 0x2f, 0x75, 0x6e, 0x73, 0x74, 0x61, 0x63, 0x6b, 0x38, 0x3b, 0x73,
  0x65, 0x71, 0x75, 0x65, 0x6e, 0x74, 0x69, 0x61, 0x6c, 0x5f, 0x31, 0x2f,
  0x67, 0x72, 0x75, 0x5f, 0x31, 0x2f, 0x75, 0x6e, 0x73, 0x74, 0x61, 0x63,
  0x6b, 0x39, 0x3b, 0x73, 0x65, 0x71, 0x75, 0x65, 0x6e, 0x74, 0x69, 0x61,
  0x6c, 0x5f, 0x31, 0x2f, 0x67, 0x72, 0x75, 0x5f, 0x31, 0x2f, 0x75, 0x6e,
  0x73, 0x74, 0x61, 0x63, 0x6b, 0x31, 0x30, 0x3b, 0x73, 0x65, 0x71, 0x75,
  0x65, 0x6e, 0x74, 0x69, 0x61, 0x6c, 0x5f, 0x31, 0x2f, 0x67, 0x72, 0x75,
  0x5f, 0x31, 0x2f, 0x75, 0x6e, 0x73, 0x74, 0x61, 0x63, 0x6b, 0x31, 0x31,
  0x3b, 0x73, 0x65, 0x71, 0x75, 0x65, 0x6e, 0x74, 0x69, 0x61, 0x6c, 0x5f,
  0x31, 0x2f, 0x67, 0x72, 0x75, 0x5f, 0x31, 0x2f, 0x75, 0x6e, 0x73, 0x74,
  0x61, 0x63, 0x6b, 0x31, 0x32, 0x3b, 0x73, 0x65, 0x71, 0x75, 0x65, 0x6e,
  0x74, 0x69, 0x61, 0x6c, 0x5f, 0x31, 0x2f, 0x67, 0x72, 0x75, 0x5f, 0x31,
  0x2f, 0x75, 0x6e, 0x73, 0x74, 0x61, 0x63, 0x6b, 0x31, 0x33, 0x3b, 0x73,
  0x65, 0x71, 0x75, 0x65, 0x6e, 0x74, 0x69, 0x61, 0x6c, 0x5f, 0x31, 0x2f,
  0x67, 0x72, 0x75, 0x5f, 0x31, 0x2f, 0x75, 0x6e, 0x73, 0x74, 0x61, 0x63,
  0x6b, 0x31, 0x34, 0x3b, 0x73, 0x65, 0x71, 0x75, 0x65, 0x6e, 0x74, 0x69,
  0x61, 0x6c, 0x5f, 0x31, 0x2f, 0x67, 0x72, 0x75, 0x5f, 0x31, 0x2f, 0x75,
  0x6e, 0x73, 0x74, 0x61, 0x63, 0x6b, 0x31, 0x35, 0x3b, 0x73, 0x65, 0x71,
  0x75, 0x65, 0x6e, 0x74, 0x69, 0x61, 0x6c, 0x5f, 0x31, 0x2f, 0x67, 0x72,
  0x75, 0x5f, 0x31, 0x2f, 0x75, 0x6e, 0x73, 0x74, 0x61, 0x63, 0x6b, 0x31,
  0x36, 0x3b, 0x73, 0x65, 0x71, 0x75, 0x65, 0x6e, 0x74, 0x69, 0x61, 0x6c,
  0x5f, 0x31, 0x2f, 0x67, 0x72, 0x75, 0x5f, 0x31, 0x2f, 0x75, 0x6e, 0x73,
  0x74, 0x61, 0x63, 0x6b, 0x31, 0x37, 0x3b, 0x73, 0x65, 0x71, 0x75, 0x65,
  0x6e, 0x74, 0x69, 0x61, 0x6c, 0x5f, 0x31, 0x2f, 0x67, 0x72, 0x75, 0x5f,
  0x31, 0x2f, 0x75, 0x6e, 0x73, 0x74, 0x61, 0x63, 0x6b, 0x31, 0x38, 0x3b,
  0x73, 0x65, 0x71, 0x75, 0x65, 0x6e, 0x74, 0x69, 0x61, 0x6c, 0x5f, 0x31,
  0x2f, 0x67, 0x72, 0x75, 0x5f, 0x31, 0x2f, 0x75, 0x6e, 0x73, 0x74, 0x61,
  0x63, 0x6b, 0x31, 0x39, 0x35, 0x00, 0x00, 0x00, 0x02, 0x00, 0x00, 0x00,
  0x01, 0x00, 0x00, 0x00, 0x0c, 0x00, 0x00, 0x00, 0x4e, 0x7f, 0xff, 0xff,
  0x00, 0x00, 0x00, 0x01, 0x18, 0x00, 0x00, 0x00, 0x20, 0x00, 0x00, 0x00,
  0x3c, 0x00, 0x00, 0x00, 0x41, 0x00, 0x00, 0x00, 0x00, 0x00, 0x00, 0x09,
  0x70, 0x02, 0x00, 0x00, 0x02, 0x00, 0x00, 0x00, 0xff, 0xff, 0xff, 0xff,
  0x0c, 0x00, 0x00, 0x00, 0x34, 0x7f, 0xff, 0xff, 0x08, 0x00, 0x00, 0x00,
  0x10, 0x00, 0x00, 0x00, 0x01, 0x00, 0x00, 0x00, 0x80, 0xff, 0xff, 0xff,
  0xff, 0xff, 0xff, 0xff, 0x01, 0x00, 0x00, 0x00, 0x81, 0x80, 0x80, 0x3b,
  0x39, 0x02, 0x00, 0x00, 0x73, 0x65, 0x71, 0x75, 0x65, 0x6e, 0x74, 0x69,
  0x61, 0x6c, 0x5f, 0x31, 0x2f, 0x67, 0x72, 0x75, 0x5f, 0x31, 0x2f, 0x75,
  0x6e, 0x73, 0x74, 0x61, 0x63, 0x6b, 0x3b, 0x73, 0x65, 0x71, 0x75, 0x65,
  0x6e, 0x74, 0x69, 0x61, 0x6c, 0x5f, 0x31, 0x2f, 0x67, 0x72, 0x75, 0x5f,
  0x31, 0x2f, 0x75, 0x6e, 0x73, 0x74, 0x61, 0x63, 0x6b, 0x31, 0x3b, 0x73,
  0x65, 0x71, 0x75, 0x65, 0x6e, 0x74, 0x69, 0x61, 0x6c, 0x5f, 0x31, 0x2f,
  0x67, 0x72, 0x75, 0x5f, 0x31, 0x2f, 0x75, 0x6e, 0x73, 0x74, 0x61, 0x63,
  0x6b, 0x32, 0x3b, 0x73, 0x65, 0x71, 0x75, 0x65, 0x6e, 0x74, 0x69, 0x61,
  0x6c, 0x5f, 0x31, 0x2f, 0x67, 0x72, 0x75, 0x5f, 0x31, 0x2f, 0x75, 0x6e,
  0x73, 0x74, 0x61, 0x63, 0x6b, 0x33, 0x3b, 0x73, 0x65, 0x71, 0x75, 0x65,
  0x6e, 0x74, 0x69, 0x61, 0x6c, 0x5f, 0x31, 0x2f, 0x67, 0x72, 0x75, 0x5f,
  0x31, 0x2f, 0x75, 0x6e, 0x73, 0x74, 0x61, 0x63, 0x6b, 0x34, 0x3b, 0x73,
  0x65, 0x71, 0x75, 0x65, 0x6e, 0x74, 0x69, 0x61, 0x6c, 0x5f, 0x31, 0x2f,
  0x67, 0x72, 0x75, 0x5f, 0x31, 0x2f, 0x75, 0x6e, 0x73, 0x74, 0x61, 0x63,
  0x6b, 0x35, 0x3b, 0x73, 0x65, 0x71, 0x75, 0x65, 0x6e, 0x74, 0x69, 0x61,
  0x6c, 0x5f, 0x31, 0x2f, 0x67, 0x72, 0x75, 0x5f, 0x31, 0x2f, 0x75, 0x6e,
  0x73, 0x74, 0x61, 0x63, 0x6b, 0x36, 0x3b, 0x73, 0x65, 0x71, 0x75, 0x65,
  0x6e, 0x74, 0x69, 0x61, 0x6c, 0x5f, 0x31, 0x2f, 0x67, 0x72, 0x75, 0x5f,
  0x31, 0x2f, 0x75, 0x6e, 0x73, 0x74, 0x61, 0x63, 0x6b, 0x37, 0x3b, 0x73,
  0x65, 0x71, 0x75, 0x65, 0x6e, 0x74, 0x69, 0x61, 0x6c, 0x5f, 0x31, 0x2f,
  0x67, 0x72, 0x75, 0x5f, 0x31, 0x2f, 0x75, 0x6e, 0x73, 0x74, 0x61, 0x63,
  0x6b, 0x38, 0x3b, 0x73, 0x65, 0x71, 0x75, 0x65, 0x6e, 0x74, 0x69, 0x61,
  0x6c, 0x5f, 0x31, 0x2f, 0x67, 0x72, 0x75, 0x5f, 0x31, 0x2f, 0x75, 0x6e,
  0x73, 0x74, 0x61, 0x63, 0x6b, 0x39, 0x3b, 0x73, 0x65, 0x71, 0x75, 0x65,
  0x6e, 0x74, 0x69, 0x61, 0x6c, 0x5f, 0x31, 0x2f, 0x67, 0x72, 0x75, 0x5f,
  0x31, 0x2f, 0x75, 0x6e, 0x73, 0x74, 0x61, 0x63, 0x6b, 0x31, 0x30, 0x3b,
  0x73, 0x65, 0x71, 0x75, 0x65, 0x6e, 0x74, 0x69, 0x61, 0x6c, 0x5f, 0x31,
  0x2f, 0x67, 0x72, 0x75, 0x5f, 0x31, 0x2f, 0x75, 0x6e, 0x73, 0x74, 0x61,
  0x63, 0x6b, 0x31, 0x31, 0x3b, 0x73, 0x65, 0x71, 0x75, 0x65, 0x6e, 0x74,
  0x69, 0x61, 0x6c, 0x5f, 0x31, 0x2f, 0x67, 0x72, 0x75, 0x5f, 0x31, 0x2f,
  0x75, 0x6e, 0x73, 0x74, 0x61, 0x63, 0x6b, 0x31, 0x32, 0x3b, 0x73, 0x65,
  0x71, 0x75, 0x65, 0x6e, 0x74, 0x69, 0x61, 0x6c, 0x5f, 0x31, 0x2f, 0x67,
  0x72, 0x75, 0x5f, 0x31, 0x2f, 0x75, 0x6e, 0x73, 0x74, 0x61, 0x63, 0x6b,
  0x31, 0x33, 0x3b, 0x73, 0x65, 0x71, 0x75, 0x65, 0x6e, 0x74, 0x69, 0x61,
  0x6c, 0x5f, 0x31, 0x2f, 0x67, 0x72, 0x75, 0x5f, 0x31, 0x2f, 0x75, 0x6e,
  0x73, 0x74, 0x61, 0x63, 0x6b, 0x31, 0x34, 0x3b, 0x73, 0x65, 0x71, 0x75,
  0x65, 0x6e, 0x74, 0x69, 0x61, 0x6c, 0x5f, 0x31, 0x2f, 0x67, 0x72, 0x75,
  0x5f, 0x31, 0x2f, 0x75, 0x6e, 0x73, 0x74, 0x61, 0x63, 0x6b, 0x31, 0x35,
  0x3b, 0x73, 0x65, 0x71, 0x75, 0x65, 0x6e, 0x74, 0x69, 0x61, 0x6c, 0x5f,
  0x31, 0x2f, 0x67, 0x72, 0x75, 0x5f, 0x31, 0x2f, 0x75, 0x6e, 0x73, 0x74,
  0x61, 0x63, 0x6b, 0x31, 0x36, 0x3b, 0x73, 0x65, 0x71, 0x75, 0x65, 0x6e,
  0x74, 0x69, 0x61, 0x6c, 0x5f, 0x31, 0x2f, 0x67, 0x72, 0x75, 0x5f, 0x31,
  0x2f, 0x75, 0x6e, 0x73, 0x74, 0x61, 0x63, 0x6b, 0x31, 0x37, 0x3b, 0x73,
  0x65, 0x71, 0x75, 0x65, 0x6e, 0x74, 0x69, 0x61, 0x6c, 0x5f, 0x31, 0x2f,
  0x67, 0x72, 0x75, 0x5f, 0x31, 0x2f, 0x75, 0x6e, 0x73, 0x74, 0x61, 0x63,
  0x6b, 0x31, 0x38, 0x3b, 0x73, 0x65, 0x71, 0x75, 0x65, 0x6e, 0x74, 0x69,
  0x61, 0x6c, 0x5f, 0x31, 0x2f, 0x67, 0x72, 0x75, 0x5f, 0x31, 0x2f, 0x75,
  0x6e, 0x73, 0x74, 0x61, 0x63, 0x6b, 0x31, 0x39, 0x34, 0x00, 0x00, 0x00,
  0x02, 0x00, 0x00, 0x00, 0x01, 0x00, 0x00, 0x00, 0x0c, 0x00, 0x00, 0x00,
  0xe6, 0x81, 0xff, 0xff, 0x00, 0x00, 0x00, 0x01, 0x18, 0x00, 0x00, 0x00,
  0x20, 0x00, 0x00, 0x00, 0x3c, 0x00, 0x00, 0x00, 0x40, 0x00, 0x00, 0x00,
  0x00, 0x00, 0x00, 0x09, 0x70, 0x02, 0x00, 0x00, 0x02, 0x00, 0x00, 0x00,
  0xff, 0xff, 0xff, 0xff, 0x0c, 0x00, 0x00, 0x00, 0xcc, 0x81, 0xff, 0xff,
  0x08, 0x00, 0x00, 0x00, 0x10, 0x00, 0x00, 0x00, 0x01, 0x00, 0x00, 0x00,
  0x80, 0xff, 0xff, 0xff, 0xff, 0xff, 0xff, 0xff, 0x01, 0x00, 0x00, 0x00,
  0x81, 0x80, 0x80, 0x3b, 0x39, 0x02, 0x00, 0x00, 0x73, 0x65, 0x71, 0x75,
  0x65, 0x6e, 0x74, 0x69, 0x61, 0x6c, 0x5f, 0x31, 0x2f, 0x67, 0x72, 0x75,
  0x5f, 0x31, 0x2f, 0x75, 0x6e, 0x73, 0x74, 0x61, 0x63, 0x6b, 0x3b, 0x73,
  0x65, 0x71, 0x75, 0x65, 0x6e, 0x74, 0x69, 0x61, 0x6c, 0x5f, 0x31, 0x2f,
  0x67, 0x72, 0x75, 0x5f, 0x31, 0x2f, 0x75, 0x6e, 0x73, 0x74, 0x61, 0x63,
  0x6b, 0x31, 0x3b, 0x73, 0x65, 0x71, 0x75, 0x65, 0x6e, 0x74, 0x69, 0x61,
  0x6c, 0x5f, 0x31, 0x2f, 0x67, 0x72, 0x75, 0x5f, 0x31, 0x2f, 0x75, 0x6e,
  0x73, 0x74, 0x61, 0x63, 0x6b, 0x32, 0x3b, 0x73, 0x65, 0x71, 0x75, 0x65,
  0x6e, 0x74, 0x69, 0x61, 0x6c, 0x5f, 0x31, 0x2f, 0x67, 0x72, 0x75, 0x5f,
  0x31, 0x2f, 0x75, 0x6e, 0x73, 0x74, 0x61, 0x63, 0x6b, 0x33, 0x3b, 0x73,
  0x65, 0x71, 0x75, 0x65, 0x6e, 0x74, 0x69, 0x61, 0x6c, 0x5f, 0x31, 0x2f,
  0x67, 0x72, 0x75, 0x5f, 0x31, 0x2f, 0x75, 0x6e, 0x73, 0x74, 0x61, 0x63,
  0x6b, 0x34, 0x3b, 0x73, 0x65, 0x71, 0x75, 0x65, 0x6e, 0x74, 0x69, 0x61,
  0x6c, 0x5f, 0x31, 0x2f, 0x67, 0x72, 0x75, 0x5f, 0x31, 0x2f, 0x75, 0x6e,
  0x73, 0x74, 0x61, 0x63, 0x6b, 0x35, 0x3b, 0x73, 0x65, 0x71, 0x75, 0x65,
  0x6e, 0x74, 0x69, 0x61, 0x6c, 0x5f, 0x31, 0x2f, 0x67, 0x72, 0x75, 0x5f,
  0x31, 0x2f, 0x75, 0x6e, 0x73, 0x74, 0x61, 0x63, 0x6b, 0x36, 0x3b, 0x73,
  0x65, 0x71, 0x75, 0x65, 0x6e, 0x74, 0x69, 0x61, 0x6c, 0x5f, 0x31, 0x2f,
  0x67, 0x72, 0x75, 0x5f, 0x31, 0x2f, 0x75, 0x6e, 0x73, 0x74, 0x61, 0x63,
  0x6b, 0x37, 0x3b, 0x73, 0x65, 0x71, 0x75, 0x65, 0x6e, 0x74, 0x69, 0x61,
  0x6c, 0x5f, 0x31, 0x2f, 0x67, 0x72, 0x75, 0x5f, 0x31, 0x2f, 0x75, 0x6e,
  0x73, 0x74, 0x61, 0x63, 0x6b, 0x38, 0x3b, 0x73, 0x65, 0x71, 0x75, 0x65,
  0x6e, 0x74, 0x69, 0x61, 0x6c, 0x5f, 0x31, 0x2f, 0x67, 0x72, 0x75, 0x5f,
  0x31, 0x2f, 0x75, 0x6e, 0x73, 0x74, 0x61, 0x63, 0x6b, 0x39, 0x3b, 0x73,
  0x65, 0x71, 0x75, 0x65, 0x6e, 0x74, 0x69, 0x61, 0x6c, 0x5f, 0x31, 0x2f,
  0x67, 0x72, 0x75, 0x5f, 0x31, 0x2f, 0x75, 0x6e, 0x73, 0x74, 0x61, 0x63,
  0x6b, 0x31, 0x30, 0x3b, 0x73, 0x65, 0x71, 0x75, 0x65, 0x6e, 0x74, 0x69,
  0x61, 0x6c, 0x5f, 0x31, 0x2f, 0x67, 0x72, 0x75, 0x5f, 0x31, 0x2f, 0x75,
  0x6e, 0x73, 0x74, 0x61, 0x63, 0x6b, 0x31, 0x31, 0x3b, 0x73, 0x65, 0x71,
  0x75, 0x65, 0x6e, 0x74, 0x69, 0x61, 0x6c, 0x5f, 0x31, 0x2f, 0x67, 0x72,
  0x75, 0x5f, 0x31, 0x2f, 0x75, 0x6e, 0x73, 0x74, 0x61, 0x63, 0x6b, 0x31,
  0x32, 0x3b, 0x73, 0x65, 0x71, 0x75, 0x65, 0x6e, 0x74, 0x69, 0x61, 0x6c,
  0x5f, 0x31, 0x2f, 0x67, 0x72, 0x75, 0x5f, 0x31, 0x2f, 0x75, 0x6e, 0x73,
  0x74, 0x61, 0x63, 0x6b, 0x31, 0x33, 0x3b, 0x73, 0x65, 0x71, 0x75, 0x65,
  0x6e, 0x74, 0x69, 0x61, 0x6c, 0x5f, 0x31, 0x2f, 0x67, 0x72, 0x75, 0x5f,
  0x31, 0x2f, 0x75, 0x6e, 0x73, 0x74, 0x61, 0x63, 0x6b, 0x31, 0x34, 0x3b,
  0x73, 0x65, 0x71, 0x75, 0x65, 0x6e, 0x74, 0x69, 0x61, 0x6c, 0x5f, 0x31,
  0x2f, 0x67, 0x72, 0x75, 0x5f, 0x31, 0x2f, 0x75, 0x6e, 0x73, 0x74, 0x61,
  0x63, 0x6b, 0x31, 0x35, 0x3b, 0x73, 0x65, 0x71, 0x75, 0x65, 0x6e, 0x74,
  0x69, 0x61, 0x6c, 0x5f, 0x31, 0x2f, 0x67, 0x72, 0x75, 0x5f, 0x31, 0x2f,
  0x75, 0x6e, 0x73, 0x74, 0x61, 0x63, 0x6b, 0x31, 0x36, 0x3b, 0x73, 0x65,
  0x71, 0x75, 0x65, 0x6e, 0x74, 0x69, 0x61, 0x6c, 0x5f, 0x31, 0x2f, 0x67,
  0x72, 0x75, 0x5f, 0x31, 0x2f, 0x75, 0x6e, 0x73, 0x74, 0x61, 0x63, 0x6b,
  0x31, 0x37, 0x3b, 0x73, 0x65, 0x71, 0x75, 0x65, 0x6e, 0x74, 0x69, 0x61,
  0x6c, 0x5f, 0x31, 0x2f, 0x67, 0x72, 0x75, 0x5f, 0x31, 0x2f, 0x75, 0x6e,
  0x73, 0x74, 0x61, 0x63, 0x6b, 0x31, 0x38, 0x3b, 0x73, 0x65, 0x71, 0x75,
  0x65, 0x6e, 0x74, 0x69, 0x61, 0x6c, 0x5f, 0x31, 0x2f, 0x67, 0x72, 0x75,
  0x5f, 0x31, 0x2f, 0x75, 0x6e, 0x73, 0x74, 0x61, 0x63, 0x6b, 0x31, 0x39,
  0x33, 0x00, 0x00, 0x00, 0x02, 0x00, 0x00, 0x00, 0x01, 0x00, 0x00, 0x00,
  0x0c, 0x00, 0x00, 0x00, 0x7e, 0x84, 0xff, 0xff, 0x00, 0x00, 0x00, 0x01,
  0x18, 0x00, 0x00, 0x00, 0x20, 0x00, 0x00, 0x00, 0x3c, 0x00, 0x00, 0x00,
  0x3f, 0x00, 0x00, 0x00, 0x00, 0x00, 0x00, 0x09, 0x70, 0x02, 0x00, 0x00,
  0x02, 0x00, 0x00, 0x00, 0xff, 0xff, 0xff, 0xff, 0x0c, 0x00, 0x00, 0x00,
  0x64, 0x84, 0xff, 0xff, 0x08, 0x00, 0x00, 0x00, 0x10, 0x00, 0x00, 0x00,
  0x01, 0x00, 0x00, 0x00, 0x80, 0xff, 0xff, 0xff, 0xff, 0xff, 0xff, 0xff,
  0x01, 0x00, 0x00, 0x00, 0x81, 0x80, 0x80, 0x3b, 0x39, 0x02, 0x00, 0x00,
  0x73, 0x65, 0x71, 0x75, 0x65, 0x6e, 0x74, 0x69, 0x61, 0x6c, 0x5f, 0x31,
  0x2f, 0x67, 0x72, 0x75, 0x5f, 0x31, 0x2f, 0x75, 0x6e, 0x73, 0x74, 0x61,
  0x63, 0x6b, 0x3b, 0x73, 0x65, 0x71, 0x75, 0x65, 0x6e, 0x74, 0x69, 0x61,
  0x6c, 0x5f, 0x31, 0x2f, 0x67, 0x72, 0x75, 0x5f, 0x31, 0x2f, 0x75, 0x6e,
  0x73, 0x74, 0x61, 0x63, 0x6b, 0x31, 0x3b, 0x73, 0x65, 0x71, 0x75, 0x65,
  0x6e, 0x74, 0x69, 0x61, 0x6c, 0x5f, 0x31, 0x2f, 0x67, 0x72, 0x75, 0x5f,
  0x31, 0x2f, 0x75, 0x6e, 0x73, 0x74, 0x61, 0x63, 0x6b, 0x32, 0x3b, 0x73,
  0x65, 0x71, 0x75, 0x65, 0x6e, 0x74, 0x69, 0x61, 0x6c, 0x5f, 0x31, 0x2f,
  0x67, 0x72, 0x75, 0x5f, 0x31, 0x2f, 0x75, 0x6e, 0x73, 0x74, 0x61, 0x63,
  0x6b, 0x33, 0x3b, 0x73, 0x65, 0x71, 0x75, 0x65, 0x6e, 0x74, 0x69, 0x61,
  0x6c, 0x5f, 0x31, 0x2f, 0x67, 0x72, 0x75, 0x5f, 0x31, 0x2f, 0x75, 0x6e,
  0x73, 0x74, 0x61, 0x63, 0x6b, 0x34, 0x3b, 0x73, 0x65, 0x71, 0x75, 0x65,
  0x6e, 0x74, 0x69, 0x61, 0x6c, 0x5f, 0x31, 0x2f, 0x67, 0x72, 0x75, 0x5f,
  0x31, 0x2f, 0x75, 0x6e, 0x73, 0x74, 0x61, 0x63, 0x6b, 0x35, 0x3b, 0x73,
  0x65, 0x71, 0x75, 0x65, 0x6e, 0x74, 0x69, 0x61, 0x6c, 0x5f, 0x31, 0x2f,
  0x67, 0x72, 0x75, 0x5f, 0x31, 0x2f, 0x75, 0x6e, 0x73, 0x74, 0x61, 0x63,
  0x6b, 0x36, 0x3b, 0x73, 0x65, 0x71, 0x75, 0x65, 0x6e, 0x74, 0x69, 0x61,
  0x6c, 0x5f, 0x31, 0x2f, 0x67, 0x72, 0x75, 0x5f, 0x31, 0x2f, 0x75, 0x6e,
  0x73, 0x74, 0x61, 0x63, 0x6b, 0x37, 0x3b, 0x73, 0x65, 0x71, 0x75, 0x65,
  0x6e, 0x74, 0x69, 0x61, 0x6c, 0x5f, 0x31, 0x2f, 0x67, 0x72, 0x75, 0x5f,
  0x31, 0x2f, 0x75, 0x6e, 0x73, 0x74, 0x61, 0x63, 0x6b, 0x38, 0x3b, 0x73,
  0x65, 0x71, 0x75, 0x65, 0x6e, 0x74, 0x69, 0x61, 0x6c, 0x5f, 0x31, 0x2f,
  0x67, 0x72, 0x75, 0x5f, 0x31, 0x2f, 0x75, 0x6e, 0x73, 0x74, 0x61, 0x63,
  0x6b, 0x39, 0x3b, 0x73, 0x65, 0x71, 0x75, 0x65, 0x6e, 0x74, 0x69, 0x61,
  0x6c, 0x5f, 0x31, 0x2f, 0x67, 0x72, 0x75, 0x5f, 0x31, 0x2f, 0x75, 0x6e,
  0x73, 0x74, 0x61, 0x63, 0x6b, 0x31, 0x30, 0x3b, 0x73, 0x65, 0x71, 0x75,
  0x65, 0x6e, 0x74, 0x69, 0x61, 0x6c, 0x5f, 0x31, 0x2f, 0x67, 0x72, 0x75,
  0x5f, 0x31, 0x2f, 0x75, 0x6e, 0x73, 0x74, 0x61, 0x63, 0x6b, 0x31, 0x31,
  0x3b, 0x73, 0x65, 0x71, 0x75, 0x65, 0x6e, 0x74, 0x69, 0x61, 0x6c, 0x5f,
  0x31, 0x2f, 0x67, 0x72, 0x75, 0x5f, 0x31, 0x2f, 0x75, 0x6e, 0x73, 0x74,
  0x61, 0x63, 0x6b, 0x31, 0x32, 0x3b, 0x73, 0x65, 0x71, 0x75, 0x65, 0x6e,
  0x74, 0x69, 0x61, 0x6c, 0x5f, 0x31, 0x2f, 0x67, 0x72, 0x75, 0x5f, 0x31,
  0x2f, 0x75, 0x6e, 0x73, 0x74, 0x61, 0x63, 0x6b, 0x31, 0x33, 0x3b, 0x73,
  0x65, 0x71, 0x75, 0x65, 0x6e, 0x74, 0x69, 0x61, 0x6c, 0x5f, 0x31, 0x2f,
  0x67, 0x72, 0x75, 0x5f, 0x31, 0x2f, 0x75, 0x6e, 0x73, 0x74, 0x61, 0x63,
  0x6b, 0x31, 0x34, 0x3b, 0x73, 0x65, 0x71, 0x75, 0x65, 0x6e, 0x74, 0x69,
  0x61, 0x6c, 0x5f, 0x31, 0x2f, 0x67, 0x72, 0x75, 0x5f, 0x31, 0x2f, 0x75,
  0x6e, 0x73, 0x74, 0x61, 0x63, 0x6b, 0x31, 0x35, 0x3b, 0x73, 0x65, 0x71,
  0x75, 0x65, 0x6e, 0x74, 0x69, 0x61, 0x6c, 0x5f, 0x31, 0x2f, 0x67, 0x72,
  0x75, 0x5f, 0x31, 0x2f, 0x75, 0x6e, 0x73, 0x74, 0x61, 0x63, 0x6b, 0x31,
  0x36, 0x3b, 0x73, 0x65, 0x71, 0x75, 0x65, 0x6e, 0x74, 0x69, 0x61, 0x6c,
  0x5f, 0x31, 0x2f, 0x67, 0x72, 0x75, 0x5f, 0x31, 0x2f, 0x75, 0x6e, 0x73,
  0x74, 0x61, 0x63, 0x6b, 0x31, 0x37, 0x3b, 0x73, 0x65, 0x71, 0x75, 0x65,
  0x6e, 0x74, 0x69, 0x61, 0x6c, 0x5f, 0x31, 0x2f, 0x67, 0x72, 0x75, 0x5f,
  0x31, 0x2f, 0x75, 0x6e, 0x73, 0x74, 0x61, 0x63, 0x6b, 0x31, 0x38, 0x3b,
  0x73, 0x65, 0x71, 0x75, 0x65, 0x6e, 0x74, 0x69, 0x61, 0x6c, 0x5f, 0x31,
  0x2f, 0x67, 0x72, 0x75, 0x5f, 0x31, 0x2f, 0x75, 0x6e, 0x73, 0x74, 0x61,
  0x63, 0x6b, 0x31, 0x39, 0x32, 0x00, 0x00, 0x00, 0x02, 0x00, 0x00, 0x00,
  0x01, 0x00, 0x00, 0x00, 0x0c, 0x00, 0x00, 0x00, 0x16, 0x87, 0xff, 0xff,
  0x00, 0x00, 0x00, 0x01, 0x18, 0x00, 0x00, 0x00, 0x20, 0x00, 0x00, 0x00,
  0x3c, 0x00, 0x00, 0x00, 0x3e, 0x00, 0x00, 0x00, 0x00, 0x00, 0x00, 0x09,
  0x70, 0x02, 0x00, 0x00, 0x02, 0x00, 0x00, 0x00, 0xff, 0xff, 0xff, 0xff,
  0x0c, 0x00, 0x00, 0x00, 0xfc, 0x86, 0xff, 0xff, 0x08, 0x00, 0x00, 0x00,
  0x10, 0x00, 0x00, 0x00, 0x01, 0x00, 0x00, 0x00, 0x80, 0xff, 0xff, 0xff,
  0xff, 0xff, 0xff, 0xff, 0x01, 0x00, 0x00, 0x00, 0x81, 0x80, 0x80, 0x3b,
  0x39, 0x02, 0x00, 0x00, 0x73, 0x65, 0x71, 0x75, 0x65, 0x6e, 0x74, 0x69,
  0x61, 0x6c, 0x5f, 0x31, 0x2f, 0x67, 0x72, 0x75, 0x5f, 0x31, 0x2f, 0x75,
  0x6e, 0x73, 0x74, 0x61, 0x63, 0x6b, 0x3b, 0x73, 0x65, 0x71, 0x75, 0x65,
  0x6e, 0x74, 0x69, 0x61, 0x6c, 0x5f, 0x31, 0x2f, 0x67, 0x72, 0x75, 0x5f,
  0x31, 0x2f, 0x75, 0x6e, 0x73, 0x74, 0x61, 0x63, 0x6b, 0x31, 0x3b, 0x73,
  0x65, 0x71, 0x75, 0x65, 0x6e, 0x74, 0x69, 0x61, 0x6c, 0x5f, 0x31, 0x2f,
  0x67, 0x72, 0x75, 0x5f, 0x31, 0x2f, 0x75, 0x6e, 0x73, 0x74, 0x61, 0x63,
  0x6b, 0x32, 0x3b, 0x73, 0x65, 0x71, 0x75, 0x65, 0x6e, 0x74, 0x69, 0x61,
  0x6c, 0x5f, 0x31, 0x2f, 0x67, 0x72, 0x75, 0x5f, 0x31, 0x2f, 0x75, 0x6e,
  0x73, 0x74, 0x61, 0x63, 0x6b, 0x33, 0x3b, 0x73, 0x65, 0x71, 0x75, 0x65,
  0x6e, 0x74, 0x69, 0x61, 0x6c, 0x5f, 0x31, 0x2f, 0x67, 0x72, 0x75, 0x5f,
  0x31, 0x2f, 0x75, 0x6e, 0x73, 0x74, 0x61, 0x63, 0x6b, 0x34, 0x3b, 0x73,
  0x65, 0x71, 0x75, 0x65, 0x6e, 0x74, 0x69, 0x61, 0x6c, 0x5f, 0x31, 0x2f,
  0x67, 0x72, 0x75, 0x5f, 0x31, 0x2f, 0x75, 0x6e, 0x73, 0x74, 0x61, 0x63,
  0x6b, 0x35, 0x3b, 0x73, 0x65, 0x71, 0x75, 0x65, 0x6e, 0x74, 0x69, 0x61,
  0x6c, 0x5f, 0x31, 0x2f, 0x67, 0x72, 0x75, 0x5f, 0x31, 0x2f, 0x75, 0x6e,
  0x73, 0x74, 0x61, 0x63, 0x6b, 0x36, 0x3b, 0x73, 0x65, 0x71, 0x75, 0x65,
  0x6e, 0x74, 0x69, 0x61, 0x6c, 0x5f, 0x31, 0x2f, 0x67, 0x72, 0x75, 0x5f,
  0x31, 0x2f, 0x75, 0x6e, 0x73, 0x74, 0x61, 0x63, 0x6b, 0x37, 0x3b, 0x73,
  0x65, 0x71, 0x75, 0x65, 0x6e, 0x74, 0x69, 0x61, 0x6c, 0x5f, 0x31, 0x2f,
  0x67, 0x72, 0x75, 0x5f, 0x31, 0x2f, 0x75, 0x6e, 0x73, 0x74, 0x61, 0x63,
  0x6b, 0x38, 0x3b, 0x73, 0x65, 0x71, 0x75, 0x65, 0x6e, 0x74, 0x69, 0x61,
  0x6c, 0x5f, 0x31, 0x2f, 0x67, 0x72, 0x75, 0x5f, 0x31, 0x2f, 0x75, 0x6e,
  0x73, 0x74, 0x61, 0x63, 0x6b, 0x39, 0x3b, 0x73, 0x65, 0x71, 0x75, 0x65,
  0x6e, 0x74, 0x69, 0x61, 0x6c, 0x5f, 0x31, 0x2f, 0x67, 0x72, 0x75, 0x5f,
  0x31, 0x2f, 0x75, 0x6e, 0x73, 0x74, 0x61, 0x63, 0x6b, 0x31, 0x30, 0x3b,
  0x73, 0x65, 0x71, 0x75, 0x65, 0x6e, 0x74, 0x69, 0x61, 0x6c, 0x5f, 0x31,
  0x2f, 0x67, 0x72, 0x75, 0x5f, 0x31, 0x2f, 0x75, 0x6e, 0x73, 0x74, 0x61,
  0x63, 0x6b, 0x31, 0x31, 0x3b, 0x73, 0x65, 0x71, 0x75, 0x65, 0x6e, 0x74,
  0x69, 0x61, 0x6c, 0x5f, 0x31, 0x2f, 0x67, 0x72, 0x75, 0x5f, 0x31, 0x2f,
  0x75, 0x6e, 0x73, 0x74, 0x61, 0x63, 0x6b, 0x31, 0x32, 0x3b, 0x73, 0x65,
  0x71, 0x75, 0x65, 0x6e, 0x74, 0x69, 0x61, 0x6c, 0x5f, 0x31, 0x2f, 0x67,
  0x72, 0x75, 0x5f, 0x31, 0x2f, 0x75, 0x6e, 0x73, 0x74, 0x61, 0x63, 0x6b,
  0x31, 0x33, 0x3b, 0x73, 0x65, 0x71, 0x75, 0x65, 0x6e, 0x74, 0x69, 0x61,
  0x6c, 0x5f, 0x31, 0x2f, 0x67, 0x72, 0x75, 0x5f, 0x31, 0x2f, 0x75, 0x6e,
  0x73, 0x74, 0x61, 0x63, 0x6b, 0x31, 0x34, 0x3b, 0x73, 0x65, 0x71, 0x75,
  0x65, 0x6e, 0x74, 0x69, 0x61, 0x6c, 0x5f, 0x31, 0x2f, 0x67, 0x72, 0x75,
  0x5f, 0x31, 0x2f, 0x75, 0x6e, 0x73, 0x74, 0x61, 0x63, 0x6b, 0x31, 0x35,
  0x3b, 0x73, 0x65, 0x71, 0x75, 0x65, 0x6e, 0x74, 0x69, 0x61, 0x6c, 0x5f,
  0x31, 0x2f, 0x67, 0x72, 0x75, 0x5f, 0x31, 0x2f, 0x75, 0x6e, 0x73, 0x74,
  0x61, 0x63, 0x6b, 0x31, 0x36, 0x3b, 0x73, 0x65, 0x71, 0x75, 0x65, 0x6e,
  0x74, 0x69, 0x61, 0x6c, 0x5f, 0x31, 0x2f, 0x67, 0x72, 0x75, 0x5f, 0x31,
  0x2f, 0x75, 0x6e, 0x73, 0x74, 0x61, 0x63, 0x6b, 0x31, 0x37, 0x3b, 0x73,
  0x65, 0x71, 0x75, 0x65, 0x6e, 0x74, 0x69, 0x61, 0x6c, 0x5f, 0x31, 0x2f,
  0x67, 0x72, 0x75, 0x5f, 0x31, 0x2f, 0x75, 0x6e, 0x73, 0x74, 0x61, 0x63,
  0x6b, 0x31, 0x38, 0x3b, 0x73, 0x65, 0x71, 0x75, 0x65, 0x6e, 0x74, 0x69,
  0x61, 0x6c, 0x5f, 0x31, 0x2f, 0x67, 0x72, 0x75, 0x5f, 0x31, 0x2f, 0x75,
  0x6e, 0x73, 0x74, 0x61, 0x63, 0x6b, 0x31, 0x39, 0x31, 0x00, 0x00, 0x00,
  0x02, 0x00, 0x00, 0x00, 0x01, 0x00, 0x00, 0x00, 0x0c, 0x00, 0x00, 0x00,
  0xae, 0x89, 0xff, 0xff, 0x00, 0x00, 0x00, 0x01, 0x18, 0x00, 0x00, 0x00,
  0x20, 0x00, 0x00, 0x00, 0x40, 0x00, 0x00, 0x00, 0x3d, 0x00, 0x00, 0x00,
  0x00, 0x00, 0x00, 0x09, 0x74, 0x02, 0x00, 0x00, 0x02, 0x00, 0x00, 0x00,
  0xff, 0xff, 0xff, 0xff, 0x0c, 0x00, 0x00, 0x00, 0x94, 0x89, 0xff, 0xff,
  0x08, 0x00, 0x00, 0x00, 0x14, 0x00, 0x00, 0x00, 0x01, 0x00, 0x00, 0x00,
  0x80, 0xff, 0xff, 0xff, 0xff, 0xff, 0xff, 0xff, 0x00, 0x00, 0x00, 0x00,
  0x01, 0x00, 0x00, 0x00, 0x81, 0x80, 0x80, 0x3b, 0x38, 0x02, 0x00, 0x00,
  0x73, 0x65, 0x71, 0x75, 0x65, 0x6e, 0x74, 0x69, 0x61, 0x6c, 0x5f, 0x31,
  0x2f, 0x67, 0x72, 0x75, 0x5f, 0x31, 0x2f, 0x75, 0x6e, 0x73, 0x74, 0x61,
  0x63, 0x6b, 0x3b, 0x73, 0x65, 0x71, 0x75, 0x65, 0x6e, 0x74, 0x69, 0x61,
  0x6c, 0x5f, 0x31, 0x2f, 0x67, 0x72, 0x75, 0x5f, 0x31, 0x2f, 0x75, 0x6e,
  0x73, 0x74, 0x61, 0x63, 0x6b, 0x31, 0x3b, 0x73, 0x65, 0x71, 0x75, 0x65,
  0x6e, 0x74, 0x69, 0x61, 0x6c, 0x5f, 0x31, 0x2f, 0x67, 0x72, 0x75, 0x5f,
  0x31, 0x2f, 0x75, 0x6e, 0x73, 0x74, 0x61, 0x63, 0x6b, 0x32, 0x3b, 0x73,
  0x65, 0x71, 0x75, 0x65, 0x6e, 0x74, 0x69, 0x61, 0x6c, 0x5f, 0x31, 0x2f,
  0x67, 0x72, 0x75, 0x5f, 0x31, 0x2f, 0x75, 0x6e, 0x73, 0x74, 0x61, 0x63,
  0x6b, 0x33, 0x3b, 0x73, 0x65, 0x71, 0x75, 0x65, 0x6e, 0x74, 0x69, 0x61,
  0x6c, 0x5f, 0x31, 0x2f, 0x67, 0x72, 0x75, 0x5f, 0x31, 0x2f, 0x75, 0x6e,
  0x73, 0x74, 0x61, 0x63, 0x6b, 0x34, 0x3b, 0x73, 0x65, 0x71, 0x75, 0x65,
  0x6e, 0x74, 0x69, 0x61, 0x6c, 0x5f, 0x31, 0x2f, 0x67, 0x72, 0x75, 0x5f,
  0x31, 0x2f, 0x75, 0x6e, 0x73, 0x74, 0x61, 0x63, 0x6b, 0x35, 0x3b, 0x73,
  0x65, 0x71, 0x75, 0x65, 0x6e, 0x74, 0x69, 0x61, 0x6c, 0x5f, 0x31, 0x2f,
  0x67, 0x72, 0x75, 0x5f, 0x31, 0x2f, 0x75, 0x6e, 0x73, 0x74, 0x61, 0x63,
  0x6b, 0x36, 0x3b, 0x73, 0x65, 0x71, 0x75, 0x65, 0x6e, 0x74, 0x69, 0x61,
  0x6c, 0x5f, 0x31, 0x2f, 0x67, 0x72, 0x75, 0x5f, 0x31, 0x2f, 0x75, 0x6e,
  0x73, 0x74, 0x61, 0x63, 0x6b, 0x37, 0x3b, 0x73, 0x65, 0x71, 0x75, 0x65,
  0x6e, 0x74, 0x69, 0x61, 0x6c, 0x5f, 0x31, 0x2f, 0x67, 0x72, 0x75, 0x5f,
  0x31, 0x2f, 0x75, 0x6e, 0x73, 0x74, 0x61, 0x63, 0x6b, 0x38, 0x3b, 0x73,
  0x65, 0x71, 0x75, 0x65, 0x6e, 0x74, 0x69, 0x61, 0x6c, 0x5f, 0x31, 0x2f,
  0x67, 0x72, 0x75, 0x5f, 0x31, 0x2f, 0x75, 0x6e, 0x73, 0x74, 0x61, 0x63,
  0x6b, 0x39, 0x3b, 0x73, 0x65, 0x71, 0x75, 0x65, 0x6e, 0x74, 0x69, 0x61,
  0x6c, 0x5f, 0x31, 0x2f, 0x67, 0x72, 0x75, 0x5f, 0x31, 0x2f, 0x75, 0x6e,
  0x73, 0x74, 0x61, 0x63, 0x6b, 0x31, 0x30, 0x3b, 0x73, 0x65, 0x71, 0x75,
  0x65, 0x6e, 0x74, 0x69, 0x61, 0x6c, 0x5f, 0x31, 0x2f, 0x67, 0x72, 0x75,
  0x5f, 0x31, 0x2f, 0x75, 0x6e, 0x73, 0x74, 0x61, 0x63, 0x6b, 0x31, 0x31,
  0x3b, 0x73, 0x65, 0x71, 0x75, 0x65, 0x6e, 0x74, 0x69, 0x61, 0x6c, 0x5f,
  0x31, 0x2f, 0x67, 0x72, 0x75, 0x5f, 0x31, 0x2f, 0x75, 0x6e, 0x73, 0x74,
  0x61, 0x63, 0x6b, 0x31, 0x32, 0x3b, 0x73, 0x65, 0x71, 0x75, 0x65, 0x6e,
  0x74, 0x69, 0x61, 0x6c, 0x5f, 0x31, 0x2f, 0x67, 0x72, 0x75, 0x5f, 0x31,
  0x2f, 0x75, 0x6e, 0x73, 0x74, 0x61, 0x63, 0x6b, 0x31, 0x33, 0x3b, 0x73,
  0x65, 0x71, 0x75, 0x65, 0x6e, 0x74, 0x69, 0x61, 0x6c, 0x5f, 0x31, 0x2f,
  0x67, 0x72, 0x75, 0x5f, 0x31, 0x2f, 0x75, 0x6e, 0x73, 0x74, 0x61, 0x63,
  0x6b, 0x31, 0x34, 0x3b, 0x73, 0x65, 0x71, 0x75, 0x65, 0x6e, 0x74, 0x69,
  0x61, 0x6c, 0x5f, 0x31, 0x2f, 0x67, 0x72, 0x75, 0x5f, 0x31, 0x2f, 0x75,
  0x6e, 0x73, 0x74, 0x61, 0x63, 0x6b, 0x31, 0x35, 0x3b, 0x73, 0x65, 0x71,
  0x75, 0x65, 0x6e, 0x74, 0x69, 0x61, 0x6c, 0x5f, 0x31, 0x2f, 0x67, 0x72,
  0x75, 0x5f, 0x31, 0x2f, 0x75, 0x6e, 0x73, 0x74, 0x61, 0x63, 0x6b, 0x31,
  0x36, 0x3b, 0x73, 0x65, 0x71, 0x75, 0x65, 0x6e, 0x74, 0x69, 0x61, 0x6c,
  0x5f, 0x31, 0x2f, 0x67, 0x72, 0x75, 0x5f, 0x31, 0x2f, 0x75, 0x6e, 0x73,
  0x74, 0x61, 0x63, 0x6b, 0x31, 0x37, 0x3b, 0x73, 0x65, 0x71, 0x75, 0x65,
  0x6e, 0x74, 0x69, 0x61, 0x6c, 0x5f, 0x31, 0x2f, 0x67, 0x72, 0x75, 0x5f,
  0x31, 0x2f, 0x75, 0x6e, 0x73, 0x74, 0x61, 0x63, 0x6b, 0x31, 0x38, 0x3b,
  0x73, 0x65, 0x71, 0x75, 0x65, 0x6e, 0x74, 0x69, 0x61, 0x6c, 0x5f, 0x31,
  0x2f, 0x67, 0x72, 0x75, 0x5f, 0x31, 0x2f, 0x75, 0x6e, 0x73, 0x74, 0x61,
  0x63, 0x6b, 0x31, 0x39, 0x00, 0x00, 0x00, 0x00, 0x02, 0x00, 0x00, 0x00,
  0x01, 0x00, 0x00, 0x00, 0x0c, 0x00, 0x00, 0x00, 0x4a, 0x8c, 0xff, 0xff,
  0x00, 0x00, 0x00, 0x01, 0x18, 0x00, 0x00, 0x00, 0x24, 0x00, 0x00, 0x00,
  0x44, 0x00, 0x00, 0x00, 0x3c, 0x00, 0x00, 0x00, 0x00, 0x00, 0x00, 0x09,
  0x5c, 0x00, 0x00, 0x00, 0x03, 0x00, 0x00, 0x00, 0x14, 0x00, 0x00, 0x00,
  0xff, 0xff, 0xff, 0xff, 0x0c, 0x00, 0x00, 0x00, 0x34, 0x8c, 0xff, 0xff,
  0x08, 0x00, 0x00, 0x00, 0x14, 0x00, 0x00, 0x00, 0x01, 0x00, 0x00, 0x00,
  0x80, 0xff, 0xff, 0xff, 0xff, 0xff, 0xff, 0xff, 0x00, 0x00, 0x00, 0x00,
  0x01, 0x00, 0x00, 0x00, 0x81, 0x80, 0x80, 0x3b, 0x1c, 0x00, 0x00, 0x00,
  0x73, 0x65, 0x71, 0x75, 0x65, 0x6e, 0x74, 0x69, 0x61, 0x6c, 0x5f, 0x31,
  0x2f, 0x67, 0x72, 0x75, 0x5f, 0x31, 0x2f, 0x74, 0x72, 0x61, 0x6e, 0x73,
  0x70, 0x6f, 0x73, 0x65, 0x00, 0x00, 0x00, 0x00, 0x03, 0x00, 0x00, 0x00,
  0x14, 0x00, 0x00, 0x00, 0x01, 0x00, 0x00, 0x00, 0x0c, 0x00, 0x00, 0x00,
  0x42, 0x8d, 0xff, 0xff, 0x00, 0x00, 0x00, 0x01, 0x14, 0x00, 0x00, 0x00,
  0x14, 0x00, 0x00, 0x00, 0x3b, 0x00, 0x00, 0x00, 0x00, 0x00, 0x00, 0x02,
  0x30, 0x00, 0x00, 0x00, 0x2c, 0x8d, 0xff, 0xff, 0x20, 0x00, 0x00, 0x00,
  0x73, 0x65, 0x71, 0x75, 0x65, 0x6e, 0x74, 0x69, 0x61, 0x6c, 0x5f, 0x31,
  0x2f, 0x67, 0x72, 0x75, 0x5f, 0x31, 0x2f, 0x73, 0x74, 0x72, 0x69, 0x64,
  0x65, 0x64, 0x5f, 0x73, 0x6c, 0x69, 0x63, 0x65, 0x00, 0x00, 0x00, 0x00,
  0x00, 0x00, 0x00, 0x00, 0x8e, 0x8d, 0xff, 0xff, 0x00, 0x00, 0x00, 0x01,
  0x14, 0x00, 0x00, 0x00, 0x14, 0x00, 0x00, 0x00, 0x3a, 0x00, 0x00, 0x00,
  0x00, 0x00, 0x00, 0x02, 0x28, 0x00, 0x00, 0x00, 0x78, 0x8d, 0xff, 0xff,
  0x18, 0x00, 0x00, 0x00, 0x73, 0x65, 0x71, 0x75, 0x65, 0x6e, 0x74, 0x69,
  0x61, 0x6c, 0x5f, 0x31, 0x2f, 0x67, 0x72, 0x75, 0x5f, 0x31, 0x2f, 0x53,
  0x68, 0x61, 0x70, 0x65, 0x00, 0x00, 0x00, 0x00, 0x01, 0x00, 0x00, 0x00,
  0x03, 0x00, 0x00, 0x00, 0xd6, 0x8d, 0xff, 0xff, 0x00, 0x00, 0x00, 0x01,
  0x14, 0x00, 0x00, 0x00, 0x34, 0x00, 0x00, 0x00, 0x39, 0x00, 0x00, 0x00,
  0x00, 0x00, 0x00, 0x09, 0x4c, 0x00, 0x00, 0x00, 0x3c, 0x8d, 0xff, 0xff,
  0x08, 0x00, 0x00, 0x00, 0x14, 0x00, 0x00, 0x00, 0x01, 0x00, 0x00, 0x00,
  0x00, 0x00, 0x00, 0x00, 0x00, 0x00, 0x00, 0x00, 0x00, 0x00, 0x00, 0x00,
  0x01, 0x00, 0x00, 0x00, 0x7b, 0xbe, 0x06, 0x32, 0x1e, 0x00, 0x00, 0x00,
  0x73, 0x65, 0x71, 0x75, 0x65, 0x6e, 0x74, 0x69, 0x61, 0x6c, 0x5f, 0x31,
  0x2f, 0x67, 0x72, 0x75, 0x5f, 0x31, 0x2f, 0x7a, 0x65, 0x72, 0x6f, 0x73,
  0x2f, 0x43, 0x6f, 0x6e, 0x73, 0x74, 0x00, 0x00, 0x00, 0x00, 0x00, 0x00,
  0x3e, 0x8e, 0xff, 0xff, 0x00, 0x00, 0x00, 0x01, 0x14, 0x00, 0x00, 0x00,
  0x68, 0x02, 0x00, 0x00, 0x38, 0x00, 0x00, 0x00, 0x00, 0x00, 0x00, 0x09,
  0x74, 0x02, 0x00, 0x00, 0xa4, 0x8d, 0xff, 0xff, 0x08, 0x00, 0x00, 0x00,
  0x8c, 0x01, 0x00, 0x00, 0x30, 0x00, 0x00, 0x00, 0x00, 0x00, 0x00, 0x00,
  0x00, 0x00, 0x00, 0x00, 0x00, 0x00, 0x00, 0x00, 0x00, 0x00, 0x00, 0x00,
  0x00, 0x00, 0x00, 0x00, 0x00, 0x00, 0x00, 0x00, 0x00, 0x00, 0x00, 0x00,
  0x00, 0x00, 0x00, 0x00, 0x00, 0x00, 0x00, 0x00, 0x00, 0x00, 0x00, 0x00,
  0x00, 0x00, 0x00, 0x00, 0x00, 0x00, 0x00, 0x00, 0x00, 0x00, 0x00, 0x00,
  0x00, 0x00, 0x00, 0x00, 0x00, 0x00, 0x00, 0x00, 0x00, 0x00, 0x00, 0x00,
  0x00, 0x00, 0x00, 0x00, 0x00, 0x00, 0x00, 0x00, 0x00, 0x00, 0x00, 0x00,
  0x00, 0x00, 0x00, 0x00, 0x00, 0x00, 0x00, 0x00, 0x00, 0x00, 0x00, 0x00,
  0x00, 0x00, 0x00, 0x00, 0x00, 0x00, 0x00, 0x00, 0x00, 0x00, 0x00, 0x00,
  0x00, 0x00, 0x00, 0x00, 0x00, 0x00, 0x00, 0x00, 0x00, 0x00, 0x00, 0x00,
  0x00, 0x00, 0x00, 0x00, 0x00, 0x00, 0x00, 0x00, 0x00, 0x00, 0x00, 0x00,
  0x00, 0x00, 0x00, 0x00, 0x00, 0x00, 0x00, 0x00, 0x00, 0x00, 0x00, 0x00,
  0x00, 0x00, 0x00, 0x00, 0x00, 0x00, 0x00, 0x00, 0x00, 0x00, 0x00, 0x00,
  0x00, 0x00, 0x00, 0x00, 0x00, 0x00, 0x00, 0x00, 0x00, 0x00, 0x00, 0x00,
  0x00, 0x00, 0x00, 0x00, 0x00, 0x00, 0x00, 0x00, 0x00, 0x00, 0x00, 0x00,
  0x00, 0x00, 0x00, 0x00, 0x00, 0x00, 0x00, 0x00, 0x00, 0x00, 0x00, 0x00,
  0x00, 0x00, 0x00, 0x00, 0x00, 0x00, 0x00, 0x00, 0x00, 0x00, 0x00, 0x00,
  0x00, 0x00, 0x00, 0x00, 0x00, 0x00, 0x00, 0x00, 0x00, 0x00, 0x00, 0x00,
  0x00, 0x00, 0x00, 0x00, 0x00, 0x00, 0x00, 0x00, 0x00, 0x00, 0x00, 0x00,
  0x00, 0x00, 0x00, 0x00, 0x00, 0x00, 0x00, 0x00, 0x00, 0x00, 0x00, 0x00,
  0x00, 0x00, 0x00, 0x00, 0x00, 0x00, 0x00, 0x00, 0x00, 0x00, 0x00, 0x00,
  0x00, 0x00, 0x00, 0x00, 0x00, 0x00, 0x00, 0x00, 0x00, 0x00, 0x00, 0x00,
  0x00, 0x00, 0x00, 0x00, 0x00, 0x00, 0x00, 0x00, 0x00, 0x00, 0x00, 0x00,
  0x00, 0x00, 0x00, 0x00, 0x00, 0x00, 0x00, 0x00, 0x00, 0x00, 0x00, 0x00,
  0x00, 0x00, 0x00, 0x00, 0x00, 0x00, 0x00, 0x00, 0x00, 0x00, 0x00, 0x00,
  0x00, 0x00, 0x00, 0x00, 0x00, 0x00, 0x00, 0x00, 0x00, 0x00, 0x00, 0x00,
  0x00, 0x00, 0x00, 0x00, 0x00, 0x00, 0x00, 0x00, 0x00, 0x00, 0x00, 0x00,
  0x00, 0x00, 0x00, 0x00, 0x00, 0x00, 0x00, 0x00, 0x00, 0x00, 0x00, 0x00,
  0x00, 0x00, 0x00, 0x00, 0x00, 0x00, 0x00, 0x00, 0x00, 0x00, 0x00, 0x00,
  0x00, 0x00, 0x00, 0x00, 0x00, 0x00, 0x00, 0x00, 0x00, 0x00, 0x00, 0x00,
  0x00, 0x00, 0x00, 0x00, 0x00, 0x00, 0x00, 0x00, 0x00, 0x00, 0x00, 0x00,
  0x00, 0x00, 0x00, 0x00, 0x00, 0x00, 0x00, 0x00, 0x00, 0x00, 0x00, 0x00,
  0x00, 0x00, 0x00, 0x00, 0x00, 0x00, 0x00, 0x00, 0x00, 0x00, 0x00, 0x00,
  0x30, 0x00, 0x00, 0x00, 0x68, 0x84, 0x9d, 0x3b, 0xe8, 0x41, 0x5d, 0x3b,
  0x3a, 0x98, 0x1a, 0x3b, 0x1f, 0x0c, 0x52, 0x3b, 0xc9, 0xc4, 0x29, 0x3b,
  0x01, 0x40, 0x64, 0x3b, 0xe5, 0xc9, 0x30, 0x3b, 0x5d, 0x31, 0x46, 0x3b,
  0x48, 0xab, 0x8d, 0x3b, 0x95, 0x62, 0x19, 0x3b, 0x6f, 0xb0, 0x72, 0x3b,
  0x69, 0xfe, 0x7a, 0x3b, 0xf9, 0x31, 0x53, 0x3b, 0xbb, 0xc0, 0x11, 0x3b,
  0x7e, 0xcc, 0x52, 0x3b, 0x0e, 0xb5, 0x3e, 0x3b, 0x60, 0xe4, 0x65, 0x3b,
  0x52, 0x40, 0x3b, 0x3b, 0xea, 0xec, 0x14, 0x3b, 0x7f, 0x8d, 0xfb, 0x3a,
  0x7f, 0x15, 0x9d, 0x3b, 0x09, 0x47, 0x1a, 0x3b, 0x0e, 0x30, 0x2b, 0x3b,
  0x66, 0x37, 0x35, 0x3b, 0xa3, 0xac, 0x68, 0x3b, 0xd4, 0xa7, 0xbc, 0x3b,
  0x17, 0xbc, 0x00, 0x3b, 0x9e, 0xdd, 0x49, 0x3b, 0xbe, 0x4e, 0x68, 0x3b,
  0x08, 0x00, 0x6e, 0x3b, 0x3b, 0xb4, 0x24, 0x3b, 0x64, 0x69, 0x0d, 0x3b,
  0xb0, 0x91, 0x34, 0x3b, 0xc1, 0x63, 0x3f, 0x3b, 0x6d, 0xb0, 0x11, 0x3b,
  0xd3, 0x4f, 0x3d, 0x3b, 0x01, 0x62, 0x53, 0x3b, 0x7a, 0xbd, 0x1d, 0x3b,
  0x80, 0x43, 0x87, 0x3b, 0xc4, 0xf4, 0x15, 0x3b, 0xec, 0xd2, 0x83, 0x3b,
  0x0e, 0x42, 0x24, 0x3b, 0x18, 0x21, 0xe2, 0x3a, 0x24, 0x55, 0x1a, 0x3b,
  0x2e, 0x8f, 0x0b, 0x3b, 0x08, 0xdf, 0x2d, 0x3b, 0xa5, 0x12, 0x3d, 0x3b,
  0x01, 0xae, 0x3b, 0x3b, 0x10, 0x00, 0x00, 0x00, 0x61, 0x72, 0x69, 0x74,
  0x68, 0x2e, 0x63, 0x6f, 0x6e, 0x73, 0x74, 0x61, 0x6e, 0x74, 0x32, 0x37,
  0x00, 0x00, 0x00, 0x00, 0x02, 0x00, 0x00, 0x00, 0x30, 0x00, 0x00, 0x00,
  0x0c, 0x00, 0x00, 0x00, 0xd6, 0x90, 0xff, 0xff, 0x00, 0x00, 0x00, 0x01,
  0x14, 0x00, 0x00, 0x00, 0x64, 0x02, 0x00, 0x00, 0x24, 0x00, 0x00, 0x00,
  0x00, 0x00, 0x00, 0x02, 0x70, 0x02, 0x00, 0x00, 0x3c, 0x90, 0xff, 0xff,
  0x08, 0x00, 0x00, 0x00, 0x88, 0x01, 0x00, 0x00, 0x30, 0x00, 0x00, 0x00,
  0x00, 0x00, 0x00, 0x00, 0x00, 0x00, 0x00, 0x00, 0x00, 0x00, 0x00, 0x00,
  0x00, 0x00, 0x00, 0x00, 0x00, 0x00, 0x00, 0x00, 0x00, 0x00, 0x00, 0x00,
  0x00, 0x00, 0x00, 0x00, 0x00, 0x00, 0x00, 0x00, 0x00, 0x00, 0x00, 0x00,
  0x00, 0x00, 0x00, 0x00, 0x00, 0x00, 0x00, 0x00, 0x00, 0x00, 0x00, 0x00,
  0x00, 0x00, 0x00, 0x00, 0x00, 0x00, 0x00, 0x00, 0x00, 0x00, 0x00, 0x00,
  0x00, 0x00, 0x00, 0x00, 0x00, 0x00, 0x00, 0x00, 0x00, 0x00, 0x00, 0x00,
  0x00, 0x00, 0x00, 0x00, 0x00, 0x00, 0x00, 0x00, 0x00, 0x00, 0x00, 0x00,
  0x00, 0x00, 0x00, 0x00, 0x00, 0x00, 0x00, 0x00, 0x00, 0x00, 0x00, 0x00,
  0x00, 0x00, 0x00, 0x00, 0x00, 0x00, 0x00, 0x00, 0x00, 0x00, 0x00, 0x00,
  0x00, 0x00, 0x00, 0x00, 0x00, 0x00, 0x00, 0x00, 0x00, 0x00, 0x00, 0x00,
  0x00, 0x00, 0x00, 0x00, 0x00, 0x00, 0x00, 0x00, 0x00, 0x00, 0x00, 0x00,
  0x00, 0x00, 0x00, 0x00, 0x00, 0x00, 0x00, 0x00, 0x00, 0x00, 0x00, 0x00,
  0x00, 0x00, 0x00, 0x00, 0x00, 0x00, 0x00, 0x00, 0x00, 0x00, 0x00, 0x00,
  0x00, 0x00, 0x00, 0x00, 0x00, 0x00, 0x00, 0x00, 0x00, 0x00, 0x00, 0x00,
  0x00, 0x00, 0x00, 0x00, 0x00, 0x00, 0x00, 0x00, 0x00, 0x00, 0x00, 0x00,
  0x00, 0x00, 0x00, 0x00, 0x00, 0x00, 0x00, 0x00, 0x00, 0x00, 0x00, 0x00,
  0x00, 0x00, 0x00, 0x00, 0x00, 0x00, 0x00, 0x00, 0x00, 0x00, 0x00, 0x00,
  0x00, 0x00, 0x00, 0x00, 0x00, 0x00, 0x00, 0x00, 0x00, 0x00, 0x00, 0x00,
  0x00, 0x00, 0x00, 0x00, 0x00, 0x00, 0x00, 0x00, 0x00, 0x00, 0x00, 0x00,
  0x00, 0x00, 0x00, 0x00, 0x00, 0x00, 0x00, 0x00, 0x00, 0x00, 0x00, 0x00,
  0x00, 0x00, 0x00, 0x00, 0x00, 0x00, 0x00, 0x00, 0x00, 0x00, 0x00, 0x00,
  0x00, 0x00, 0x00, 0x00, 0x00, 0x00, 0x00, 0x00, 0x00, 0x00, 0x00, 0x00,
  0x00, 0x00, 0x00, 0x00, 0x00, 0x00, 0x00, 0x00, 0x00, 0x00, 0x00, 0x00,
  0x00, 0x00, 0x00, 0x00, 0x00, 0x00, 0x00, 0x00, 0x00, 0x00, 0x00, 0x00,
  0x00, 0x00, 0x00, 0x00, 0x00, 0x00, 0x00, 0x00, 0x00, 0x00, 0x00, 0x00,
  0x00, 0x00, 0x00, 0x00, 0x00, 0x00, 0x00, 0x00, 0x00, 0x00, 0x00, 0x00,
  0x00, 0x00, 0x00, 0x00, 0x00, 0x00, 0x00, 0x00, 0x00, 0x00, 0x00, 0x00,
  0x00, 0x00, 0x00, 0x00, 0x00, 0x00, 0x00, 0x00, 0x00, 0x00, 0x00, 0x00,
  0x00, 0x00, 0x00, 0x00, 0x00, 0x00, 0x00, 0x00, 0x00, 0x00, 0x00, 0x00,
  0x00, 0x00, 0x00, 0x00, 0x00, 0x00, 0x00, 0x00, 0x00, 0x00, 0x00, 0x00,
  0x00, 0x00, 0x00, 0x00, 0x00, 0x00, 0x00, 0x00, 0x00, 0x00, 0x00, 0x00,
  0x00, 0x00, 0x00, 0x00, 0x00, 0x00, 0x00, 0x00, 0x00, 0x00, 0x00, 0x00,
  0x30, 0x00, 0x00, 0x00, 0x8b, 0x22, 0x9e, 0x37, 0x09, 0x20, 0x5e, 0x37,
  0x6e, 0x33, 0x1b, 0x37, 0xff, 0xde, 0x52, 0x37, 0x39, 0x6f, 0x2a, 0x37,
  0x27, 0x25, 0x65, 0x37, 0x61, 0x7b, 0x31, 0x37, 0x56, 0xf8, 0x46, 0x37,
  0x82, 0x39, 0x8e, 0x37, 0x92, 0xfc, 0x19, 0x37, 0x14, 0xa4, 0x73, 0x37,
  0x64, 0xfa, 0x7b, 0x37, 0x00, 0x06, 0x54, 0x37, 0x0f, 0x53, 0x12, 0x37,
  0x1f, 0xa0, 0x53, 0x37, 0x83, 0x74, 0x3f, 0x37, 0x2c, 0xcb, 0x66, 0x37,
  0x4f, 0xfc, 0x3b, 0x37, 0x6d, 0x82, 0x15, 0x37, 0x0a, 0x8a, 0xfc, 0x36,
  0x33, 0xb3, 0x9d, 0x37, 0xec, 0xe1, 0x1a, 0x37, 0xeb, 0xdb, 0x2b, 0x37,
  0x54, 0xed, 0x35, 0x37, 0x3a, 0x96, 0x69, 0x37, 0x3a, 0x65, 0xbd, 0x37,
  0x55, 0x3d, 0x01, 0x37, 0x47, 0xa8, 0x4a, 0x37, 0xf7, 0x37, 0x69, 0x37,
  0xf8, 0xee, 0x6e, 0x37, 0x95, 0x59, 0x25, 0x37, 0x5c, 0xf7, 0x0d, 0x37,
  0xf8, 0x46, 0x35, 0x37, 0xe6, 0x23, 0x40, 0x37, 0xb0, 0x42, 0x12, 0x37,
  0xe2, 0x0d, 0x3e, 0x37, 0x38, 0x36, 0x54, 0x37, 0xd6, 0x5b, 0x1e, 0x37,
  0x4c, 0xcb, 0x87, 0x37, 0x50, 0x8b, 0x16, 0x37, 0x44, 0x57, 0x84, 0x37,
  0xf6, 0xe6, 0x24, 0x37, 0x1d, 0x04, 0xe3, 0x36, 0x15, 0xf0, 0x1a, 0x37,
  0x4a, 0x1b, 0x0c, 0x37, 0x96, 0x8d, 0x2e, 0x37, 0x76, 0xd0, 0x3d, 0x37,
  0x6c, 0x6a, 0x3c, 0x37, 0x11, 0x00, 0x00, 0x00, 0x61, 0x72, 0x69, 0x74,
  0x68, 0x2e, 0x63, 0x6f, 0x6e, 0x73, 0x74, 0x61, 0x6e, 0x74, 0x31, 0x32,
  0x39, 0x00, 0x00, 0x00, 0x01, 0x00, 0x00, 0x00, 0x30, 0x00, 0x00, 0x00,
  0x66, 0x93, 0xff, 0xff, 0x00, 0x00, 0x00, 0x01, 0x14, 0x00, 0x00, 0x00,
  0x64, 0x02, 0x00, 0x00, 0x24, 0x00, 0x00, 0x00, 0x00, 0x00, 0x00, 0x02,
  0x70, 0x02, 0x00, 0x00, 0xcc, 0x92, 0xff, 0xff, 0x08, 0x00, 0x00, 0x00,
  0x88, 0x01, 0x00, 0x00, 0x30, 0x00, 0x00, 0x00, 0x00, 0x00, 0x00, 0x00,
  0x00, 0x00, 0x00, 0x00, 0x00, 0x00, 0x00, 0x00, 0x00, 0x00, 0x00, 0x00,
  0x00, 0x00, 0x00, 0x00, 0x00, 0x00, 0x00, 0x00, 0x00, 0x00, 0x00, 0x00,
  0x00, 0x00, 0x00, 0x00, 0x00, 0x00, 0x00, 0x00, 0x00, 0x00, 0x00, 0x00,
  0x00, 0x00, 0x00, 0x00, 0x00, 0x00, 0x00, 0x00, 0x00, 0x00, 0x00, 0x00,
  0x00, 0x00, 0x00, 0x00, 0x00, 0x00, 0x00, 0x00, 0x00, 0x00, 0x00, 0x00,
  0x00, 0x00, 0x00, 0x00, 0x00, 0x00, 0x00, 0x00, 0x00, 0x00, 0x00, 0x00,
  0x00, 0x00, 0x00, 0x00, 0x00, 0x00, 0x00, 0x00, 0x00, 0x00, 0x00, 0x00,
  0x00, 0x00, 0x00, 0x00, 0x00, 0x00, 0x00, 0x00, 0x00, 0x00, 0x00, 0x00,
  0x00, 0x00, 0x00, 0x00, 0x00, 0x00, 0x00, 0x00, 0x00, 0x00, 0x00, 0x00,
  0x00, 0x00, 0x00, 0x00, 0x00, 0x00, 0x00, 0x00, 0x00, 0x00, 0x00, 0x00,
  0x00, 0x00, 0x00, 0x00, 0x00, 0x00, 0x00, 0x00, 0x00, 0x00, 0x00, 0x00,
  0x00, 0x00, 0x00, 0x00, 0x00, 0x00, 0x00, 0x00, 0x00, 0x00, 0x00, 0x00,
  0x00, 0x00, 0x00, 0x00, 0x00, 0x00, 0x00, 0x00, 0x00, 0x00, 0x00, 0x00,
  0x00, 0x00, 0x00, 0x00, 0x00, 0x00, 0x00, 0x00, 0x00, 0x00, 0x00, 0x00,
  0x00, 0x00, 0x00, 0x00, 0x00, 0x00, 0x00, 0x00, 0x00, 0x00, 0x00, 0x00,
  0x00, 0x00, 0x00, 0x00, 0x00, 0x00, 0x00, 0x00, 0x00, 0x00, 0x00, 0x00,
  0x00, 0x00, 0x00, 0x00, 0x00, 0x00, 0x00, 0x00, 0x00, 0x00, 0x00, 0x00,
  0x00, 0x00, 0x00, 0x00, 0x00, 0x00, 0x00, 0x00, 0x00, 0x00, 0x00, 0x00,
  0x00, 0x00, 0x00, 0x00, 0x00, 0x00, 0x00, 0x00, 0x00, 0x00, 0x00, 0x00,
  0x00, 0x00, 0x00, 0x00, 0x00, 0x00, 0x00, 0x00, 0x00, 0x00, 0x00, 0x00,
  0x00, 0x00, 0x00, 0x00, 0x00, 0x00, 0x00, 0x00, 0x00, 0x00, 0x00, 0x00,
  0x00, 0x00, 0x00, 0x00, 0x00, 0x00, 0x00, 0x00, 0x00, 0x00, 0x00, 0x00,
  0x00, 0x00, 0x00, 0x00, 0x00, 0x00, 0x00, 0x00, 0x00, 0x00, 0x00, 0x00,
  0x00, 0x00, 0x00, 0x00, 0x00, 0x00, 0x00, 0x00, 0x00, 0x00, 0x00, 0x00,
  0x00, 0x00, 0x00, 0x00, 0x00, 0x00, 0x00, 0x00, 0x00, 0x00, 0x00, 0x00,
  0x00, 0x00, 0x00, 0x00, 0x00, 0x00, 0x00, 0x00, 0x00, 0x00, 0x00, 0x00,
  0x00, 0x00, 0x00, 0x00, 0x00, 0x00, 0x00, 0x00, 0x00, 0x00, 0x00, 0x00,
  0x00, 0x00, 0x00, 0x00, 0x00, 0x00, 0x00, 0x00, 0x00, 0x00, 0x00, 0x00,
  0x00, 0x00, 0x00, 0x00, 0x00, 0x00, 0x00, 0x00, 0x00, 0x00, 0x00, 0x00,
  0x00, 0x00, 0x00, 0x00, 0x00, 0x00, 0x00, 0x00, 0x00, 0x00, 0x00, 0x00,
  0x00, 0x00, 0x00, 0x00, 0x00, 0x00, 0x00, 0x00, 0x00, 0x00, 0x00, 0x00,
  0x00, 0x00, 0x00, 0x00, 0x00, 0x00, 0x00, 0x00, 0x30, 0x00, 0x00, 0x00,
  0x8b, 0x22, 0x9e, 0x37, 0x09, 0x20, 0x5e, 0x37, 0x6e, 0x33, 0x1b, 0x37,
  0xff, 0xde, 0x52, 0x37, 0x39, 0x6f, 0x2a, 0x37, 0x27, 0x25, 0x65, 0x37,
  0x61, 0x7b, 0x31, 0x37, 0x56, 0xf8, 0x46, 0x37, 0x82, 0x39, 0x8e, 0x37,
  0x92, 0xfc, 0x19, 0x37, 0x14, 0xa4, 0x73, 0x37, 0x64, 0xfa, 0x7b, 0x37,
  0x00, 0x06, 0x54, 0x37, 0x0f, 0x53, 0x12, 0x37, 0x1f, 0xa0, 0x53, 0x37,
  0x83, 0x74, 0x3f, 0x37, 0x2c, 0xcb, 0x66, 0x37, 0x4f, 0xfc, 0x3b, 0x37,
  0x6d, 0x82, 0x15, 0x37, 0x0a, 0x8a, 0xfc, 0x36, 0x33, 0xb3, 0x9d, 0x37,
  0xec, 0xe1, 0x1a, 0x37, 0xeb, 0xdb, 0x2b, 0x37, 0x54, 0xed, 0x35, 0x37,
  0x3a, 0x96, 0x69, 0x37, 0x3a, 0x65, 0xbd, 0x37, 0x55, 0x3d, 0x01, 0x37,
  0x47, 0xa8, 0x4a, 0x37, 0xf7, 0x37, 0x69, 0x37, 0xf8, 0xee, 0x6e, 0x37,
  0x95, 0x59, 0x25, 0x37, 0x5c, 0xf7, 0x0d, 0x37, 0xf8, 0x46, 0x35, 0x37,
  0xe6, 0x23, 0x40, 0x37, 0xb0, 0x42, 0x12, 0x37, 0xe2, 0x0d, 0x3e, 0x37,
  0x38, 0x36, 0x54, 0x37, 0xd6, 0x5b, 0x1e, 0x37, 0x4c, 0xcb, 0x87, 0x37,
  0x50, 0x8b, 0x16, 0x37, 0x44, 0x57, 0x84, 0x37, 0xf6, 0xe6, 0x24, 0x37,
  0x1d, 0x04, 0xe3, 0x36, 0x15, 0xf0, 0x1a, 0x37, 0x4a, 0x1b, 0x0c, 0x37,
  0x96, 0x8d, 0x2e, 0x37, 0x76, 0xd0, 0x3d, 0x37, 0x6c, 0x6a, 0x3c, 0x37,
  0x11, 0x00, 0x00, 0x00, 0x61, 0x72, 0x69, 0x74, 0x68, 0x2e, 0x63, 0x6f,
  0x6e, 0x73, 0x74, 0x61, 0x6e, 0x74, 0x31, 0x32, 0x38, 0x00, 0x00, 0x00,
  0x01, 0x00, 0x00, 0x00, 0x30, 0x00, 0x00, 0x00, 0xf6, 0x95, 0xff, 0xff,
  0x00, 0x00, 0x00, 0x01, 0x14, 0x00, 0x00, 0x00, 0x64, 0x02, 0x00, 0x00,
  0x24, 0x00, 0x00, 0x00, 0x00, 0x00, 0x00, 0x02, 0x70, 0x02, 0x00, 0x00,
  0x5c, 0x95, 0xff, 0xff, 0x08, 0x00, 0x00, 0x00, 0x88, 0x01, 0x00, 0x00,
  0x30, 0x00, 0x00, 0x00, 0x00, 0x00, 0x00, 0x00, 0x00, 0x00, 0x00, 0x00,
  0x00, 0x00, 0x00, 0x00, 0x00, 0x00, 0x00, 0x00, 0x00, 0x00, 0x00, 0x00,
  0x00, 0x00, 0x00, 0x00, 0x00, 0x00, 0x00, 0x00, 0x00, 0x00, 0x00, 0x00,
  0x00, 0x00, 0x00, 0x00, 0x00, 0x00, 0x00, 0x00, 0x00, 0x00, 0x00, 0x00,
  0x00, 0x00, 0x00, 0x00, 0x00, 0x00, 0x00, 0x00, 0x00, 0x00, 0x00, 0x00,
  0x00, 0x00, 0x00, 0x00, 0x00, 0x00, 0x00, 0x00, 0x00, 0x00, 0x00, 0x00,
  0x00, 0x00, 0x00, 0x00, 0x00, 0x00, 0x00, 0x00, 0x00, 0x00, 0x00, 0x00,
  0x00, 0x00, 0x00, 0x00, 0x00, 0x00, 0x00, 0x00, 0x00, 0x00, 0x00, 0x00,
  0x00, 0x00, 0x00, 0x00, 0x00, 0x00, 0x00, 0x00, 0x00, 0x00, 0x00, 0x00,
  0x00, 0x00, 0x00, 0x00, 0x00, 0x00, 0x00, 0x00, 0x00, 0x00, 0x00, 0x00,
  0x00, 0x00, 0x00, 0x00, 0x00, 0x00, 0x00, 0x00, 0x00, 0x00, 0x00, 0x00,
  0x00, 0x00, 0x00, 0x00, 0x00, 0x00, 0x00, 0x00, 0x00, 0x00, 0x00, 0x00,
  0x00, 0x00, 0x00, 0x00, 0x00, 0x00, 0x00, 0x00, 0x00, 0x00, 0x00, 0x00,
  0x00, 0x00, 0x00, 0x00, 0x00, 0x00, 0x00, 0x00, 0x00, 0x00, 0x00, 0x00,
  0x00, 0x00, 0x00, 0x00, 0x00, 0x00, 0x00, 0x00, 0x00, 0x00, 0x00, 0x00,
  0x00, 0x00, 0x00, 0x00, 0x00, 0x00, 0x00, 0x00, 0x00, 0x00, 0x00, 0x00,
  0x00, 0x00, 0x00, 0x00, 0x00, 0x00, 0x00, 0x00, 0x00, 0x00, 0x00, 0x00,
  0x00, 0x00, 0x00, 0x00, 0x00, 0x00, 0x00, 0x00, 0x00, 0x00, 0x00, 0x00,
  0x00, 0x00, 0x00, 0x00, 0x00, 0x00, 0x00, 0x00, 0x00, 0x00, 0x00, 0x00,
  0x00, 0x00, 0x00, 0x00, 0x00, 0x00, 0x00, 0x00, 0x00, 0x00, 0x00, 0x00,
  0x00, 0x00, 0x00, 0x00, 0x00, 0x00, 0x00, 0x00, 0x00, 0x00, 0x00, 0x00,
  0x00, 0x00, 0x00, 0x00, 0x00, 0x00, 0x00, 0x00, 0x00, 0x00, 0x00, 0x00,
  0x00, 0x00, 0x00, 0x00, 0x00, 0x00, 0x00, 0x00, 0x00, 0x00, 0x00, 0x00,
  0x00, 0x00, 0x00, 0x00, 0x00, 0x00, 0x00, 0x00, 0x00, 0x00, 0x00, 0x00,
  0x00, 0x00, 0x00, 0x00, 0x00, 0x00, 0x00, 0x00, 0x00, 0x00, 0x00, 0x00,
  0x00, 0x00, 0x00, 0x00, 0x00, 0x00, 0x00, 0x00, 0x00, 0x00, 0x00, 0x00,
  0x00, 0x00, 0x00, 0x00, 0x00, 0x00, 0x00, 0x00, 0x00, 0x00, 0x00, 0x00,
  0x00, 0x00, 0x00, 0x00, 0x00, 0x00, 0x00, 0x00, 0x00, 0x00, 0x00, 0x00,
  0x00, 0x00, 0x00, 0x00, 0x00, 0x00, 0x00, 0x00, 0x00, 0x00, 0x00, 0x00,
  0x00, 0x00, 0x00, 0x00, 0x00, 0x00, 0x00, 0x00, 0x00, 0x00, 0x00, 0x00,
  0x00, 0x00, 0x00, 0x00, 0x00, 0x00, 0x00, 0x00, 0x00, 0x00, 0x00, 0x00,
  0x00, 0x00, 0x00, 0x00, 0x00, 0x00, 0x00, 0x00, 0x00, 0x00, 0x00, 0x00,
  0x00, 0x00, 0x00, 0x00, 0x30, 0x00, 0x00, 0x00, 0x8b, 0x22, 0x9e, 0x37,
  0x09, 0x20, 0x5e, 0x37, 0x6e, 0x33, 0x1b, 0x37, 0xff, 0xde, 0x52, 0x37,
  0x39, 0x6f, 0x2a, 0x37, 0x27, 0x25, 0x65, 0x37, 0x61, 0x7b, 0x31, 0x37,
  0x56, 0xf8, 0x46, 0x37, 0x82, 0x39, 0x8e, 0x37, 0x92, 0xfc, 0x19, 0x37,
  0x14, 0xa4, 0x73, 0x37, 0x64, 0xfa, 0x7b, 0x37, 0x00, 0x06, 0x54, 0x37,
  0x0f, 0x53, 0x12, 0x37, 0x1f, 0xa0, 0x53, 0x37, 0x83, 0x74, 0x3f, 0x37,
  0x2c, 0xcb, 0x66, 0x37, 0x4f, 0xfc, 0x3b, 0x37, 0x6d, 0x82, 0x15, 0x37,
  0x0a, 0x8a, 0xfc, 0x36, 0x33, 0xb3, 0x9d, 0x37, 0xec, 0xe1, 0x1a, 0x37,
  0xeb, 0xdb, 0x2b, 0x37, 0x54, 0xed, 0x35, 0x37, 0x3a, 0x96, 0x69, 0x37,
  0x3a, 0x65, 0xbd, 0x37, 0x55, 0x3d, 0x01, 0x37, 0x47, 0xa8, 0x4a, 0x37,
  0xf7, 0x37, 0x69, 0x37, 0xf8, 0xee, 0x6e, 0x37, 0x95, 0x59, 0x25, 0x37,
  0x5c, 0xf7, 0x0d, 0x37, 0xf8, 0x46, 0x35, 0x37, 0xe6, 0x23, 0x40, 0x37,
  0xb0, 0x42, 0x12, 0x37, 0xe2, 0x0d, 0x3e, 0x37, 0x38, 0x36, 0x54, 0x37,
  0xd6, 0x5b, 0x1e, 0x37, 0x4c, 0xcb, 0x87, 0x37, 0x50, 0x8b, 0x16, 0x37,
  0x44, 0x57, 0x84, 0x37, 0xf6, 0xe6, 0x24, 0x37, 0x1d, 0x04, 0xe3, 0x36,
  0x15, 0xf0, 0x1a, 0x37, 0x4a, 0x1b, 0x0c, 0x37, 0x96, 0x8d, 0x2e, 0x37,
  0x76, 0xd0, 0x3d, 0x37, 0x6c, 0x6a, 0x3c, 0x37, 0x11, 0x00, 0x00, 0x00,
  0x61, 0x72, 0x69, 0x74, 0x68, 0x2e, 0x63, 0x6f, 0x6e, 0x73, 0x74, 0x61,
  0x6e, 0x74, 0x31, 0x32, 0x37, 0x00, 0x00, 0x00, 0x01, 0x00, 0x00, 0x00,
  0x30, 0x00, 0x00, 0x00, 0x86, 0x98, 0xff, 0xff, 0x00, 0x00, 0x00, 0x01,
  0x14, 0x00, 0x00, 0x00, 0x64, 0x02, 0x00, 0x00, 0x24, 0x00, 0x00, 0x00,
  0x00, 0x00, 0x00, 0x02, 0x70, 0x02, 0x00, 0x00, 0xec, 0x97, 0xff, 0xff,
  0x08, 0x00, 0x00, 0x00, 0x88, 0x01, 0x00, 0x00, 0x30, 0x00, 0x00, 0x00,
  0x00, 0x00, 0x00, 0x00, 0x00, 0x00, 0x00, 0x00, 0x00, 0x00, 0x00, 0x00,
  0x00, 0x00, 0x00, 0x00, 0x00, 0x00, 0x00, 0x00, 0x00, 0x00, 0x00, 0x00,
  0x00, 0x00, 0x00, 0x00, 0x00, 0x00, 0x00, 0x00, 0x00, 0x00, 0x00, 0x00,
  0x00, 0x00, 0x00, 0x00, 0x00, 0x00, 0x00, 0x00, 0x00, 0x00, 0x00, 0x00,
  0x00, 0x00, 0x00, 0x00, 0x00, 0x00, 0x00, 0x00, 0x00, 0x00, 0x00, 0x00,
  0x00, 0x00, 0x00, 0x00, 0x00, 0x00, 0x00, 0x00, 0x00, 0x00, 0x00, 0x00,
  0x00, 0x00, 0x00, 0x00, 0x00, 0x00, 0x00, 0x00, 0x00, 0x00, 0x00, 0x00,
  0x00, 0x00, 0x00, 0x00, 0x00, 0x00, 0x00, 0x00, 0x00, 0x00, 0x00, 0x00,
  0x00, 0x00, 0x00, 0x00, 0x00, 0x00, 0x00, 0x00, 0x00, 0x00, 0x00, 0x00,
  0x00, 0x00, 0x00, 0x00, 0x00, 0x00, 0x00, 0x00, 0x00, 0x00, 0x00, 0x00,
  0x00, 0x00, 0x00, 0x00, 0x00, 0x00, 0x00, 0x00, 0x00, 0x00, 0x00, 0x00,
  0x00, 0x00, 0x00, 0x00, 0x00, 0x00, 0x00, 0x00, 0x00, 0x00, 0x00, 0x00,
  0x00, 0x00, 0x00, 0x00, 0x00, 0x00, 0x00, 0x00, 0x00, 0x00, 0x00, 0x00,
  0x00, 0x00, 0x00, 0x00, 0x00, 0x00, 0x00, 0x00, 0x00, 0x00, 0x00, 0x00,
  0x00, 0x00, 0x00, 0x00, 0x00, 0x00, 0x00, 0x00, 0x00, 0x00, 0x00, 0x00,
  0x00, 0x00, 0x00, 0x00, 0x00, 0x00, 0x00, 0x00, 0x00, 0x00, 0x00, 0x00,
  0x00, 0x00, 0x00, 0x00, 0x00, 0x00, 0x00, 0x00, 0x00, 0x00, 0x00, 0x00,
  0x00, 0x00, 0x00, 0x00, 0x00, 0x00, 0x00, 0x00, 0x00, 0x00, 0x00, 0x00,
  0x00, 0x00, 0x00, 0x00, 0x00, 0x00, 0x00, 0x00, 0x00, 0x00, 0x00, 0x00,
  0x00, 0x00, 0x00, 0x00, 0x00, 0x00, 0x00, 0x00, 0x00, 0x00, 0x00, 0x00,
  0x00, 0x00, 0x00, 0x00, 0x00, 0x00, 0x00, 0x00, 0x00, 0x00, 0x00, 0x00,
  0x00, 0x00, 0x00, 0x00, 0x00, 0x00, 0x00, 0x00, 0x00, 0x00, 0x00, 0x00,
  0x00, 0x00, 0x00, 0x00, 0x00, 0x00, 0x00, 0x00, 0x00, 0x00, 0x00, 0x00,
  0x00, 0x00, 0x00, 0x00, 0x00, 0x00, 0x00, 0x00, 0x00, 0x00, 0x00, 0x00,
  0x00, 0x00, 0x00, 0x00, 0x00, 0x00, 0x00, 0x00, 0x00, 0x00, 0x00, 0x00,
  0x00, 0x00, 0x00, 0x00, 0x00, 0x00, 0x00, 0x00, 0x00, 0x00, 0x00, 0x00,
  0x00, 0x00, 0x00, 0x00, 0x00, 0x00, 0x00, 0x00, 0x00, 0x00, 0x00, 0x00,
  0x00, 0x00, 0x00, 0x00, 0x00, 0x00, 0x00, 0x00, 0x00, 0x00, 0x00, 0x00,
  0x00, 0x00, 0x00, 0x00, 0x00, 0x00, 0x00, 0x00, 0x00, 0x00, 0x00, 0x00,
  0x00, 0x00, 0x00, 0x00, 0x00, 0x00, 0x00, 0x00, 0x00, 0x00, 0x00, 0x00,
  0x00, 0x00, 0x00, 0x00, 0x00, 0x00, 0x00, 0x00, 0x00, 0x00, 0x00, 0x00,
  0x00, 0x00, 0x00, 0x00, 0x00, 0x00, 0x00, 0x00, 0x00, 0x00, 0x00, 0x00,
  0x30, 0x00, 0x00, 0x00, 0x8b, 0x22, 0x9e, 0x37, 0x09, 0x20, 0x5e, 0x37,
  0x6e, 0x33, 0x1b, 0x37, 0xff, 0xde, 0x52, 0x37, 0x39, 0x6f, 0x2a, 0x37,
  0x27, 0x25, 0x65, 0x37, 0x61, 0x7b, 0x31, 0x37, 0x56, 0xf8, 0x46, 0x37,
  0x82, 0x39, 0x8e, 0x37, 0x92, 0xfc, 0x19, 0x37, 0x14, 0xa4, 0x73, 0x37,
  0x64, 0xfa, 0x7b, 0x37, 0x00, 0x06, 0x54, 0x37, 0x0f, 0x53, 0x12, 0x37,
  0x1f, 0xa0, 0x53, 0x37, 0x83, 0x74, 0x3f, 0x37, 0x2c, 0xcb, 0x66, 0x37,
  0x4f, 0xfc, 0x3b, 0x37, 0x6d, 0x82, 0x15, 0x37, 0x0a, 0x8a, 0xfc, 0x36,
  0x33, 0xb3, 0x9d, 0x37, 0xec, 0xe1, 0x1a, 0x37, 0xeb, 0xdb, 0x2b, 0x37,
  0x54, 0xed, 0x35, 0x37, 0x3a, 0x96, 0x69, 0x37, 0x3a, 0x65, 0xbd, 0x37,
  0x55, 0x3d, 0x01, 0x37, 0x47, 0xa8, 0x4a, 0x37, 0xf7, 0x37, 0x69, 0x37,
  0xf8, 0xee, 0x6e, 0x37, 0x95, 0x59, 0x25, 0x37, 0x5c, 0xf7, 0x0d, 0x37,
  0xf8, 0x46, 0x35, 0x37, 0xe6, 0x23, 0x40, 0x37, 0xb0, 0x42, 0x12, 0x37,
  0xe2, 0x0d, 0x3e, 0x37, 0x38, 0x36, 0x54, 0x37, 0xd6, 0x5b, 0x1e, 0x37,
  0x4c, 0xcb, 0x87, 0x37, 0x50, 0x8b, 0x16, 0x37, 0x44, 0x57, 0x84, 0x37,
  0xf6, 0xe6, 0x24, 0x37, 0x1d, 0x04, 0xe3, 0x36, 0x15, 0xf0, 0x1a, 0x37,
  0x4a, 0x1b, 0x0c, 0x37, 0x96, 0x8d, 0x2e, 0x37, 0x76, 0xd0, 0x3d, 0x37,
  0x6c, 0x6a, 0x3c, 0x37, 0x11, 0x00, 0x00, 0x00, 0x61, 0x72, 0x69, 0x74,
  0x68, 0x2e, 0x63, 0x6f, 0x6e, 0x73, 0x74, 0x61, 0x6e, 0x74, 0x31, 0x32,
  0x36, 0x00, 0x00, 0x00, 0x01, 0x00, 0x00, 0x00, 0x30, 0x00, 0x00, 0x00,
  0x16, 0x9b, 0xff, 0xff, 0x00, 0x00, 0x00, 0x01, 0x14, 0x00, 0x00, 0x00,
  0x64, 0x02, 0x00, 0x00, 0x24, 0x00, 0x00, 0x00, 0x00, 0x00, 0x00, 0x02,
  0x70, 0x02, 0x00, 0x00, 0x7c, 0x9a, 0xff, 0xff, 0x08, 0x00, 0x00, 0x00,
  0x88, 0x01, 0x00, 0x00, 0x30, 0x00, 0x00, 0x00, 0x00, 0x00, 0x00, 0x00,
  0x00, 0x00, 0x00, 0x00, 0x00, 0x00, 0x00, 0x00, 0x00, 0x00, 0x00, 0x00,
  0x00, 0x00, 0x00, 0x00, 0x00, 0x00, 0x00, 0x00, 0x00, 0x00, 0x00, 0x00,
  0x00, 0x00, 0x00, 0x00, 0x00, 0x00, 0x00, 0x00, 0x00, 0x00, 0x00, 0x00,
  0x00, 0x00, 0x00, 0x00, 0x00, 0x00, 0x00, 0x00, 0x00, 0x00, 0x00, 0x00,
  0x00, 0x00, 0x00, 0x00, 0x00, 0x00, 0x00, 0x00, 0x00, 0x00, 0x00, 0x00,
  0x00, 0x00, 0x00, 0x00, 0x00, 0x00, 0x00, 0x00, 0x00, 0x00, 0x00, 0x00,
  0x00, 0x00, 0x00, 0x00, 0x00, 0x00, 0x00, 0x00, 0x00, 0x00, 0x00, 0x00,
  0x00, 0x00, 0x00, 0x00, 0x00, 0x00, 0x00, 0x00, 0x00, 0x00, 0x00, 0x00,
  0x00, 0x00, 0x00, 0x00, 0x00, 0x00, 0x00, 0x00, 0x00, 0x00, 0x00, 0x00,
  0x00, 0x00, 0x00, 0x00, 0x00, 0x00, 0x00, 0x00, 0x00, 0x00, 0x00, 0x00,
  0x00, 0x00, 0x00, 0x00, 0x00, 0x00, 0x00, 0x00, 0x00, 0x00, 0x00, 0x00,
  0x00, 0x00, 0x00, 0x00, 0x00, 0x00, 0x00, 0x00, 0x00, 0x00, 0x00, 0x00,
  0x00, 0x00, 0x00, 0x00, 0x00, 0x00, 0x00, 0x00, 0x00, 0x00, 0x00, 0x00,
  0x00, 0x00, 0x00, 0x00, 0x00, 0x00, 0x00, 0x00, 0x00, 0x00, 0x00, 0x00,
  0x00, 0x00, 0x00, 0x00, 0x00, 0x00, 0x00, 0x00, 0x00, 0x00, 0x00, 0x00,
  0x00, 0x00, 0x00, 0x00, 0x00, 0x00, 0x00, 0x00, 0x00, 0x00, 0x00, 0x00,
  0x00, 0x00, 0x00, 0x00, 0x00, 0x00, 0x00, 0x00, 0x00, 0x00, 0x00, 0x00,
  0x00, 0x00, 0x00, 0x00, 0x00, 0x00, 0x00, 0x00, 0x00, 0x00, 0x00, 0x00,
  0x00, 0x00, 0x00, 0x00, 0x00, 0x00, 0x00, 0x00, 0x00, 0x00, 0x00, 0x00,
  0x00, 0x00, 0x00, 0x00, 0x00, 0x00, 0x00, 0x00, 0x00, 0x00, 0x00, 0x00,
  0x00, 0x00, 0x00, 0x00, 0x00, 0x00, 0x00, 0x00, 0x00, 0x00, 0x00, 0x00,
  0x00, 0x00, 0x00, 0x00, 0x00, 0x00, 0x00, 0x00, 0x00, 0x00, 0x00, 0x00,
  0x00, 0x00, 0x00, 0x00, 0x00, 0x00, 0x00, 0x00, 0x00, 0x00, 0x00, 0x00,
  0x00, 0x00, 0x00, 0x00, 0x00, 0x00, 0x00, 0x00, 0x00, 0x00, 0x00, 0x00,
  0x00, 0x00, 0x00, 0x00, 0x00, 0x00, 0x00, 0x00, 0x00, 0x00, 0x00, 0x00,
  0x00, 0x00, 0x00, 0x00, 0x00, 0x00, 0x00, 0x00, 0x00, 0x00, 0x00, 0x00,
  0x00, 0x00, 0x00, 0x00, 0x00, 0x00, 0x00, 0x00, 0x00, 0x00, 0x00, 0x00,
  0x00, 0x00, 0x00, 0x00, 0x00, 0x00, 0x00, 0x00, 0x00, 0x00, 0x00, 0x00,
  0x00, 0x00, 0x00, 0x00, 0x00, 0x00, 0x00, 0x00, 0x00, 0x00, 0x00, 0x00,
  0x00, 0x00, 0x00, 0x00, 0x00, 0x00, 0x00, 0x00, 0x00, 0x00, 0x00, 0x00,
  0x00, 0x00, 0x00, 0x00, 0x00, 0x00, 0x00, 0x00, 0x00, 0x00, 0x00, 0x00,
  0x00, 0x00, 0x00, 0x00, 0x00, 0x00, 0x00, 0x00, 0x30, 0x00, 0x00, 0x00,
  0x8b, 0x22, 0x9e, 0x37, 0x09, 0x20, 0x5e, 0x37, 0x6e, 0x33, 0x1b, 0x37,
  0xff, 0xde, 0x52, 0x37, 0x39, 0x6f, 0x2a, 0x37, 0x27, 0x25, 0x65, 0x37,
  0x61, 0x7b, 0x31, 0x37, 0x56, 0xf8, 0x46, 0x37, 0x82, 0x39, 0x8e, 0x37,
  0x92, 0xfc, 0x19, 0x37, 0x14, 0xa4, 0x73, 0x37, 0x64, 0xfa, 0x7b, 0x37,
  0x00, 0x06, 0x54, 0x37, 0x0f, 0x53, 0x12, 0x37, 0x1f, 0xa0, 0x53, 0x37,
  0x83, 0x74, 0x3f, 0x37, 0x2c, 0xcb, 0x66, 0x37, 0x4f, 0xfc, 0x3b, 0x37,
  0x6d, 0x82, 0x15, 0x37, 0x0a, 0x8a, 0xfc, 0x36, 0x33, 0xb3, 0x9d, 0x37,
  0xec, 0xe1, 0x1a, 0x37, 0xeb, 0xdb, 0x2b, 0x37, 0x54, 0xed, 0x35, 0x37,
  0x3a, 0x96, 0x69, 0x37, 0x3a, 0x65, 0xbd, 0x37, 0x55, 0x3d, 0x01, 0x37,
  0x47, 0xa8, 0x4a, 0x37, 0xf7, 0x37, 0x69, 0x37, 0xf8, 0xee, 0x6e, 0x37,
  0x95, 0x59, 0x25, 0x37, 0x5c, 0xf7, 0x0d, 0x37, 0xf8, 0x46, 0x35, 0x37,
  0xe6, 0x23, 0x40, 0x37, 0xb0, 0x42, 0x12, 0x37, 0xe2, 0x0d, 0x3e, 0x37,
  0x38, 0x36, 0x54, 0x37, 0xd6, 0x5b, 0x1e, 0x37, 0x4c, 0xcb, 0x87, 0x37,
  0x50, 0x8b, 0x16, 0x37, 0x44, 0x57, 0x84, 0x37, 0xf6, 0xe6, 0x24, 0x37,
  0x1d, 0x04, 0xe3, 0x36, 0x15, 0xf0, 0x1a, 0x37, 0x4a, 0x1b, 0x0c, 0x37,
  0x96, 0x8d, 0x2e, 0x37, 0x76, 0xd0, 0x3d, 0x37, 0x6c, 0x6a, 0x3c, 0x37,
  0x11, 0x00, 0x00, 0x00, 0x61, 0x72, 0x69, 0x74, 0x68, 0x2e, 0x63, 0x6f,
  0x6e, 0x73, 0x74, 0x61, 0x6e, 0x74, 0x31, 0x32, 0x35, 0x00, 0x00, 0x00,
  0x01, 0x00, 0x00, 0x00, 0x30, 0x00, 0x00, 0x00, 0xa6, 0x9d, 0xff, 0xff,
  0x00, 0x00, 0x00, 0x01, 0x14, 0x00, 0x00, 0x00, 0x64, 0x02, 0x00, 0x00,
  0x24, 0x00, 0x00, 0x00, 0x00, 0x00, 0x00, 0x02, 0x70, 0x02, 0x00, 0x00,
  0x0c, 0x9d, 0xff, 0xff, 0x08, 0x00, 0x00, 0x00, 0x88, 0x01, 0x00, 0x00,
  0x30, 0x00, 0x00, 0x00, 0x00, 0x00, 0x00, 0x00, 0x00, 0x00, 0x00, 0x00,
  0x00, 0x00, 0x00, 0x00, 0x00, 0x00, 0x00, 0x00, 0x00, 0x00, 0x00, 0x00,
  0x00, 0x00, 0x00, 0x00, 0x00, 0x00, 0x00, 0x00, 0x00, 0x00, 0x00, 0x00,
  0x00, 0x00, 0x00, 0x00, 0x00, 0x00, 0x00, 0x00, 0x00, 0x00, 0x00, 0x00,
  0x00, 0x00, 0x00, 0x00, 0x00, 0x00, 0x00, 0x00, 0x00, 0x00, 0x00, 0x00,
  0x00, 0x00, 0x00, 0x00, 0x00, 0x00, 0x00, 0x00, 0x00, 0x00, 0x00, 0x00,
  0x00, 0x00, 0x00, 0x00, 0x00, 0x00, 0x00, 0x00, 0x00, 0x00, 0x00, 0x00,
  0x00, 0x00, 0x00, 0x00, 0x00, 0x00, 0x00, 0x00, 0x00, 0x00, 0x00, 0x00,
  0x00, 0x00, 0x00, 0x00, 0x00, 0x00, 0x00, 0x00, 0x00, 0x00, 0x00, 0x00,
  0x00, 0x00, 0x00, 0x00, 0x00, 0x00, 0x00, 0x00, 0x00, 0x00, 0x00, 0x00,
  0x00, 0x00, 0x00, 0x00, 0x00, 0x00, 0x00, 0x00, 0x00, 0x00, 0x00, 0x00,
  0x00, 0x00, 0x00, 0x00, 0x00, 0x00, 0x00, 0x00, 0x00, 0x00, 0x00, 0x00,
  0x00, 0x00, 0x00, 0x00, 0x00, 0x00, 0x00, 0x00, 0x00, 0x00, 0x00, 0x00,
  0x00, 0x00, 0x00, 0x00, 0x00, 0x00, 0x00, 0x00, 0x00, 0x00, 0x00, 0x00,
  0x00, 0x00, 0x00, 0x00, 0x00, 0x00, 0x00, 0x00, 0x00, 0x00, 0x00, 0x00,
  0x00, 0x00, 0x00, 0x00, 0x00, 0x00, 0x00, 0x00, 0x00, 0x00, 0x00, 0x00,
  0x00, 0x00, 0x00, 0x00, 0x00, 0x00, 0x00, 0x00, 0x00, 0x00, 0x00, 0x00,
  0x00, 0x00, 0x00, 0x00, 0x00, 0x00, 0x00, 0x00, 0x00, 0x00, 0x00, 0x00,
  0x00, 0x00, 0x00, 0x00, 0x00, 0x00, 0x00, 0x00, 0x00, 0x00, 0x00, 0x00,
  0x00, 0x00, 0x00, 0x00, 0x00, 0x00, 0x00, 0x00, 0x00, 0x00, 0x00, 0x00,
  0x00, 0x00, 0x00, 0x00, 0x00, 0x00, 0x00, 0x00, 0x00, 0x00, 0x00, 0x00,
  0x00, 0x00, 0x00, 0x00, 0x00, 0x00, 0x00, 0x00, 0x00, 0x00, 0x00, 0x00,
  0x00, 0x00, 0x00, 0x00, 0x00, 0x00, 0x00, 0x00, 0x00, 0x00, 0x00, 0x00,
  0x00, 0x00, 0x00, 0x00, 0x00, 0x00, 0x00, 0x00, 0x00, 0x00, 0x00, 0x00,
  0x00, 0x00, 0x00, 0x00, 0x00, 0x00, 0x00, 0x00, 0x00, 0x00, 0x00, 0x00,
  0x00, 0x00, 0x00, 0x00, 0x00, 0x00, 0x00, 0x00, 0x00, 0x00, 0x00, 0x00,
  0x00, 0x00, 0x00, 0x00, 0x00, 0x00, 0x00, 0x00, 0x00, 0x00, 0x00, 0x00,
  0x00, 0x00, 0x00, 0x00, 0x00, 0x00, 0x00, 0x00, 0x00, 0x00, 0x00, 0x00,
  0x00, 0x00, 0x00, 0x00, 0x00, 0x00, 0x00, 0x00, 0x00, 0x00, 0x00, 0x00,
  0x00, 0x00, 0x00, 0x00, 0x00, 0x00, 0x00, 0x00, 0x00, 0x00, 0x00, 0x00,
  0x00, 0x00, 0x00, 0x00, 0x00, 0x00, 0x00, 0x00, 0x00, 0x00, 0x00, 0x00,
  0x00, 0x00, 0x00, 0x00, 0x00, 0x00, 0x00, 0x00, 0x00, 0x00, 0x00, 0x00,
  0x00, 0x00, 0x00, 0x00, 0x30, 0x00, 0x00, 0x00, 0x8b, 0x22, 0x9e, 0x37,
  0x09, 0x20, 0x5e, 0x37, 0x6e, 0x33, 0x1b, 0x37, 0xff, 0xde, 0x52, 0x37,
  0x39, 0x6f, 0x2a, 0x37, 0x27, 0x25, 0x65, 0x37, 0x61, 0x7b, 0x31, 0x37,
  0x56, 0xf8, 0x46, 0x37, 0x82, 0x39, 0x8e, 0x37, 0x92, 0xfc, 0x19, 0x37,
  0x14, 0xa4, 0x73, 0x37, 0x64, 0xfa, 0x7b, 0x37, 0x00, 0x06, 0x54, 0x37,
  0x0f, 0x53, 0x12, 0x37, 0x1f, 0xa0, 0x53, 0x37, 0x83, 0x74, 0x3f, 0x37,
  0x2c, 0xcb, 0x66, 0x37, 0x4f, 0xfc, 0x3b, 0x37, 0x6d, 0x82, 0x15, 0x37,
  0x0a, 0x8a, 0xfc, 0x36, 0x33, 0xb3, 0x9d, 0x37, 0xec, 0xe1, 0x1a, 0x37,
  0xeb, 0xdb, 0x2b, 0x37, 0x54, 0xed, 0x35, 0x37, 0x3a, 0x96, 0x69, 0x37,
  0x3a, 0x65, 0xbd, 0x37, 0x55, 0x3d, 0x01, 0x37, 0x47, 0xa8, 0x4a, 0x37,
  0xf7, 0x37, 0x69, 0x37, 0xf8, 0xee, 0x6e, 0x37, 0x95, 0x59, 0x25, 0x37,
  0x5c, 0xf7, 0x0d, 0x37, 0xf8, 0x46, 0x35, 0x37, 0xe6, 0x23, 0x40, 0x37,
  0xb0, 0x42, 0x12, 0x37, 0xe2, 0x0d, 0x3e, 0x37, 0x38, 0x36, 0x54, 0x37,
  0xd6, 0x5b, 0x1e, 0x37, 0x4c, 0xcb, 0x87, 0x37, 0x50, 0x8b, 0x16, 0x37,
  0x44, 0x57, 0x84, 0x37, 0xf6, 0xe6, 0x24, 0x37, 0x1d, 0x04, 0xe3, 0x36,
  0x15, 0xf0, 0x1a, 0x37, 0x4a, 0x1b, 0x0c, 0x37, 0x96, 0x8d, 0x2e, 0x37,
  0x76, 0xd0, 0x3d, 0x37, 0x6c, 0x6a, 0x3c, 0x37, 0x11, 0x00, 0x00, 0x00,
  0x61, 0x72, 0x69, 0x74, 0x68, 0x2e, 0x63, 0x6f, 0x6e, 0x73, 0x74, 0x61,
  0x6e, 0x74, 0x31, 0x32, 0x34, 0x00, 0x00, 0x00, 0x01, 0x00, 0x00, 0x00,
  0x30, 0x00, 0x00, 0x00, 0x36, 0xa0, 0xff, 0xff, 0x00, 0x00, 0x00, 0x01,
  0x14, 0x00, 0x00, 0x00, 0x64, 0x02, 0x00, 0x00, 0x24, 0x00, 0x00, 0x00,
  0x00, 0x00, 0x00, 0x02, 0x70, 0x02, 0x00, 0x00, 0x9c, 0x9f, 0xff, 0xff,
  0x08, 0x00, 0x00, 0x00, 0x88, 0x01, 0x00, 0x00, 0x30, 0x00, 0x00, 0x00,
  0x00, 0x00, 0x00, 0x00, 0x00, 0x00, 0x00, 0x00, 0x00, 0x00, 0x00, 0x00,
  0x00, 0x00, 0x00, 0x00, 0x00, 0x00, 0x00, 0x00, 0x00, 0x00, 0x00, 0x00,
  0x00, 0x00, 0x00, 0x00, 0x00, 0x00, 0x00, 0x00, 0x00, 0x00, 0x00, 0x00,
  0x00, 0x00, 0x00, 0x00, 0x00, 0x00, 0x00, 0x00, 0x00, 0x00, 0x00, 0x00,
  0x00, 0x00, 0x00, 0x00, 0x00, 0x00, 0x00, 0x00, 0x00, 0x00, 0x00, 0x00,
  0x00, 0x00, 0x00, 0x00, 0x00, 0x00, 0x00, 0x00, 0x00, 0x00, 0x00, 0x00,
  0x00, 0x00, 0x00, 0x00, 0x00, 0x00, 0x00, 0x00, 0x00, 0x00, 0x00, 0x00,
  0x00, 0x00, 0x00, 0x00, 0x00, 0x00, 0x00, 0x00, 0x00, 0x00, 0x00, 0x00,
  0x00, 0x00, 0x00, 0x00, 0x00, 0x00, 0x00, 0x00, 0x00, 0x00, 0x00, 0x00,
  0x00, 0x00, 0x00, 0x00, 0x00, 0x00, 0x00, 0x00, 0x00, 0x00, 0x00, 0x00,
  0x00, 0x00, 0x00, 0x00, 0x00, 0x00, 0x00, 0x00, 0x00, 0x00, 0x00, 0x00,
  0x00, 0x00, 0x00, 0x00, 0x00, 0x00, 0x00, 0x00, 0x00, 0x00, 0x00, 0x00,
  0x00, 0x00, 0x00, 0x00, 0x00, 0x00, 0x00, 0x00, 0x00, 0x00, 0x00, 0x00,
  0x00, 0x00, 0x00, 0x00, 0x00, 0x00, 0x00, 0x00, 0x00, 0x00, 0x00, 0x00,
  0x00, 0x00, 0x00, 0x00, 0x00, 0x00, 0x00, 0x00, 0x00, 0x00, 0x00, 0x00,
  0x00, 0x00, 0x00, 0x00, 0x00, 0x00, 0x00, 0x00, 0x00, 0x00, 0x00, 0x00,
  0x00, 0x00, 0x00, 0x00, 0x00, 0x00, 0x00, 0x00, 0x00, 0x00, 0x00, 0x00,
  0x00, 0x00, 0x00, 0x00, 0x00, 0x00, 0x00, 0x00, 0x00, 0x00, 0x00, 0x00,
  0x00, 0x00, 0x00, 0x00, 0x00, 0x00, 0x00, 0x00, 0x00, 0x00, 0x00, 0x00,
  0x00, 0x00, 0x00, 0x00, 0x00, 0x00, 0x00, 0x00, 0x00, 0x00, 0x00, 0x00,
  0x00, 0x00, 0x00, 0x00, 0x00, 0x00, 0x00, 0x00, 0x00, 0x00, 0x00, 0x00,
  0x00, 0x00, 0x00, 0x00, 0x00, 0x00, 0x00, 0x00, 0x00, 0x00, 0x00, 0x00,
  0x00, 0x00, 0x00, 0x00, 0x00, 0x00, 0x00, 0x00, 0x00, 0x00, 0x00, 0x00,
  0x00, 0x00, 0x00, 0x00, 0x00, 0x00, 0x00, 0x00, 0x00, 0x00, 0x00, 0x00,
  0x00, 0x00, 0x00, 0x00, 0x00, 0x00, 0x00, 0x00, 0x00, 0x00, 0x00, 0x00,
  0x00, 0x00, 0x00, 0x00, 0x00, 0x00, 0x00, 0x00, 0x00, 0x00, 0x00, 0x00,
  0x00, 0x00, 0x00, 0x00, 0x00, 0x00, 0x00, 0x00, 0x00, 0x00, 0x00, 0x00,
  0x00, 0x00, 0x00, 0x00, 0x00, 0x00, 0x00, 0x00, 0x00, 0x00, 0x00, 0x00,
  0x00, 0x00, 0x00, 0x00, 0x00, 0x00, 0x00, 0x00, 0x00, 0x00, 0x00, 0x00,
  0x00, 0x00, 0x00, 0x00, 0x00, 0x00, 0x00, 0x00, 0x00, 0x00, 0x00, 0x00,
  0x00, 0x00, 0x00, 0x00, 0x00, 0x00, 0x00, 0x00, 0x00, 0x00, 0x00, 0x00,
  0x00, 0x00, 0x00, 0x00, 0x00, 0x00, 0x00, 0x00, 0x00, 0x00, 0x00, 0x00,
  0x30, 0x00, 0x00, 0x00, 0x8b, 0x22, 0x9e, 0x37, 0x09, 0x20, 0x5e, 0x37,
  0x6e, 0x33, 0x1b, 0x37, 0xff, 0xde, 0x52, 0x37, 0x39, 0x6f, 0x2a, 0x37,
  0x27, 0x25, 0x65, 0x37, 0x61, 0x7b, 0x31, 0x37, 0x56, 0xf8, 0x46, 0x37,
  0x82, 0x39, 0x8e, 0x37, 0x92, 0xfc, 0x19, 0x37, 0x14, 0xa4, 0x73, 0x37,
  0x64, 0xfa, 0x7b, 0x37, 0x00, 0x06, 0x54, 0x37, 0x0f, 0x53, 0x12, 0x37,
  0x1f, 0xa0, 0x53, 0x37, 0x83, 0x74, 0x3f, 0x37, 0x2c, 0xcb, 0x66, 0x37,
  0x4f, 0xfc, 0x3b, 0x37, 0x6d, 0x82, 0x15, 0x37, 0x0a, 0x8a, 0xfc, 0x36,
  0x33, 0xb3, 0x9d, 0x37, 0xec, 0xe1, 0x1a, 0x37, 0xeb, 0xdb, 0x2b, 0x37,
  0x54, 0xed, 0x35, 0x37, 0x3a, 0x96, 0x69, 0x37, 0x3a, 0x65, 0xbd, 0x37,
  0x55, 0x3d, 0x01, 0x37, 0x47, 0xa8, 0x4a, 0x37, 0xf7, 0x37, 0x69, 0x37,
  0xf8, 0xee, 0x6e, 0x37, 0x95, 0x59, 0x25, 0x37, 0x5c, 0xf7, 0x0d, 0x37,
  0xf8, 0x46, 0x35, 0x37, 0xe6, 0x23, 0x40, 0x37, 0xb0, 0x42, 0x12, 0x37,
  0xe2, 0x0d, 0x3e, 0x37, 0x38, 0x36, 0x54, 0x37, 0xd6, 0x5b, 0x1e, 0x37,
  0x4c, 0xcb, 0x87, 0x37, 0x50, 0x8b, 0x16, 0x37, 0x44, 0x57, 0x84, 0x37,
  0xf6, 0xe6, 0x24, 0x37, 0x1d, 0x04, 0xe3, 0x36, 0x15, 0xf0, 0x1a, 0x37,
  0x4a, 0x1b, 0x0c, 0x37, 0x96, 0x8d, 0x2e, 0x37, 0x76, 0xd0, 0x3d, 0x37,
  0x6c, 0x6a, 0x3c, 0x37, 0x11, 0x00, 0x00, 0x00, 0x61, 0x72, 0x69, 0x74,
  0x68, 0x2e, 0x63, 0x6f, 0x6e, 0x73, 0x74, 0x61, 0x6e, 0x74, 0x31, 0x32,
  0x33, 0x00, 0x00, 0x00, 0x01, 0x00, 0x00, 0x00, 0x30, 0x00, 0x00, 0x00,
  0xc6, 0xa2, 0xff, 0xff, 0x00, 0x00, 0x00, 0x01, 0x14, 0x00, 0x00, 0x00,
  0x64, 0x02, 0x00, 0x00, 0x24, 0x00, 0x00, 0x00, 0x00, 0x00, 0x00, 0x02,
  0x70, 0x02, 0x00, 0x00, 0x2c, 0xa2, 0xff, 0xff, 0x08, 0x00, 0x00, 0x00,
  0x88, 0x01, 0x00, 0x00, 0x30, 0x00, 0x00, 0x00, 0x00, 0x00, 0x00, 0x00,
  0x00, 0x00, 0x00, 0x00, 0x00, 0x00, 0x00, 0x00, 0x00, 0x00, 0x00, 0x00,
  0x00, 0x00, 0x00, 0x00, 0x00, 0x00, 0x00, 0x00, 0x00, 0x00, 0x00, 0x00,
  0x00, 0x00, 0x00, 0x00, 0x00, 0x00, 0x00, 0x00, 0x00, 0x00, 0x00, 0x00,
  0x00, 0x00, 0x00, 0x00, 0x00, 0x00, 0x00, 0x00, 0x00, 0x00, 0x00, 0x00,
  0x00, 0x00, 0x00, 0x00, 0x00, 0x00, 0x00, 0x00, 0x00, 0x00, 0x00, 0x00,
  0x00, 0x00, 0x00, 0x00, 0x00, 0x00, 0x00, 0x00, 0x00, 0x00, 0x00, 0x00,
  0x00, 0x00, 0x00, 0x00, 0x00, 0x00, 0x00, 0x00, 0x00, 0x00, 0x00, 0x00,
  0x00, 0x00, 0x00, 0x00, 0x00, 0x00, 0x00, 0x00, 0x00, 0x00, 0x00, 0x00,
  0x00, 0x00, 0x00, 0x00, 0x00, 0x00, 0x00, 0x00, 0x00, 0x00, 0x00, 0x00,
  0x00, 0x00, 0x00, 0x00, 0x00, 0x00, 0x00, 0x00, 0x00, 0x00, 0x00, 0x00,
  0x00, 0x00, 0x00, 0x00, 0x00, 0x00, 0x00, 0x00, 0x00, 0x00, 0x00, 0x00,
  0x00, 0x00, 0x00, 0x00, 0x00, 0x00, 0x00, 0x00, 0x00, 0x00, 0x00, 0x00,
  0x00, 0x00, 0x00, 0x00, 0x00, 0x00, 0x00, 0x00, 0x00, 0x00, 0x00, 0x00,
  0x00, 0x00, 0x00, 0x00, 0x00, 0x00, 0x00, 0x00, 0x00, 0x00, 0x00, 0x00,
  0x00, 0x00, 0x00, 0x00, 0x00, 0x00, 0x00, 0x00, 0x00, 0x00, 0x00, 0x00,
  0x00, 0x00, 0x00, 0x00, 0x00, 0x00, 0x00, 0x00, 0x00, 0x00, 0x00, 0x00,
  0x00, 0x00, 0x00, 0x00, 0x00, 0x00, 0x00, 0x00, 0x00, 0x00, 0x00, 0x00,
  0x00, 0x00, 0x00, 0x00, 0x00, 0x00, 0x00, 0x00, 0x00, 0x00, 0x00, 0x00,
  0x00, 0x00, 0x00, 0x00, 0x00, 0x00, 0x00, 0x00, 0x00, 0x00, 0x00, 0x00,
  0x00, 0x00, 0x00, 0x00, 0x00, 0x00, 0x00, 0x00, 0x00, 0x00, 0x00, 0x00,
  0x00, 0x00, 0x00, 0x00, 0x00, 0x00, 0x00, 0x00, 0x00, 0x00, 0x00, 0x00,
  0x00, 0x00, 0x00, 0x00, 0x00, 0x00, 0x00, 0x00, 0x00, 0x00, 0x00, 0x00,
  0x00, 0x00, 0x00, 0x00, 0x00, 0x00, 0x00, 0x00, 0x00, 0x00, 0x00, 0x00,
  0x00, 0x00, 0x00, 0x00, 0x00, 0x00, 0x00, 0x00, 0x00, 0x00, 0x00, 0x00,
  0x00, 0x00, 0x00, 0x00, 0x00, 0x00, 0x00, 0x00, 0x00, 0x00, 0x00, 0x00,
  0x00, 0x00, 0x00, 0x00, 0x00, 0x00, 0x00, 0x00, 0x00, 0x00, 0x00, 0x00,
  0x00, 0x00, 0x00, 0x00, 0x00, 0x00, 0x00, 0x00, 0x00, 0x00, 0x00, 0x00,
  0x00, 0x00, 0x00, 0x00, 0x00, 0x00, 0x00, 0x00, 0x00, 0x00, 0x00, 0x00,
  0x00, 0x00, 0x00, 0x00, 0x00, 0x00, 0x00, 0x00, 0x00, 0x00, 0x00, 0x00,
  0x00, 0x00, 0x00, 0x00, 0x00, 0x00, 0x00, 0x00, 0x00, 0x00, 0x00, 0x00,
  0x00, 0x00, 0x00, 0x00, 0x00, 0x00, 0x00, 0x00, 0x00, 0x00, 0x00, 0x00,
  0x00, 0x00, 0x00, 0x00, 0x00, 0x00, 0x00, 0x00, 0x30, 0x00, 0x00, 0x00,
  0x8b, 0x22, 0x9e, 0x37, 0x09, 0x20, 0x5e, 0x37, 0x6e, 0x33, 0x1b, 0x37,
  0xff, 0xde, 0x52, 0x37, 0x39, 0x6f, 0x2a, 0x37, 0x27, 0x25, 0x65, 0x37,
  0x61, 0x7b, 0x31, 0x37, 0x56, 0xf8, 0x46, 0x37, 0x82, 0x39, 0x8e, 0x37,
  0x92, 0xfc, 0x19, 0x37, 0x14, 0xa4, 0x73, 0x37, 0x64, 0xfa, 0x7b, 0x37,
  0x00, 0x06, 0x54, 0x37, 0x0f, 0x53, 0x12, 0x37, 0x1f, 0xa0, 0x53, 0x37,
  0x83, 0x74, 0x3f, 0x37, 0x2c, 0xcb, 0x66, 0x37, 0x4f, 0xfc, 0x3b, 0x37,
  0x6d, 0x82, 0x15, 0x37, 0x0a, 0x8a, 0xfc, 0x36, 0x33, 0xb3, 0x9d, 0x37,
  0xec, 0xe1, 0x1a, 0x37, 0xeb, 0xdb, 0x2b, 0x37, 0x54, 0xed, 0x35, 0x37,
  0x3a, 0x96, 0x69, 0x37, 0x3a, 0x65, 0xbd, 0x37, 0x55, 0x3d, 0x01, 0x37,
  0x47, 0xa8, 0x4a, 0x37, 0xf7, 0x37, 0x69, 0x37, 0xf8, 0xee, 0x6e, 0x37,
  0x95, 0x59, 0x25, 0x37, 0x5c, 0xf7, 0x0d, 0x37, 0xf8, 0x46, 0x35, 0x37,
  0xe6, 0x23, 0x40, 0x37, 0xb0, 0x42, 0x12, 0x37, 0xe2, 0x0d, 0x3e, 0x37,
  0x38, 0x36, 0x54, 0x37, 0xd6, 0x5b, 0x1e, 0x37, 0x4c, 0xcb, 0x87, 0x37,
  0x50, 0x8b, 0x16, 0x37, 0x44, 0x57, 0x84, 0x37, 0xf6, 0xe6, 0x24, 0x37,
  0x1d, 0x04, 0xe3, 0x36, 0x15, 0xf0, 0x1a, 0x37, 0x4a, 0x1b, 0x0c, 0x37,
  0x96, 0x8d, 0x2e, 0x37, 0x76, 0xd0, 0x3d, 0x37, 0x6c, 0x6a, 0x3c, 0x37,
  0x11, 0x00, 0x00, 0x00, 0x61, 0x72, 0x69, 0x74, 0x68, 0x2e, 0x63, 0x6f,
  0x6e, 0x73, 0x74, 0x61, 0x6e, 0x74, 0x31, 0x32, 0x32, 0x00, 0x00, 0x00,
  0x01, 0x00, 0x00, 0x00, 0x30, 0x00, 0x00, 0x00, 0x56, 0xa5, 0xff, 0xff,
  0x00, 0x00, 0x00, 0x01, 0x14, 0x00, 0x00, 0x00, 0x64, 0x02, 0x00, 0x00,
  0x24, 0x00, 0x00, 0x00, 0x00, 0x00, 0x00, 0x02, 0x70, 0x02, 0x00, 0x00,
  0xbc, 0xa4, 0xff, 0xff, 0x08, 0x00, 0x00, 0x00, 0x88, 0x01, 0x00, 0x00,
  0x30, 0x00, 0x00, 0x00, 0x00, 0x00, 0x00, 0x00, 0x00, 0x00, 0x00, 0x00,
  0x00, 0x00, 0x00, 0x00, 0x00, 0x00, 0x00, 0x00, 0x00, 0x00, 0x00, 0x00,
  0x00, 0x00, 0x00, 0x00, 0x00, 0x00, 0x00, 0x00, 0x00, 0x00, 0x00, 0x00,
  0x00, 0x00, 0x00, 0x00, 0x00, 0x00, 0x00, 0x00, 0x00, 0x00, 0x00, 0x00,
  0x00, 0x00, 0x00, 0x00, 0x00, 0x00, 0x00, 0x00, 0x00, 0x00, 0x00, 0x00,
  0x00, 0x00, 0x00, 0x00, 0x00, 0x00, 0x00, 0x00, 0x00, 0x00, 0x00, 0x00,
  0x00, 0x00, 0x00, 0x00, 0x00, 0x00, 0x00, 0x00, 0x00, 0x00, 0x00, 0x00,
  0x00, 0x00, 0x00, 0x00, 0x00, 0x00, 0x00, 0x00, 0x00, 0x00, 0x00, 0x00,
  0x00, 0x00, 0x00, 0x00, 0x00, 0x00, 0x00, 0x00, 0x00, 0x00, 0x00, 0x00,
  0x00, 0x00, 0x00, 0x00, 0x00, 0x00, 0x00, 0x00, 0x00, 0x00, 0x00, 0x00,
  0x00, 0x00, 0x00, 0x00, 0x00, 0x00, 0x00, 0x00, 0x00, 0x00, 0x00, 0x00,
  0x00, 0x00, 0x00, 0x00, 0x00, 0x00, 0x00, 0x00, 0x00, 0x00, 0x00, 0x00,
  0x00, 0x00, 0x00, 0x00, 0x00, 0x00, 0x00, 0x00, 0x00, 0x00, 0x00, 0x00,
  0x00, 0x00, 0x00, 0x00, 0x00, 0x00, 0x00, 0x00, 0x00, 0x00, 0x00, 0x00,
  0x00, 0x00, 0x00, 0x00, 0x00, 0x00, 0x00, 0x00, 0x00, 0x00, 0x00, 0x00,
  0x00, 0x00, 0x00, 0x00, 0x00, 0x00, 0x00, 0x00, 0x00, 0x00, 0x00, 0x00,
  0x00, 0x00, 0x00, 0x00, 0x00, 0x00, 0x00, 0x00, 0x00, 0x00, 0x00, 0x00,
  0x00, 0x00, 0x00, 0x00, 0x00, 0x00, 0x00, 0x00, 0x00, 0x00, 0x00, 0x00,
  0x00, 0x00, 0x00, 0x00, 0x00, 0x00, 0x00, 0x00, 0x00, 0x00, 0x00, 0x00,
  0x00, 0x00, 0x00, 0x00, 0x00, 0x00, 0x00, 0x00, 0x00, 0x00, 0x00, 0x00,
  0x00, 0x00, 0x00, 0x00, 0x00, 0x00, 0x00, 0x00, 0x00, 0x00, 0x00, 0x00,
  0x00, 0x00, 0x00, 0x00, 0x00, 0x00, 0x00, 0x00, 0x00, 0x00, 0x00, 0x00,
  0x00, 0x00, 0x00, 0x00, 0x00, 0x00, 0x00, 0x00, 0x00, 0x00, 0x00, 0x00,
  0x00, 0x00, 0x00, 0x00, 0x00, 0x00, 0x00, 0x00, 0x00, 0x00, 0x00, 0x00,
  0x00, 0x00, 0x00, 0x00, 0x00, 0x00, 0x00, 0x00, 0x00, 0x00, 0x00, 0x00,
  0x00, 0x00, 0x00, 0x00, 0x00, 0x00, 0x00, 0x00, 0x00, 0x00, 0x00, 0x00,
  0x00, 0x00, 0x00, 0x00, 0x00, 0x00, 0x00, 0x00, 0x00, 0x00, 0x00, 0x00,
  0x00, 0x00, 0x00, 0x00, 0x00, 0x00, 0x00, 0x00, 0x00, 0x00, 0x00, 0x00,
  0x00, 0x00, 0x00, 0x00, 0x00, 0x00, 0x00, 0x00, 0x00, 0x00, 0x00, 0x00,
  0x00, 0x00, 0x00, 0x00, 0x00, 0x00, 0x00, 0x00, 0x00, 0x00, 0x00, 0x00,
  0x00, 0x00, 0x00, 0x00, 0x00, 0x00, 0x00, 0x00, 0x00, 0x00, 0x00, 0x00,
  0x00, 0x00, 0x00, 0x00, 0x00, 0x00, 0x00, 0x00, 0x00, 0x00, 0x00, 0x00,
  0x00, 0x00, 0x00, 0x00, 0x30, 0x00, 0x00, 0x00, 0x8b, 0x22, 0x9e, 0x37,
  0x09, 0x20, 0x5e, 0x37, 0x6e, 0x33, 0x1b, 0x37, 0xff, 0xde, 0x52, 0x37,
  0x39, 0x6f, 0x2a, 0x37, 0x27, 0x25, 0x65, 0x37, 0x61, 0x7b, 0x31, 0x37,
  0x56, 0xf8, 0x46, 0x37, 0x82, 0x39, 0x8e, 0x37, 0x92, 0xfc, 0x19, 0x37,
  0x14, 0xa4, 0x73, 0x37, 0x64, 0xfa, 0x7b, 0x37, 0x00, 0x06, 0x54, 0x37,
  0x0f, 0x53, 0x12, 0x37, 0x1f, 0xa0, 0x53, 0x37, 0x83, 0x74, 0x3f, 0x37,
  0x2c, 0xcb, 0x66, 0x37, 0x4f, 0xfc, 0x3b, 0x37, 0x6d, 0x82, 0x15, 0x37,
  0x0a, 0x8a, 0xfc, 0x36, 0x33, 0xb3, 0x9d, 0x37, 0xec, 0xe1, 0x1a, 0x37,
  0xeb, 0xdb, 0x2b, 0x37, 0x54, 0xed, 0x35, 0x37, 0x3a, 0x96, 0x69, 0x37,
  0x3a, 0x65, 0xbd, 0x37, 0x55, 0x3d, 0x01, 0x37, 0x47, 0xa8, 0x4a, 0x37,
  0xf7, 0x37, 0x69, 0x37, 0xf8, 0xee, 0x6e, 0x37, 0x95, 0x59, 0x25, 0x37,
  0x5c, 0xf7, 0x0d, 0x37, 0xf8, 0x46, 0x35, 0x37, 0xe6, 0x23, 0x40, 0x37,
  0xb0, 0x42, 0x12, 0x37, 0xe2, 0x0d, 0x3e, 0x37, 0x38, 0x36, 0x54, 0x37,
  0xd6, 0x5b, 0x1e, 0x37, 0x4c, 0xcb, 0x87, 0x37, 0x50, 0x8b, 0x16, 0x37,
  0x44, 0x57, 0x84, 0x37, 0xf6, 0xe6, 0x24, 0x37, 0x1d, 0x04, 0xe3, 0x36,
  0x15, 0xf0, 0x1a, 0x37, 0x4a, 0x1b, 0x0c, 0x37, 0x96, 0x8d, 0x2e, 0x37,
  0x76, 0xd0, 0x3d, 0x37, 0x6c, 0x6a, 0x3c, 0x37, 0x11, 0x00, 0x00, 0x00,
  0x61, 0x72, 0x69, 0x74, 0x68, 0x2e, 0x63, 0x6f, 0x6e, 0x73, 0x74, 0x61,
  0x6e, 0x74, 0x31, 0x32, 0x31, 0x00, 0x00, 0x00, 0x01, 0x00, 0x00, 0x00,
  0x30, 0x00, 0x00, 0x00, 0xe6, 0xa7, 0xff, 0xff, 0x00, 0x00, 0x00, 0x01,
  0x14, 0x00, 0x00, 0x00, 0x64, 0x02, 0x00, 0x00, 0x24, 0x00, 0x00, 0x00,
  0x00, 0x00, 0x00, 0x02, 0x70, 0x02, 0x00, 0x00, 0x4c, 0xa7, 0xff, 0xff,
  0x08, 0x00, 0x00, 0x00, 0x88, 0x01, 0x00, 0x00, 0x30, 0x00, 0x00, 0x00,
  0x00, 0x00, 0x00, 0x00, 0x00, 0x00, 0x00, 0x00, 0x00, 0x00, 0x00, 0x00,
  0x00, 0x00, 0x00, 0x00, 0x00, 0x00, 0x00, 0x00, 0x00, 0x00, 0x00, 0x00,
  0x00, 0x00, 0x00, 0x00, 0x00, 0x00, 0x00, 0x00, 0x00, 0x00, 0x00, 0x00,
  0x00, 0x00, 0x00, 0x00, 0x00, 0x00, 0x00, 0x00, 0x00, 0x00, 0x00, 0x00,
  0x00, 0x00, 0x00, 0x00, 0x00, 0x00, 0x00, 0x00, 0x00, 0x00, 0x00, 0x00,
  0x00, 0x00, 0x00, 0x00, 0x00, 0x00, 0x00, 0x00, 0x00, 0x00, 0x00, 0x00,
  0x00, 0x00, 0x00, 0x00, 0x00, 0x00, 0x00, 0x00, 0x00, 0x00, 0x00, 0x00,
  0x00, 0x00, 0x00, 0x00, 0x00, 0x00, 0x00, 0x00, 0x00, 0x00, 0x00, 0x00,
  0x00, 0x00, 0x00, 0x00, 0x00, 0x00, 0x00, 0x00, 0x00, 0x00, 0x00, 0x00,
  0x00, 0x00, 0x00, 0x00, 0x00, 0x00, 0x00, 0x00, 0x00, 0x00, 0x00, 0x00,
  0x00, 0x00, 0x00, 0x00, 0x00, 0x00, 0x00, 0x00, 0x00, 0x00, 0x00, 0x00,
  0x00, 0x00, 0x00, 0x00, 0x00, 0x00, 0x00, 0x00, 0x00, 0x00, 0x00, 0x00,
  0x00, 0x00, 0x00, 0x00, 0x00, 0x00, 0x00, 0x00, 0x00, 0x00, 0x00, 0x00,
  0x00, 0x00, 0x00, 0x00, 0x00, 0x00, 0x00, 0x00, 0x00, 0x00, 0x00, 0x00,
  0x00, 0x00, 0x00, 0x00, 0x00, 0x00, 0x00, 0x00, 0x00, 0x00, 0x00, 0x00,
  0x00, 0x00, 0x00, 0x00, 0x00, 0x00, 0x00, 0x00, 0x00, 0x00, 0x00, 0x00,
  0x00, 0x00, 0x00, 0x00, 0x00, 0x00, 0x00, 0x00, 0x00, 0x00, 0x00, 0x00,
  0x00, 0x00, 0x00, 0x00, 0x00, 0x00, 0x00, 0x00, 0x00, 0x00, 0x00, 0x00,
  0x00, 0x00, 0x00, 0x00, 0x00, 0x00, 0x00, 0x00, 0x00, 0x00, 0x00, 0x00,
  0x00, 0x00, 0x00, 0x00, 0x00, 0x00, 0x00, 0x00, 0x00, 0x00, 0x00, 0x00,
  0x00, 0x00, 0x00, 0x00, 0x00, 0x00, 0x00, 0x00, 0x00, 0x00, 0x00, 0x00,
  0x00, 0x00, 0x00, 0x00, 0x00, 0x00, 0x00, 0x00, 0x00, 0x00, 0x00, 0x00,
  0x00, 0x00, 0x00, 0x00, 0x00, 0x00, 0x00, 0x00, 0x00, 0x00, 0x00, 0x00,
  0x00, 0x00, 0x00, 0x00, 0x00, 0x00, 0x00, 0x00, 0x00, 0x00, 0x00, 0x00,
  0x00, 0x00, 0x00, 0x00, 0x00, 0x00, 0x00, 0x00, 0x00, 0x00, 0x00, 0x00,
  0x00, 0x00, 0x00, 0x00, 0x00, 0x00, 0x00, 0x00, 0x00, 0x00, 0x00, 0x00,
  0x00, 0x00, 0x00, 0x00, 0x00, 0x00, 0x00, 0x00, 0x00, 0x00, 0x00, 0x00,
  0x00, 0x00, 0x00, 0x00, 0x00, 0x00, 0x00, 0x00, 0x00, 0x00, 0x00, 0x00,
  0x00, 0x00, 0x00, 0x00, 0x00, 0x00, 0x00, 0x00, 0x00, 0x00, 0x00, 0x00,
  0x00, 0x00, 0x00, 0x00, 0x00, 0x00, 0x00, 0x00, 0x00, 0x00, 0x00, 0x00,
  0x00, 0x00, 0x00, 0x00, 0x00, 0x00, 0x00, 0x00, 0x00, 0x00, 0x00, 0x00,
  0x00, 0x00, 0x00, 0x00, 0x00, 0x00, 0x00, 0x00, 0x00, 0x00, 0x00, 0x00,
  0x30, 0x00, 0x00, 0x00, 0x8b, 0x22, 0x9e, 0x37, 0x09, 0x20, 0x5e, 0x37,
  0x6e, 0x33, 0x1b, 0x37, 0xff, 0xde, 0x52, 0x37, 0x39, 0x6f, 0x2a, 0x37,
  0x27, 0x25, 0x65, 0x37, 0x61, 0x7b, 0x31, 0x37, 0x56, 0xf8, 0x46, 0x37,
  0x82, 0x39, 0x8e, 0x37, 0x92, 0xfc, 0x19, 0x37, 0x14, 0xa4, 0x73, 0x37,
  0x64, 0xfa, 0x7b, 0x37, 0x00, 0x06, 0x54, 0x37, 0x0f, 0x53, 0x12, 0x37,
  0x1f, 0xa0, 0x53, 0x37, 0x83, 0x74, 0x3f, 0x37, 0x2c, 0xcb, 0x66, 0x37,
  0x4f, 0xfc, 0x3b, 0x37, 0x6d, 0x82, 0x15, 0x37, 0x0a, 0x8a, 0xfc, 0x36,
  0x33, 0xb3, 0x9d, 0x37, 0xec, 0xe1, 0x1a, 0x37, 0xeb, 0xdb, 0x2b, 0x37,
  0x54, 0xed, 0x35, 0x37, 0x3a, 0x96, 0x69, 0x37, 0x3a, 0x65, 0xbd, 0x37,
  0x55, 0x3d, 0x01, 0x37, 0x47, 0xa8, 0x4a, 0x37, 0xf7, 0x37, 0x69, 0x37,
  0xf8, 0xee, 0x6e, 0x37, 0x95, 0x59, 0x25, 0x37, 0x5c, 0xf7, 0x0d, 0x37,
  0xf8, 0x46, 0x35, 0x37, 0xe6, 0x23, 0x40, 0x37, 0xb0, 0x42, 0x12, 0x37,
  0xe2, 0x0d, 0x3e, 0x37, 0x38, 0x36, 0x54, 0x37, 0xd6, 0x5b, 0x1e, 0x37,
  0x4c, 0xcb, 0x87, 0x37, 0x50, 0x8b, 0x16, 0x37, 0x44, 0x57, 0x84, 0x37,
  0xf6, 0xe6, 0x24, 0x37, 0x1d, 0x04, 0xe3, 0x36, 0x15, 0xf0, 0x1a, 0x37,
  0x4a, 0x1b, 0x0c, 0x37, 0x96, 0x8d, 0x2e, 0x37, 0x76, 0xd0, 0x3d, 0x37,
  0x6c, 0x6a, 0x3c, 0x37, 0x11, 0x00, 0x00, 0x00, 0x61, 0x72, 0x69, 0x74,
  0x68, 0x2e, 0x63, 0x6f, 0x6e, 0x73, 0x74, 0x61, 0x6e, 0x74, 0x31, 0x32,
  0x30, 0x00, 0x00, 0x00, 0x01, 0x00, 0x00, 0x00, 0x30, 0x00, 0x00, 0x00,
  0x76, 0xaa, 0xff, 0xff, 0x00, 0x00, 0x00, 0x01, 0x14, 0x00, 0x00, 0x00,
  0x64, 0x02, 0x00, 0x00, 0x24, 0x00, 0x00, 0x00, 0x00, 0x00, 0x00, 0x02,
  0x70, 0x02, 0x00, 0x00, 0xdc, 0xa9, 0xff, 0xff, 0x08, 0x00, 0x00, 0x00,
  0x88, 0x01, 0x00, 0x00, 0x30, 0x00, 0x00, 0x00, 0x00, 0x00, 0x00, 0x00,
  0x00, 0x00, 0x00, 0x00, 0x00, 0x00, 0x00, 0x00, 0x00, 0x00, 0x00, 0x00,
  0x00, 0x00, 0x00, 0x00, 0x00, 0x00, 0x00, 0x00, 0x00, 0x00, 0x00, 0x00,
  0x00, 0x00, 0x00, 0x00, 0x00, 0x00, 0x00, 0x00, 0x00, 0x00, 0x00, 0x00,
  0x00, 0x00, 0x00, 0x00, 0x00, 0x00, 0x00, 0x00, 0x00, 0x00, 0x00, 0x00,
  0x00, 0x00, 0x00, 0x00, 0x00, 0x00, 0x00, 0x00, 0x00, 0x00, 0x00, 0x00,
  0x00, 0x00, 0x00, 0x00, 0x00, 0x00, 0x00, 0x00, 0x00, 0x00, 0x00, 0x00,
  0x00, 0x00, 0x00, 0x00, 0x00, 0x00, 0x00, 0x00, 0x00, 0x00, 0x00, 0x00,
  0x00, 0x00, 0x00, 0x00, 0x00, 0x00, 0x00, 0x00, 0x00, 0x00, 0x00, 0x00,
  0x00, 0x00, 0x00, 0x00, 0x00, 0x00, 0x00, 0x00, 0x00, 0x00, 0x00, 0x00,
  0x00, 0x00, 0x00, 0x00, 0x00, 0x00, 0x00, 0x00, 0x00, 0x00, 0x00, 0x00,
  0x00, 0x00, 0x00, 0x00, 0x00, 0x00, 0x00, 0x00, 0x00, 0x00, 0x00, 0x00,
  0x00, 0x00, 0x00, 0x00, 0x00, 0x00, 0x00, 0x00, 0x00, 0x00, 0x00, 0x00,
  0x00, 0x00, 0x00, 0x00, 0x00, 0x00, 0x00, 0x00, 0x00, 0x00, 0x00, 0x00,
  0x00, 0x00, 0x00, 0x00, 0x00, 0x00, 0x00, 0x00, 0x00, 0x00, 0x00, 0x00,
  0x00, 0x00, 0x00, 0x00, 0x00, 0x00, 0x00, 0x00, 0x00, 0x00, 0x00, 0x00,
  0x00, 0x00, 0x00, 0x00, 0x00, 0x00, 0x00, 0x00, 0x00, 0x00, 0x00, 0x00,
  0x00, 0x00, 0x00, 0x00, 0x00, 0x00, 0x00, 0x00, 0x00, 0x00, 0x00, 0x00,
  0x00, 0x00, 0x00, 0x00, 0x00, 0x00, 0x00, 0x00, 0x00, 0x00, 0x00, 0x00,
  0x00, 0x00, 0x00, 0x00, 0x00, 0x00, 0x00, 0x00, 0x00, 0x00, 0x00, 0x00,
  0x00, 0x00, 0x00, 0x00, 0x00, 0x00, 0x00, 0x00, 0x00, 0x00, 0x00, 0x00,
  0x00, 0x00, 0x00, 0x00, 0x00, 0x00, 0x00, 0x00, 0x00, 0x00, 0x00, 0x00,
  0x00, 0x00, 0x00, 0x00, 0x00, 0x00, 0x00, 0x00, 0x00, 0x00, 0x00, 0x00,
  0x00, 0x00, 0x00, 0x00, 0x00, 0x00, 0x00, 0x00, 0x00, 0x00, 0x00, 0x00,
  0x00, 0x00, 0x00, 0x00, 0x00, 0x00, 0x00, 0x00, 0x00, 0x00, 0x00, 0x00,
  0x00, 0x00, 0x00, 0x00, 0x00, 0x00, 0x00, 0x00, 0x00, 0x00, 0x00, 0x00,
  0x00, 0x00, 0x00, 0x00, 0x00, 0x00, 0x00, 0x00, 0x00, 0x00, 0x00, 0x00,
  0x00, 0x00, 0x00, 0x00, 0x00, 0x00, 0x00, 0x00, 0x00, 0x00, 0x00, 0x00,
  0x00, 0x00, 0x00, 0x00, 0x00, 0x00, 0x00, 0x00, 0x00, 0x00, 0x00, 0x00,
  0x00, 0x00, 0x00, 0x00, 0x00, 0x00, 0x00, 0x00, 0x00, 0x00, 0x00, 0x00,
  0x00, 0x00, 0x00, 0x00, 0x00, 0x00, 0x00, 0x00, 0x00, 0x00, 0x00, 0x00,
  0x00, 0x00, 0x00, 0x00, 0x00, 0x00, 0x00, 0x00, 0x00, 0x00, 0x00, 0x00,
  0x00, 0x00, 0x00, 0x00, 0x00, 0x00, 0x00, 0x00, 0x30, 0x00, 0x00, 0x00,
  0x8b, 0x22, 0x9e, 0x37, 0x09, 0x20, 0x5e, 0x37, 0x6e, 0x33, 0x1b, 0x37,
  0xff, 0xde, 0x52, 0x37, 0x39, 0x6f, 0x2a, 0x37, 0x27, 0x25, 0x65, 0x37,
  0x61, 0x7b, 0x31, 0x37, 0x56, 0xf8, 0x46, 0x37, 0x82, 0x39, 0x8e, 0x37,
  0x92, 0xfc, 0x19, 0x37, 0x14, 0xa4, 0x73, 0x37, 0x64, 0xfa, 0x7b, 0x37,
  0x00, 0x06, 0x54, 0x37, 0x0f, 0x53, 0x12, 0x37, 0x1f, 0xa0, 0x53, 0x37,
  0x83, 0x74, 0x3f, 0x37, 0x2c, 0xcb, 0x66, 0x37, 0x4f, 0xfc, 0x3b, 0x37,
  0x6d, 0x82, 0x15, 0x37, 0x0a, 0x8a, 0xfc, 0x36, 0x33, 0xb3, 0x9d, 0x37,
  0xec, 0xe1, 0x1a, 0x37, 0xeb, 0xdb, 0x2b, 0x37, 0x54, 0xed, 0x35, 0x37,
  0x3a, 0x96, 0x69, 0x37, 0x3a, 0x65, 0xbd, 0x37, 0x55, 0x3d, 0x01, 0x37,
  0x47, 0xa8, 0x4a, 0x37, 0xf7, 0x37, 0x69, 0x37, 0xf8, 0xee, 0x6e, 0x37,
  0x95, 0x59, 0x25, 0x37, 0x5c, 0xf7, 0x0d, 0x37, 0xf8, 0x46, 0x35, 0x37,
  0xe6, 0x23, 0x40, 0x37, 0xb0, 0x42, 0x12, 0x37, 0xe2, 0x0d, 0x3e, 0x37,
  0x38, 0x36, 0x54, 0x37, 0xd6, 0x5b, 0x1e, 0x37, 0x4c, 0xcb, 0x87, 0x37,
  0x50, 0x8b, 0x16, 0x37, 0x44, 0x57, 0x84, 0x37, 0xf6, 0xe6, 0x24, 0x37,
  0x1d, 0x04, 0xe3, 0x36, 0x15, 0xf0, 0x1a, 0x37, 0x4a, 0x1b, 0x0c, 0x37,
  0x96, 0x8d, 0x2e, 0x37, 0x76, 0xd0, 0x3d, 0x37, 0x6c, 0x6a, 0x3c, 0x37,
  0x11, 0x00, 0x00, 0x00, 0x61, 0x72, 0x69, 0x74, 0x68, 0x2e, 0x63, 0x6f,
  0x6e, 0x73, 0x74, 0x61, 0x6e, 0x74, 0x31, 0x31, 0x39, 0x00, 0x00, 0x00,
  0x01, 0x00, 0x00, 0x00, 0x30, 0x00, 0x00, 0x00, 0x06, 0xad, 0xff, 0xff,
  0x00, 0x00, 0x00, 0x01, 0x14, 0x00, 0x00, 0x00, 0x64, 0x02, 0x00, 0x00,
  0x24, 0x00, 0x00, 0x00, 0x00, 0x00, 0x00, 0x02, 0x70, 0x02, 0x00, 0x00,
  0x6c, 0xac, 0xff, 0xff, 0x08, 0x00, 0x00, 0x00, 0x88, 0x01, 0x00, 0x00,
  0x30, 0x00, 0x00, 0x00, 0x00, 0x00, 0x00, 0x00, 0x00, 0x00, 0x00, 0x00,
  0x00, 0x00, 0x00, 0x00, 0x00, 0x00, 0x00, 0x00, 0x00, 0x00, 0x00, 0x00,
  0x00, 0x00, 0x00, 0x00, 0x00, 0x00, 0x00, 0x00, 0x00, 0x00, 0x00, 0x00,
  0x00, 0x00, 0x00, 0x00, 0x00, 0x00, 0x00, 0x00, 0x00, 0x00, 0x00, 0x00,
  0x00, 0x00, 0x00, 0x00, 0x00, 0x00, 0x00, 0x00, 0x00, 0x00, 0x00, 0x00,
  0x00, 0x00, 0x00, 0x00, 0x00, 0x00, 0x00, 0x00, 0x00, 0x00, 0x00, 0x00,
  0x00, 0x00, 0x00, 0x00, 0x00, 0x00, 0x00, 0x00, 0x00, 0x00, 0x00, 0x00,
  0x00, 0x00, 0x00, 0x00, 0x00, 0x00, 0x00, 0x00, 0x00, 0x00, 0x00, 0x00,
  0x00, 0x00, 0x00, 0x00, 0x00, 0x00, 0x00, 0x00, 0x00, 0x00, 0x00, 0x00,
  0x00, 0x00, 0x00, 0x00, 0x00, 0x00, 0x00, 0x00, 0x00, 0x00, 0x00, 0x00,
  0x00, 0x00, 0x00, 0x00, 0x00, 0x00, 0x00, 0x00, 0x00, 0x00, 0x00, 0x00,
  0x00, 0x00, 0x00, 0x00, 0x00, 0x00, 0x00, 0x00, 0x00, 0x00, 0x00, 0x00,
  0x00, 0x00, 0x00, 0x00, 0x00, 0x00, 0x00, 0x00, 0x00, 0x00, 0x00, 0x00,
  0x00, 0x00, 0x00, 0x00, 0x00, 0x00, 0x00, 0x00, 0x00, 0x00, 0x00, 0x00,
  0x00, 0x00, 0x00, 0x00, 0x00, 0x00, 0x00, 0x00, 0x00, 0x00, 0x00, 0x00,
  0x00, 0x00, 0x00, 0x00, 0x00, 0x00, 0x00, 0x00, 0x00, 0x00, 0x00, 0x00,
  0x00, 0x00, 0x00, 0x00, 0x00, 0x00, 0x00, 0x00, 0x00, 0x00, 0x00, 0x00,
  0x00, 0x00, 0x00, 0x00, 0x00, 0x00, 0x00, 0x00, 0x00, 0x00, 0x00, 0x00,
  0x00, 0x00, 0x00, 0x00, 0x00, 0x00, 0x00, 0x00, 0x00, 0x00, 0x00, 0x00,
  0x00, 0x00, 0x00, 0x00, 0x00, 0x00, 0x00, 0x00, 0x00, 0x00, 0x00, 0x00,
  0x00, 0x00, 0x00, 0x00, 0x00, 0x00, 0x00, 0x00, 0x00, 0x00, 0x00, 0x00,
  0x00, 0x00, 0x00, 0x00, 0x00, 0x00, 0x00, 0x00, 0x00, 0x00, 0x00, 0x00,
  0x00, 0x00, 0x00, 0x00, 0x00, 0x00, 0x00, 0x00, 0x00, 0x00, 0x00, 0x00,
  0x00, 0x00, 0x00, 0x00, 0x00, 0x00, 0x00, 0x00, 0x00, 0x00, 0x00, 0x00,
  0x00, 0x00, 0x00, 0x00, 0x00, 0x00, 0x00, 0x00, 0x00, 0x00, 0x00, 0x00,
  0x00, 0x00, 0x00, 0x00, 0x00, 0x00, 0x00, 0x00, 0x00, 0x00, 0x00, 0x00,
  0x00, 0x00, 0x00, 0x00, 0x00, 0x00, 0x00, 0x00, 0x00, 0x00, 0x00, 0x00,
  0x00, 0x00, 0x00, 0x00, 0x00, 0x00, 0x00, 0x00, 0x00, 0x00, 0x00, 0x00,
  0x00, 0x00, 0x00, 0x00, 0x00, 0x00, 0x00, 0x00, 0x00, 0x00, 0x00, 0x00,
  0x00, 0x00, 0x00, 0x00, 0x00, 0x00, 0x00, 0x00, 0x00, 0x00, 0x00, 0x00,
  0x00, 0x00, 0x00, 0x00, 0x00, 0x00, 0x00, 0x00, 0x00, 0x00, 0x00, 0x00,
  0x00, 0x00, 0x00, 0x00, 0x00, 0x00, 0x00, 0x00, 0x00, 0x00, 0x00, 0x00,
  0x00, 0x00, 0x00, 0x00, 0x30, 0x00, 0x00, 0x00, 0x8b, 0x22, 0x9e, 0x37,
  0x09, 0x20, 0x5e, 0x37, 0x6e, 0x33, 0x1b, 0x37, 0xff, 0xde, 0x52, 0x37,
  0x39, 0x6f, 0x2a, 0x37, 0x27, 0x25, 0x65, 0x37, 0x61, 0x7b, 0x31, 0x37,
  0x56, 0xf8, 0x46, 0x37, 0x82, 0x39, 0x8e, 0x37, 0x92, 0xfc, 0x19, 0x37,
  0x14, 0xa4, 0x73, 0x37, 0x64, 0xfa, 0x7b, 0x37, 0x00, 0x06, 0x54, 0x37,
  0x0f, 0x53, 0x12, 0x37, 0x1f, 0xa0, 0x53, 0x37, 0x83, 0x74, 0x3f, 0x37,
  0x2c, 0xcb, 0x66, 0x37, 0x4f, 0xfc, 0x3b, 0x37, 0x6d, 0x82, 0x15, 0x37,
  0x0a, 0x8a, 0xfc, 0x36, 0x33, 0xb3, 0x9d, 0x37, 0xec, 0xe1, 0x1a, 0x37,
  0xeb, 0xdb, 0x2b, 0x37, 0x54, 0xed, 0x35, 0x37, 0x3a, 0x96, 0x69, 0x37,
  0x3a, 0x65, 0xbd, 0x37, 0x55, 0x3d, 0x01, 0x37, 0x47, 0xa8, 0x4a, 0x37,
  0xf7, 0x37, 0x69, 0x37, 0xf8, 0xee, 0x6e, 0x37, 0x95, 0x59, 0x25, 0x37,
  0x5c, 0xf7, 0x0d, 0x37, 0xf8, 0x46, 0x35, 0x37, 0xe6, 0x23, 0x40, 0x37,
  0xb0, 0x42, 0x12, 0x37, 0xe2, 0x0d, 0x3e, 0x37, 0x38, 0x36, 0x54, 0x37,
  0xd6, 0x5b, 0x1e, 0x37, 0x4c, 0xcb, 0x87, 0x37, 0x50, 0x8b, 0x16, 0x37,
  0x44, 0x57, 0x84, 0x37, 0xf6, 0xe6, 0x24, 0x37, 0x1d, 0x04, 0xe3, 0x36,
  0x15, 0xf0, 0x1a, 0x37, 0x4a, 0x1b, 0x0c, 0x37, 0x96, 0x8d, 0x2e, 0x37,
  0x76, 0xd0, 0x3d, 0x37, 0x6c, 0x6a, 0x3c, 0x37, 0x11, 0x00, 0x00, 0x00,
  0x61, 0x72, 0x69, 0x74, 0x68, 0x2e, 0x63, 0x6f, 0x6e, 0x73, 0x74, 0x61,
  0x6e, 0x74, 0x31, 0x31, 0x38, 0x00, 0x00, 0x00, 0x01, 0x00, 0x00, 0x00,
  0x30, 0x00, 0x00, 0x00, 0x96, 0xaf, 0xff, 0xff, 0x00, 0x00, 0x00, 0x01,
  0x14, 0x00, 0x00, 0x00, 0x64, 0x02, 0x00, 0x00, 0x24, 0x00, 0x00, 0x00,
  0x00, 0x00, 0x00, 0x02, 0x70, 0x02, 0x00, 0x00, 0xfc, 0xae, 0xff, 0xff,
  0x08, 0x00, 0x00, 0x00, 0x88, 0x01, 0x00, 0x00, 0x30, 0x00, 0x00, 0x00,
  0x00, 0x00, 0x00, 0x00, 0x00, 0x00, 0x00, 0x00, 0x00, 0x00, 0x00, 0x00,
  0x00, 0x00, 0x00, 0x00, 0x00, 0x00, 0x00, 0x00, 0x00, 0x00, 0x00, 0x00,
  0x00, 0x00, 0x00, 0x00, 0x00, 0x00, 0x00, 0x00, 0x00, 0x00, 0x00, 0x00,
  0x00, 0x00, 0x00, 0x00, 0x00, 0x00, 0x00, 0x00, 0x00, 0x00, 0x00, 0x00,
  0x00, 0x00, 0x00, 0x00, 0x00, 0x00, 0x00, 0x00, 0x00, 0x00, 0x00, 0x00,
  0x00, 0x00, 0x00, 0x00, 0x00, 0x00, 0x00, 0x00, 0x00, 0x00, 0x00, 0x00,
  0x00, 0x00, 0x00, 0x00, 0x00, 0x00, 0x00, 0x00, 0x00, 0x00, 0x00, 0x00,
  0x00, 0x00, 0x00, 0x00, 0x00, 0x00, 0x00, 0x00, 0x00, 0x00, 0x00, 0x00,
  0x00, 0x00, 0x00, 0x00, 0x00, 0x00, 0x00, 0x00, 0x00, 0x00, 0x00, 0x00,
  0x00, 0x00, 0x00, 0x00, 0x00, 0x00, 0x00, 0x00, 0x00, 0x00, 0x00, 0x00,
  0x00, 0x00, 0x00, 0x00, 0x00, 0x00, 0x00, 0x00, 0x00, 0x00, 0x00, 0x00,
  0x00, 0x00, 0x00, 0x00, 0x00, 0x00, 0x00, 0x00, 0x00, 0x00, 0x00, 0x00,
  0x00, 0x00, 0x00, 0x00, 0x00, 0x00, 0x00, 0x00, 0x00, 0x00, 0x00, 0x00,
  0x00, 0x00, 0x00, 0x00, 0x00, 0x00, 0x00, 0x00, 0x00, 0x00, 0x00, 0x00,
  0x00, 0x00, 0x00, 0x00, 0x00, 0x00, 0x00, 0x00, 0x00, 0x00, 0x00, 0x00,
  0x00, 0x00, 0x00, 0x00, 0x00, 0x00, 0x00, 0x00, 0x00, 0x00, 0x00, 0x00,
  0x00, 0x00, 0x00, 0x00, 0x00, 0x00, 0x00, 0x00, 0x00, 0x00, 0x00, 0x00,
  0x00, 0x00, 0x00, 0x00, 0x00, 0x00, 0x00, 0x00, 0x00, 0x00, 0x00, 0x00,
  0x00, 0x00, 0x00, 0x00, 0x00, 0x00, 0x00, 0x00, 0x00, 0x00, 0x00, 0x00,
  0x00, 0x00, 0x00, 0x00, 0x00, 0x00, 0x00, 0x00, 0x00, 0x00, 0x00, 0x00,
  0x00, 0x00, 0x00, 0x00, 0x00, 0x00, 0x00, 0x00, 0x00, 0x00, 0x00, 0x00,
  0x00, 0x00, 0x00, 0x00, 0x00, 0x00, 0x00, 0x00, 0x00, 0x00, 0x00, 0x00,
  0x00, 0x00, 0x00, 0x00, 0x00, 0x00, 0x00, 0x00, 0x00, 0x00, 0x00, 0x00,
  0x00, 0x00, 0x00, 0x00, 0x00, 0x00, 0x00, 0x00, 0x00, 0x00, 0x00, 0x00,
  0x00, 0x00, 0x00, 0x00, 0x00, 0x00, 0x00, 0x00, 0x00, 0x00, 0x00, 0x00,
  0x00, 0x00, 0x00, 0x00, 0x00, 0x00, 0x00, 0x00, 0x00, 0x00, 0x00, 0x00,
  0x00, 0x00, 0x00, 0x00, 0x00, 0x00, 0x00, 0x00, 0x00, 0x00, 0x00, 0x00,
  0x00, 0x00, 0x00, 0x00, 0x00, 0x00, 0x00, 0x00, 0x00, 0x00, 0x00, 0x00,
  0x00, 0x00, 0x00, 0x00, 0x00, 0x00, 0x00, 0x00, 0x00, 0x00, 0x00, 0x00,
  0x00, 0x00, 0x00, 0x00, 0x00, 0x00, 0x00, 0x00, 0x00, 0x00, 0x00, 0x00,
  0x00, 0x00, 0x00, 0x00, 0x00, 0x00, 0x00, 0x00, 0x00, 0x00, 0x00, 0x00,
  0x00, 0x00, 0x00, 0x00, 0x00, 0x00, 0x00, 0x00, 0x00, 0x00, 0x00, 0x00,
  0x30, 0x00, 0x00, 0x00, 0x8b, 0x22, 0x9e, 0x37, 0x09, 0x20, 0x5e, 0x37,
  0x6e, 0x33, 0x1b, 0x37, 0xff, 0xde, 0x52, 0x37, 0x39, 0x6f, 0x2a, 0x37,
  0x27, 0x25, 0x65, 0x37, 0x61, 0x7b, 0x31, 0x37, 0x56, 0xf8, 0x46, 0x37,
  0x82, 0x39, 0x8e, 0x37, 0x92, 0xfc, 0x19, 0x37, 0x14, 0xa4, 0x73, 0x37,
  0x64, 0xfa, 0x7b, 0x37, 0x00, 0x06, 0x54, 0x37, 0x0f, 0x53, 0x12, 0x37,
  0x1f, 0xa0, 0x53, 0x37, 0x83, 0x74, 0x3f, 0x37, 0x2c, 0xcb, 0x66, 0x37,
  0x4f, 0xfc, 0x3b, 0x37, 0x6d, 0x82, 0x15, 0x37, 0x0a, 0x8a, 0xfc, 0x36,
  0x33, 0xb3, 0x9d, 0x37, 0xec, 0xe1, 0x1a, 0x37, 0xeb, 0xdb, 0x2b, 0x37,
  0x54, 0xed, 0x35, 0x37, 0x3a, 0x96, 0x69, 0x37, 0x3a, 0x65, 0xbd, 0x37,
  0x55, 0x3d, 0x01, 0x37, 0x47, 0xa8, 0x4a, 0x37, 0xf7, 0x37, 0x69, 0x37,
  0xf8, 0xee, 0x6e, 0x37, 0x95, 0x59, 0x25, 0x37, 0x5c, 0xf7, 0x0d, 0x37,
  0xf8, 0x46, 0x35, 0x37, 0xe6, 0x23, 0x40, 0x37, 0xb0, 0x42, 0x12, 0x37,
  0xe2, 0x0d, 0x3e, 0x37, 0x38, 0x36, 0x54, 0x37, 0xd6, 0x5b, 0x1e, 0x37,
  0x4c, 0xcb, 0x87, 0x37, 0x50, 0x8b, 0x16, 0x37, 0x44, 0x57, 0x84, 0x37,
  0xf6, 0xe6, 0x24, 0x37, 0x1d, 0x04, 0xe3, 0x36, 0x15, 0xf0, 0x1a, 0x37,
  0x4a, 0x1b, 0x0c, 0x37, 0x96, 0x8d, 0x2e, 0x37, 0x76, 0xd0, 0x3d, 0x37,
  0x6c, 0x6a, 0x3c, 0x37, 0x11, 0x00, 0x00, 0x00, 0x61, 0x72, 0x69, 0x74,
  0x68, 0x2e, 0x63, 0x6f, 0x6e, 0x73, 0x74, 0x61, 0x6e, 0x74, 0x31, 0x31,
  0x37, 0x00, 0x00, 0x00, 0x01, 0x00, 0x00, 0x00, 0x30, 0x00, 0x00, 0x00,
  0x26, 0xb2, 0xff, 0xff, 0x00, 0x00, 0x00, 0x01, 0x14, 0x00, 0x00, 0x00,
  0x64, 0x02, 0x00, 0x00, 0x24, 0x00, 0x00, 0x00, 0x00, 0x00, 0x00, 0x02,
  0x70, 0x02, 0x00, 0x00, 0x8c, 0xb1, 0xff, 0xff, 0x08, 0x00, 0x00, 0x00,
  0x88, 0x01, 0x00, 0x00, 0x30, 0x00, 0x00, 0x00, 0x00, 0x00, 0x00, 0x00,
  0x00, 0x00, 0x00, 0x00, 0x00, 0x00, 0x00, 0x00, 0x00, 0x00, 0x00, 0x00,
  0x00, 0x00, 0x00, 0x00, 0x00, 0x00, 0x00, 0x00, 0x00, 0x00, 0x00, 0x00,
  0x00, 0x00, 0x00, 0x00, 0x00, 0x00, 0x00, 0x00, 0x00, 0x00, 0x00, 0x00,
  0x00, 0x00, 0x00, 0x00, 0x00, 0x00, 0x00, 0x00, 0x00, 0x00, 0x00, 0x00,
  0x00, 0x00, 0x00, 0x00, 0x00, 0x00, 0x00, 0x00, 0x00, 0x00, 0x00, 0x00,
  0x00, 0x00, 0x00, 0x00, 0x00, 0x00, 0x00, 0x00, 0x00, 0x00, 0x00, 0x00,
  0x00, 0x00, 0x00, 0x00, 0x00, 0x00, 0x00, 0x00, 0x00, 0x00, 0x00, 0x00,
  0x00, 0x00, 0x00, 0x00, 0x00, 0x00, 0x00, 0x00, 0x00, 0x00, 0x00, 0x00,
  0x00, 0x00, 0x00, 0x00, 0x00, 0x00, 0x00, 0x00, 0x00, 0x00, 0x00, 0x00,
  0x00, 0x00, 0x00, 0x00, 0x00, 0x00, 0x00, 0x00, 0x00, 0x00, 0x00, 0x00,
  0x00, 0x00, 0x00, 0x00, 0x00, 0x00, 0x00, 0x00, 0x00, 0x00, 0x00, 0x00,
  0x00, 0x00, 0x00, 0x00, 0x00, 0x00, 0x00, 0x00, 0x00, 0x00, 0x00, 0x00,
  0x00, 0x00, 0x00, 0x00, 0x00, 0x00, 0x00, 0x00, 0x00, 0x00, 0x00, 0x00,
  0x00, 0x00, 0x00, 0x00, 0x00, 0x00, 0x00, 0x00, 0x00, 0x00, 0x00, 0x00,
  0x00, 0x00, 0x00, 0x00, 0x00, 0x00, 0x00, 0x00, 0x00, 0x00, 0x00, 0x00,
  0x00, 0x00, 0x00, 0x00, 0x00, 0x00, 0x00, 0x00, 0x00, 0x00, 0x00, 0x00,
  0x00, 0x00, 0x00, 0x00, 0x00, 0x00, 0x00, 0x00, 0x00, 0x00, 0x00, 0x00,
  0x00, 0x00, 0x00, 0x00, 0x00, 0x00, 0x00, 0x00, 0x00, 0x00, 0x00, 0x00,
  0x00, 0x00, 0x00, 0x00, 0x00, 0x00, 0x00, 0x00, 0x00, 0x00, 0x00, 0x00,
  0x00, 0x00, 0x00, 0x00, 0x00, 0x00, 0x00, 0x00, 0x00, 0x00, 0x00, 0x00,
  0x00, 0x00, 0x00, 0x00, 0x00, 0x00, 0x00, 0x00, 0x00, 0x00, 0x00, 0x00,
  0x00, 0x00, 0x00, 0x00, 0x00, 0x00, 0x00, 0x00, 0x00, 0x00, 0x00, 0x00,
  0x00, 0x00, 0x00, 0x00, 0x00, 0x00, 0x00, 0x00, 0x00, 0x00, 0x00, 0x00,
  0x00, 0x00, 0x00, 0x00, 0x00, 0x00, 0x00, 0x00, 0x00, 0x00, 0x00, 0x00,
  0x00, 0x00, 0x00, 0x00, 0x00, 0x00, 0x00, 0x00, 0x00, 0x00, 0x00, 0x00,
  0x00, 0x00, 0x00, 0x00, 0x00, 0x00, 0x00, 0x00, 0x00, 0x00, 0x00, 0x00,
  0x00, 0x00, 0x00, 0x00, 0x00, 0x00, 0x00, 0x00, 0x00, 0x00, 0x00, 0x00,
  0x00, 0x00, 0x00, 0x00, 0x00, 0x00, 0x00, 0x00, 0x00, 0x00, 0x00, 0x00,
  0x00, 0x00, 0x00, 0x00, 0x00, 0x00, 0x00, 0x00, 0x00, 0x00, 0x00, 0x00,
  0x00, 0x00, 0x00, 0x00, 0x00, 0x00, 0x00, 0x00, 0x00, 0x00, 0x00, 0x00,
  0x00, 0x00, 0x00, 0x00, 0x00, 0x00, 0x00, 0x00, 0x00, 0x00, 0x00, 0x00,
  0x00, 0x00, 0x00, 0x00, 0x00, 0x00, 0x00, 0x00, 0x30, 0x00, 0x00, 0x00,
  0x8b, 0x22, 0x9e, 0x37, 0x09, 0x20, 0x5e, 0x37, 0x6e, 0x33, 0x1b, 0x37,
  0xff, 0xde, 0x52, 0x37, 0x39, 0x6f, 0x2a, 0x37, 0x27, 0x25, 0x65, 0x37,
  0x61, 0x7b, 0x31, 0x37, 0x56, 0xf8, 0x46, 0x37, 0x82, 0x39, 0x8e, 0x37,
  0x92, 0xfc, 0x19, 0x37, 0x14, 0xa4, 0x73, 0x37, 0x64, 0xfa, 0x7b, 0x37,
  0x00, 0x06, 0x54, 0x37, 0x0f, 0x53, 0x12, 0x37, 0x1f, 0xa0, 0x53, 0x37,
  0x83, 0x74, 0x3f, 0x37, 0x2c, 0xcb, 0x66, 0x37, 0x4f, 0xfc, 0x3b, 0x37,
  0x6d, 0x82, 0x15, 0x37, 0x0a, 0x8a, 0xfc, 0x36, 0x33, 0xb3, 0x9d, 0x37,
  0xec, 0xe1, 0x1a, 0x37, 0xeb, 0xdb, 0x2b, 0x37, 0x54, 0xed, 0x35, 0x37,
  0x3a, 0x96, 0x69, 0x37, 0x3a, 0x65, 0xbd, 0x37, 0x55, 0x3d, 0x01, 0x37,
  0x47, 0xa8, 0x4a, 0x37, 0xf7, 0x37, 0x69, 0x37, 0xf8, 0xee, 0x6e, 0x37,
  0x95, 0x59, 0x25, 0x37, 0x5c, 0xf7, 0x0d, 0x37, 0xf8, 0x46, 0x35, 0x37,
  0xe6, 0x23, 0x40, 0x37, 0xb0, 0x42, 0x12, 0x37, 0xe2, 0x0d, 0x3e, 0x37,
  0x38, 0x36, 0x54, 0x37, 0xd6, 0x5b, 0x1e, 0x37, 0x4c, 0xcb, 0x87, 0x37,
  0x50, 0x8b, 0x16, 0x37, 0x44, 0x57, 0x84, 0x37, 0xf6, 0xe6, 0x24, 0x37,
  0x1d, 0x04, 0xe3, 0x36, 0x15, 0xf0, 0x1a, 0x37, 0x4a, 0x1b, 0x0c, 0x37,
  0x96, 0x8d, 0x2e, 0x37, 0x76, 0xd0, 0x3d, 0x37, 0x6c, 0x6a, 0x3c, 0x37,
  0x11, 0x00, 0x00, 0x00, 0x61, 0x72, 0x69, 0x74, 0x68, 0x2e, 0x63, 0x6f,
  0x6e, 0x73, 0x74, 0x61, 0x6e, 0x74, 0x31, 0x31, 0x36, 0x00, 0x00, 0x00,
  0x01, 0x00, 0x00, 0x00, 0x30, 0x00, 0x00, 0x00, 0xb6, 0xb4, 0xff, 0xff,
  0x00, 0x00, 0x00, 0x01, 0x14, 0x00, 0x00, 0x00, 0x64, 0x02, 0x00, 0x00,
  0x24, 0x00, 0x00, 0x00, 0x00, 0x00, 0x00, 0x02, 0x70, 0x02, 0x00, 0x00,
  0x1c, 0xb4, 0xff, 0xff, 0x08, 0x00, 0x00, 0x00, 0x88, 0x01, 0x00, 0x00,
  0x30, 0x00, 0x00, 0x00, 0x00, 0x00, 0x00, 0x00, 0x00, 0x00, 0x00, 0x00,
  0x00, 0x00, 0x00, 0x00, 0x00, 0x00, 0x00, 0x00, 0x00, 0x00, 0x00, 0x00,
  0x00, 0x00, 0x00, 0x00, 0x00, 0x00, 0x00, 0x00, 0x00, 0x00, 0x00, 0x00,
  0x00, 0x00, 0x00, 0x00, 0x00, 0x00, 0x00, 0x00, 0x00, 0x00, 0x00, 0x00,
  0x00, 0x00, 0x00, 0x00, 0x00, 0x00, 0x00, 0x00, 0x00, 0x00, 0x00, 0x00,
  0x00, 0x00, 0x00, 0x00, 0x00, 0x00, 0x00, 0x00, 0x00, 0x00, 0x00, 0x00,
  0x00, 0x00, 0x00, 0x00, 0x00, 0x00, 0x00, 0x00, 0x00, 0x00, 0x00, 0x00,
  0x00, 0x00, 0x00, 0x00, 0x00, 0x00, 0x00, 0x00, 0x00, 0x00, 0x00, 0x00,
  0x00, 0x00, 0x00, 0x00, 0x00, 0x00, 0x00, 0x00, 0x00, 0x00, 0x00, 0x00,
  0x00, 0x00, 0x00, 0x00, 0x00, 0x00, 0x00, 0x00, 0x00, 0x00, 0x00, 0x00,
  0x00, 0x00, 0x00, 0x00, 0x00, 0x00, 0x00, 0x00, 0x00, 0x00, 0x00, 0x00,
  0x00, 0x00, 0x00, 0x00, 0x00, 0x00, 0x00, 0x00, 0x00, 0x00, 0x00, 0x00,
  0x00, 0x00, 0x00, 0x00, 0x00, 0x00, 0x00, 0x00, 0x00, 0x00, 0x00, 0x00,
  0x00, 0x00, 0x00, 0x00, 0x00, 0x00, 0x00, 0x00, 0x00, 0x00, 0x00, 0x00,
  0x00, 0x00, 0x00, 0x00, 0x00, 0x00, 0x00, 0x00, 0x00, 0x00, 0x00, 0x00,
  0x00, 0x00, 0x00, 0x00, 0x00, 0x00, 0x00, 0x00, 0x00, 0x00, 0x00, 0x00,
  0x00, 0x00, 0x00, 0x00, 0x00, 0x00, 0x00, 0x00, 0x00, 0x00, 0x00, 0x00,
  0x00, 0x00, 0x00, 0x00, 0x00, 0x00, 0x00, 0x00, 0x00, 0x00, 0x00, 0x00,
  0x00, 0x00, 0x00, 0x00, 0x00, 0x00, 0x00, 0x00, 0x00, 0x00, 0x00, 0x00,
  0x00, 0x00, 0x00, 0x00, 0x00, 0x00, 0x00, 0x00, 0x00, 0x00, 0x00, 0x00,
  0x00, 0x00, 0x00, 0x00, 0x00, 0x00, 0x00, 0x00, 0x00, 0x00, 0x00, 0x00,
  0x00, 0x00, 0x00, 0x00, 0x00, 0x00, 0x00, 0x00, 0x00, 0x00, 0x00, 0x00,
  0x00, 0x00, 0x00, 0x00, 0x00, 0x00, 0x00, 0x00, 0x00, 0x00, 0x00, 0x00,
  0x00, 0x00, 0x00, 0x00, 0x00, 0x00, 0x00, 0x00, 0x00, 0x00, 0x00, 0x00,
  0x00, 0x00, 0x00, 0x00, 0x00, 0x00, 0x00, 0x00, 0x00, 0x00, 0x00, 0x00,
  0x00, 0x00, 0x00, 0x00, 0x00, 0x00, 0x00, 0x00, 0x00, 0x00, 0x00, 0x00,
  0x00, 0x00, 0x00, 0x00, 0x00, 0x00, 0x00, 0x00, 0x00, 0x00, 0x00, 0x00,
  0x00, 0x00, 0x00, 0x00, 0x00, 0x00, 0x00, 0x00, 0x00, 0x00, 0x00, 0x00,
  0x00, 0x00, 0x00, 0x00, 0x00, 0x00, 0x00, 0x00, 0x00, 0x00, 0x00, 0x00,
  0x00, 0x00, 0x00, 0x00, 0x00, 0x00, 0x00, 0x00, 0x00, 0x00, 0x00, 0x00,
  0x00, 0x00, 0x00, 0x00, 0x00, 0x00, 0x00, 0x00, 0x00, 0x00, 0x00, 0x00,
  0x00, 0x00, 0x00, 0x00, 0x00, 0x00, 0x00, 0x00, 0x00, 0x00, 0x00, 0x00,
  0x00, 0x00, 0x00, 0x00, 0x30, 0x00, 0x00, 0x00, 0x8b, 0x22, 0x9e, 0x37,
  0x09, 0x20, 0x5e, 0x37, 0x6e, 0x33, 0x1b, 0x37, 0xff, 0xde, 0x52, 0x37,
  0x39, 0x6f, 0x2a, 0x37, 0x27, 0x25, 0x65, 0x37, 0x61, 0x7b, 0x31, 0x37,
  0x56, 0xf8, 0x46, 0x37, 0x82, 0x39, 0x8e, 0x37, 0x92, 0xfc, 0x19, 0x37,
  0x14, 0xa4, 0x73, 0x37, 0x64, 0xfa, 0x7b, 0x37, 0x00, 0x06, 0x54, 0x37,
  0x0f, 0x53, 0x12, 0x37, 0x1f, 0xa0, 0x53, 0x37, 0x83, 0x74, 0x3f, 0x37,
  0x2c, 0xcb, 0x66, 0x37, 0x4f, 0xfc, 0x3b, 0x37, 0x6d, 0x82, 0x15, 0x37,
  0x0a, 0x8a, 0xfc, 0x36, 0x33, 0xb3, 0x9d, 0x37, 0xec, 0xe1, 0x1a, 0x37,
  0xeb, 0xdb, 0x2b, 0x37, 0x54, 0xed, 0x35, 0x37, 0x3a, 0x96, 0x69, 0x37,
  0x3a, 0x65, 0xbd, 0x37, 0x55, 0x3d, 0x01, 0x37, 0x47, 0xa8, 0x4a, 0x37,
  0xf7, 0x37, 0x69, 0x37, 0xf8, 0xee, 0x6e, 0x37, 0x95, 0x59, 0x25, 0x37,
  0x5c, 0xf7, 0x0d, 0x37, 0xf8, 0x46, 0x35, 0x37, 0xe6, 0x23, 0x40, 0x37,
  0xb0, 0x42, 0x12, 0x37, 0xe2, 0x0d, 0x3e, 0x37, 0x38, 0x36, 0x54, 0x37,
  0xd6, 0x5b, 0x1e, 0x37, 0x4c, 0xcb, 0x87, 0x37, 0x50, 0x8b, 0x16, 0x37,
  0x44, 0x57, 0x84, 0x37, 0xf6, 0xe6, 0x24, 0x37, 0x1d, 0x04, 0xe3, 0x36,
  0x15, 0xf0, 0x1a, 0x37, 0x4a, 0x1b, 0x0c, 0x37, 0x96, 0x8d, 0x2e, 0x37,
  0x76, 0xd0, 0x3d, 0x37, 0x6c, 0x6a, 0x3c, 0x37, 0x11, 0x00, 0x00, 0x00,
  0x61, 0x72, 0x69, 0x74, 0x68, 0x2e, 0x63, 0x6f, 0x6e, 0x73, 0x74, 0x61,
  0x6e, 0x74, 0x31, 0x31, 0x35, 0x00, 0x00, 0x00, 0x01, 0x00, 0x00, 0x00,
  0x30, 0x00, 0x00, 0x00, 0x46, 0xb7, 0xff, 0xff, 0x00, 0x00, 0x00, 0x01,
  0x14, 0x00, 0x00, 0x00, 0x64, 0x02, 0x00, 0x00, 0x24, 0x00, 0x00, 0x00,
  0x00, 0x00, 0x00, 0x02, 0x70, 0x02, 0x00, 0x00, 0xac, 0xb6, 0xff, 0xff,
  0x08, 0x00, 0x00, 0x00, 0x88, 0x01, 0x00, 0x00, 0x30, 0x00, 0x00, 0x00,
  0x00, 0x00, 0x00, 0x00, 0x00, 0x00, 0x00, 0x00, 0x00, 0x00, 0x00, 0x00,
  0x00, 0x00, 0x00, 0x00, 0x00, 0x00, 0x00, 0x00, 0x00, 0x00, 0x00, 0x00,
  0x00, 0x00, 0x00, 0x00, 0x00, 0x00, 0x00, 0x00, 0x00, 0x00, 0x00, 0x00,
  0x00, 0x00, 0x00, 0x00, 0x00, 0x00, 0x00, 0x00, 0x00, 0x00, 0x00, 0x00,
  0x00, 0x00, 0x00, 0x00, 0x00, 0x00, 0x00, 0x00, 0x00, 0x00, 0x00, 0x00,
  0x00, 0x00, 0x00, 0x00, 0x00, 0x00, 0x00, 0x00, 0x00, 0x00, 0x00, 0x00,
  0x00, 0x00, 0x00, 0x00, 0x00, 0x00, 0x00, 0x00, 0x00, 0x00, 0x00, 0x00,
  0x00, 0x00, 0x00, 0x00, 0x00, 0x00, 0x00, 0x00, 0x00, 0x00, 0x00, 0x00,
  0x00, 0x00, 0x00, 0x00, 0x00, 0x00, 0x00, 0x00, 0x00, 0x00, 0x00, 0x00,
  0x00, 0x00, 0x00, 0x00, 0x00, 0x00, 0x00, 0x00, 0x00, 0x00, 0x00, 0x00,
  0x00, 0x00, 0x00, 0x00, 0x00, 0x00, 0x00, 0x00, 0x00, 0x00, 0x00, 0x00,
  0x00, 0x00, 0x00, 0x00, 0x00, 0x00, 0x00, 0x00, 0x00, 0x00, 0x00, 0x00,
  0x00, 0x00, 0x00, 0x00, 0x00, 0x00, 0x00, 0x00, 0x00, 0x00, 0x00, 0x00,
  0x00, 0x00, 0x00, 0x00, 0x00, 0x00, 0x00, 0x00, 0x00, 0x00, 0x00, 0x00,
  0x00, 0x00, 0x00, 0x00, 0x00, 0x00, 0x00, 0x00, 0x00, 0x00, 0x00, 0x00,
  0x00, 0x00, 0x00, 0x00, 0x00, 0x00, 0x00, 0x00, 0x00, 0x00, 0x00, 0x00,
  0x00, 0x00, 0x00, 0x00, 0x00, 0x00, 0x00, 0x00, 0x00, 0x00, 0x00, 0x00,
  0x00, 0x00, 0x00, 0x00, 0x00, 0x00, 0x00, 0x00, 0x00, 0x00, 0x00, 0x00,
  0x00, 0x00, 0x00, 0x00, 0x00, 0x00, 0x00, 0x00, 0x00, 0x00, 0x00, 0x00,
  0x00, 0x00, 0x00, 0x00, 0x00, 0x00, 0x00, 0x00, 0x00, 0x00, 0x00, 0x00,
  0x00, 0x00, 0x00, 0x00, 0x00, 0x00, 0x00, 0x00, 0x00, 0x00, 0x00, 0x00,
  0x00, 0x00, 0x00, 0x00, 0x00, 0x00, 0x00, 0x00, 0x00, 0x00, 0x00, 0x00,
  0x00, 0x00, 0x00, 0x00, 0x00, 0x00, 0x00, 0x00, 0x00, 0x00, 0x00, 0x00,
  0x00, 0x00, 0x00, 0x00, 0x00, 0x00, 0x00, 0x00, 0x00, 0x00, 0x00, 0x00,
  0x00, 0x00, 0x00, 0x00, 0x00, 0x00, 0x00, 0x00, 0x00, 0x00, 0x00, 0x00,
  0x00, 0x00, 0x00, 0x00, 0x00, 0x00, 0x00, 0x00, 0x00, 0x00, 0x00, 0x00,
  0x00, 0x00, 0x00, 0x00, 0x00, 0x00, 0x00, 0x00, 0x00, 0x00, 0x00, 0x00,
  0x00, 0x00, 0x00, 0x00, 0x00, 0x00, 0x00, 0x00, 0x00, 0x00, 0x00, 0x00,
  0x00, 0x00, 0x00, 0x00, 0x00, 0x00, 0x00, 0x00, 0x00, 0x00, 0x00, 0x00,
  0x00, 0x00, 0x00, 0x00, 0x00, 0x00, 0x00, 0x00, 0x00, 0x00, 0x00, 0x00,
  0x00, 0x00, 0x00, 0x00, 0x00, 0x00, 0x00, 0x00, 0x00, 0x00, 0x00, 0x00,
  0x00, 0x00, 0x00, 0x00, 0x00, 0x00, 0x00, 0x00, 0x00, 0x00, 0x00, 0x00,
  0x30, 0x00, 0x00, 0x00, 0x8b, 0x22, 0x9e, 0x37, 0x09, 0x20, 0x5e, 0x37,
  0x6e, 0x33, 0x1b, 0x37, 0xff, 0xde, 0x52, 0x37, 0x39, 0x6f, 0x2a, 0x37,
  0x27, 0x25, 0x65, 0x37, 0x61, 0x7b, 0x31, 0x37, 0x56, 0xf8, 0x46, 0x37,
  0x82, 0x39, 0x8e, 0x37, 0x92, 0xfc, 0x19, 0x37, 0x14, 0xa4, 0x73, 0x37,
  0x64, 0xfa, 0x7b, 0x37, 0x00, 0x06, 0x54, 0x37, 0x0f, 0x53, 0x12, 0x37,
  0x1f, 0xa0, 0x53, 0x37, 0x83, 0x74, 0x3f, 0x37, 0x2c, 0xcb, 0x66, 0x37,
  0x4f, 0xfc, 0x3b, 0x37, 0x6d, 0x82, 0x15, 0x37, 0x0a, 0x8a, 0xfc, 0x36,
  0x33, 0xb3, 0x9d, 0x37, 0xec, 0xe1, 0x1a, 0x37, 0xeb, 0xdb, 0x2b, 0x37,
  0x54, 0xed, 0x35, 0x37, 0x3a, 0x96, 0x69, 0x37, 0x3a, 0x65, 0xbd, 0x37,
  0x55, 0x3d, 0x01, 0x37, 0x47, 0xa8, 0x4a, 0x37, 0xf7, 0x37, 0x69, 0x37,
  0xf8, 0xee, 0x6e, 0x37, 0x95, 0x59, 0x25, 0x37, 0x5c, 0xf7, 0x0d, 0x37,
  0xf8, 0x46, 0x35, 0x37, 0xe6, 0x23, 0x40, 0x37, 0xb0, 0x42, 0x12, 0x37,
  0xe2, 0x0d, 0x3e, 0x37, 0x38, 0x36, 0x54, 0x37, 0xd6, 0x5b, 0x1e, 0x37,
  0x4c, 0xcb, 0x87, 0x37, 0x50, 0x8b, 0x16, 0x37, 0x44, 0x57, 0x84, 0x37,
  0xf6, 0xe6, 0x24, 0x37, 0x1d, 0x04, 0xe3, 0x36, 0x15, 0xf0, 0x1a, 0x37,
  0x4a, 0x1b, 0x0c, 0x37, 0x96, 0x8d, 0x2e, 0x37, 0x76, 0xd0, 0x3d, 0x37,
  0x6c, 0x6a, 0x3c, 0x37, 0x11, 0x00, 0x00, 0x00, 0x61, 0x72, 0x69, 0x74,
  0x68, 0x2e, 0x63, 0x6f, 0x6e, 0x73, 0x74, 0x61, 0x6e, 0x74, 0x31, 0x31,
  0x34, 0x00, 0x00, 0x00, 0x01, 0x00, 0x00, 0x00, 0x30, 0x00, 0x00, 0x00,
  0xd6, 0xb9, 0xff, 0xff, 0x00, 0x00, 0x00, 0x01, 0x14, 0x00, 0x00, 0x00,
  0x64, 0x02, 0x00, 0x00, 0x24, 0x00, 0x00, 0x00, 0x00, 0x00, 0x00, 0x02,
  0x70, 0x02, 0x00, 0x00, 0x3c, 0xb9, 0xff, 0xff, 0x08, 0x00, 0x00, 0x00,
  0x88, 0x01, 0x00, 0x00, 0x30, 0x00, 0x00, 0x00, 0x00, 0x00, 0x00, 0x00,
  0x00, 0x00, 0x00, 0x00, 0x00, 0x00, 0x00, 0x00, 0x00, 0x00, 0x00, 0x00,
  0x00, 0x00, 0x00, 0x00, 0x00, 0x00, 0x00, 0x00, 0x00, 0x00, 0x00, 0x00,
  0x00, 0x00, 0x00, 0x00, 0x00, 0x00, 0x00, 0x00, 0x00, 0x00, 0x00, 0x00,
  0x00, 0x00, 0x00, 0x00, 0x00, 0x00, 0x00, 0x00, 0x00, 0x00, 0x00, 0x00,
  0x00, 0x00, 0x00, 0x00, 0x00, 0x00, 0x00, 0x00, 0x00, 0x00, 0x00, 0x00,
  0x00, 0x00, 0x00, 0x00, 0x00, 0x00, 0x00, 0x00, 0x00, 0x00, 0x00, 0x00,
  0x00, 0x00, 0x00, 0x00, 0x00, 0x00, 0x00, 0x00, 0x00, 0x00, 0x00, 0x00,
  0x00, 0x00, 0x00, 0x00, 0x00, 0x00, 0x00, 0x00, 0x00, 0x00, 0x00, 0x00,
  0x00, 0x00, 0x00, 0x00, 0x00, 0x00, 0x00, 0x00, 0x00, 0x00, 0x00, 0x00,
  0x00, 0x00, 0x00, 0x00, 0x00, 0x00, 0x00, 0x00, 0x00, 0x00, 0x00, 0x00,
  0x00, 0x00, 0x00, 0x00, 0x00, 0x00, 0x00, 0x00, 0x00, 0x00, 0x00, 0x00,
  0x00, 0x00, 0x00, 0x00, 0x00, 0x00, 0x00, 0x00, 0x00, 0x00, 0x00, 0x00,
  0x00, 0x00, 0x00, 0x00, 0x00, 0x00, 0x00, 0x00, 0x00, 0x00, 0x00, 0x00,
  0x00, 0x00, 0x00, 0x00, 0x00, 0x00, 0x00, 0x00, 0x00, 0x00, 0x00, 0x00,
  0x00, 0x00, 0x00, 0x00, 0x00, 0x00, 0x00, 0x00, 0x00, 0x00, 0x00, 0x00,
  0x00, 0x00, 0x00, 0x00, 0x00, 0x00, 0x00, 0x00, 0x00, 0x00, 0x00, 0x00,
  0x00, 0x00, 0x00, 0x00, 0x00, 0x00, 0x00, 0x00, 0x00, 0x00, 0x00, 0x00,
  0x00, 0x00, 0x00, 0x00, 0x00, 0x00, 0x00, 0x00, 0x00, 0x00, 0x00, 0x00,
  0x00, 0x00, 0x00, 0x00, 0x00, 0x00, 0x00, 0x00, 0x00, 0x00, 0x00, 0x00,
  0x00, 0x00, 0x00, 0x00, 0x00, 0x00, 0x00, 0x00, 0x00, 0x00, 0x00, 0x00,
  0x00, 0x00, 0x00, 0x00, 0x00, 0x00, 0x00, 0x00, 0x00, 0x00, 0x00, 0x00,
  0x00, 0x00, 0x00, 0x00, 0x00, 0x00, 0x00, 0x00, 0x00, 0x00, 0x00, 0x00,
  0x00, 0x00, 0x00, 0x00, 0x00, 0x00, 0x00, 0x00, 0x00, 0x00, 0x00, 0x00,
  0x00, 0x00, 0x00, 0x00, 0x00, 0x00, 0x00, 0x00, 0x00, 0x00, 0x00, 0x00,
  0x00, 0x00, 0x00, 0x00, 0x00, 0x00, 0x00, 0x00, 0x00, 0x00, 0x00, 0x00,
  0x00, 0x00, 0x00, 0x00, 0x00, 0x00, 0x00, 0x00, 0x00, 0x00, 0x00, 0x00,
  0x00, 0x00, 0x00, 0x00, 0x00, 0x00, 0x00, 0x00, 0x00, 0x00, 0x00, 0x00,
  0x00, 0x00, 0x00, 0x00, 0x00, 0x00, 0x00, 0x00, 0x00, 0x00, 0x00, 0x00,
  0x00, 0x00, 0x00, 0x00, 0x00, 0x00, 0x00, 0x00, 0x00, 0x00, 0x00, 0x00,
  0x00, 0x00, 0x00, 0x00, 0x00, 0x00, 0x00, 0x00, 0x00, 0x00, 0x00, 0x00,
  0x00, 0x00, 0x00, 0x00, 0x00, 0x00, 0x00, 0x00, 0x00, 0x00, 0x00, 0x00,
  0x00, 0x00, 0x00, 0x00, 0x00, 0x00, 0x00, 0x00, 0x30, 0x00, 0x00, 0x00,
  0x8b, 0x22, 0x9e, 0x37, 0x09, 0x20, 0x5e, 0x37, 0x6e, 0x33, 0x1b, 0x37,
  0xff, 0xde, 0x52, 0x37, 0x39, 0x6f, 0x2a, 0x37, 0x27, 0x25, 0x65, 0x37,
  0x61, 0x7b, 0x31, 0x37, 0x56, 0xf8, 0x46, 0x37, 0x82, 0x39, 0x8e, 0x37,
  0x92, 0xfc, 0x19, 0x37, 0x14, 0xa4, 0x73, 0x37, 0x64, 0xfa, 0x7b, 0x37,
  0x00, 0x06, 0x54, 0x37, 0x0f, 0x53, 0x12, 0x37, 0x1f, 0xa0, 0x53, 0x37,
  0x83, 0x74, 0x3f, 0x37, 0x2c, 0xcb, 0x66, 0x37, 0x4f, 0xfc, 0x3b, 0x37,
  0x6d, 0x82, 0x15, 0x37, 0x0a, 0x8a, 0xfc, 0x36, 0x33, 0xb3, 0x9d, 0x37,
  0xec, 0xe1, 0x1a, 0x37, 0xeb, 0xdb, 0x2b, 0x37, 0x54, 0xed, 0x35, 0x37,
  0x3a, 0x96, 0x69, 0x37, 0x3a, 0x65, 0xbd, 0x37, 0x55, 0x3d, 0x01, 0x37,
  0x47, 0xa8, 0x4a, 0x37, 0xf7, 0x37, 0x69, 0x37, 0xf8, 0xee, 0x6e, 0x37,
  0x95, 0x59, 0x25, 0x37, 0x5c, 0xf7, 0x0d, 0x37, 0xf8, 0x46, 0x35, 0x37,
  0xe6, 0x23, 0x40, 0x37, 0xb0, 0x42, 0x12, 0x37, 0xe2, 0x0d, 0x3e, 0x37,
  0x38, 0x36, 0x54, 0x37, 0xd6, 0x5b, 0x1e, 0x37, 0x4c, 0xcb, 0x87, 0x37,
  0x50, 0x8b, 0x16, 0x37, 0x44, 0x57, 0x84, 0x37, 0xf6, 0xe6, 0x24, 0x37,
  0x1d, 0x04, 0xe3, 0x36, 0x15, 0xf0, 0x1a, 0x37, 0x4a, 0x1b, 0x0c, 0x37,
  0x96, 0x8d, 0x2e, 0x37, 0x76, 0xd0, 0x3d, 0x37, 0x6c, 0x6a, 0x3c, 0x37,
  0x11, 0x00, 0x00, 0x00, 0x61, 0x72, 0x69, 0x74, 0x68, 0x2e, 0x63, 0x6f,
  0x6e, 0x73, 0x74, 0x61, 0x6e, 0x74, 0x31, 0x31, 0x33, 0x00, 0x00, 0x00,
  0x01, 0x00, 0x00, 0x00, 0x30, 0x00, 0x00, 0x00, 0x66, 0xbc, 0xff, 0xff,
  0x00, 0x00, 0x00, 0x01, 0x14, 0x00, 0x00, 0x00, 0x64, 0x02, 0x00, 0x00,
  0x24, 0x00, 0x00, 0x00, 0x00, 0x00, 0x00, 0x02, 0x70, 0x02, 0x00, 0x00,
  0xcc, 0xbb, 0xff, 0xff, 0x08, 0x00, 0x00, 0x00, 0x88, 0x01, 0x00, 0x00,
  0x30, 0x00, 0x00, 0x00, 0x00, 0x00, 0x00, 0x00, 0x00, 0x00, 0x00, 0x00,
  0x00, 0x00, 0x00, 0x00, 0x00, 0x00, 0x00, 0x00, 0x00, 0x00, 0x00, 0x00,
  0x00, 0x00, 0x00, 0x00, 0x00, 0x00, 0x00, 0x00, 0x00, 0x00, 0x00, 0x00,
  0x00, 0x00, 0x00, 0x00, 0x00, 0x00, 0x00, 0x00, 0x00, 0x00, 0x00, 0x00,
  0x00, 0x00, 0x00, 0x00, 0x00, 0x00, 0x00, 0x00, 0x00, 0x00, 0x00, 0x00,
  0x00, 0x00, 0x00, 0x00, 0x00, 0x00, 0x00, 0x00, 0x00, 0x00, 0x00, 0x00,
  0x00, 0x00, 0x00, 0x00, 0x00, 0x00, 0x00, 0x00, 0x00, 0x00, 0x00, 0x00,
  0x00, 0x00, 0x00, 0x00, 0x00, 0x00, 0x00, 0x00, 0x00, 0x00, 0x00, 0x00,
  0x00, 0x00, 0x00, 0x00, 0x00, 0x00, 0x00, 0x00, 0x00, 0x00, 0x00, 0x00,
  0x00, 0x00, 0x00, 0x00, 0x00, 0x00, 0x00, 0x00, 0x00, 0x00, 0x00, 0x00,
  0x00, 0x00, 0x00, 0x00, 0x00, 0x00, 0x00, 0x00, 0x00, 0x00, 0x00, 0x00,
  0x00, 0x00, 0x00, 0x00, 0x00, 0x00, 0x00, 0x00, 0x00, 0x00, 0x00, 0x00,
  0x00, 0x00, 0x00, 0x00, 0x00, 0x00, 0x00, 0x00, 0x00, 0x00, 0x00, 0x00,
  0x00, 0x00, 0x00, 0x00, 0x00, 0x00, 0x00, 0x00, 0x00, 0x00, 0x00, 0x00,
  0x00, 0x00, 0x00, 0x00, 0x00, 0x00, 0x00, 0x00, 0x00, 0x00, 0x00, 0x00,
  0x00, 0x00, 0x00, 0x00, 0x00, 0x00, 0x00, 0x00, 0x00, 0x00, 0x00, 0x00,
  0x00, 0x00, 0x00, 0x00, 0x00, 0x00, 0x00, 0x00, 0x00, 0x00, 0x00, 0x00,
  0x00, 0x00, 0x00, 0x00, 0x00, 0x00, 0x00, 0x00, 0x00, 0x00, 0x00, 0x00,
  0x00, 0x00, 0x00, 0x00, 0x00, 0x00, 0x00, 0x00, 0x00, 0x00, 0x00, 0x00,
  0x00, 0x00, 0x00, 0x00, 0x00, 0x00, 0x00, 0x00, 0x00, 0x00, 0x00, 0x00,
  0x00, 0x00, 0x00, 0x00, 0x00, 0x00, 0x00, 0x00, 0x00, 0x00, 0x00, 0x00,
  0x00, 0x00, 0x00, 0x00, 0x00, 0x00, 0x00, 0x00, 0x00, 0x00, 0x00, 0x00,
  0x00, 0x00, 0x00, 0x00, 0x00, 0x00, 0x00, 0x00, 0x00, 0x00, 0x00, 0x00,
  0x00, 0x00, 0x00, 0x00, 0x00, 0x00, 0x00, 0x00, 0x00, 0x00, 0x00, 0x00,
  0x00, 0x00, 0x00, 0x00, 0x00, 0x00, 0x00, 0x00, 0x00, 0x00, 0x00, 0x00,
  0x00, 0x00, 0x00, 0x00, 0x00, 0x00, 0x00, 0x00, 0x00, 0x00, 0x00, 0x00,
  0x00, 0x00, 0x00, 0x00, 0x00, 0x00, 0x00, 0x00, 0x00, 0x00, 0x00, 0x00,
  0x00, 0x00, 0x00, 0x00, 0x00, 0x00, 0x00, 0x00, 0x00, 0x00, 0x00, 0x00,
  0x00, 0x00, 0x00, 0x00, 0x00, 0x00, 0x00, 0x00, 0x00, 0x00, 0x00, 0x00,
  0x00, 0x00, 0x00, 0x00, 0x00, 0x00, 0x00, 0x00, 0x00, 0x00, 0x00, 0x00,
  0x00, 0x00, 0x00, 0x00, 0x00, 0x00, 0x00, 0x00, 0x00, 0x00, 0x00, 0x00,
  0x00, 0x00, 0x00, 0x00, 0x00, 0x00, 0x00, 0x00, 0x00, 0x00, 0x00, 0x00,
  0x00, 0x00, 0x00, 0x00, 0x30, 0x00, 0x00, 0x00, 0x8b, 0x22, 0x9e, 0x37,
  0x09, 0x20, 0x5e, 0x37, 0x6e, 0x33, 0x1b, 0x37, 0xff, 0xde, 0x52, 0x37,
  0x39, 0x6f, 0x2a, 0x37, 0x27, 0x25, 0x65, 0x37, 0x61, 0x7b, 0x31, 0x37,
  0x56, 0xf8, 0x46, 0x37, 0x82, 0x39, 0x8e, 0x37, 0x92, 0xfc, 0x19, 0x37,
  0x14, 0xa4, 0x73, 0x37, 0x64, 0xfa, 0x7b, 0x37, 0x00, 0x06, 0x54, 0x37,
  0x0f, 0x53, 0x12, 0x37, 0x1f, 0xa0, 0x53, 0x37, 0x83, 0x74, 0x3f, 0x37,
  0x2c, 0xcb, 0x66, 0x37, 0x4f, 0xfc, 0x3b, 0x37, 0x6d, 0x82, 0x15, 0x37,
  0x0a, 0x8a, 0xfc, 0x36, 0x33, 0xb3, 0x9d, 0x37, 0xec, 0xe1, 0x1a, 0x37,
  0xeb, 0xdb, 0x2b, 0x37, 0x54, 0xed, 0x35, 0x37, 0x3a, 0x96, 0x69, 0x37,
  0x3a, 0x65, 0xbd, 0x37, 0x55, 0x3d, 0x01, 0x37, 0x47, 0xa8, 0x4a, 0x37,
  0xf7, 0x37, 0x69, 0x37, 0xf8, 0xee, 0x6e, 0x37, 0x95, 0x59, 0x25, 0x37,
  0x5c, 0xf7, 0x0d, 0x37, 0xf8, 0x46, 0x35, 0x37, 0xe6, 0x23, 0x40, 0x37,
  0xb0, 0x42, 0x12, 0x37, 0xe2, 0x0d, 0x3e, 0x37, 0x38, 0x36, 0x54, 0x37,
  0xd6, 0x5b, 0x1e, 0x37, 0x4c, 0xcb, 0x87, 0x37, 0x50, 0x8b, 0x16, 0x37,
  0x44, 0x57, 0x84, 0x37, 0xf6, 0xe6, 0x24, 0x37, 0x1d, 0x04, 0xe3, 0x36,
  0x15, 0xf0, 0x1a, 0x37, 0x4a, 0x1b, 0x0c, 0x37, 0x96, 0x8d, 0x2e, 0x37,
  0x76, 0xd0, 0x3d, 0x37, 0x6c, 0x6a, 0x3c, 0x37, 0x11, 0x00, 0x00, 0x00,
  0x61, 0x72, 0x69, 0x74, 0x68, 0x2e, 0x63, 0x6f, 0x6e, 0x73, 0x74, 0x61,
  0x6e, 0x74, 0x31, 0x31, 0x32, 0x00, 0x00, 0x00, 0x01, 0x00, 0x00, 0x00,
  0x30, 0x00, 0x00, 0x00, 0xf6, 0xbe, 0xff, 0xff, 0x00, 0x00, 0x00, 0x01,
  0x14, 0x00, 0x00, 0x00, 0x64, 0x02, 0x00, 0x00, 0x24, 0x00, 0x00, 0x00,
  0x00, 0x00, 0x00, 0x02, 0x70, 0x02, 0x00, 0x00, 0x5c, 0xbe, 0xff, 0xff,
  0x08, 0x00, 0x00, 0x00, 0x88, 0x01, 0x00, 0x00, 0x30, 0x00, 0x00, 0x00,
  0x00, 0x00, 0x00, 0x00, 0x00, 0x00, 0x00, 0x00, 0x00, 0x00, 0x00, 0x00,
  0x00, 0x00, 0x00, 0x00, 0x00, 0x00, 0x00, 0x00, 0x00, 0x00, 0x00, 0x00,
  0x00, 0x00, 0x00, 0x00, 0x00, 0x00, 0x00, 0x00, 0x00, 0x00, 0x00, 0x00,
  0x00, 0x00, 0x00, 0x00, 0x00, 0x00, 0x00, 0x00, 0x00, 0x00, 0x00, 0x00,
  0x00, 0x00, 0x00, 0x00, 0x00, 0x00, 0x00, 0x00, 0x00, 0x00, 0x00, 0x00,
  0x00, 0x00, 0x00, 0x00, 0x00, 0x00, 0x00, 0x00, 0x00, 0x00, 0x00, 0x00,
  0x00, 0x00, 0x00, 0x00, 0x00, 0x00, 0x00, 0x00, 0x00, 0x00, 0x00, 0x00,
  0x00, 0x00, 0x00, 0x00, 0x00, 0x00, 0x00, 0x00, 0x00, 0x00, 0x00, 0x00,
  0x00, 0x00, 0x00, 0x00, 0x00, 0x00, 0x00, 0x00, 0x00, 0x00, 0x00, 0x00,
  0x00, 0x00, 0x00, 0x00, 0x00, 0x00, 0x00, 0x00, 0x00, 0x00, 0x00, 0x00,
  0x00, 0x00, 0x00, 0x00, 0x00, 0x00, 0x00, 0x00, 0x00, 0x00, 0x00, 0x00,
  0x00, 0x00, 0x00, 0x00, 0x00, 0x00, 0x00, 0x00, 0x00, 0x00, 0x00, 0x00,
  0x00, 0x00, 0x00, 0x00, 0x00, 0x00, 0x00, 0x00, 0x00, 0x00, 0x00, 0x00,
  0x00, 0x00, 0x00, 0x00, 0x00, 0x00, 0x00, 0x00, 0x00, 0x00, 0x00, 0x00,
  0x00, 0x00, 0x00, 0x00, 0x00, 0x00, 0x00, 0x00, 0x00, 0x00, 0x00, 0x00,
  0x00, 0x00, 0x00, 0x00, 0x00, 0x00, 0x00, 0x00, 0x00, 0x00, 0x00, 0x00,
  0x00, 0x00, 0x00, 0x00, 0x00, 0x00, 0x00, 0x00, 0x00, 0x00, 0x00, 0x00,
  0x00, 0x00, 0x00, 0x00, 0x00, 0x00, 0x00, 0x00, 0x00, 0x00, 0x00, 0x00,
  0x00, 0x00, 0x00, 0x00, 0x00, 0x00, 0x00, 0x00, 0x00, 0x00, 0x00, 0x00,
  0x00, 0x00, 0x00, 0x00, 0x00, 0x00, 0x00, 0x00, 0x00, 0x00, 0x00, 0x00,
  0x00, 0x00, 0x00, 0x00, 0x00, 0x00, 0x00, 0x00, 0x00, 0x00, 0x00, 0x00,
  0x00, 0x00, 0x00, 0x00, 0x00, 0x00, 0x00, 0x00, 0x00, 0x00, 0x00, 0x00,
  0x00, 0x00, 0x00, 0x00, 0x00, 0x00, 0x00, 0x00, 0x00, 0x00, 0x00, 0x00,
  0x00, 0x00, 0x00, 0x00, 0x00, 0x00, 0x00, 0x00, 0x00, 0x00, 0x00, 0x00,
  0x00, 0x00, 0x00, 0x00, 0x00, 0x00, 0x00, 0x00, 0x00, 0x00, 0x00, 0x00,
  0x00, 0x00, 0x00, 0x00, 0x00, 0x00, 0x00, 0x00, 0x00, 0x00, 0x00, 0x00,
  0x00, 0x00, 0x00, 0x00, 0x00, 0x00, 0x00, 0x00, 0x00, 0x00, 0x00, 0x00,
  0x00, 0x00, 0x00, 0x00, 0x00, 0x00, 0x00, 0x00, 0x00, 0x00, 0x00, 0x00,
  0x00, 0x00, 0x00, 0x00, 0x00, 0x00, 0x00, 0x00, 0x00, 0x00, 0x00, 0x00,
  0x00, 0x00, 0x00, 0x00, 0x00, 0x00, 0x00, 0x00, 0x00, 0x00, 0x00, 0x00,
  0x00, 0x00, 0x00, 0x00, 0x00, 0x00, 0x00, 0x00, 0x00, 0x00, 0x00, 0x00,
  0x00, 0x00, 0x00, 0x00, 0x00, 0x00, 0x00, 0x00, 0x00, 0x00, 0x00, 0x00,
  0x30, 0x00, 0x00, 0x00, 0x8b, 0x22, 0x9e, 0x37, 0x09, 0x20, 0x5e, 0x37,
  0x6e, 0x33, 0x1b, 0x37, 0xff, 0xde, 0x52, 0x37, 0x39, 0x6f, 0x2a, 0x37,
  0x27, 0x25, 0x65, 0x37, 0x61, 0x7b, 0x31, 0x37, 0x56, 0xf8, 0x46, 0x37,
  0x82, 0x39, 0x8e, 0x37, 0x92, 0xfc, 0x19, 0x37, 0x14, 0xa4, 0x73, 0x37,
  0x64, 0xfa, 0x7b, 0x37, 0x00, 0x06, 0x54, 0x37, 0x0f, 0x53, 0x12, 0x37,
  0x1f, 0xa0, 0x53, 0x37, 0x83, 0x74, 0x3f, 0x37, 0x2c, 0xcb, 0x66, 0x37,
  0x4f, 0xfc, 0x3b, 0x37, 0x6d, 0x82, 0x15, 0x37, 0x0a, 0x8a, 0xfc, 0x36,
  0x33, 0xb3, 0x9d, 0x37, 0xec, 0xe1, 0x1a, 0x37, 0xeb, 0xdb, 0x2b, 0x37,
  0x54, 0xed, 0x35, 0x37, 0x3a, 0x96, 0x69, 0x37, 0x3a, 0x65, 0xbd, 0x37,
  0x55, 0x3d, 0x01, 0x37, 0x47, 0xa8, 0x4a, 0x37, 0xf7, 0x37, 0x69, 0x37,
  0xf8, 0xee, 0x6e, 0x37, 0x95, 0x59, 0x25, 0x37, 0x5c, 0xf7, 0x0d, 0x37,
  0xf8, 0x46, 0x35, 0x37, 0xe6, 0x23, 0x40, 0x37, 0xb0, 0x42, 0x12, 0x37,
  0xe2, 0x0d, 0x3e, 0x37, 0x38, 0x36, 0x54, 0x37, 0xd6, 0x5b, 0x1e, 0x37,
  0x4c, 0xcb, 0x87, 0x37, 0x50, 0x8b, 0x16, 0x37, 0x44, 0x57, 0x84, 0x37,
  0xf6, 0xe6, 0x24, 0x37, 0x1d, 0x04, 0xe3, 0x36, 0x15, 0xf0, 0x1a, 0x37,
  0x4a, 0x1b, 0x0c, 0x37, 0x96, 0x8d, 0x2e, 0x37, 0x76, 0xd0, 0x3d, 0x37,
  0x6c, 0x6a, 0x3c, 0x37, 0x11, 0x00, 0x00, 0x00, 0x61, 0x72, 0x69, 0x74,
  0x68, 0x2e, 0x63, 0x6f, 0x6e, 0x73, 0x74, 0x61, 0x6e, 0x74, 0x31, 0x31,
  0x31, 0x00, 0x00, 0x00, 0x01, 0x00, 0x00, 0x00, 0x30, 0x00, 0x00, 0x00,
  0x86, 0xc1, 0xff, 0xff, 0x00, 0x00, 0x00, 0x01, 0x14, 0x00, 0x00, 0x00,
  0x64, 0x02, 0x00, 0x00, 0x24, 0x00, 0x00, 0x00, 0x00, 0x00, 0x00, 0x02,
  0x70, 0x02, 0x00, 0x00, 0xec, 0xc0, 0xff, 0xff, 0x08, 0x00, 0x00, 0x00,
  0x88, 0x01, 0x00, 0x00, 0x30, 0x00, 0x00, 0x00, 0x00, 0x00, 0x00, 0x00,
  0x00, 0x00, 0x00, 0x00, 0x00, 0x00, 0x00, 0x00, 0x00, 0x00, 0x00, 0x00,
  0x00, 0x00, 0x00, 0x00, 0x00, 0x00, 0x00, 0x00, 0x00, 0x00, 0x00, 0x00,
  0x00, 0x00, 0x00, 0x00, 0x00, 0x00, 0x00, 0x00, 0x00, 0x00, 0x00, 0x00,
  0x00, 0x00, 0x00, 0x00, 0x00, 0x00, 0x00, 0x00, 0x00, 0x00, 0x00, 0x00,
  0x00, 0x00, 0x00, 0x00, 0x00, 0x00, 0x00, 0x00, 0x00, 0x00, 0x00, 0x00,
  0x00, 0x00, 0x00, 0x00, 0x00, 0x00, 0x00, 0x00, 0x00, 0x00, 0x00, 0x00,
  0x00, 0x00, 0x00, 0x00, 0x00, 0x00, 0x00, 0x00, 0x00, 0x00, 0x00, 0x00,
  0x00, 0x00, 0x00, 0x00, 0x00, 0x00, 0x00, 0x00, 0x00, 0x00, 0x00, 0x00,
  0x00, 0x00, 0x00, 0x00, 0x00, 0x00, 0x00, 0x00, 0x00, 0x00, 0x00, 0x00,
  0x00, 0x00, 0x00, 0x00, 0x00, 0x00, 0x00, 0x00, 0x00, 0x00, 0x00, 0x00,
  0x00, 0x00, 0x00, 0x00, 0x00, 0x00, 0x00, 0x00, 0x00, 0x00, 0x00, 0x00,
  0x00, 0x00, 0x00, 0x00, 0x00, 0x00, 0x00, 0x00, 0x00, 0x00, 0x00, 0x00,
  0x00, 0x00, 0x00, 0x00, 0x00, 0x00, 0x00, 0x00, 0x00, 0x00, 0x00, 0x00,
  0x00, 0x00, 0x00, 0x00, 0x00, 0x00, 0x00, 0x00, 0x00, 0x00, 0x00, 0x00,
  0x00, 0x00, 0x00, 0x00, 0x00, 0x00, 0x00, 0x00, 0x00, 0x00, 0x00, 0x00,
  0x00, 0x00, 0x00, 0x00, 0x00, 0x00, 0x00, 0x00, 0x00, 0x00, 0x00, 0x00,
  0x00, 0x00, 0x00, 0x00, 0x00, 0x00, 0x00, 0x00, 0x00, 0x00, 0x00, 0x00,
  0x00, 0x00, 0x00, 0x00, 0x00, 0x00, 0x00, 0x00, 0x00, 0x00, 0x00, 0x00,
  0x00, 0x00, 0x00, 0x00, 0x00, 0x00, 0x00, 0x00, 0x00, 0x00, 0x00, 0x00,
  0x00, 0x00, 0x00, 0x00, 0x00, 0x00, 0x00, 0x00, 0x00, 0x00, 0x00, 0x00,
  0x00, 0x00, 0x00, 0x00, 0x00, 0x00, 0x00, 0x00, 0x00, 0x00, 0x00, 0x00,
  0x00, 0x00, 0x00, 0x00, 0x00, 0x00, 0x00, 0x00, 0x00, 0x00, 0x00, 0x00,
  0x00, 0x00, 0x00, 0x00, 0x00, 0x00, 0x00, 0x00, 0x00, 0x00, 0x00, 0x00,
  0x00, 0x00, 0x00, 0x00, 0x00, 0x00, 0x00, 0x00, 0x00, 0x00, 0x00, 0x00,
  0x00, 0x00, 0x00, 0x00, 0x00, 0x00, 0x00, 0x00, 0x00, 0x00, 0x00, 0x00,
  0x00, 0x00, 0x00, 0x00, 0x00, 0x00, 0x00, 0x00, 0x00, 0x00, 0x00, 0x00,
  0x00, 0x00, 0x00, 0x00, 0x00, 0x00, 0x00, 0x00, 0x00, 0x00, 0x00, 0x00,
  0x00, 0x00, 0x00, 0x00, 0x00, 0x00, 0x00, 0x00, 0x00, 0x00, 0x00, 0x00,
  0x00, 0x00, 0x00, 0x00, 0x00, 0x00, 0x00, 0x00, 0x00, 0x00, 0x00, 0x00,
  0x00, 0x00, 0x00, 0x00, 0x00, 0x00, 0x00, 0x00, 0x00, 0x00, 0x00, 0x00,
  0x00, 0x00, 0x00, 0x00, 0x00, 0x00, 0x00, 0x00, 0x00, 0x00, 0x00, 0x00,
  0x00, 0x00, 0x00, 0x00, 0x00, 0x00, 0x00, 0x00, 0x30, 0x00, 0x00, 0x00,
  0x8b, 0x22, 0x9e, 0x37, 0x09, 0x20, 0x5e, 0x37, 0x6e, 0x33, 0x1b, 0x37,
  0xff, 0xde, 0x52, 0x37, 0x39, 0x6f, 0x2a, 0x37, 0x27, 0x25, 0x65, 0x37,
  0x61, 0x7b, 0x31, 0x37, 0x56, 0xf8, 0x46, 0x37, 0x82, 0x39, 0x8e, 0x37,
  0x92, 0xfc, 0x19, 0x37, 0x14, 0xa4, 0x73, 0x37, 0x64, 0xfa, 0x7b, 0x37,
  0x00, 0x06, 0x54, 0x37, 0x0f, 0x53, 0x12, 0x37, 0x1f, 0xa0, 0x53, 0x37,
  0x83, 0x74, 0x3f, 0x37, 0x2c, 0xcb, 0x66, 0x37, 0x4f, 0xfc, 0x3b, 0x37,
  0x6d, 0x82, 0x15, 0x37, 0x0a, 0x8a, 0xfc, 0x36, 0x33, 0xb3, 0x9d, 0x37,
  0xec, 0xe1, 0x1a, 0x37, 0xeb, 0xdb, 0x2b, 0x37, 0x54, 0xed, 0x35, 0x37,
  0x3a, 0x96, 0x69, 0x37, 0x3a, 0x65, 0xbd, 0x37, 0x55, 0x3d, 0x01, 0x37,
  0x47, 0xa8, 0x4a, 0x37, 0xf7, 0x37, 0x69, 0x37, 0xf8, 0xee, 0x6e, 0x37,
  0x95, 0x59, 0x25, 0x37, 0x5c, 0xf7, 0x0d, 0x37, 0xf8, 0x46, 0x35, 0x37,
  0xe6, 0x23, 0x40, 0x37, 0xb0, 0x42, 0x12, 0x37, 0xe2, 0x0d, 0x3e, 0x37,
  0x38, 0x36, 0x54, 0x37, 0xd6, 0x5b, 0x1e, 0x37, 0x4c, 0xcb, 0x87, 0x37,
  0x50, 0x8b, 0x16, 0x37, 0x44, 0x57, 0x84, 0x37, 0xf6, 0xe6, 0x24, 0x37,
  0x1d, 0x04, 0xe3, 0x36, 0x15, 0xf0, 0x1a, 0x37, 0x4a, 0x1b, 0x0c, 0x37,
  0x96, 0x8d, 0x2e, 0x37, 0x76, 0xd0, 0x3d, 0x37, 0x6c, 0x6a, 0x3c, 0x37,
  0x11, 0x00, 0x00, 0x00, 0x61, 0x72, 0x69, 0x74, 0x68, 0x2e, 0x63, 0x6f,
  0x6e, 0x73, 0x74, 0x61, 0x6e, 0x74, 0x31, 0x31, 0x30, 0x00, 0x00, 0x00,
  0x01, 0x00, 0x00, 0x00, 0x30, 0x00, 0x00, 0x00, 0x16, 0xc4, 0xff, 0xff,
  0x00, 0x00, 0x00, 0x01, 0x14, 0x00, 0x00, 0x00, 0x68, 0x02, 0x00, 0x00,
  0x23, 0x00, 0x00, 0x00, 0x00, 0x00, 0x00, 0x09, 0x74, 0x02, 0x00, 0x00,
  0x7c, 0xc3, 0xff, 0xff, 0x08, 0x00, 0x00, 0x00, 0x8c, 0x01, 0x00, 0x00,
  0x30, 0x00, 0x00, 0x00, 0x00, 0x00, 0x00, 0x00, 0x00, 0x00, 0x00, 0x00,
  0x00, 0x00, 0x00, 0x00, 0x00, 0x00, 0x00, 0x00, 0x00, 0x00, 0x00, 0x00,
  0x00, 0x00, 0x00, 0x00, 0x00, 0x00, 0x00, 0x00, 0x00, 0x00, 0x00, 0x00,
  0x00, 0x00, 0x00, 0x00, 0x00, 0x00, 0x00, 0x00, 0x00, 0x00, 0x00, 0x00,
  0x00, 0x00, 0x00, 0x00, 0x00, 0x00, 0x00, 0x00, 0x00, 0x00, 0x00, 0x00,
  0x00, 0x00, 0x00, 0x00, 0x00, 0x00, 0x00, 0x00, 0x00, 0x00, 0x00, 0x00,
  0x00, 0x00, 0x00, 0x00, 0x00, 0x00, 0x00, 0x00, 0x00, 0x00, 0x00, 0x00,
  0x00, 0x00, 0x00, 0x00, 0x00, 0x00, 0x00, 0x00, 0x00, 0x00, 0x00, 0x00,
  0x00, 0x00, 0x00, 0x00, 0x00, 0x00, 0x00, 0x00, 0x00, 0x00, 0x00, 0x00,
  0x00, 0x00, 0x00, 0x00, 0x00, 0x00, 0x00, 0x00, 0x00, 0x00, 0x00, 0x00,
  0x00, 0x00, 0x00, 0x00, 0x00, 0x00, 0x00, 0x00, 0x00, 0x00, 0x00, 0x00,
  0x00, 0x00, 0x00, 0x00, 0x00, 0x00, 0x00, 0x00, 0x00, 0x00, 0x00, 0x00,
  0x00, 0x00, 0x00, 0x00, 0x00, 0x00, 0x00, 0x00, 0x00, 0x00, 0x00, 0x00,
  0x00, 0x00, 0x00, 0x00, 0x00, 0x00, 0x00, 0x00, 0x00, 0x00, 0x00, 0x00,
  0x00, 0x00, 0x00, 0x00, 0x00, 0x00, 0x00, 0x00, 0x00, 0x00, 0x00, 0x00,
  0x00, 0x00, 0x00, 0x00, 0x00, 0x00, 0x00, 0x00, 0x00, 0x00, 0x00, 0x00,
  0x00, 0x00, 0x00, 0x00, 0x00, 0x00, 0x00, 0x00, 0x00, 0x00, 0x00, 0x00,
  0x00, 0x00, 0x00, 0x00, 0x00, 0x00, 0x00, 0x00, 0x00, 0x00, 0x00, 0x00,
  0x00, 0x00, 0x00, 0x00, 0x00, 0x00, 0x00, 0x00, 0x00, 0x00, 0x00, 0x00,
  0x00, 0x00, 0x00, 0x00, 0x00, 0x00, 0x00, 0x00, 0x00, 0x00, 0x00, 0x00,
  0x00, 0x00, 0x00, 0x00, 0x00, 0x00, 0x00, 0x00, 0x00, 0x00, 0x00, 0x00,
  0x00, 0x00, 0x00, 0x00, 0x00, 0x00, 0x00, 0x00, 0x00, 0x00, 0x00, 0x00,
  0x00, 0x00, 0x00, 0x00, 0x00, 0x00, 0x00, 0x00, 0x00, 0x00, 0x00, 0x00,
  0x00, 0x00, 0x00, 0x00, 0x00, 0x00, 0x00, 0x00, 0x00, 0x00, 0x00, 0x00,
  0x00, 0x00, 0x00, 0x00, 0x00, 0x00, 0x00, 0x00, 0x00, 0x00, 0x00, 0x00,
  0x00, 0x00, 0x00, 0x00, 0x00, 0x00, 0x00, 0x00, 0x00, 0x00, 0x00, 0x00,
  0x00, 0x00, 0x00, 0x00, 0x00, 0x00, 0x00, 0x00, 0x00, 0x00, 0x00, 0x00,
  0x00, 0x00, 0x00, 0x00, 0x00, 0x00, 0x00, 0x00, 0x00, 0x00, 0x00, 0x00,
  0x00, 0x00, 0x00, 0x00, 0x00, 0x00, 0x00, 0x00, 0x00, 0x00, 0x00, 0x00,
  0x00, 0x00, 0x00, 0x00, 0x00, 0x00, 0x00, 0x00, 0x00, 0x00, 0x00, 0x00,
  0x00, 0x00, 0x00, 0x00, 0x00, 0x00, 0x00, 0x00, 0x00, 0x00, 0x00, 0x00,
  0x00, 0x00, 0x00, 0x00, 0x00, 0x00, 0x00, 0x00, 0x00, 0x00, 0x00, 0x00,
  0x00, 0x00, 0x00, 0x00, 0x00, 0x00, 0x00, 0x00, 0x30, 0x00, 0x00, 0x00,
  0x0e, 0x7e, 0x3c, 0x3c, 0xab, 0x5e, 0xd4, 0x3a, 0xf6, 0x58, 0xf8, 0x3b,
  0xb2, 0x70, 0x57, 0x3b, 0x7a, 0x37, 0x53, 0x3b, 0x42, 0xff, 0x0e, 0x3b,
  0xff, 0x30, 0xa9, 0x3b, 0xfd, 0xec, 0x9a, 0x3b, 0xc9, 0x4b, 0x80, 0x3c,
  0x2a, 0x4b, 0x52, 0x3b, 0x6a, 0x4a, 0xf1, 0x3b, 0x8a, 0x4f, 0x85, 0x3c,
  0xb0, 0x8f, 0x13, 0x3c, 0x60, 0xc8, 0x1d, 0x3c, 0x37, 0xe5, 0x64, 0x3c,
  0xb2, 0x36, 0x22, 0x3b, 0xfb, 0xef, 0x53, 0x3b, 0xd6, 0x5f, 0xd5, 0x3b,
  0x9c, 0xa1, 0x2e, 0x3b, 0x91, 0x47, 0x38, 0x3b, 0x0a, 0x95, 0x6d, 0x3b,
  0x20, 0x05, 0x1d, 0x3b, 0x7c, 0x16, 0xd0, 0x3b, 0xed, 0xf6, 0x1a, 0x3b,
  0xdd, 0xd6, 0x48, 0x3c, 0xf7, 0xcd, 0x28, 0x3c, 0xd0, 0xeb, 0x7a, 0x3b,
  0x7f, 0xa7, 0xc7, 0x3b, 0x7e, 0xcc, 0xe8, 0x3b, 0x12, 0x01, 0x6c, 0x3b,
  0x23, 0xc5, 0x2d, 0x3c, 0x81, 0xc6, 0xb8, 0x3b, 0xe5, 0x06, 0x8c, 0x3b,
  0x69, 0xfb, 0x10, 0x3b, 0xaf, 0xb2, 0xaa, 0x3b, 0x0b, 0x86, 0x49, 0x3b,
  0xd5, 0xf2, 0x4e, 0x3b, 0x4b, 0x90, 0x94, 0x3b, 0x87, 0x0f, 0x0f, 0x3b,
  0x1b, 0x51, 0x81, 0x3b, 0x2f, 0x80, 0x07, 0x3b, 0x42, 0xa0, 0x1b, 0x3b,
  0xfe, 0x37, 0xc9, 0x3b, 0x9b, 0x5b, 0x84, 0x3b, 0x5d, 0x48, 0xe8, 0x3a,
  0x6f, 0xfa, 0x3c, 0x3b, 0x8f, 0x02, 0x14, 0x3b, 0xa6, 0x82, 0x40, 0x3b,
  0x10, 0x00, 0x00, 0x00, 0x61, 0x72, 0x69, 0x74, 0x68, 0x2e, 0x63, 0x6f,
  0x6e, 0x73, 0x74, 0x61, 0x6e, 0x74, 0x33, 0x32, 0x00, 0x00, 0x00, 0x00,
  0x02, 0x00, 0x00, 0x00, 0x30, 0x00, 0x00, 0x00, 0x10, 0x00, 0x00, 0x00,
  0xae, 0xc6, 0xff, 0xff, 0x00, 0x00, 0x00, 0x01, 0x14, 0x00, 0x00, 0x00,
  0x68, 0x02, 0x00, 0x00, 0x22, 0x00, 0x00, 0x00, 0x00, 0x00, 0x00, 0x09,
  0x74, 0x02, 0x00, 0x00, 0x14, 0xc6, 0xff, 0xff, 0x08, 0x00, 0x00, 0x00,
  0x8c, 0x01, 0x00, 0x00, 0x30, 0x00, 0x00, 0x00, 0x00, 0x00, 0x00, 0x00,
  0x00, 0x00, 0x00, 0x00, 0x00, 0x00, 0x00, 0x00, 0x00, 0x00, 0x00, 0x00,
  0x00, 0x00, 0x00, 0x00, 0x00, 0x00, 0x00, 0x00, 0x00, 0x00, 0x00, 0x00,
  0x00, 0x00, 0x00, 0x00, 0x00, 0x00, 0x00, 0x00, 0x00, 0x00, 0x00, 0x00,
  0x00, 0x00, 0x00, 0x00, 0x00, 0x00, 0x00, 0x00, 0x00, 0x00, 0x00, 0x00,
  0x00, 0x00, 0x00, 0x00, 0x00, 0x00, 0x00, 0x00, 0x00, 0x00, 0x00, 0x00,
  0x00, 0x00, 0x00, 0x00, 0x00, 0x00, 0x00, 0x00, 0x00, 0x00, 0x00, 0x00,
  0x00, 0x00, 0x00, 0x00, 0x00, 0x00, 0x00, 0x00, 0x00, 0x00, 0x00, 0x00,
  0x00, 0x00, 0x00, 0x00, 0x00, 0x00, 0x00, 0x00, 0x00, 0x00, 0x00, 0x00,
  0x00, 0x00, 0x00, 0x00, 0x00, 0x00, 0x00, 0x00, 0x00, 0x00, 0x00, 0x00,
  0x00, 0x00, 0x00, 0x00, 0x00, 0x00, 0x00, 0x00, 0x00, 0x00, 0x00, 0x00,
  0x00, 0x00, 0x00, 0x00, 0x00, 0x00, 0x00, 0x00, 0x00, 0x00, 0x00, 0x00,
  0x00, 0x00, 0x00, 0x00, 0x00, 0x00, 0x00, 0x00, 0x00, 0x00, 0x00, 0x00,
  0x00, 0x00, 0x00, 0x00, 0x00, 0x00, 0x00, 0x00, 0x00, 0x00, 0x00, 0x00,
  0x00, 0x00, 0x00, 0x00, 0x00, 0x00, 0x00, 0x00, 0x00, 0x00, 0x00, 0x00,
  0x00, 0x00, 0x00, 0x00, 0x00, 0x00, 0x00, 0x00, 0x00, 0x00, 0x00, 0x00,
  0x00, 0x00, 0x00, 0x00, 0x00, 0x00, 0x00, 0x00, 0x00, 0x00, 0x00, 0x00,
  0x00, 0x00, 0x00, 0x00, 0x00, 0x00, 0x00, 0x00, 0x00, 0x00, 0x00, 0x00,
  0x00, 0x00, 0x00, 0x00, 0x00, 0x00, 0x00, 0x00, 0x00, 0x00, 0x00, 0x00,
  0x00, 0x00, 0x00, 0x00, 0x00, 0x00, 0x00, 0x00, 0x00, 0x00, 0x00, 0x00,
  0x00, 0x00, 0x00, 0x00, 0x00, 0x00, 0x00, 0x00, 0x00, 0x00, 0x00, 0x00,
  0x00, 0x00, 0x00, 0x00, 0x00, 0x00, 0x00, 0x00, 0x00, 0x00, 0x00, 0x00,
  0x00, 0x00, 0x00, 0x00, 0x00, 0x00, 0x00, 0x00, 0x00, 0x00, 0x00, 0x00,
  0x00, 0x00, 0x00, 0x00, 0x00, 0x00, 0x00, 0x00, 0x00, 0x00, 0x00, 0x00,
  0x00, 0x00, 0x00, 0x00, 0x00, 0x00, 0x00, 0x00, 0x00, 0x00, 0x00, 0x00,
  0x00, 0x00, 0x00, 0x00, 0x00, 0x00, 0x00, 0x00, 0x00, 0x00, 0x00, 0x00,
  0x00, 0x00, 0x00, 0x00, 0x00, 0x00, 0x00, 0x00, 0x00, 0x00, 0x00, 0x00,
  0x00, 0x00, 0x00, 0x00, 0x00, 0x00, 0x00, 0x00, 0x00, 0x00, 0x00, 0x00,
  0x00, 0x00, 0x00, 0x00, 0x00, 0x00, 0x00, 0x00, 0x00, 0x00, 0x00, 0x00,
  0x00, 0x00, 0x00, 0x00, 0x00, 0x00, 0x00, 0x00, 0x00, 0x00, 0x00, 0x00,
  0x00, 0x00, 0x00, 0x00, 0x00, 0x00, 0x00, 0x00, 0x00, 0x00, 0x00, 0x00,
  0x00, 0x00, 0x00, 0x00, 0x00, 0x00, 0x00, 0x00, 0x00, 0x00, 0x00, 0x00,
  0x00, 0x00, 0x00, 0x00, 0x00, 0x00, 0x00, 0x00, 0x00, 0x00, 0x00, 0x00,
  0x30, 0x00, 0x00, 0x00, 0x53, 0xb3, 0x66, 0x3b, 0xab, 0x5e, 0xd4, 0x3a,
  0xbc, 0xa8, 0x1d, 0x3b, 0xb2, 0x70, 0x57, 0x3b, 0x5e, 0x7b, 0xc9, 0x3a,
  0x42, 0xff, 0x0e, 0x3b, 0x11, 0xef, 0x1c, 0x3b, 0x8c, 0x56, 0xd4, 0x3a,
  0x02, 0x8f, 0x6d, 0x3b, 0x18, 0x3b, 0xe4, 0x3a, 0xea, 0x18, 0x64, 0x3b,
  0x58, 0xaf, 0x1d, 0x3b, 0xaf, 0x29, 0x4a, 0x3b, 0x0c, 0x8b, 0x3e, 0x3b,
  0xad, 0xb9, 0x36, 0x3b, 0xb2, 0x36, 0x22, 0x3b, 0xfb, 0xef, 0x53, 0x3b,
  0x53, 0x08, 0x5d, 0x3b, 0x9c, 0xa1, 0x2e, 0x3b, 0x91, 0x47, 0x38, 0x3b,
  0x0a, 0x95, 0x6d, 0x3b, 0xd9, 0x62, 0x11, 0x3b, 0x30, 0xc0, 0x45, 0x3b,
  0xed, 0xf6, 0x1a, 0x3b, 0x26, 0xdd, 0x58, 0x3b, 0x59, 0xd7, 0x12, 0x3b,
  0xd0, 0xeb, 0x7a, 0x3b, 0x05, 0x91, 0xfd, 0x3a, 0x7d, 0xe3, 0x45, 0x3b,
  0x12, 0x01, 0x6c, 0x3b, 0x7c, 0xce, 0x56, 0x3b, 0xf7, 0xea, 0x0f, 0x3b,
  0x1e, 0x6d, 0x2a, 0x3b, 0x69, 0xfb, 0x10, 0x3b, 0xf8, 0xa4, 0x72, 0x3b,
  0x73, 0x44, 0x28, 0x3b, 0xd5, 0xf2, 0x4e, 0x3b, 0x58, 0x56, 0x3e, 0x3b,
  0x87, 0x0f, 0x0f, 0x3b, 0x00, 0xe4, 0x2c, 0x3b, 0xe6, 0xfa, 0x03, 0x3b,
  0x42, 0xa0, 0x1b, 0x3b, 0xf2, 0xae, 0x20, 0x3b, 0xd1, 0xf5, 0xe8, 0x3a,
  0x5d, 0x48, 0xe8, 0x3a, 0x6f, 0xfa, 0x3c, 0x3b, 0x8f, 0x02, 0x14, 0x3b,
  0xa6, 0x82, 0x40, 0x3b, 0x10, 0x00, 0x00, 0x00, 0x61, 0x72, 0x69, 0x74,
  0x68, 0x2e, 0x63, 0x6f, 0x6e, 0x73, 0x74, 0x61, 0x6e, 0x74, 0x33, 0x31,
  0x00, 0x00, 0x00, 0x00, 0x02, 0x00, 0x00, 0x00, 0x30, 0x00, 0x00, 0x00,
  0x10, 0x00, 0x00, 0x00, 0x46, 0xc9, 0xff, 0xff, 0x00, 0x00, 0x00, 0x01,
  0x14, 0x00, 0x00, 0x00, 0x64, 0x02, 0x00, 0x00, 0x21, 0x00, 0x00, 0x00,
  0x00, 0x00, 0x00, 0x02, 0x70, 0x02, 0x00, 0x00, 0xac, 0xc8, 0xff, 0xff,
  0x08, 0x00, 0x00, 0x00, 0x88, 0x01, 0x00, 0x00, 0x30, 0x00, 0x00, 0x00,
  0x00, 0x00, 0x00, 0x00, 0x00, 0x00, 0x00, 0x00, 0x00, 0x00, 0x00, 0x00,
  0x00, 0x00, 0x00, 0x00, 0x00, 0x00, 0x00, 0x00, 0x00, 0x00, 0x00, 0x00,
  0x00, 0x00, 0x00, 0x00, 0x00, 0x00, 0x00, 0x00, 0x00, 0x00, 0x00, 0x00,
  0x00, 0x00, 0x00, 0x00, 0x00, 0x00, 0x00, 0x00, 0x00, 0x00, 0x00, 0x00,
  0x00, 0x00, 0x00, 0x00, 0x00, 0x00, 0x00, 0x00, 0x00, 0x00, 0x00, 0x00,
  0x00, 0x00, 0x00, 0x00, 0x00, 0x00, 0x00, 0x00, 0x00, 0x00, 0x00, 0x00,
  0x00, 0x00, 0x00, 0x00, 0x00, 0x00, 0x00, 0x00, 0x00, 0x00, 0x00, 0x00,
  0x00, 0x00, 0x00, 0x00, 0x00, 0x00, 0x00, 0x00, 0x00, 0x00, 0x00, 0x00,
  0x00, 0x00, 0x00, 0x00, 0x00, 0x00, 0x00, 0x00, 0x00, 0x00, 0x00, 0x00,
  0x00, 0x00, 0x00, 0x00, 0x00, 0x00, 0x00, 0x00, 0x00, 0x00, 0x00, 0x00,
  0x00, 0x00, 0x00, 0x00, 0x00, 0x00, 0x00, 0x00, 0x00, 0x00, 0x00, 0x00,
  0x00, 0x00, 0x00, 0x00, 0x00, 0x00, 0x00, 0x00, 0x00, 0x00, 0x00, 0x00,
  0x00, 0x00, 0x00, 0x00, 0x00, 0x00, 0x00, 0x00, 0x00, 0x00, 0x00, 0x00,
  0x00, 0x00, 0x00, 0x00, 0x00, 0x00, 0x00, 0x00, 0x00, 0x00, 0x00, 0x00,
  0x00, 0x00, 0x00, 0x00, 0x00, 0x00, 0x00, 0x00, 0x00, 0x00, 0x00, 0x00,
  0x00, 0x00, 0x00, 0x00, 0x00, 0x00, 0x00, 0x00, 0x00, 0x00, 0x00, 0x00,
  0x00, 0x00, 0x00, 0x00, 0x00, 0x00, 0x00, 0x00, 0x00, 0x00, 0x00, 0x00,
  0x00, 0x00, 0x00, 0x00, 0x00, 0x00, 0x00, 0x00, 0x00, 0x00, 0x00, 0x00,
  0x00, 0x00, 0x00, 0x00, 0x00, 0x00, 0x00, 0x00, 0x00, 0x00, 0x00, 0x00,
  0x00, 0x00, 0x00, 0x00, 0x00, 0x00, 0x00, 0x00, 0x00, 0x00, 0x00, 0x00,
  0x00, 0x00, 0x00, 0x00, 0x00, 0x00, 0x00, 0x00, 0x00, 0x00, 0x00, 0x00,
  0x00, 0x00, 0x00, 0x00, 0x00, 0x00, 0x00, 0x00, 0x00, 0x00, 0x00, 0x00,
  0x00, 0x00, 0x00, 0x00, 0x00, 0x00, 0x00, 0x00, 0x00, 0x00, 0x00, 0x00,
  0x00, 0x00, 0x00, 0x00, 0x00, 0x00, 0x00, 0x00, 0x00, 0x00, 0x00, 0x00,
  0x00, 0x00, 0x00, 0x00, 0x00, 0x00, 0x00, 0x00, 0x00, 0x00, 0x00, 0x00,
  0x00, 0x00, 0x00, 0x00, 0x00, 0x00, 0x00, 0x00, 0x00, 0x00, 0x00, 0x00,
  0x00, 0x00, 0x00, 0x00, 0x00, 0x00, 0x00, 0x00, 0x00, 0x00, 0x00, 0x00,
  0x00, 0x00, 0x00, 0x00, 0x00, 0x00, 0x00, 0x00, 0x00, 0x00, 0x00, 0x00,
  0x00, 0x00, 0x00, 0x00, 0x00, 0x00, 0x00, 0x00, 0x00, 0x00, 0x00, 0x00,
  0x00, 0x00, 0x00, 0x00, 0x00, 0x00, 0x00, 0x00, 0x00, 0x00, 0x00, 0x00,
  0x00, 0x00, 0x00, 0x00, 0x00, 0x00, 0x00, 0x00, 0x00, 0x00, 0x00, 0x00,
  0x00, 0x00, 0x00, 0x00, 0x00, 0x00, 0x00, 0x00, 0x00, 0x00, 0x00, 0x00,
  0x30, 0x00, 0x00, 0x00, 0xce, 0xaf, 0x96, 0x37, 0xb4, 0xb6, 0x0a, 0x37,
  0xe1, 0xf4, 0x4d, 0x37, 0x1d, 0xb8, 0x8c, 0x37, 0x1f, 0x9a, 0x03, 0x37,
  0x8f, 0xcd, 0x3a, 0x37, 0x55, 0x02, 0x4d, 0x37, 0x66, 0xb1, 0x0a, 0x37,
  0x91, 0x2a, 0x9b, 0x37, 0xda, 0x12, 0x15, 0x37, 0x87, 0xfc, 0x94, 0x37,
  0x83, 0xfd, 0x4d, 0x37, 0xfa, 0x0b, 0x84, 0x37, 0x11, 0xea, 0x78, 0x37,
  0x98, 0xb3, 0x6e, 0x37, 0x06, 0xe8, 0x53, 0x37, 0x67, 0x6e, 0x8a, 0x37,
  0x36, 0x5f, 0x90, 0x37, 0xc4, 0x20, 0x64, 0x37, 0x60, 0xbb, 0x70, 0x37,
  0x82, 0x2e, 0x9b, 0x37, 0x81, 0xec, 0x3d, 0x37, 0x39, 0x2a, 0x81, 0x37,
  0xc1, 0x6f, 0x4a, 0x37, 0x29, 0xa6, 0x8d, 0x37, 0x1e, 0xd3, 0x3f, 0x37,
  0xf0, 0xe4, 0xa3, 0x37, 0x44, 0x9f, 0x25, 0x37, 0x48, 0x41, 0x81, 0x37,
  0xa5, 0x26, 0x9a, 0x37, 0x29, 0x4e, 0x8c, 0x37, 0x79, 0x01, 0x3c, 0x37,
  0x80, 0xa2, 0x5e, 0x37, 0x61, 0x65, 0x3d, 0x37, 0xf8, 0x7c, 0x9e, 0x37,
  0x87, 0xd0, 0x5b, 0x37, 0x35, 0x2c, 0x87, 0x37, 0x38, 0xa5, 0x78, 0x37,
  0xd0, 0xe2, 0x3a, 0x37, 0xa6, 0xda, 0x61, 0x37, 0x35, 0x69, 0x2c, 0x37,
  0xf6, 0x4c, 0x4b, 0x37, 0x43, 0xe8, 0x51, 0x37, 0xa9, 0x29, 0x18, 0x37,
  0x5e, 0xb8, 0x17, 0x37, 0xba, 0xde, 0x76, 0x37, 0xfd, 0x59, 0x41, 0x37,
  0xf1, 0x7b, 0x7b, 0x37, 0x10, 0x00, 0x00, 0x00, 0x61, 0x72, 0x69, 0x74,
  0x68, 0x2e, 0x63, 0x6f, 0x6e, 0x73, 0x74, 0x61, 0x6e, 0x74, 0x32, 0x36,
  0x00, 0x00, 0x00, 0x00, 0x01, 0x00, 0x00, 0x00, 0x30, 0x00, 0x00, 0x00,
  0xd6, 0xcb, 0xff, 0xff, 0x00, 0x00, 0x00, 0x01, 0x14, 0x00, 0x00, 0x00,
  0x64, 0x02, 0x00, 0x00, 0x20, 0x00, 0x00, 0x00, 0x00, 0x00, 0x00, 0x02,
  0x70, 0x02, 0x00, 0x00, 0x3c, 0xcb, 0xff, 0xff, 0x08, 0x00, 0x00, 0x00,
  0x88, 0x01, 0x00, 0x00, 0x30, 0x00, 0x00, 0x00, 0x00, 0x00, 0x00, 0x00,
  0x00, 0x00, 0x00, 0x00, 0x00, 0x00, 0x00, 0x00, 0x00, 0x00, 0x00, 0x00,
  0x00, 0x00, 0x00, 0x00, 0x00, 0x00, 0x00, 0x00, 0x00, 0x00, 0x00, 0x00,
  0x00, 0x00, 0x00, 0x00, 0x00, 0x00, 0x00, 0x00, 0x00, 0x00, 0x00, 0x00,
  0x00, 0x00, 0x00, 0x00, 0x00, 0x00, 0x00, 0x00, 0x00, 0x00, 0x00, 0x00,
  0x00, 0x00, 0x00, 0x00, 0x00, 0x00, 0x00, 0x00, 0x00, 0x00, 0x00, 0x00,
  0x00, 0x00, 0x00, 0x00, 0x00, 0x00, 0x00, 0x00, 0x00, 0x00, 0x00, 0x00,
  0x00, 0x00, 0x00, 0x00, 0x00, 0x00, 0x00, 0x00, 0x00, 0x00, 0x00, 0x00,
  0x00, 0x00, 0x00, 0x00, 0x00, 0x00, 0x00, 0x00, 0x00, 0x00, 0x00, 0x00,
  0x00, 0x00, 0x00, 0x00, 0x00, 0x00, 0x00, 0x00, 0x00, 0x00, 0x00, 0x00,
  0x00, 0x00, 0x00, 0x00, 0x00, 0x00, 0x00, 0x00, 0x00, 0x00, 0x00, 0x00,
  0x00, 0x00, 0x00, 0x00, 0x00, 0x00, 0x00, 0x00, 0x00, 0x00, 0x00, 0x00,
  0x00, 0x00, 0x00, 0x00, 0x00, 0x00, 0x00, 0x00, 0x00, 0x00, 0x00, 0x00,
  0x00, 0x00, 0x00, 0x00, 0x00, 0x00, 0x00, 0x00, 0x00, 0x00, 0x00, 0x00,
  0x00, 0x00, 0x00, 0x00, 0x00, 0x00, 0x00, 0x00, 0x00, 0x00, 0x00, 0x00,
  0x00, 0x00, 0x00, 0x00, 0x00, 0x00, 0x00, 0x00, 0x00, 0x00, 0x00, 0x00,
  0x00, 0x00, 0x00, 0x00, 0x00, 0x00, 0x00, 0x00, 0x00, 0x00, 0x00, 0x00,
  0x00, 0x00, 0x00, 0x00, 0x00, 0x00, 0x00, 0x00, 0x00, 0x00, 0x00, 0x00,
  0x00, 0x00, 0x00, 0x00, 0x00, 0x00, 0x00, 0x00, 0x00, 0x00, 0x00, 0x00,
  0x00, 0x00, 0x00, 0x00, 0x00, 0x00, 0x00, 0x00, 0x00, 0x00, 0x00, 0x00,
  0x00, 0x00, 0x00, 0x00, 0x00, 0x00, 0x00, 0x00, 0x00, 0x00, 0x00, 0x00,
  0x00, 0x00, 0x00, 0x00, 0x00, 0x00, 0x00, 0x00, 0x00, 0x00, 0x00, 0x00,
  0x00, 0x00, 0x00, 0x00, 0x00, 0x00, 0x00, 0x00, 0x00, 0x00, 0x00, 0x00,
  0x00, 0x00, 0x00, 0x00, 0x00, 0x00, 0x00, 0x00, 0x00, 0x00, 0x00, 0x00,
  0x00, 0x00, 0x00, 0x00, 0x00, 0x00, 0x00, 0x00, 0x00, 0x00, 0x00, 0x00,
  0x00, 0x00, 0x00, 0x00, 0x00, 0x00, 0x00, 0x00, 0x00, 0x00, 0x00, 0x00,
  0x00, 0x00, 0x00, 0x00, 0x00, 0x00, 0x00, 0x00, 0x00, 0x00, 0x00, 0x00,
  0x00, 0x00, 0x00, 0x00, 0x00, 0x00, 0x00, 0x00, 0x00, 0x00, 0x00, 0x00,
  0x00, 0x00, 0x00, 0x00, 0x00, 0x00, 0x00, 0x00, 0x00, 0x00, 0x00, 0x00,
  0x00, 0x00, 0x00, 0x00, 0x00, 0x00, 0x00, 0x00, 0x00, 0x00, 0x00, 0x00,
  0x00, 0x00, 0x00, 0x00, 0x00, 0x00, 0x00, 0x00, 0x00, 0x00, 0x00, 0x00,
  0x00, 0x00, 0x00, 0x00, 0x00, 0x00, 0x00, 0x00, 0x00, 0x00, 0x00, 0x00,
  0x00, 0x00, 0x00, 0x00, 0x00, 0x00, 0x00, 0x00, 0x30, 0x00, 0x00, 0x00,
  0x78, 0x16, 0x93, 0x37, 0x92, 0x66, 0x07, 0x37, 0x9c, 0x09, 0x49, 0x37,
  0xb8, 0x5b, 0x89, 0x37, 0x78, 0x75, 0x00, 0x37, 0x66, 0x57, 0x36, 0x37,
  0xdb, 0x1c, 0x48, 0x37, 0x65, 0x61, 0x07, 0x37, 0xd7, 0x75, 0x97, 0x37,
  0x61, 0x83, 0x11, 0x37, 0x96, 0x6d, 0x91, 0x37, 0x09, 0x12, 0x49, 0x37,
  0x9c, 0xe4, 0x80, 0x37, 0x24, 0xf8, 0x72, 0x37, 0x1c, 0x00, 0x69, 0x37,
  0x5f, 0xd8, 0x4e, 0x37, 0x00, 0x20, 0x87, 0x37, 0x7b, 0xec, 0x8c, 0x37,
  0xef, 0xad, 0x5e, 0x37, 0x7a, 0xfb, 0x6a, 0x37, 0xb0, 0x79, 0x97, 0x37,
  0x43, 0x63, 0x39, 0x37, 0xf4, 0x28, 0x7c, 0x37, 0x01, 0x9a, 0x45, 0x37,
  0x15, 0x44, 0x8a, 0x37, 0x40, 0x3e, 0x3b, 0x37, 0xd8, 0xfa, 0x9f, 0x37,
  0x9c, 0xaa, 0x21, 0x37, 0xf7, 0x55, 0x7c, 0x37, 0x21, 0x78, 0x96, 0x37,
  0x4c, 0xf4, 0x88, 0x37, 0xf5, 0x83, 0x37, 0x37, 0x41, 0x51, 0x59, 0x37,
  0x5d, 0xdf, 0x38, 0x37, 0xef, 0xb3, 0x9a, 0x37, 0x87, 0x90, 0x56, 0x37,
  0xba, 0xf1, 0x83, 0x37, 0xef, 0xb4, 0x72, 0x37, 0x25, 0x6c, 0x36, 0x37,
  0xb8, 0x75, 0x5c, 0x37, 0x0b, 0x4b, 0x28, 0x37, 0xed, 0x71, 0x46, 0x37,
  0xd6, 0xe4, 0x4c, 0x37, 0x4c, 0x87, 0x14, 0x37, 0xb6, 0x18, 0x14, 0x37,
  0x4d, 0xf9, 0x70, 0x37, 0xc9, 0xbb, 0x3c, 0x37, 0x4d, 0x7a, 0x75, 0x37,
  0x10, 0x00, 0x00, 0x00, 0x61, 0x72, 0x69, 0x74, 0x68, 0x2e, 0x63, 0x6f,
  0x6e, 0x73, 0x74, 0x61, 0x6e, 0x74, 0x32, 0x35, 0x00, 0x00, 0x00, 0x00,
  0x01, 0x00, 0x00, 0x00, 0x30, 0x00, 0x00, 0x00, 0x66, 0xce, 0xff, 0xff,
  0x00, 0x00, 0x00, 0x01, 0x14, 0x00, 0x00, 0x00, 0x64, 0x02, 0x00, 0x00,
  0x1f, 0x00, 0x00, 0x00, 0x00, 0x00, 0x00, 0x02, 0x70, 0x02, 0x00, 0x00,
  0xcc, 0xcd, 0xff, 0xff, 0x08, 0x00, 0x00, 0x00, 0x88, 0x01, 0x00, 0x00,
  0x30, 0x00, 0x00, 0x00, 0x00, 0x00, 0x00, 0x00, 0x00, 0x00, 0x00, 0x00,
  0x00, 0x00, 0x00, 0x00, 0x00, 0x00, 0x00, 0x00, 0x00, 0x00, 0x00, 0x00,
  0x00, 0x00, 0x00, 0x00, 0x00, 0x00, 0x00, 0x00, 0x00, 0x00, 0x00, 0x00,
  0x00, 0x00, 0x00, 0x00, 0x00, 0x00, 0x00, 0x00, 0x00, 0x00, 0x00, 0x00,
  0x00, 0x00, 0x00, 0x00, 0x00, 0x00, 0x00, 0x00, 0x00, 0x00, 0x00, 0x00,
  0x00, 0x00, 0x00, 0x00, 0x00, 0x00, 0x00, 0x00, 0x00, 0x00, 0x00, 0x00,
  0x00, 0x00, 0x00, 0x00, 0x00, 0x00, 0x00, 0x00, 0x00, 0x00, 0x00, 0x00,
  0x00, 0x00, 0x00, 0x00, 0x00, 0x00, 0x00, 0x00, 0x00, 0x00, 0x00, 0x00,
  0x00, 0x00, 0x00, 0x00, 0x00, 0x00, 0x00, 0x00, 0x00, 0x00, 0x00, 0x00,
  0x00, 0x00, 0x00, 0x00, 0x00, 0x00, 0x00, 0x00, 0x00, 0x00, 0x00, 0x00,
  0x00, 0x00, 0x00, 0x00, 0x00, 0x00, 0x00, 0x00, 0x00, 0x00, 0x00, 0x00,
  0x00, 0x00, 0x00, 0x00, 0x00, 0x00, 0x00, 0x00, 0x00, 0x00, 0x00, 0x00,
  0x00, 0x00, 0x00, 0x00, 0x00, 0x00, 0x00, 0x00, 0x00, 0x00, 0x00, 0x00,
  0x00, 0x00, 0x00, 0x00, 0x00, 0x00, 0x00, 0x00, 0x00, 0x00, 0x00, 0x00,
  0x00, 0x00, 0x00, 0x00, 0x00, 0x00, 0x00, 0x00, 0x00, 0x00, 0x00, 0x00,
  0x00, 0x00, 0x00, 0x00, 0x00, 0x00, 0x00, 0x00, 0x00, 0x00, 0x00, 0x00,
  0x00, 0x00, 0x00, 0x00, 0x00, 0x00, 0x00, 0x00, 0x00, 0x00, 0x00, 0x00,
  0x00, 0x00, 0x00, 0x00, 0x00, 0x00, 0x00, 0x00, 0x00, 0x00, 0x00, 0x00,
  0x00, 0x00, 0x00, 0x00, 0x00, 0x00, 0x00, 0x00, 0x00, 0x00, 0x00, 0x00,
  0x00, 0x00, 0x00, 0x00, 0x00, 0x00, 0x00, 0x00, 0x00, 0x00, 0x00, 0x00,
  0x00, 0x00, 0x00, 0x00, 0x00, 0x00, 0x00, 0x00, 0x00, 0x00, 0x00, 0x00,
  0x00, 0x00, 0x00, 0x00, 0x00, 0x00, 0x00, 0x00, 0x00, 0x00, 0x00, 0x00,
  0x00, 0x00, 0x00, 0x00, 0x00, 0x00, 0x00, 0x00, 0x00, 0x00, 0x00, 0x00,
  0x00, 0x00, 0x00, 0x00, 0x00, 0x00, 0x00, 0x00, 0x00, 0x00, 0x00, 0x00,
  0x00, 0x00, 0x00, 0x00, 0x00, 0x00, 0x00, 0x00, 0x00, 0x00, 0x00, 0x00,
  0x00, 0x00, 0x00, 0x00, 0x00, 0x00, 0x00, 0x00, 0x00, 0x00, 0x00, 0x00,
  0x00, 0x00, 0x00, 0x00, 0x00, 0x00, 0x00, 0x00, 0x00, 0x00, 0x00, 0x00,
  0x00, 0x00, 0x00, 0x00, 0x00, 0x00, 0x00, 0x00, 0x00, 0x00, 0x00, 0x00,
  0x00, 0x00, 0x00, 0x00, 0x00, 0x00, 0x00, 0x00, 0x00, 0x00, 0x00, 0x00,
  0x00, 0x00, 0x00, 0x00, 0x00, 0x00, 0x00, 0x00, 0x00, 0x00, 0x00, 0x00,
  0x00, 0x00, 0x00, 0x00, 0x00, 0x00, 0x00, 0x00, 0x00, 0x00, 0x00, 0x00,
  0x00, 0x00, 0x00, 0x00, 0x00, 0x00, 0x00, 0x00, 0x00, 0x00, 0x00, 0x00,
  0x00, 0x00, 0x00, 0x00, 0x30, 0x00, 0x00, 0x00, 0x80, 0x05, 0x92, 0x37,
  0x4b, 0x6b, 0x06, 0x37, 0x85, 0x94, 0x47, 0x37, 0xcf, 0x5c, 0x88, 0x37,
  0x26, 0x0e, 0xff, 0x36, 0x02, 0x05, 0x35, 0x37, 0x7c, 0xa9, 0x46, 0x37,
  0x27, 0x66, 0x06, 0x37, 0xc2, 0x5c, 0x96, 0x37, 0x55, 0x75, 0x10, 0x37,
  0xb3, 0x5f, 0x90, 0x37, 0xe3, 0x9c, 0x47, 0x37, 0xd1, 0xea, 0x7f, 0x37,
  0x3c, 0x35, 0x71, 0x37, 0xb4, 0x4f, 0x67, 0x37, 0x81, 0x58, 0x4d, 0x37,
  0x3c, 0x25, 0x86, 0x37, 0xf4, 0xe6, 0x8b, 0x37, 0xaf, 0x10, 0x5d, 0x37,
  0x65, 0x47, 0x69, 0x37, 0x93, 0x60, 0x96, 0x37, 0x37, 0x0b, 0x38, 0x37,
  0xfe, 0x54, 0x7a, 0x37, 0x4b, 0x2b, 0x44, 0x37, 0x7d, 0x43, 0x89, 0x37,
  0xc3, 0xe2, 0x39, 0x37, 0xf3, 0xd1, 0x9e, 0x37, 0x97, 0x7e, 0x20, 0x37,
  0xae, 0x81, 0x7a, 0x37, 0xe2, 0x60, 0x95, 0x37, 0x23, 0xf6, 0x87, 0x37,
  0x63, 0x2f, 0x36, 0x37, 0xf4, 0xbd, 0x57, 0x37, 0x46, 0x88, 0x37, 0x37,
  0xd5, 0x94, 0x99, 0x37, 0x55, 0x02, 0x55, 0x37, 0xdd, 0xfc, 0x82, 0x37,
  0x84, 0xf2, 0x70, 0x37, 0x9a, 0x19, 0x35, 0x37, 0x96, 0xdc, 0x5a, 0x37,
  0xb9, 0x12, 0x27, 0x37, 0xa6, 0x01, 0x45, 0x37, 0x97, 0x68, 0x4b, 0x37,
  0xa8, 0x73, 0x13, 0x37, 0xdf, 0x05, 0x13, 0x37, 0x19, 0x3a, 0x6f, 0x37,
  0x88, 0x5d, 0x3b, 0x37, 0xbe, 0xb2, 0x73, 0x37, 0x10, 0x00, 0x00, 0x00,
  0x61, 0x72, 0x69, 0x74, 0x68, 0x2e, 0x63, 0x6f, 0x6e, 0x73, 0x74, 0x61,
  0x6e, 0x74, 0x32, 0x34, 0x00, 0x00, 0x00, 0x00, 0x01, 0x00, 0x00, 0x00,
  0x30, 0x00, 0x00, 0x00, 0xf6, 0xd0, 0xff, 0xff, 0x00, 0x00, 0x00, 0x01,
  0x14, 0x00, 0x00, 0x00, 0x64, 0x02, 0x00, 0x00, 0x1e, 0x00, 0x00, 0x00,
  0x00, 0x00, 0x00, 0x02, 0x70, 0x02, 0x00, 0x00, 0x5c, 0xd0, 0xff, 0xff,
  0x08, 0x00, 0x00, 0x00, 0x88, 0x01, 0x00, 0x00, 0x30, 0x00, 0x00, 0x00,
  0x00, 0x00, 0x00, 0x00, 0x00, 0x00, 0x00, 0x00, 0x00, 0x00, 0x00, 0x00,
  0x00, 0x00, 0x00, 0x00, 0x00, 0x00, 0x00, 0x00, 0x00, 0x00, 0x00, 0x00,
  0x00, 0x00, 0x00, 0x00, 0x00, 0x00, 0x00, 0x00, 0x00, 0x00, 0x00, 0x00,
  0x00, 0x00, 0x00, 0x00, 0x00, 0x00, 0x00, 0x00, 0x00, 0x00, 0x00, 0x00,
  0x00, 0x00, 0x00, 0x00, 0x00, 0x00, 0x00, 0x00, 0x00, 0x00, 0x00, 0x00,
  0x00, 0x00, 0x00, 0x00, 0x00, 0x00, 0x00, 0x00, 0x00, 0x00, 0x00, 0x00,
  0x00, 0x00, 0x00, 0x00, 0x00, 0x00, 0x00, 0x00, 0x00, 0x00, 0x00, 0x00,
  0x00, 0x00, 0x00, 0x00, 0x00, 0x00, 0x00, 0x00, 0x00, 0x00, 0x00, 0x00,
  0x00, 0x00, 0x00, 0x00, 0x00, 0x00, 0x00, 0x00, 0x00, 0x00, 0x00, 0x00,
  0x00, 0x00, 0x00, 0x00, 0x00, 0x00, 0x00, 0x00, 0x00, 0x00, 0x00, 0x00,
  0x00, 0x00, 0x00, 0x00, 0x00, 0x00, 0x00, 0x00, 0x00, 0x00, 0x00, 0x00,
  0x00, 0x00, 0x00, 0x00, 0x00, 0x00, 0x00, 0x00, 0x00, 0x00, 0x00, 0x00,
  0x00, 0x00, 0x00, 0x00, 0x00, 0x00, 0x00, 0x00, 0x00, 0x00, 0x00, 0x00,
  0x00, 0x00, 0x00, 0x00, 0x00, 0x00, 0x00, 0x00, 0x00, 0x00, 0x00, 0x00,
  0x00, 0x00, 0x00, 0x00, 0x00, 0x00, 0x00, 0x00, 0x00, 0x00, 0x00, 0x00,
  0x00, 0x00, 0x00, 0x00, 0x00, 0x00, 0x00, 0x00, 0x00, 0x00, 0x00, 0x00,
  0x00, 0x00, 0x00, 0x00, 0x00, 0x00, 0x00, 0x00, 0x00, 0x00, 0x00, 0x00,
  0x00, 0x00, 0x00, 0x00, 0x00, 0x00, 0x00, 0x00, 0x00, 0x00, 0x00, 0x00,
  0x00, 0x00, 0x00, 0x00, 0x00, 0x00, 0x00, 0x00, 0x00, 0x00, 0x00, 0x00,
  0x00, 0x00, 0x00, 0x00, 0x00, 0x00, 0x00, 0x00, 0x00, 0x00, 0x00, 0x00,
  0x00, 0x00, 0x00, 0x00, 0x00, 0x00, 0x00, 0x00, 0x00, 0x00, 0x00, 0x00,
  0x00, 0x00, 0x00, 0x00, 0x00, 0x00, 0x00, 0x00, 0x00, 0x00, 0x00, 0x00,
  0x00, 0x00, 0x00, 0x00, 0x00, 0x00, 0x00, 0x00, 0x00, 0x00, 0x00, 0x00,
  0x00, 0x00, 0x00, 0x00, 0x00, 0x00, 0x00, 0x00, 0x00, 0x00, 0x00, 0x00,
  0x00, 0x00, 0x00, 0x00, 0x00, 0x00, 0x00, 0x00, 0x00, 0x00, 0x00, 0x00,
  0x00, 0x00, 0x00, 0x00, 0x00, 0x00, 0x00, 0x00, 0x00, 0x00, 0x00, 0x00,
  0x00, 0x00, 0x00, 0x00, 0x00, 0x00, 0x00, 0x00, 0x00, 0x00, 0x00, 0x00,
  0x00, 0x00, 0x00, 0x00, 0x00, 0x00, 0x00, 0x00, 0x00, 0x00, 0x00, 0x00,
  0x00, 0x00, 0x00, 0x00, 0x00, 0x00, 0x00, 0x00, 0x00, 0x00, 0x00, 0x00,
  0x00, 0x00, 0x00, 0x00, 0x00, 0x00, 0x00, 0x00, 0x00, 0x00, 0x00, 0x00,
  0x00, 0x00, 0x00, 0x00, 0x00, 0x00, 0x00, 0x00, 0x00, 0x00, 0x00, 0x00,
  0x00, 0x00, 0x00, 0x00, 0x00, 0x00, 0x00, 0x00, 0x00, 0x00, 0x00, 0x00,
  0x30, 0x00, 0x00, 0x00, 0x32, 0x1d, 0x93, 0x37, 0xc3, 0x6c, 0x07, 0x37,
  0xcd, 0x12, 0x49, 0x37, 0x00, 0x62, 0x89, 0x37, 0x59, 0x7b, 0x00, 0x37,
  0xbd, 0x5f, 0x36, 0x37, 0x02, 0x26, 0x48, 0x37, 0x96, 0x67, 0x07, 0x37,
  0xc4, 0x7c, 0x97, 0x37, 0x08, 0x8a, 0x11, 0x37, 0x3d, 0x74, 0x91, 0x37,
  0x3b, 0x1b, 0x49, 0x37, 0x81, 0xea, 0x80, 0x37, 0x40, 0x03, 0x73, 0x37,
  0xc4, 0x0a, 0x69, 0x37, 0xd5, 0xe1, 0x4e, 0x37, 0x2e, 0x26, 0x87, 0x37,
  0xed, 0xf2, 0x8c, 0x37, 0x1e, 0xb8, 0x5e, 0x37, 0x39, 0x06, 0x6b, 0x37,
  0x9d, 0x80, 0x97, 0x37, 0xbd, 0x6b, 0x39, 0x37, 0x7c, 0x34, 0x7c, 0x37,
  0x0b, 0xa3, 0x45, 0x37, 0x68, 0x4a, 0x8a, 0x37, 0xd0, 0x46, 0x3b, 0x37,
  0x29, 0x02, 0xa0, 0x37, 0x01, 0xb2, 0x21, 0x37, 0x82, 0x61, 0x7c, 0x37,
  0x02, 0x7f, 0x96, 0x37, 0x90, 0xfa, 0x88, 0x37, 0x5a, 0x8c, 0x37, 0x37,
  0x32, 0x5b, 0x59, 0x37, 0xd2, 0xe7, 0x38, 0x37, 0x02, 0xbb, 0x9a, 0x37,
  0x57, 0x9a, 0x56, 0x37, 0xc3, 0xf7, 0x83, 0x37, 0x09, 0xc0, 0x72, 0x37,
  0x7d, 0x74, 0x36, 0x37, 0xcd, 0x7f, 0x5c, 0x37, 0xbe, 0x52, 0x28, 0x37,
  0x01, 0x7b, 0x46, 0x37, 0x35, 0xee, 0x4c, 0x37, 0x17, 0x8e, 0x14, 0x37,
  0x7c, 0x1f, 0x14, 0x37, 0x52, 0x04, 0x71, 0x37, 0x6b, 0xc4, 0x3c, 0x37,
  0x87, 0x85, 0x75, 0x37, 0x10, 0x00, 0x00, 0x00, 0x61, 0x72, 0x69, 0x74,
  0x68, 0x2e, 0x63, 0x6f, 0x6e, 0x73, 0x74, 0x61, 0x6e, 0x74, 0x32, 0x33,
  0x00, 0x00, 0x00, 0x00, 0x01, 0x00, 0x00, 0x00, 0x30, 0x00, 0x00, 0x00,
  0x86, 0xd3, 0xff, 0xff, 0x00, 0x00, 0x00, 0x01, 0x14, 0x00, 0x00, 0x00,
  0x64, 0x02, 0x00, 0x00, 0x1d, 0x00, 0x00, 0x00, 0x00, 0x00, 0x00, 0x02,
  0x70, 0x02, 0x00, 0x00, 0xec, 0xd2, 0xff, 0xff, 0x08, 0x00, 0x00, 0x00,
  0x88, 0x01, 0x00, 0x00, 0x30, 0x00, 0x00, 0x00, 0x00, 0x00, 0x00, 0x00,
  0x00, 0x00, 0x00, 0x00, 0x00, 0x00, 0x00, 0x00, 0x00, 0x00, 0x00, 0x00,
  0x00, 0x00, 0x00, 0x00, 0x00, 0x00, 0x00, 0x00, 0x00, 0x00, 0x00, 0x00,
  0x00, 0x00, 0x00, 0x00, 0x00, 0x00, 0x00, 0x00, 0x00, 0x00, 0x00, 0x00,
  0x00, 0x00, 0x00, 0x00, 0x00, 0x00, 0x00, 0x00, 0x00, 0x00, 0x00, 0x00,
  0x00, 0x00, 0x00, 0x00, 0x00, 0x00, 0x00, 0x00, 0x00, 0x00, 0x00, 0x00,
  0x00, 0x00, 0x00, 0x00, 0x00, 0x00, 0x00, 0x00, 0x00, 0x00, 0x00, 0x00,
  0x00, 0x00, 0x00, 0x00, 0x00, 0x00, 0x00, 0x00, 0x00, 0x00, 0x00, 0x00,
  0x00, 0x00, 0x00, 0x00, 0x00, 0x00, 0x00, 0x00, 0x00, 0x00, 0x00, 0x00,
  0x00, 0x00, 0x00, 0x00, 0x00, 0x00, 0x00, 0x00, 0x00, 0x00, 0x00, 0x00,
  0x00, 0x00, 0x00, 0x00, 0x00, 0x00, 0x00, 0x00, 0x00, 0x00, 0x00, 0x00,
  0x00, 0x00, 0x00, 0x00, 0x00, 0x00, 0x00, 0x00, 0x00, 0x00, 0x00, 0x00,
  0x00, 0x00, 0x00, 0x00, 0x00, 0x00, 0x00, 0x00, 0x00, 0x00, 0x00, 0x00,
  0x00, 0x00, 0x00, 0x00, 0x00, 0x00, 0x00, 0x00, 0x00, 0x00, 0x00, 0x00,
  0x00, 0x00, 0x00, 0x00, 0x00, 0x00, 0x00, 0x00, 0x00, 0x00, 0x00, 0x00,
  0x00, 0x00, 0x00, 0x00, 0x00, 0x00, 0x00, 0x00, 0x00, 0x00, 0x00, 0x00,
  0x00, 0x00, 0x00, 0x00, 0x00, 0x00, 0x00, 0x00, 0x00, 0x00, 0x00, 0x00,
  0x00, 0x00, 0x00, 0x00, 0x00, 0x00, 0x00, 0x00, 0x00, 0x00, 0x00, 0x00,
  0x00, 0x00, 0x00, 0x00, 0x00, 0x00, 0x00, 0x00, 0x00, 0x00, 0x00, 0x00,
  0x00, 0x00, 0x00, 0x00, 0x00, 0x00, 0x00, 0x00, 0x00, 0x00, 0x00, 0x00,
  0x00, 0x00, 0x00, 0x00, 0x00, 0x00, 0x00, 0x00, 0x00, 0x00, 0x00, 0x00,
  0x00, 0x00, 0x00, 0x00, 0x00, 0x00, 0x00, 0x00, 0x00, 0x00, 0x00, 0x00,
  0x00, 0x00, 0x00, 0x00, 0x00, 0x00, 0x00, 0x00, 0x00, 0x00, 0x00, 0x00,
  0x00, 0x00, 0x00, 0x00, 0x00, 0x00, 0x00, 0x00, 0x00, 0x00, 0x00, 0x00,
  0x00, 0x00, 0x00, 0x00, 0x00, 0x00, 0x00, 0x00, 0x00, 0x00, 0x00, 0x00,
  0x00, 0x00, 0x00, 0x00, 0x00, 0x00, 0x00, 0x00, 0x00, 0x00, 0x00, 0x00,
  0x00, 0x00, 0x00, 0x00, 0x00, 0x00, 0x00, 0x00, 0x00, 0x00, 0x00, 0x00,
  0x00, 0x00, 0x00, 0x00, 0x00, 0x00, 0x00, 0x00, 0x00, 0x00, 0x00, 0x00,
  0x00, 0x00, 0x00, 0x00, 0x00, 0x00, 0x00, 0x00, 0x00, 0x00, 0x00, 0x00,
  0x00, 0x00, 0x00, 0x00, 0x00, 0x00, 0x00, 0x00, 0x00, 0x00, 0x00, 0x00,
  0x00, 0x00, 0x00, 0x00, 0x00, 0x00, 0x00, 0x00, 0x00, 0x00, 0x00, 0x00,
  0x00, 0x00, 0x00, 0x00, 0x00, 0x00, 0x00, 0x00, 0x00, 0x00, 0x00, 0x00,
  0x00, 0x00, 0x00, 0x00, 0x00, 0x00, 0x00, 0x00, 0x30, 0x00, 0x00, 0x00,
  0xcd, 0x6b, 0x94, 0x37, 0xc8, 0xa0, 0x08, 0x37, 0x22, 0xdc, 0x4a, 0x37,
  0x78, 0x9a, 0x8a, 0x37, 0x92, 0x9f, 0x01, 0x37, 0x8a, 0xfe, 0x37, 0x37,
  0x3c, 0xed, 0x49, 0x37, 0x8e, 0x9b, 0x08, 0x37, 0x51, 0xd5, 0x98, 0x37,
  0x0e, 0xd5, 0x12, 0x37, 0x10, 0xbf, 0x92, 0x37, 0xa3, 0xe4, 0x4a, 0x37,
  0xb8, 0x0f, 0x82, 0x37, 0xf9, 0x2b, 0x75, 0x37, 0xcf, 0x1c, 0x6b, 0x37,
  0x60, 0xb8, 0x50, 0x37, 0x92, 0x59, 0x88, 0x37, 0x82, 0x33, 0x8e, 0x37,
  0xae, 0xb2, 0x60, 0x37, 0xc6, 0x1c, 0x6d, 0x37, 0x33, 0xd9, 0x98, 0x37,
  0x78, 0x11, 0x3b, 0x37, 0x1d, 0x72, 0x7e, 0x37, 0x8f, 0x64, 0x47, 0x37,
  0xf1, 0x84, 0x8b, 0x37, 0xc4, 0xf0, 0x3c, 0x37, 0x17, 0x6e, 0xa1, 0x37,
  0xc6, 0x21, 0x23, 0x37, 0x89, 0x9f, 0x7e, 0x37, 0x4e, 0xd5, 0x97, 0x37,
  0x1d, 0x32, 0x8a, 0x37, 0xd2, 0x2d, 0x39, 0x37, 0x8f, 0x49, 0x5b, 0x37,
  0x60, 0x8c, 0x3a, 0x37, 0xef, 0x1a, 0x9c, 0x37, 0x71, 0x82, 0x58, 0x37,
  0xeb, 0x23, 0x85, 0x37, 0x28, 0xe8, 0x74, 0x37, 0x79, 0x13, 0x38, 0x37,
  0x51, 0x75, 0x5e, 0x37, 0x95, 0xd1, 0x29, 0x37, 0x70, 0x3e, 0x48, 0x37,
  0x4f, 0xc0, 0x4e, 0x37, 0xf9, 0xdf, 0x15, 0x37, 0x61, 0x70, 0x15, 0x37,
  0x81, 0x28, 0x73, 0x37, 0xc2, 0x71, 0x3e, 0x37, 0xf4, 0xb3, 0x77, 0x37,
  0x10, 0x00, 0x00, 0x00, 0x61, 0x72, 0x69, 0x74, 0x68, 0x2e, 0x63, 0x6f,
  0x6e, 0x73, 0x74, 0x61, 0x6e, 0x74, 0x32, 0x32, 0x00, 0x00, 0x00, 0x00,
  0x01, 0x00, 0x00, 0x00, 0x30, 0x00, 0x00, 0x00, 0x16, 0xd6, 0xff, 0xff,
  0x00, 0x00, 0x00, 0x01, 0x14, 0x00, 0x00, 0x00, 0x64, 0x02, 0x00, 0x00,
  0x1c, 0x00, 0x00, 0x00, 0x00, 0x00, 0x00, 0x02, 0x70, 0x02, 0x00, 0x00,
  0x7c, 0xd5, 0xff, 0xff, 0x08, 0x00, 0x00, 0x00, 0x88, 0x01, 0x00, 0x00,
  0x30, 0x00, 0x00, 0x00, 0x00, 0x00, 0x00, 0x00, 0x00, 0x00, 0x00, 0x00,
  0x00, 0x00, 0x00, 0x00, 0x00, 0x00, 0x00, 0x00, 0x00, 0x00, 0x00, 0x00,
  0x00, 0x00, 0x00, 0x00, 0x00, 0x00, 0x00, 0x00, 0x00, 0x00, 0x00, 0x00,
  0x00, 0x00, 0x00, 0x00, 0x00, 0x00, 0x00, 0x00, 0x00, 0x00, 0x00, 0x00,
  0x00, 0x00, 0x00, 0x00, 0x00, 0x00, 0x00, 0x00, 0x00, 0x00, 0x00, 0x00,
  0x00, 0x00, 0x00, 0x00, 0x00, 0x00, 0x00, 0x00, 0x00, 0x00, 0x00, 0x00,
  0x00, 0x00, 0x00, 0x00, 0x00, 0x00, 0x00, 0x00, 0x00, 0x00, 0x00, 0x00,
  0x00, 0x00, 0x00, 0x00, 0x00, 0x00, 0x00, 0x00, 0x00, 0x00, 0x00, 0x00,
  0x00, 0x00, 0x00, 0x00, 0x00, 0x00, 0x00, 0x00, 0x00, 0x00, 0x00, 0x00,
  0x00, 0x00, 0x00, 0x00, 0x00, 0x00, 0x00, 0x00, 0x00, 0x00, 0x00, 0x00,
  0x00, 0x00, 0x00, 0x00, 0x00, 0x00, 0x00, 0x00, 0x00, 0x00, 0x00, 0x00,
  0x00, 0x00, 0x00, 0x00, 0x00, 0x00, 0x00, 0x00, 0x00, 0x00, 0x00, 0x00,
  0x00, 0x00, 0x00, 0x00, 0x00, 0x00, 0x00, 0x00, 0x00, 0x00, 0x00, 0x00,
  0x00, 0x00, 0x00, 0x00, 0x00, 0x00, 0x00, 0x00, 0x00, 0x00, 0x00, 0x00,
  0x00, 0x00, 0x00, 0x00, 0x00, 0x00, 0x00, 0x00, 0x00, 0x00, 0x00, 0x00,
  0x00, 0x00, 0x00, 0x00, 0x00, 0x00, 0x00, 0x00, 0x00, 0x00, 0x00, 0x00,
  0x00, 0x00, 0x00, 0x00, 0x00, 0x00, 0x00, 0x00, 0x00, 0x00, 0x00, 0x00,
  0x00, 0x00, 0x00, 0x00, 0x00, 0x00, 0x00, 0x00, 0x00, 0x00, 0x00, 0x00,
  0x00, 0x00, 0x00, 0x00, 0x00, 0x00, 0x00, 0x00, 0x00, 0x00, 0x00, 0x00,
  0x00, 0x00, 0x00, 0x00, 0x00, 0x00, 0x00, 0x00, 0x00, 0x00, 0x00, 0x00,
  0x00, 0x00, 0x00, 0x00, 0x00, 0x00, 0x00, 0x00, 0x00, 0x00, 0x00, 0x00,
  0x00, 0x00, 0x00, 0x00, 0x00, 0x00, 0x00, 0x00, 0x00, 0x00, 0x00, 0x00,
  0x00, 0x00, 0x00, 0x00, 0x00, 0x00, 0x00, 0x00, 0x00, 0x00, 0x00, 0x00,
  0x00, 0x00, 0x00, 0x00, 0x00, 0x00, 0x00, 0x00, 0x00, 0x00, 0x00, 0x00,
  0x00, 0x00, 0x00, 0x00, 0x00, 0x00, 0x00, 0x00, 0x00, 0x00, 0x00, 0x00,
  0x00, 0x00, 0x00, 0x00, 0x00, 0x00, 0x00, 0x00, 0x00, 0x00, 0x00, 0x00,
  0x00, 0x00, 0x00, 0x00, 0x00, 0x00, 0x00, 0x00, 0x00, 0x00, 0x00, 0x00,
  0x00, 0x00, 0x00, 0x00, 0x00, 0x00, 0x00, 0x00, 0x00, 0x00, 0x00, 0x00,
  0x00, 0x00, 0x00, 0x00, 0x00, 0x00, 0x00, 0x00, 0x00, 0x00, 0x00, 0x00,
  0x00, 0x00, 0x00, 0x00, 0x00, 0x00, 0x00, 0x00, 0x00, 0x00, 0x00, 0x00,
  0x00, 0x00, 0x00, 0x00, 0x00, 0x00, 0x00, 0x00, 0x00, 0x00, 0x00, 0x00,
  0x00, 0x00, 0x00, 0x00, 0x00, 0x00, 0x00, 0x00, 0x00, 0x00, 0x00, 0x00,
  0x00, 0x00, 0x00, 0x00, 0x30, 0x00, 0x00, 0x00, 0xf6, 0x51, 0x91, 0x37,
  0x04, 0xc6, 0x05, 0x37, 0x20, 0x9f, 0x46, 0x37, 0x24, 0xb5, 0x87, 0x37,
  0x8c, 0xd4, 0xfd, 0x36, 0x6f, 0x26, 0x34, 0x37, 0x38, 0xb5, 0x45, 0x37,
  0xe7, 0xc0, 0x05, 0x37, 0xe1, 0xa3, 0x95, 0x37, 0xb6, 0xc3, 0x0f, 0x37,
  0x2f, 0xae, 0x8f, 0x37, 0x74, 0xa7, 0x46, 0x37, 0x27, 0xb0, 0x7e, 0x37,
  0xa8, 0x0c, 0x70, 0x37, 0x4b, 0x33, 0x66, 0x37, 0x06, 0x5c, 0x4c, 0x37,
  0x4b, 0x80, 0x85, 0x37, 0xf0, 0x3a, 0x8b, 0x37, 0xdf, 0x00, 0x5c, 0x37,
  0x90, 0x28, 0x68, 0x37, 0xae, 0xa7, 0x95, 0x37, 0xed, 0x28, 0x37, 0x37,
  0x32, 0x21, 0x79, 0x37, 0x18, 0x3a, 0x43, 0x37, 0xb7, 0x9a, 0x88, 0x37,
  0x35, 0xfe, 0x38, 0x37, 0xac, 0x0e, 0x9e, 0x37, 0x40, 0xb9, 0x1f, 0x37,
  0xab, 0x4d, 0x79, 0x37, 0x37, 0xa9, 0x94, 0x37, 0xf7, 0x4e, 0x87, 0x37,
  0x61, 0x4f, 0x35, 0x37, 0xb0, 0xb4, 0x56, 0x37, 0x9d, 0xa6, 0x36, 0x37,
  0xff, 0xd7, 0x98, 0x37, 0x6e, 0xfc, 0x53, 0x37, 0xcf, 0x5b, 0x82, 0x37,
  0x42, 0xca, 0x6f, 0x37, 0xee, 0x3a, 0x34, 0x37, 0x7c, 0xcf, 0x59, 0x37,
  0x4c, 0x45, 0x26, 0x37, 0x6c, 0x0f, 0x44, 0x37, 0x7d, 0x6e, 0x4a, 0x37,
  0x5b, 0xbe, 0x12, 0x37, 0x19, 0x51, 0x12, 0x37, 0xf5, 0x13, 0x6e, 0x37,
  0x28, 0x77, 0x3a, 0x37, 0x1a, 0x87, 0x72, 0x37, 0x10, 0x00, 0x00, 0x00,
  0x61, 0x72, 0x69, 0x74, 0x68, 0x2e, 0x63, 0x6f, 0x6e, 0x73, 0x74, 0x61,
  0x6e, 0x74, 0x32, 0x31, 0x00, 0x00, 0x00, 0x00, 0x01, 0x00, 0x00, 0x00,
  0x30, 0x00, 0x00, 0x00, 0xa6, 0xd8, 0xff, 0xff, 0x00, 0x00, 0x00, 0x01,
  0x14, 0x00, 0x00, 0x00, 0x64, 0x02, 0x00, 0x00, 0x1b, 0x00, 0x00, 0x00,
  0x00, 0x00, 0x00, 0x02, 0x70, 0x02, 0x00, 0x00, 0x0c, 0xd8, 0xff, 0xff,
  0x08, 0x00, 0x00, 0x00, 0x88, 0x01, 0x00, 0x00, 0x30, 0x00, 0x00, 0x00,
  0x00, 0x00, 0x00, 0x00, 0x00, 0x00, 0x00, 0x00, 0x00, 0x00, 0x00, 0x00,
  0x00, 0x00, 0x00, 0x00, 0x00, 0x00, 0x00, 0x00, 0x00, 0x00, 0x00, 0x00,
  0x00, 0x00, 0x00, 0x00, 0x00, 0x00, 0x00, 0x00, 0x00, 0x00, 0x00, 0x00,
  0x00, 0x00, 0x00, 0x00, 0x00, 0x00, 0x00, 0x00, 0x00, 0x00, 0x00, 0x00,
  0x00, 0x00, 0x00, 0x00, 0x00, 0x00, 0x00, 0x00, 0x00, 0x00, 0x00, 0x00,
  0x00, 0x00, 0x00, 0x00, 0x00, 0x00, 0x00, 0x00, 0x00, 0x00, 0x00, 0x00,
  0x00, 0x00, 0x00, 0x00, 0x00, 0x00, 0x00, 0x00, 0x00, 0x00, 0x00, 0x00,
  0x00, 0x00, 0x00, 0x00, 0x00, 0x00, 0x00, 0x00, 0x00, 0x00, 0x00, 0x00,
  0x00, 0x00, 0x00, 0x00, 0x00, 0x00, 0x00, 0x00, 0x00, 0x00, 0x00, 0x00,
  0x00, 0x00, 0x00, 0x00, 0x00, 0x00, 0x00, 0x00, 0x00, 0x00, 0x00, 0x00,
  0x00, 0x00, 0x00, 0x00, 0x00, 0x00, 0x00, 0x00, 0x00, 0x00, 0x00, 0x00,
  0x00, 0x00, 0x00, 0x00, 0x00, 0x00, 0x00, 0x00, 0x00, 0x00, 0x00, 0x00,
  0x00, 0x00, 0x00, 0x00, 0x00, 0x00, 0x00, 0x00, 0x00, 0x00, 0x00, 0x00,
  0x00, 0x00, 0x00, 0x00, 0x00, 0x00, 0x00, 0x00, 0x00, 0x00, 0x00, 0x00,
  0x00, 0x00, 0x00, 0x00, 0x00, 0x00, 0x00, 0x00, 0x00, 0x00, 0x00, 0x00,
  0x00, 0x00, 0x00, 0x00, 0x00, 0x00, 0x00, 0x00, 0x00, 0x00, 0x00, 0x00,
  0x00, 0x00, 0x00, 0x00, 0x00, 0x00, 0x00, 0x00, 0x00, 0x00, 0x00, 0x00,
  0x00, 0x00, 0x00, 0x00, 0x00, 0x00, 0x00, 0x00, 0x00, 0x00, 0x00, 0x00,
  0x00, 0x00, 0x00, 0x00, 0x00, 0x00, 0x00, 0x00, 0x00, 0x00, 0x00, 0x00,
  0x00, 0x00, 0x00, 0x00, 0x00, 0x00, 0x00, 0x00, 0x00, 0x00, 0x00, 0x00,
  0x00, 0x00, 0x00, 0x00, 0x00, 0x00, 0x00, 0x00, 0x00, 0x00, 0x00, 0x00,
  0x00, 0x00, 0x00, 0x00, 0x00, 0x00, 0x00, 0x00, 0x00, 0x00, 0x00, 0x00,
  0x00, 0x00, 0x00, 0x00, 0x00, 0x00, 0x00, 0x00, 0x00, 0x00, 0x00, 0x00,
  0x00, 0x00, 0x00, 0x00, 0x00, 0x00, 0x00, 0x00, 0x00, 0x00, 0x00, 0x00,
  0x00, 0x00, 0x00, 0x00, 0x00, 0x00, 0x00, 0x00, 0x00, 0x00, 0x00, 0x00,
  0x00, 0x00, 0x00, 0x00, 0x00, 0x00, 0x00, 0x00, 0x00, 0x00, 0x00, 0x00,
  0x00, 0x00, 0x00, 0x00, 0x00, 0x00, 0x00, 0x00, 0x00, 0x00, 0x00, 0x00,
  0x00, 0x00, 0x00, 0x00, 0x00, 0x00, 0x00, 0x00, 0x00, 0x00, 0x00, 0x00,
  0x00, 0x00, 0x00, 0x00, 0x00, 0x00, 0x00, 0x00, 0x00, 0x00, 0x00, 0x00,
  0x00, 0x00, 0x00, 0x00, 0x00, 0x00, 0x00, 0x00, 0x00, 0x00, 0x00, 0x00,
  0x00, 0x00, 0x00, 0x00, 0x00, 0x00, 0x00, 0x00, 0x00, 0x00, 0x00, 0x00,
  0x00, 0x00, 0x00, 0x00, 0x00, 0x00, 0x00, 0x00, 0x00, 0x00, 0x00, 0x00,
  0x30, 0x00, 0x00, 0x00, 0x12, 0x03, 0x8f, 0x37, 0x14, 0xa6, 0x03, 0x37,
  0x82, 0x77, 0x43, 0x37, 0x57, 0x8d, 0x85, 0x37, 0x71, 0xcc, 0xf9, 0x36,
  0xec, 0x49, 0x31, 0x37, 0x51, 0x91, 0x42, 0x37, 0x0b, 0xa1, 0x03, 0x37,
  0x6d, 0x43, 0x93, 0x37, 0x26, 0x7b, 0x0d, 0x37, 0xf6, 0x65, 0x8d, 0x37,
  0xb4, 0x7f, 0x43, 0x37, 0x90, 0xa4, 0x7a, 0x37, 0x96, 0x3c, 0x6c, 0x37,
  0x46, 0x8b, 0x62, 0x37, 0x13, 0x1d, 0x49, 0x37, 0x76, 0x61, 0x83, 0x37,
  0xd0, 0x04, 0x89, 0x37, 0x50, 0x82, 0x58, 0x37, 0x95, 0x78, 0x64, 0x37,
  0x2a, 0x47, 0x93, 0x37, 0x2d, 0x40, 0x34, 0x37, 0x34, 0x2c, 0x75, 0x37,
  0x47, 0x20, 0x40, 0x37, 0x44, 0x6f, 0x86, 0x37, 0x01, 0x0e, 0x36, 0x37,
  0xfe, 0x8b, 0x9b, 0x37, 0xcc, 0x2f, 0x1d, 0x37, 0xf8, 0x57, 0x75, 0x37,
  0xbe, 0x4c, 0x92, 0x37, 0xc9, 0x28, 0x85, 0x37, 0x27, 0x6e, 0x32, 0x37,
  0xab, 0x4b, 0x53, 0x37, 0xef, 0xbf, 0x33, 0x37, 0x84, 0x6a, 0x96, 0x37,
  0x78, 0x9e, 0x50, 0x37, 0xc1, 0x49, 0x80, 0x37, 0x3f, 0xfb, 0x6b, 0x37,
  0x18, 0x5e, 0x31, 0x37, 0xd8, 0x59, 0x56, 0x37, 0x39, 0xa1, 0x23, 0x37,
  0x37, 0xf2, 0x40, 0x37, 0x61, 0x37, 0x47, 0x37, 0xae, 0x69, 0x10, 0x37,
  0x28, 0xfe, 0x0f, 0x37, 0xe7, 0x4b, 0x6a, 0x37, 0xf7, 0x80, 0x37, 0x37,
  0xf5, 0xac, 0x6e, 0x37, 0x10, 0x00, 0x00, 0x00, 0x61, 0x72, 0x69, 0x74,
  0x68, 0x2e, 0x63, 0x6f, 0x6e, 0x73, 0x74, 0x61, 0x6e, 0x74, 0x32, 0x30,
  0x00, 0x00, 0x00, 0x00, 0x01, 0x00, 0x00, 0x00, 0x30, 0x00, 0x00, 0x00,
  0x36, 0xdb, 0xff, 0xff, 0x00, 0x00, 0x00, 0x01, 0x14, 0x00, 0x00, 0x00,
  0x64, 0x02, 0x00, 0x00, 0x1a, 0x00, 0x00, 0x00, 0x00, 0x00, 0x00, 0x02,
  0x70, 0x02, 0x00, 0x00, 0x9c, 0xda, 0xff, 0xff, 0x08, 0x00, 0x00, 0x00,
  0x88, 0x01, 0x00, 0x00, 0x30, 0x00, 0x00, 0x00, 0x00, 0x00, 0x00, 0x00,
  0x00, 0x00, 0x00, 0x00, 0x00, 0x00, 0x00, 0x00, 0x00, 0x00, 0x00, 0x00,
  0x00, 0x00, 0x00, 0x00, 0x00, 0x00, 0x00, 0x00, 0x00, 0x00, 0x00, 0x00,
  0x00, 0x00, 0x00, 0x00, 0x00, 0x00, 0x00, 0x00, 0x00, 0x00, 0x00, 0x00,
  0x00, 0x00, 0x00, 0x00, 0x00, 0x00, 0x00, 0x00, 0x00, 0x00, 0x00, 0x00,
  0x00, 0x00, 0x00, 0x00, 0x00, 0x00, 0x00, 0x00, 0x00, 0x00, 0x00, 0x00,
  0x00, 0x00, 0x00, 0x00, 0x00, 0x00, 0x00, 0x00, 0x00, 0x00, 0x00, 0x00,
  0x00, 0x00, 0x00, 0x00, 0x00, 0x00, 0x00, 0x00, 0x00, 0x00, 0x00, 0x00,
  0x00, 0x00, 0x00, 0x00, 0x00, 0x00, 0x00, 0x00, 0x00, 0x00, 0x00, 0x00,
  0x00, 0x00, 0x00, 0x00, 0x00, 0x00, 0x00, 0x00, 0x00, 0x00, 0x00, 0x00,
  0x00, 0x00, 0x00, 0x00, 0x00, 0x00, 0x00, 0x00, 0x00, 0x00, 0x00, 0x00,
  0x00, 0x00, 0x00, 0x00, 0x00, 0x00, 0x00, 0x00, 0x00, 0x00, 0x00, 0x00,
  0x00, 0x00, 0x00, 0x00, 0x00, 0x00, 0x00, 0x00, 0x00, 0x00, 0x00, 0x00,
  0x00, 0x00, 0x00, 0x00, 0x00, 0x00, 0x00, 0x00, 0x00, 0x00, 0x00, 0x00,
  0x00, 0x00, 0x00, 0x00, 0x00, 0x00, 0x00, 0x00, 0x00, 0x00, 0x00, 0x00,
  0x00, 0x00, 0x00, 0x00, 0x00, 0x00, 0x00, 0x00, 0x00, 0x00, 0x00, 0x00,
  0x00, 0x00, 0x00, 0x00, 0x00, 0x00, 0x00, 0x00, 0x00, 0x00, 0x00, 0x00,
  0x00, 0x00, 0x00, 0x00, 0x00, 0x00, 0x00, 0x00, 0x00, 0x00, 0x00, 0x00,
  0x00, 0x00, 0x00, 0x00, 0x00, 0x00, 0x00, 0x00, 0x00, 0x00, 0x00, 0x00,
  0x00, 0x00, 0x00, 0x00, 0x00, 0x00, 0x00, 0x00, 0x00, 0x00, 0x00, 0x00,
  0x00, 0x00, 0x00, 0x00, 0x00, 0x00, 0x00, 0x00, 0x00, 0x00, 0x00, 0x00,
  0x00, 0x00, 0x00, 0x00, 0x00, 0x00, 0x00, 0x00, 0x00, 0x00, 0x00, 0x00,
  0x00, 0x00, 0x00, 0x00, 0x00, 0x00, 0x00, 0x00, 0x00, 0x00, 0x00, 0x00,
  0x00, 0x00, 0x00, 0x00, 0x00, 0x00, 0x00, 0x00, 0x00, 0x00, 0x00, 0x00,
  0x00, 0x00, 0x00, 0x00, 0x00, 0x00, 0x00, 0x00, 0x00, 0x00, 0x00, 0x00,
  0x00, 0x00, 0x00, 0x00, 0x00, 0x00, 0x00, 0x00, 0x00, 0x00, 0x00, 0x00,
  0x00, 0x00, 0x00, 0x00, 0x00, 0x00, 0x00, 0x00, 0x00, 0x00, 0x00, 0x00,
  0x00, 0x00, 0x00, 0x00, 0x00, 0x00, 0x00, 0x00, 0x00, 0x00, 0x00, 0x00,
  0x00, 0x00, 0x00, 0x00, 0x00, 0x00, 0x00, 0x00, 0x00, 0x00, 0x00, 0x00,
  0x00, 0x00, 0x00, 0x00, 0x00, 0x00, 0x00, 0x00, 0x00, 0x00, 0x00, 0x00,
  0x00, 0x00, 0x00, 0x00, 0x00, 0x00, 0x00, 0x00, 0x00, 0x00, 0x00, 0x00,
  0x00, 0x00, 0x00, 0x00, 0x00, 0x00, 0x00, 0x00, 0x00, 0x00, 0x00, 0x00,
  0x00, 0x00, 0x00, 0x00, 0x00, 0x00, 0x00, 0x00, 0x30, 0x00, 0x00, 0x00,
  0xd5, 0xc4, 0x8d, 0x37, 0x20, 0x81, 0x02, 0x37, 0x8a, 0xc4, 0x41, 0x37,
  0x26, 0x64, 0x84, 0x37, 0x92, 0xa0, 0xf7, 0x36, 0x68, 0xbf, 0x2f, 0x37,
  0x59, 0xe0, 0x40, 0x37, 0x22, 0x7c, 0x02, 0x37, 0xb9, 0xfb, 0x91, 0x37,
  0x51, 0x40, 0x0c, 0x37, 0x50, 0x2b, 0x8c, 0x37, 0xaa, 0xcc, 0x41, 0x37,
  0xd0, 0x76, 0x78, 0x37, 0xe5, 0x2e, 0x6a, 0x37, 0x27, 0x93, 0x60, 0x37,
  0x8a, 0x5d, 0x47, 0x37, 0x1b, 0x3d, 0x82, 0x37, 0xe8, 0xd3, 0x87, 0x37,
  0x85, 0xa0, 0x56, 0x37, 0x2c, 0x7c, 0x62, 0x37, 0x6e, 0xff, 0x91, 0x37,
  0x11, 0xaf, 0x32, 0x37, 0xa1, 0x0a, 0x73, 0x37, 0xbf, 0x74, 0x3e, 0x37,
  0x1c, 0x44, 0x85, 0x37, 0xe2, 0x78, 0x34, 0x37, 0xdc, 0x31, 0x9a, 0x37,
  0x03, 0xd2, 0x1b, 0x37, 0x03, 0x36, 0x73, 0x37, 0x30, 0x07, 0x91, 0x37,
  0x78, 0x00, 0x84, 0x37, 0x19, 0xe1, 0x30, 0x37, 0x7b, 0x75, 0x51, 0x37,
  0xf1, 0x2f, 0x32, 0x37, 0xcc, 0x1b, 0x95, 0x37, 0x3c, 0xce, 0x4e, 0x37,
  0x8e, 0x58, 0x7e, 0x37, 0x1f, 0xee, 0x69, 0x37, 0x67, 0xd3, 0x2f, 0x37,
  0xda, 0x7c, 0x54, 0x37, 0x1a, 0x35, 0x22, 0x37, 0xdc, 0x44, 0x3f, 0x37,
  0x11, 0x7c, 0x45, 0x37, 0x53, 0x28, 0x0f, 0x37, 0xbc, 0xbd, 0x0e, 0x37,
  0x88, 0x42, 0x68, 0x37, 0x9f, 0xe8, 0x35, 0x37, 0xd6, 0x99, 0x6c, 0x37,
  0x10, 0x00, 0x00, 0x00, 0x61, 0x72, 0x69, 0x74, 0x68, 0x2e, 0x63, 0x6f,
  0x6e, 0x73, 0x74, 0x61, 0x6e, 0x74, 0x31, 0x39, 0x00, 0x00, 0x00, 0x00,
  0x01, 0x00, 0x00, 0x00, 0x30, 0x00, 0x00, 0x00, 0xc6, 0xdd, 0xff, 0xff,
  0x00, 0x00, 0x00, 0x01, 0x14, 0x00, 0x00, 0x00, 0x64, 0x02, 0x00, 0x00,
  0x19, 0x00, 0x00, 0x00, 0x00, 0x00, 0x00, 0x02, 0x70, 0x02, 0x00, 0x00,
  0x2c, 0xdd, 0xff, 0xff, 0x08, 0x00, 0x00, 0x00, 0x88, 0x01, 0x00, 0x00,
  0x30, 0x00, 0x00, 0x00, 0x00, 0x00, 0x00, 0x00, 0x00, 0x00, 0x00, 0x00,
  0x00, 0x00, 0x00, 0x00, 0x00, 0x00, 0x00, 0x00, 0x00, 0x00, 0x00, 0x00,
  0x00, 0x00, 0x00, 0x00, 0x00, 0x00, 0x00, 0x00, 0x00, 0x00, 0x00, 0x00,
  0x00, 0x00, 0x00, 0x00, 0x00, 0x00, 0x00, 0x00, 0x00, 0x00, 0x00, 0x00,
  0x00, 0x00, 0x00, 0x00, 0x00, 0x00, 0x00, 0x00, 0x00, 0x00, 0x00, 0x00,
  0x00, 0x00, 0x00, 0x00, 0x00, 0x00, 0x00, 0x00, 0x00, 0x00, 0x00, 0x00,
  0x00, 0x00, 0x00, 0x00, 0x00, 0x00, 0x00, 0x00, 0x00, 0x00, 0x00, 0x00,
  0x00, 0x00, 0x00, 0x00, 0x00, 0x00, 0x00, 0x00, 0x00, 0x00, 0x00, 0x00,
  0x00, 0x00, 0x00, 0x00, 0x00, 0x00, 0x00, 0x00, 0x00, 0x00, 0x00, 0x00,
  0x00, 0x00, 0x00, 0x00, 0x00, 0x00, 0x00, 0x00, 0x00, 0x00, 0x00, 0x00,
  0x00, 0x00, 0x00, 0x00, 0x00, 0x00, 0x00, 0x00, 0x00, 0x00, 0x00, 0x00,
  0x00, 0x00, 0x00, 0x00, 0x00, 0x00, 0x00, 0x00, 0x00, 0x00, 0x00, 0x00,
  0x00, 0x00, 0x00, 0x00, 0x00, 0x00, 0x00, 0x00, 0x00, 0x00, 0x00, 0x00,
  0x00, 0x00, 0x00, 0x00, 0x00, 0x00, 0x00, 0x00, 0x00, 0x00, 0x00, 0x00,
  0x00, 0x00, 0x00, 0x00, 0x00, 0x00, 0x00, 0x00, 0x00, 0x00, 0x00, 0x00,
  0x00, 0x00, 0x00, 0x00, 0x00, 0x00, 0x00, 0x00, 0x00, 0x00, 0x00, 0x00,
  0x00, 0x00, 0x00, 0x00, 0x00, 0x00, 0x00, 0x00, 0x00, 0x00, 0x00, 0x00,
  0x00, 0x00, 0x00, 0x00, 0x00, 0x00, 0x00, 0x00, 0x00, 0x00, 0x00, 0x00,
  0x00, 0x00, 0x00, 0x00, 0x00, 0x00, 0x00, 0x00, 0x00, 0x00, 0x00, 0x00,
  0x00, 0x00, 0x00, 0x00, 0x00, 0x00, 0x00, 0x00, 0x00, 0x00, 0x00, 0x00,
  0x00, 0x00, 0x00, 0x00, 0x00, 0x00, 0x00, 0x00, 0x00, 0x00, 0x00, 0x00,
  0x00, 0x00, 0x00, 0x00, 0x00, 0x00, 0x00, 0x00, 0x00, 0x00, 0x00, 0x00,
  0x00, 0x00, 0x00, 0x00, 0x00, 0x00, 0x00, 0x00, 0x00, 0x00, 0x00, 0x00,
  0x00, 0x00, 0x00, 0x00, 0x00, 0x00, 0x00, 0x00, 0x00, 0x00, 0x00, 0x00,
  0x00, 0x00, 0x00, 0x00, 0x00, 0x00, 0x00, 0x00, 0x00, 0x00, 0x00, 0x00,
  0x00, 0x00, 0x00, 0x00, 0x00, 0x00, 0x00, 0x00, 0x00, 0x00, 0x00, 0x00,
  0x00, 0x00, 0x00, 0x00, 0x00, 0x00, 0x00, 0x00, 0x00, 0x00, 0x00, 0x00,
  0x00, 0x00, 0x00, 0x00, 0x00, 0x00, 0x00, 0x00, 0x00, 0x00, 0x00, 0x00,
  0x00, 0x00, 0x00, 0x00, 0x00, 0x00, 0x00, 0x00, 0x00, 0x00, 0x00, 0x00,
  0x00, 0x00, 0x00, 0x00, 0x00, 0x00, 0x00, 0x00, 0x00, 0x00, 0x00, 0x00,
  0x00, 0x00, 0x00, 0x00, 0x00, 0x00, 0x00, 0x00, 0x00, 0x00, 0x00, 0x00,
  0x00, 0x00, 0x00, 0x00, 0x00, 0x00, 0x00, 0x00, 0x00, 0x00, 0x00, 0x00,
  0x00, 0x00, 0x00, 0x00, 0x30, 0x00, 0x00, 0x00, 0x10, 0xda, 0x91, 0x37,
  0x4e, 0x43, 0x06, 0x37, 0x26, 0x59, 0x47, 0x37, 0x3e, 0x34, 0x88, 0x37,
  0x46, 0xc2, 0xfe, 0x36, 0x28, 0xcf, 0x34, 0x37, 0x62, 0x6e, 0x46, 0x37,
  0x2c, 0x3e, 0x06, 0x37, 0x07, 0x30, 0x96, 0x37, 0x5c, 0x4a, 0x10, 0x37,
  0xc0, 0x34, 0x90, 0x37, 0x81, 0x61, 0x47, 0x37, 0xaf, 0x9e, 0x7f, 0x37,
  0x7a, 0xed, 0x70, 0x37, 0xe4, 0x0a, 0x67, 0x37, 0x6b, 0x1b, 0x4d, 0x37,
  0x54, 0xfd, 0x85, 0x37, 0x56, 0xbd, 0x8b, 0x37, 0xeb, 0xce, 0x5c, 0x37,
  0xff, 0x01, 0x69, 0x37, 0xd7, 0x33, 0x96, 0x37, 0x77, 0xd4, 0x37, 0x37,
  0x85, 0x0a, 0x7a, 0x37, 0xef, 0xf0, 0x43, 0x37, 0xa7, 0x1a, 0x89, 0x37,
  0x77, 0xab, 0x39, 0x37, 0xb4, 0xa2, 0x9e, 0x37, 0xd8, 0x4e, 0x20, 0x37,
  0x28, 0x37, 0x7a, 0x37, 0x72, 0x34, 0x95, 0x37, 0xb0, 0xcd, 0x87, 0x37,
  0x30, 0xf9, 0x35, 0x37, 0xc6, 0x7d, 0x57, 0x37, 0xad, 0x51, 0x37, 0x37,
  0x25, 0x67, 0x99, 0x37, 0xf7, 0xc2, 0x54, 0x37, 0xe6, 0xd5, 0x82, 0x37,
  0xd7, 0xaa, 0x70, 0x37, 0xba, 0xe3, 0x34, 0x37, 0x7b, 0x9b, 0x5a, 0x37,
  0x05, 0xe1, 0x26, 0x37, 0x0b, 0xc7, 0x44, 0x37, 0x14, 0x2c, 0x4b, 0x37,
  0xcb, 0x47, 0x13, 0x37, 0x22, 0xda, 0x12, 0x37, 0xee, 0xf2, 0x6e, 0x37,
  0xcb, 0x25, 0x3b, 0x37, 0x3e, 0x6a, 0x73, 0x37, 0x10, 0x00, 0x00, 0x00,
  0x61, 0x72, 0x69, 0x74, 0x68, 0x2e, 0x63, 0x6f, 0x6e, 0x73, 0x74, 0x61,
  0x6e, 0x74, 0x31, 0x38, 0x00, 0x00, 0x00, 0x00, 0x01, 0x00, 0x00, 0x00,
  0x30, 0x00, 0x00, 0x00, 0x56, 0xe0, 0xff, 0xff, 0x00, 0x00, 0x00, 0x01,
  0x14, 0x00, 0x00, 0x00, 0x64, 0x02, 0x00, 0x00, 0x18, 0x00, 0x00, 0x00,
  0x00, 0x00, 0x00, 0x02, 0x70, 0x02, 0x00, 0x00, 0xbc, 0xdf, 0xff, 0xff,
  0x08, 0x00, 0x00, 0x00, 0x88, 0x01, 0x00, 0x00, 0x30, 0x00, 0x00, 0x00,
  0x00, 0x00, 0x00, 0x00, 0x00, 0x00, 0x00, 0x00, 0x00, 0x00, 0x00, 0x00,
  0x00, 0x00, 0x00, 0x00, 0x00, 0x00, 0x00, 0x00, 0x00, 0x00, 0x00, 0x00,
  0x00, 0x00, 0x00, 0x00, 0x00, 0x00, 0x00, 0x00, 0x00, 0x00, 0x00, 0x00,
  0x00, 0x00, 0x00, 0x00, 0x00, 0x00, 0x00, 0x00, 0x00, 0x00, 0x00, 0x00,
  0x00, 0x00, 0x00, 0x00, 0x00, 0x00, 0x00, 0x00, 0x00, 0x00, 0x00, 0x00,
  0x00, 0x00, 0x00, 0x00, 0x00, 0x00, 0x00, 0x00, 0x00, 0x00, 0x00, 0x00,
  0x00, 0x00, 0x00, 0x00, 0x00, 0x00, 0x00, 0x00, 0x00, 0x00, 0x00, 0x00,
  0x00, 0x00, 0x00, 0x00, 0x00, 0x00, 0x00, 0x00, 0x00, 0x00, 0x00, 0x00,
  0x00, 0x00, 0x00, 0x00, 0x00, 0x00, 0x00, 0x00, 0x00, 0x00, 0x00, 0x00,
  0x00, 0x00, 0x00, 0x00, 0x00, 0x00, 0x00, 0x00, 0x00, 0x00, 0x00, 0x00,
  0x00, 0x00, 0x00, 0x00, 0x00, 0x00, 0x00, 0x00, 0x00, 0x00, 0x00, 0x00,
  0x00, 0x00, 0x00, 0x00, 0x00, 0x00, 0x00, 0x00, 0x00, 0x00, 0x00, 0x00,
  0x00, 0x00, 0x00, 0x00, 0x00, 0x00, 0x00, 0x00, 0x00, 0x00, 0x00, 0x00,
  0x00, 0x00, 0x00, 0x00, 0x00, 0x00, 0x00, 0x00, 0x00, 0x00, 0x00, 0x00,
  0x00, 0x00, 0x00, 0x00, 0x00, 0x00, 0x00, 0x00, 0x00, 0x00, 0x00, 0x00,
  0x00, 0x00, 0x00, 0x00, 0x00, 0x00, 0x00, 0x00, 0x00, 0x00, 0x00, 0x00,
  0x00, 0x00, 0x00, 0x00, 0x00, 0x00, 0x00, 0x00, 0x00, 0x00, 0x00, 0x00,
  0x00, 0x00, 0x00, 0x00, 0x00, 0x00, 0x00, 0x00, 0x00, 0x00, 0x00, 0x00,
  0x00, 0x00, 0x00, 0x00, 0x00, 0x00, 0x00, 0x00, 0x00, 0x00, 0x00, 0x00,
  0x00, 0x00, 0x00, 0x00, 0x00, 0x00, 0x00, 0x00, 0x00, 0x00, 0x00, 0x00,
  0x00, 0x00, 0x00, 0x00, 0x00, 0x00, 0x00, 0x00, 0x00, 0x00, 0x00, 0x00,
  0x00, 0x00, 0x00, 0x00, 0x00, 0x00, 0x00, 0x00, 0x00, 0x00, 0x00, 0x00,
  0x00, 0x00, 0x00, 0x00, 0x00, 0x00, 0x00, 0x00, 0x00, 0x00, 0x00, 0x00,
  0x00, 0x00, 0x00, 0x00, 0x00, 0x00, 0x00, 0x00, 0x00, 0x00, 0x00, 0x00,
  0x00, 0x00, 0x00, 0x00, 0x00, 0x00, 0x00, 0x00, 0x00, 0x00, 0x00, 0x00,
  0x00, 0x00, 0x00, 0x00, 0x00, 0x00, 0x00, 0x00, 0x00, 0x00, 0x00, 0x00,
  0x00, 0x00, 0x00, 0x00, 0x00, 0x00, 0x00, 0x00, 0x00, 0x00, 0x00, 0x00,
  0x00, 0x00, 0x00, 0x00, 0x00, 0x00, 0x00, 0x00, 0x00, 0x00, 0x00, 0x00,
  0x00, 0x00, 0x00, 0x00, 0x00, 0x00, 0x00, 0x00, 0x00, 0x00, 0x00, 0x00,
  0x00, 0x00, 0x00, 0x00, 0x00, 0x00, 0x00, 0x00, 0x00, 0x00, 0x00, 0x00,
  0x00, 0x00, 0x00, 0x00, 0x00, 0x00, 0x00, 0x00, 0x00, 0x00, 0x00, 0x00,
  0x00, 0x00, 0x00, 0x00, 0x00, 0x00, 0x00, 0x00, 0x00, 0x00, 0x00, 0x00,
  0x30, 0x00, 0x00, 0x00, 0xad, 0x1b, 0x8e, 0x37, 0x12, 0xd1, 0x02, 0x37,
  0x3e, 0x3b, 0x42, 0x37, 0x40, 0xb5, 0x84, 0x37, 0x44, 0x38, 0xf8, 0x36,
  0x11, 0x2b, 0x30, 0x37, 0x81, 0x56, 0x41, 0x37, 0x11, 0xcc, 0x02, 0x37,
  0x27, 0x55, 0x92, 0x37, 0x3c, 0x96, 0x0c, 0x37, 0x2e, 0x81, 0x8c, 0x37,
  0x62, 0x43, 0x42, 0x37, 0x05, 0x0f, 0x79, 0x37, 0x5b, 0xbe, 0x6a, 0x37,
  0xb9, 0x1c, 0x61, 0x37, 0xac, 0xd7, 0x47, 0x37, 0xe3, 0x8c, 0x82, 0x37,
  0x1d, 0x27, 0x88, 0x37, 0x00, 0x24, 0x57, 0x37, 0xea, 0x06, 0x63, 0x37,
  0xde, 0x58, 0x92, 0x37, 0x87, 0x1c, 0x33, 0x37, 0x84, 0x9f, 0x73, 0x37,
  0x6b, 0xe9, 0x3e, 0x37, 0xc0, 0x95, 0x85, 0x37, 0x70, 0xe7, 0x34, 0x37,
  0x52, 0x90, 0x9a, 0x37, 0x78, 0x31, 0x1c, 0x37, 0x01, 0xcb, 0x73, 0x37,
  0x07, 0x60, 0x91, 0x37, 0x55, 0x51, 0x84, 0x37, 0x74, 0x4d, 0x31, 0x37,
  0xcb, 0xf5, 0x51, 0x37, 0x19, 0x9d, 0x32, 0x37, 0x24, 0x77, 0x95, 0x37,
  0xec, 0x4c, 0x4f, 0x37, 0x5e, 0xf4, 0x7e, 0x37, 0x6d, 0x7d, 0x6a, 0x37,
  0x1d, 0x3f, 0x30, 0x37, 0x06, 0xff, 0x54, 0x37, 0x78, 0x98, 0x22, 0x37,
  0x07, 0xba, 0x3f, 0x37, 0x0c, 0xf5, 0x45, 0x37, 0x05, 0x80, 0x0f, 0x37,
  0x2d, 0x15, 0x0f, 0x37, 0xd0, 0xd0, 0x68, 0x37, 0x0f, 0x58, 0x36, 0x37,
  0xc7, 0x2a, 0x6d, 0x37, 0x10, 0x00, 0x00, 0x00, 0x61, 0x72, 0x69, 0x74,
  0x68, 0x2e, 0x63, 0x6f, 0x6e, 0x73, 0x74, 0x61, 0x6e, 0x74, 0x31, 0x37,
  0x00, 0x00, 0x00, 0x00, 0x01, 0x00, 0x00, 0x00, 0x30, 0x00, 0x00, 0x00,
  0xe6, 0xe2, 0xff, 0xff, 0x00, 0x00, 0x00, 0x01, 0x14, 0x00, 0x00, 0x00,
  0x64, 0x02, 0x00, 0x00, 0x17, 0x00, 0x00, 0x00, 0x00, 0x00, 0x00, 0x02,
  0x70, 0x02, 0x00, 0x00, 0x4c, 0xe2, 0xff, 0xff, 0x08, 0x00, 0x00, 0x00,
  0x88, 0x01, 0x00, 0x00, 0x30, 0x00, 0x00, 0x00, 0x00, 0x00, 0x00, 0x00,
  0x00, 0x00, 0x00, 0x00, 0x00, 0x00, 0x00, 0x00, 0x00, 0x00, 0x00, 0x00,
  0x00, 0x00, 0x00, 0x00, 0x00, 0x00, 0x00, 0x00, 0x00, 0x00, 0x00, 0x00,
  0x00, 0x00, 0x00, 0x00, 0x00, 0x00, 0x00, 0x00, 0x00, 0x00, 0x00, 0x00,
  0x00, 0x00, 0x00, 0x00, 0x00, 0x00, 0x00, 0x00, 0x00, 0x00, 0x00, 0x00,
  0x00, 0x00, 0x00, 0x00, 0x00, 0x00, 0x00, 0x00, 0x00, 0x00, 0x00, 0x00,
  0x00, 0x00, 0x00, 0x00, 0x00, 0x00, 0x00, 0x00, 0x00, 0x00, 0x00, 0x00,
  0x00, 0x00, 0x00, 0x00, 0x00, 0x00, 0x00, 0x00, 0x00, 0x00, 0x00, 0x00,
  0x00, 0x00, 0x00, 0x00, 0x00, 0x00, 0x00, 0x00, 0x00, 0x00, 0x00, 0x00,
  0x00, 0x00, 0x00, 0x00, 0x00, 0x00, 0x00, 0x00, 0x00, 0x00, 0x00, 0x00,
  0x00, 0x00, 0x00, 0x00, 0x00, 0x00, 0x00, 0x00, 0x00, 0x00, 0x00, 0x00,
  0x00, 0x00, 0x00, 0x00, 0x00, 0x00, 0x00, 0x00, 0x00, 0x00, 0x00, 0x00,
  0x00, 0x00, 0x00, 0x00, 0x00, 0x00, 0x00, 0x00, 0x00, 0x00, 0x00, 0x00,
  0x00, 0x00, 0x00, 0x00, 0x00, 0x00, 0x00, 0x00, 0x00, 0x00, 0x00, 0x00,
  0x00, 0x00, 0x00, 0x00, 0x00, 0x00, 0x00, 0x00, 0x00, 0x00, 0x00, 0x00,
  0x00, 0x00, 0x00, 0x00, 0x00, 0x00, 0x00, 0x00, 0x00, 0x00, 0x00, 0x00,
  0x00, 0x00, 0x00, 0x00, 0x00, 0x00, 0x00, 0x00, 0x00, 0x00, 0x00, 0x00,
  0x00, 0x00, 0x00, 0x00, 0x00, 0x00, 0x00, 0x00, 0x00, 0x00, 0x00, 0x00,
  0x00, 0x00, 0x00, 0x00, 0x00, 0x00, 0x00, 0x00, 0x00, 0x00, 0x00, 0x00,
  0x00, 0x00, 0x00, 0x00, 0x00, 0x00, 0x00, 0x00, 0x00, 0x00, 0x00, 0x00,
  0x00, 0x00, 0x00, 0x00, 0x00, 0x00, 0x00, 0x00, 0x00, 0x00, 0x00, 0x00,
  0x00, 0x00, 0x00, 0x00, 0x00, 0x00, 0x00, 0x00, 0x00, 0x00, 0x00, 0x00,
  0x00, 0x00, 0x00, 0x00, 0x00, 0x00, 0x00, 0x00, 0x00, 0x00, 0x00, 0x00,
  0x00, 0x00, 0x00, 0x00, 0x00, 0x00, 0x00, 0x00, 0x00, 0x00, 0x00, 0x00,
  0x00, 0x00, 0x00, 0x00, 0x00, 0x00, 0x00, 0x00, 0x00, 0x00, 0x00, 0x00,
  0x00, 0x00, 0x00, 0x00, 0x00, 0x00, 0x00, 0x00, 0x00, 0x00, 0x00, 0x00,
  0x00, 0x00, 0x00, 0x00, 0x00, 0x00, 0x00, 0x00, 0x00, 0x00, 0x00, 0x00,
  0x00, 0x00, 0x00, 0x00, 0x00, 0x00, 0x00, 0x00, 0x00, 0x00, 0x00, 0x00,
  0x00, 0x00, 0x00, 0x00, 0x00, 0x00, 0x00, 0x00, 0x00, 0x00, 0x00, 0x00,
  0x00, 0x00, 0x00, 0x00, 0x00, 0x00, 0x00, 0x00, 0x00, 0x00, 0x00, 0x00,
  0x00, 0x00, 0x00, 0x00, 0x00, 0x00, 0x00, 0x00, 0x00, 0x00, 0x00, 0x00,
  0x00, 0x00, 0x00, 0x00, 0x00, 0x00, 0x00, 0x00, 0x00, 0x00, 0x00, 0x00,
  0x00, 0x00, 0x00, 0x00, 0x00, 0x00, 0x00, 0x00, 0x30, 0x00, 0x00, 0x00,
  0x3d, 0xd4, 0x91, 0x37, 0xf2, 0x3d, 0x06, 0x37, 0x30, 0x51, 0x47, 0x37,
  0xce, 0x2e, 0x88, 0x37, 0x1b, 0xb8, 0xfe, 0x36, 0xf0, 0xc7, 0x34, 0x37,
  0x76, 0x66, 0x46, 0x37, 0xd0, 0x38, 0x06, 0x37, 0x08, 0x2a, 0x96, 0x37,
  0x99, 0x44, 0x10, 0x37, 0xfe, 0x2e, 0x90, 0x37, 0x8c, 0x59, 0x47, 0x37,
  0x7b, 0x94, 0x7f, 0x37, 0xdc, 0xe3, 0x70, 0x37, 0xab, 0x01, 0x67, 0x37,
  0x3b, 0x13, 0x4d, 0x37, 0xfa, 0xf7, 0x85, 0x37, 0xc2, 0xb7, 0x8b, 0x37,
  0x1b, 0xc6, 0x5c, 0x37, 0xb2, 0xf8, 0x68, 0x37, 0xd8, 0x2d, 0x96, 0x37,
  0x20, 0xcd, 0x37, 0x37, 0x8a, 0x00, 0x7a, 0x37, 0x1d, 0xe9, 0x43, 0x37,
  0x2e, 0x15, 0x89, 0x37, 0x0d, 0xa4, 0x39, 0x37, 0x5f, 0x9c, 0x9e, 0x37,
  0x72, 0x48, 0x20, 0x37, 0x2b, 0x2d, 0x7a, 0x37, 0x7d, 0x2e, 0x95, 0x37,
  0x45, 0xc8, 0x87, 0x37, 0xed, 0xf1, 0x35, 0x37, 0x2c, 0x75, 0x57, 0x37,
  0x5c, 0x4a, 0x37, 0x37, 0x05, 0x61, 0x99, 0x37, 0x79, 0xba, 0x54, 0x37,
  0xac, 0xd0, 0x82, 0x37, 0x3b, 0xa1, 0x70, 0x37, 0x81, 0xdc, 0x34, 0x37,
  0xc0, 0x92, 0x5a, 0x37, 0x5c, 0xda, 0x26, 0x37, 0x30, 0xbf, 0x44, 0x37,
  0xf8, 0x23, 0x4b, 0x37, 0xea, 0x41, 0x13, 0x37, 0x45, 0xd4, 0x12, 0x37,
  0x65, 0xe9, 0x6e, 0x37, 0x53, 0x1e, 0x3b, 0x37, 0x87, 0x60, 0x73, 0x37,
  0x10, 0x00, 0x00, 0x00, 0x61, 0x72, 0x69, 0x74, 0x68, 0x2e, 0x63, 0x6f,
  0x6e, 0x73, 0x74, 0x61, 0x6e, 0x74, 0x31, 0x36, 0x00, 0x00, 0x00, 0x00,
  0x01, 0x00, 0x00, 0x00, 0x30, 0x00, 0x00, 0x00, 0x76, 0xe5, 0xff, 0xff,
  0x00, 0x00, 0x00, 0x01, 0x14, 0x00, 0x00, 0x00, 0x64, 0x02, 0x00, 0x00,
  0x16, 0x00, 0x00, 0x00, 0x00, 0x00, 0x00, 0x02, 0x70, 0x02, 0x00, 0x00,
  0xdc, 0xe4, 0xff, 0xff, 0x08, 0x00, 0x00, 0x00, 0x88, 0x01, 0x00, 0x00,
  0x30, 0x00, 0x00, 0x00, 0x00, 0x00, 0x00, 0x00, 0x00, 0x00, 0x00, 0x00,
  0x00, 0x00, 0x00, 0x00, 0x00, 0x00, 0x00, 0x00, 0x00, 0x00, 0x00, 0x00,
  0x00, 0x00, 0x00, 0x00, 0x00, 0x00, 0x00, 0x00, 0x00, 0x00, 0x00, 0x00,
  0x00, 0x00, 0x00, 0x00, 0x00, 0x00, 0x00, 0x00, 0x00, 0x00, 0x00, 0x00,
  0x00, 0x00, 0x00, 0x00, 0x00, 0x00, 0x00, 0x00, 0x00, 0x00, 0x00, 0x00,
  0x00, 0x00, 0x00, 0x00, 0x00, 0x00, 0x00, 0x00, 0x00, 0x00, 0x00, 0x00,
  0x00, 0x00, 0x00, 0x00, 0x00, 0x00, 0x00, 0x00, 0x00, 0x00, 0x00, 0x00,
  0x00, 0x00, 0x00, 0x00, 0x00, 0x00, 0x00, 0x00, 0x00, 0x00, 0x00, 0x00,
  0x00, 0x00, 0x00, 0x00, 0x00, 0x00, 0x00, 0x00, 0x00, 0x00, 0x00, 0x00,
  0x00, 0x00, 0x00, 0x00, 0x00, 0x00, 0x00, 0x00, 0x00, 0x00, 0x00, 0x00,
  0x00, 0x00, 0x00, 0x00, 0x00, 0x00, 0x00, 0x00, 0x00, 0x00, 0x00, 0x00,
  0x00, 0x00, 0x00, 0x00, 0x00, 0x00, 0x00, 0x00, 0x00, 0x00, 0x00, 0x00,
  0x00, 0x00, 0x00, 0x00, 0x00, 0x00, 0x00, 0x00, 0x00, 0x00, 0x00, 0x00,
  0x00, 0x00, 0x00, 0x00, 0x00, 0x00, 0x00, 0x00, 0x00, 0x00, 0x00, 0x00,
  0x00, 0x00, 0x00, 0x00, 0x00, 0x00, 0x00, 0x00, 0x00, 0x00, 0x00, 0x00,
  0x00, 0x00, 0x00, 0x00, 0x00, 0x00, 0x00, 0x00, 0x00, 0x00, 0x00, 0x00,
  0x00, 0x00, 0x00, 0x00, 0x00, 0x00, 0x00, 0x00, 0x00, 0x00, 0x00, 0x00,
  0x00, 0x00, 0x00, 0x00, 0x00, 0x00, 0x00, 0x00, 0x00, 0x00, 0x00, 0x00,
  0x00, 0x00, 0x00, 0x00, 0x00, 0x00, 0x00, 0x00, 0x00, 0x00, 0x00, 0x00,
  0x00, 0x00, 0x00, 0x00, 0x00, 0x00, 0x00, 0x00, 0x00, 0x00, 0x00, 0x00,
  0x00, 0x00, 0x00, 0x00, 0x00, 0x00, 0x00, 0x00, 0x00, 0x00, 0x00, 0x00,
  0x00, 0x00, 0x00, 0x00, 0x00, 0x00, 0x00, 0x00, 0x00, 0x00, 0x00, 0x00,
  0x00, 0x00, 0x00, 0x00, 0x00, 0x00, 0x00, 0x00, 0x00, 0x00, 0x00, 0x00,
  0x00, 0x00, 0x00, 0x00, 0x00, 0x00, 0x00, 0x00, 0x00, 0x00, 0x00, 0x00,
  0x00, 0x00, 0x00, 0x00, 0x00, 0x00, 0x00, 0x00, 0x00, 0x00, 0x00, 0x00,
  0x00, 0x00, 0x00, 0x00, 0x00, 0x00, 0x00, 0x00, 0x00, 0x00, 0x00, 0x00,
  0x00, 0x00, 0x00, 0x00, 0x00, 0x00, 0x00, 0x00, 0x00, 0x00, 0x00, 0x00,
  0x00, 0x00, 0x00, 0x00, 0x00, 0x00, 0x00, 0x00, 0x00, 0x00, 0x00, 0x00,
  0x00, 0x00, 0x00, 0x00, 0x00, 0x00, 0x00, 0x00, 0x00, 0x00, 0x00, 0x00,
  0x00, 0x00, 0x00, 0x00, 0x00, 0x00, 0x00, 0x00, 0x00, 0x00, 0x00, 0x00,
  0x00, 0x00, 0x00, 0x00, 0x00, 0x00, 0x00, 0x00, 0x00, 0x00, 0x00, 0x00,
  0x00, 0x00, 0x00, 0x00, 0x00, 0x00, 0x00, 0x00, 0x00, 0x00, 0x00, 0x00,
  0x00, 0x00, 0x00, 0x00, 0x30, 0x00, 0x00, 0x00, 0xc5, 0xc3, 0x8e, 0x37,
  0xcf, 0x6b, 0x03, 0x37, 0xfd, 0x20, 0x43, 0x37, 0x3a, 0x52, 0x85, 0x37,
  0xe0, 0x5d, 0xf9, 0x36, 0x73, 0xfb, 0x30, 0x37, 0x32, 0x3b, 0x42, 0x37,
  0xc8, 0x66, 0x03, 0x37, 0x3e, 0x02, 0x93, 0x37, 0x87, 0x3c, 0x0d, 0x37,
  0x60, 0x27, 0x8d, 0x37, 0x2b, 0x29, 0x43, 0x37, 0x9f, 0x35, 0x7a, 0x37,
  0x06, 0xd4, 0x6b, 0x37, 0x00, 0x27, 0x62, 0x37, 0x0e, 0xc4, 0x48, 0x37,
  0x50, 0x27, 0x83, 0x37, 0x2a, 0xc8, 0x88, 0x37, 0x7b, 0x22, 0x58, 0x37,
  0x74, 0x13, 0x64, 0x37, 0xfa, 0x05, 0x93, 0x37, 0x64, 0xf0, 0x33, 0x37,
  0xaf, 0xbf, 0x74, 0x37, 0x3d, 0xcb, 0x3f, 0x37, 0xc3, 0x33, 0x86, 0x37,
  0x6c, 0xbd, 0x35, 0x37, 0x25, 0x47, 0x9b, 0x37, 0x39, 0xea, 0x1c, 0x37,
  0x60, 0xeb, 0x74, 0x37, 0xfd, 0x0b, 0x92, 0x37, 0xd8, 0xed, 0x84, 0x37,
  0x2d, 0x1f, 0x32, 0x37, 0x25, 0xee, 0x52, 0x37, 0x5f, 0x70, 0x33, 0x37,
  0xf0, 0x27, 0x96, 0x37, 0x21, 0x42, 0x50, 0x37, 0xf9, 0x10, 0x80, 0x37,
  0xcb, 0x92, 0x6b, 0x37, 0x96, 0x0f, 0x31, 0x37, 0xf7, 0xfa, 0x55, 0x37,
  0xcc, 0x58, 0x23, 0x37, 0xd0, 0x9c, 0x40, 0x37, 0x33, 0xdf, 0x46, 0x37,
  0xc3, 0x29, 0x10, 0x37, 0x6c, 0xbe, 0x0f, 0x37, 0x33, 0xe4, 0x69, 0x37,
  0xbe, 0x2f, 0x37, 0x37, 0x50, 0x43, 0x6e, 0x37, 0x10, 0x00, 0x00, 0x00,
  0x61, 0x72, 0x69, 0x74, 0x68, 0x2e, 0x63, 0x6f, 0x6e, 0x73, 0x74, 0x61,
  0x6e, 0x74, 0x31, 0x35, 0x00, 0x00, 0x00, 0x00, 0x01, 0x00, 0x00, 0x00,
  0x30, 0x00, 0x00, 0x00, 0x06, 0xe8, 0xff, 0xff, 0x00, 0x00, 0x00, 0x01,
  0x14, 0x00, 0x00, 0x00, 0x64, 0x02, 0x00, 0x00, 0x15, 0x00, 0x00, 0x00,
  0x00, 0x00, 0x00, 0x02, 0x70, 0x02, 0x00, 0x00, 0x6c, 0xe7, 0xff, 0xff,
  0x08, 0x00, 0x00, 0x00, 0x88, 0x01, 0x00, 0x00, 0x30, 0x00, 0x00, 0x00,
  0x00, 0x00, 0x00, 0x00, 0x00, 0x00, 0x00, 0x00, 0x00, 0x00, 0x00, 0x00,
  0x00, 0x00, 0x00, 0x00, 0x00, 0x00, 0x00, 0x00, 0x00, 0x00, 0x00, 0x00,
  0x00, 0x00, 0x00, 0x00, 0x00, 0x00, 0x00, 0x00, 0x00, 0x00, 0x00, 0x00,
  0x00, 0x00, 0x00, 0x00, 0x00, 0x00, 0x00, 0x00, 0x00, 0x00, 0x00, 0x00,
  0x00, 0x00, 0x00, 0x00, 0x00, 0x00, 0x00, 0x00, 0x00, 0x00, 0x00, 0x00,
  0x00, 0x00, 0x00, 0x00, 0x00, 0x00, 0x00, 0x00, 0x00, 0x00, 0x00, 0x00,
  0x00, 0x00, 0x00, 0x00, 0x00, 0x00, 0x00, 0x00, 0x00, 0x00, 0x00, 0x00,
  0x00, 0x00, 0x00, 0x00, 0x00, 0x00, 0x00, 0x00, 0x00, 0x00, 0x00, 0x00,
  0x00, 0x00, 0x00, 0x00, 0x00, 0x00, 0x00, 0x00, 0x00, 0x00, 0x00, 0x00,
  0x00, 0x00, 0x00, 0x00, 0x00, 0x00, 0x00, 0x00, 0x00, 0x00, 0x00, 0x00,
  0x00, 0x00, 0x00, 0x00, 0x00, 0x00, 0x00, 0x00, 0x00, 0x00, 0x00, 0x00,
  0x00, 0x00, 0x00, 0x00, 0x00, 0x00, 0x00, 0x00, 0x00, 0x00, 0x00, 0x00,
  0x00, 0x00, 0x00, 0x00, 0x00, 0x00, 0x00, 0x00, 0x00, 0x00, 0x00, 0x00,
  0x00, 0x00, 0x00, 0x00, 0x00, 0x00, 0x00, 0x00, 0x00, 0x00, 0x00, 0x00,
  0x00, 0x00, 0x00, 0x00, 0x00, 0x00, 0x00, 0x00, 0x00, 0x00, 0x00, 0x00,
  0x00, 0x00, 0x00, 0x00, 0x00, 0x00, 0x00, 0x00, 0x00, 0x00, 0x00, 0x00,
  0x00, 0x00, 0x00, 0x00, 0x00, 0x00, 0x00, 0x00, 0x00, 0x00, 0x00, 0x00,
  0x00, 0x00, 0x00, 0x00, 0x00, 0x00, 0x00, 0x00, 0x00, 0x00, 0x00, 0x00,
  0x00, 0x00, 0x00, 0x00, 0x00, 0x00, 0x00, 0x00, 0x00, 0x00, 0x00, 0x00,
  0x00, 0x00, 0x00, 0x00, 0x00, 0x00, 0x00, 0x00, 0x00, 0x00, 0x00, 0x00,
  0x00, 0x00, 0x00, 0x00, 0x00, 0x00, 0x00, 0x00, 0x00, 0x00, 0x00, 0x00,
  0x00, 0x00, 0x00, 0x00, 0x00, 0x00, 0x00, 0x00, 0x00, 0x00, 0x00, 0x00,
  0x00, 0x00, 0x00, 0x00, 0x00, 0x00, 0x00, 0x00, 0x00, 0x00, 0x00, 0x00,
  0x00, 0x00, 0x00, 0x00, 0x00, 0x00, 0x00, 0x00, 0x00, 0x00, 0x00, 0x00,
  0x00, 0x00, 0x00, 0x00, 0x00, 0x00, 0x00, 0x00, 0x00, 0x00, 0x00, 0x00,
  0x00, 0x00, 0x00, 0x00, 0x00, 0x00, 0x00, 0x00, 0x00, 0x00, 0x00, 0x00,
  0x00, 0x00, 0x00, 0x00, 0x00, 0x00, 0x00, 0x00, 0x00, 0x00, 0x00, 0x00,
  0x00, 0x00, 0x00, 0x00, 0x00, 0x00, 0x00, 0x00, 0x00, 0x00, 0x00, 0x00,
  0x00, 0x00, 0x00, 0x00, 0x00, 0x00, 0x00, 0x00, 0x00, 0x00, 0x00, 0x00,
  0x00, 0x00, 0x00, 0x00, 0x00, 0x00, 0x00, 0x00, 0x00, 0x00, 0x00, 0x00,
  0x00, 0x00, 0x00, 0x00, 0x00, 0x00, 0x00, 0x00, 0x00, 0x00, 0x00, 0x00,
  0x00, 0x00, 0x00, 0x00, 0x00, 0x00, 0x00, 0x00, 0x00, 0x00, 0x00, 0x00,
  0x30, 0x00, 0x00, 0x00, 0xac, 0x0a, 0x8e, 0x37, 0x6a, 0xc1, 0x02, 0x37,
  0xff, 0x23, 0x42, 0x37, 0x5f, 0xa5, 0x84, 0x37, 0x90, 0x1a, 0xf8, 0x36,
  0xfc, 0x15, 0x30, 0x37, 0x5e, 0x3f, 0x41, 0x37, 0x6a, 0xbc, 0x02, 0x37,
  0xa4, 0x43, 0x92, 0x37, 0x69, 0x85, 0x0c, 0x37, 0x5d, 0x70, 0x8c, 0x37,
  0x23, 0x2c, 0x42, 0x37, 0x37, 0xf1, 0x78, 0x37, 0x43, 0xa2, 0x6a, 0x37,
  0xc9, 0x01, 0x61, 0x37, 0xc1, 0xbf, 0x47, 0x37, 0x44, 0x7d, 0x82, 0x37,
  0xd2, 0x16, 0x88, 0x37, 0x41, 0x0a, 0x57, 0x37, 0xbf, 0xeb, 0x62, 0x37,
  0x5b, 0x47, 0x92, 0x37, 0x18, 0x07, 0x33, 0x37, 0x5c, 0x82, 0x73, 0x37,
  0x92, 0xd2, 0x3e, 0x37, 0xc3, 0x85, 0x85, 0x37, 0xca, 0xd1, 0x34, 0x37,
  0xd2, 0x7d, 0x9a, 0x37, 0xc7, 0x1e, 0x1c, 0x37, 0xd4, 0xad, 0x73, 0x37,
  0xa2, 0x4e, 0x91, 0x37, 0x7f, 0x41, 0x84, 0x37, 0x3c, 0x38, 0x31, 0x37,
  0xab, 0xdc, 0x51, 0x37, 0xb9, 0x87, 0x32, 0x37, 0x41, 0x65, 0x95, 0x37,
  0x1d, 0x34, 0x4f, 0x37, 0xdb, 0xd5, 0x7e, 0x37, 0x5d, 0x61, 0x6a, 0x37,
  0x05, 0x2a, 0x30, 0x37, 0x88, 0xe5, 0x54, 0x37, 0x03, 0x85, 0x22, 0x37,
  0x16, 0xa3, 0x3f, 0x37, 0x5b, 0xdd, 0x45, 0x37, 0xd9, 0x6e, 0x0f, 0x37,
  0x0e, 0x04, 0x0f, 0x37, 0xf3, 0xb4, 0x68, 0x37, 0x3c, 0x42, 0x36, 0x37,
  0x65, 0x0e, 0x6d, 0x37, 0x10, 0x00, 0x00, 0x00, 0x61, 0x72, 0x69, 0x74,
  0x68, 0x2e, 0x63, 0x6f, 0x6e, 0x73, 0x74, 0x61, 0x6e, 0x74, 0x31, 0x34,
  0x00, 0x00, 0x00, 0x00, 0x01, 0x00, 0x00, 0x00, 0x30, 0x00, 0x00, 0x00,
  0x96, 0xea, 0xff, 0xff, 0x00, 0x00, 0x00, 0x01, 0x14, 0x00, 0x00, 0x00,
  0x64, 0x02, 0x00, 0x00, 0x14, 0x00, 0x00, 0x00, 0x00, 0x00, 0x00, 0x02,
  0x70, 0x02, 0x00, 0x00, 0xfc, 0xe9, 0xff, 0xff, 0x08, 0x00, 0x00, 0x00,
  0x88, 0x01, 0x00, 0x00, 0x30, 0x00, 0x00, 0x00, 0x00, 0x00, 0x00, 0x00,
  0x00, 0x00, 0x00, 0x00, 0x00, 0x00, 0x00, 0x00, 0x00, 0x00, 0x00, 0x00,
  0x00, 0x00, 0x00, 0x00, 0x00, 0x00, 0x00, 0x00, 0x00, 0x00, 0x00, 0x00,
  0x00, 0x00, 0x00, 0x00, 0x00, 0x00, 0x00, 0x00, 0x00, 0x00, 0x00, 0x00,
  0x00, 0x00, 0x00, 0x00, 0x00, 0x00, 0x00, 0x00, 0x00, 0x00, 0x00, 0x00,
  0x00, 0x00, 0x00, 0x00, 0x00, 0x00, 0x00, 0x00, 0x00, 0x00, 0x00, 0x00,
  0x00, 0x00, 0x00, 0x00, 0x00, 0x00, 0x00, 0x00, 0x00, 0x00, 0x00, 0x00,
  0x00, 0x00, 0x00, 0x00, 0x00, 0x00, 0x00, 0x00, 0x00, 0x00, 0x00, 0x00,
  0x00, 0x00, 0x00, 0x00, 0x00, 0x00, 0x00, 0x00, 0x00, 0x00, 0x00, 0x00,
  0x00, 0x00, 0x00, 0x00, 0x00, 0x00, 0x00, 0x00, 0x00, 0x00, 0x00, 0x00,
  0x00, 0x00, 0x00, 0x00, 0x00, 0x00, 0x00, 0x00, 0x00, 0x00, 0x00, 0x00,
  0x00, 0x00, 0x00, 0x00, 0x00, 0x00, 0x00, 0x00, 0x00, 0x00, 0x00, 0x00,
  0x00, 0x00, 0x00, 0x00, 0x00, 0x00, 0x00, 0x00, 0x00, 0x00, 0x00, 0x00,
  0x00, 0x00, 0x00, 0x00, 0x00, 0x00, 0x00, 0x00, 0x00, 0x00, 0x00, 0x00,
  0x00, 0x00, 0x00, 0x00, 0x00, 0x00, 0x00, 0x00, 0x00, 0x00, 0x00, 0x00,
  0x00, 0x00, 0x00, 0x00, 0x00, 0x00, 0x00, 0x00, 0x00, 0x00, 0x00, 0x00,
  0x00, 0x00, 0x00, 0x00, 0x00, 0x00, 0x00, 0x00, 0x00, 0x00, 0x00, 0x00,
  0x00, 0x00, 0x00, 0x00, 0x00, 0x00, 0x00, 0x00, 0x00, 0x00, 0x00, 0x00,
  0x00, 0x00, 0x00, 0x00, 0x00, 0x00, 0x00, 0x00, 0x00, 0x00, 0x00, 0x00,
  0x00, 0x00, 0x00, 0x00, 0x00, 0x00, 0x00, 0x00, 0x00, 0x00, 0x00, 0x00,
  0x00, 0x00, 0x00, 0x00, 0x00, 0x00, 0x00, 0x00, 0x00, 0x00, 0x00, 0x00,
  0x00, 0x00, 0x00, 0x00, 0x00, 0x00, 0x00, 0x00, 0x00, 0x00, 0x00, 0x00,
  0x00, 0x00, 0x00, 0x00, 0x00, 0x00, 0x00, 0x00, 0x00, 0x00, 0x00, 0x00,
  0x00, 0x00, 0x00, 0x00, 0x00, 0x00, 0x00, 0x00, 0x00, 0x00, 0x00, 0x00,
  0x00, 0x00, 0x00, 0x00, 0x00, 0x00, 0x00, 0x00, 0x00, 0x00, 0x00, 0x00,
  0x00, 0x00, 0x00, 0x00, 0x00, 0x00, 0x00, 0x00, 0x00, 0x00, 0x00, 0x00,
  0x00, 0x00, 0x00, 0x00, 0x00, 0x00, 0x00, 0x00, 0x00, 0x00, 0x00, 0x00,
  0x00, 0x00, 0x00, 0x00, 0x00, 0x00, 0x00, 0x00, 0x00, 0x00, 0x00, 0x00,
  0x00, 0x00, 0x00, 0x00, 0x00, 0x00, 0x00, 0x00, 0x00, 0x00, 0x00, 0x00,
  0x00, 0x00, 0x00, 0x00, 0x00, 0x00, 0x00, 0x00, 0x00, 0x00, 0x00, 0x00,
  0x00, 0x00, 0x00, 0x00, 0x00, 0x00, 0x00, 0x00, 0x00, 0x00, 0x00, 0x00,
  0x00, 0x00, 0x00, 0x00, 0x00, 0x00, 0x00, 0x00, 0x00, 0x00, 0x00, 0x00,
  0x00, 0x00, 0x00, 0x00, 0x00, 0x00, 0x00, 0x00, 0x30, 0x00, 0x00, 0x00,
  0x5c, 0xc3, 0x8c, 0x37, 0x1c, 0x94, 0x01, 0x37, 0xa1, 0x64, 0x40, 0x37,
  0xb5, 0x73, 0x83, 0x37, 0xd9, 0xde, 0xf5, 0x36, 0x39, 0x80, 0x2e, 0x37,
  0x0f, 0x82, 0x3f, 0x37, 0x28, 0x8f, 0x01, 0x37, 0x99, 0xf2, 0x90, 0x37,
  0x9a, 0x41, 0x0b, 0x37, 0xbf, 0x2c, 0x8b, 0x37, 0xb2, 0x6c, 0x40, 0x37,
  0x91, 0xb3, 0x76, 0x37, 0x96, 0x85, 0x68, 0x37, 0x4b, 0xfb, 0x5e, 0x37,
  0x77, 0xf3, 0x45, 0x37, 0x93, 0x50, 0x81, 0x37, 0x39, 0xdd, 0x86, 0x37,
  0xba, 0x1a, 0x55, 0x37, 0xd8, 0xe0, 0x60, 0x37, 0x47, 0xf6, 0x90, 0x37,
  0x8e, 0x6a, 0x31, 0x37, 0x3b, 0x51, 0x71, 0x37, 0xda, 0x1a, 0x3d, 0x37,
  0x15, 0x52, 0x84, 0x37, 0x1e, 0x31, 0x33, 0x37, 0xd2, 0x19, 0x99, 0x37,
  0x06, 0xb7, 0x1a, 0x37, 0x4f, 0x7c, 0x71, 0x37, 0xcb, 0xff, 0x8f, 0x37,
  0xbc, 0x10, 0x83, 0x37, 0xdc, 0x9f, 0x2f, 0x37, 0x13, 0xf9, 0x4f, 0x37,
  0x54, 0xec, 0x30, 0x37, 0xff, 0x0c, 0x94, 0x37, 0xa5, 0x56, 0x4d, 0x37,
  0xa1, 0x8a, 0x7c, 0x37, 0x46, 0x45, 0x68, 0x37, 0x14, 0x94, 0x2e, 0x37,
  0xf2, 0xfa, 0x52, 0x37, 0x82, 0x0e, 0x21, 0x37, 0x7d, 0xe9, 0x3d, 0x37,
  0x69, 0x15, 0x44, 0x37, 0x54, 0x24, 0x0e, 0x37, 0x7f, 0xba, 0x0d, 0x37,
  0xb7, 0x9c, 0x66, 0x37, 0x40, 0x9e, 0x34, 0x37, 0x23, 0xec, 0x6a, 0x37,
  0x10, 0x00, 0x00, 0x00, 0x61, 0x72, 0x69, 0x74, 0x68, 0x2e, 0x63, 0x6f,
  0x6e, 0x73, 0x74, 0x61, 0x6e, 0x74, 0x31, 0x33, 0x00, 0x00, 0x00, 0x00,
  0x01, 0x00, 0x00, 0x00, 0x30, 0x00, 0x00, 0x00, 0x26, 0xed, 0xff, 0xff,
  0x00, 0x00, 0x00, 0x01, 0x14, 0x00, 0x00, 0x00, 0x64, 0x02, 0x00, 0x00,
  0x13, 0x00, 0x00, 0x00, 0x00, 0x00, 0x00, 0x02, 0x70, 0x02, 0x00, 0x00,
  0x8c, 0xec, 0xff, 0xff, 0x08, 0x00, 0x00, 0x00, 0x88, 0x01, 0x00, 0x00,
  0x30, 0x00, 0x00, 0x00, 0x00, 0x00, 0x00, 0x00, 0x00, 0x00, 0x00, 0x00,
  0x00, 0x00, 0x00, 0x00, 0x00, 0x00, 0x00, 0x00, 0x00, 0x00, 0x00, 0x00,
  0x00, 0x00, 0x00, 0x00, 0x00, 0x00, 0x00, 0x00, 0x00, 0x00, 0x00, 0x00,
  0x00, 0x00, 0x00, 0x00, 0x00, 0x00, 0x00, 0x00, 0x00, 0x00, 0x00, 0x00,
  0x00, 0x00, 0x00, 0x00, 0x00, 0x00, 0x00, 0x00, 0x00, 0x00, 0x00, 0x00,
  0x00, 0x00, 0x00, 0x00, 0x00, 0x00, 0x00, 0x00, 0x00, 0x00, 0x00, 0x00,
  0x00, 0x00, 0x00, 0x00, 0x00, 0x00, 0x00, 0x00, 0x00, 0x00, 0x00, 0x00,
  0x00, 0x00, 0x00, 0x00, 0x00, 0x00, 0x00, 0x00, 0x00, 0x00, 0x00, 0x00,
  0x00, 0x00, 0x00, 0x00, 0x00, 0x00, 0x00, 0x00, 0x00, 0x00, 0x00, 0x00,
  0x00, 0x00, 0x00, 0x00, 0x00, 0x00, 0x00, 0x00, 0x00, 0x00, 0x00, 0x00,
  0x00, 0x00, 0x00, 0x00, 0x00, 0x00, 0x00, 0x00, 0x00, 0x00, 0x00, 0x00,
  0x00, 0x00, 0x00, 0x00, 0x00, 0x00, 0x00, 0x00, 0x00, 0x00, 0x00, 0x00,
  0x00, 0x00, 0x00, 0x00, 0x00, 0x00, 0x00, 0x00, 0x00, 0x00, 0x00, 0x00,
  0x00, 0x00, 0x00, 0x00, 0x00, 0x00, 0x00, 0x00, 0x00, 0x00, 0x00, 0x00,
  0x00, 0x00, 0x00, 0x00, 0x00, 0x00, 0x00, 0x00, 0x00, 0x00, 0x00, 0x00,
  0x00, 0x00, 0x00, 0x00, 0x00, 0x00, 0x00, 0x00, 0x00, 0x00, 0x00, 0x00,
  0x00, 0x00, 0x00, 0x00, 0x00, 0x00, 0x00, 0x00, 0x00, 0x00, 0x00, 0x00,
  0x00, 0x00, 0x00, 0x00, 0x00, 0x00, 0x00, 0x00, 0x00, 0x00, 0x00, 0x00,
  0x00, 0x00, 0x00, 0x00, 0x00, 0x00, 0x00, 0x00, 0x00, 0x00, 0x00, 0x00,
  0x00, 0x00, 0x00, 0x00, 0x00, 0x00, 0x00, 0x00, 0x00, 0x00, 0x00, 0x00,
  0x00, 0x00, 0x00, 0x00, 0x00, 0x00, 0x00, 0x00, 0x00, 0x00, 0x00, 0x00,
  0x00, 0x00, 0x00, 0x00, 0x00, 0x00, 0x00, 0x00, 0x00, 0x00, 0x00, 0x00,
  0x00, 0x00, 0x00, 0x00, 0x00, 0x00, 0x00, 0x00, 0x00, 0x00, 0x00, 0x00,
  0x00, 0x00, 0x00, 0x00, 0x00, 0x00, 0x00, 0x00, 0x00, 0x00, 0x00, 0x00,
  0x00, 0x00, 0x00, 0x00, 0x00, 0x00, 0x00, 0x00, 0x00, 0x00, 0x00, 0x00,
  0x00, 0x00, 0x00, 0x00, 0x00, 0x00, 0x00, 0x00, 0x00, 0x00, 0x00, 0x00,
  0x00, 0x00, 0x00, 0x00, 0x00, 0x00, 0x00, 0x00, 0x00, 0x00, 0x00, 0x00,
  0x00, 0x00, 0x00, 0x00, 0x00, 0x00, 0x00, 0x00, 0x00, 0x00, 0x00, 0x00,
  0x00, 0x00, 0x00, 0x00, 0x00, 0x00, 0x00, 0x00, 0x00, 0x00, 0x00, 0x00,
  0x00, 0x00, 0x00, 0x00, 0x00, 0x00, 0x00, 0x00, 0x00, 0x00, 0x00, 0x00,
  0x00, 0x00, 0x00, 0x00, 0x00, 0x00, 0x00, 0x00, 0x00, 0x00, 0x00, 0x00,
  0x00, 0x00, 0x00, 0x00, 0x00, 0x00, 0x00, 0x00, 0x00, 0x00, 0x00, 0x00,
  0x00, 0x00, 0x00, 0x00, 0x30, 0x00, 0x00, 0x00, 0x81, 0x5c, 0x97, 0x37,
  0xae, 0x55, 0x0b, 0x37, 0xec, 0xe0, 0x4e, 0x37, 0x63, 0x59, 0x8d, 0x37,
  0xf2, 0x30, 0x04, 0x37, 0xa6, 0xa3, 0x3b, 0x37, 0x4a, 0xed, 0x4d, 0x37,
  0x5a, 0x50, 0x0b, 0x37, 0x66, 0xdc, 0x9b, 0x37, 0xb4, 0xbd, 0x15, 0x37,
  0x47, 0xa7, 0x95, 0x37, 0x98, 0xe9, 0x4e, 0x37, 0x50, 0xa3, 0x84, 0x37,
  0x57, 0x07, 0x7a, 0x37, 0x29, 0xc5, 0x6f, 0x37, 0xe2, 0xda, 0x54, 0x37,
  0x0e, 0x0d, 0x8b, 0x37, 0xac, 0x04, 0x91, 0x37, 0x38, 0x26, 0x65, 0x37,
  0x45, 0xcf, 0x71, 0x37, 0x5b, 0xe0, 0x9b, 0x37, 0x2c, 0xc6, 0x3e, 0x37,
  0x42, 0xbe, 0x81, 0x37, 0xc3, 0x57, 0x4b, 0x37, 0x80, 0x48, 0x8e, 0x37,
  0xf6, 0xae, 0x40, 0x37, 0xc5, 0xa0, 0xa4, 0x37, 0x15, 0x5d, 0x26, 0x37,
  0x6b, 0xd5, 0x81, 0x37, 0x50, 0xd7, 0x9a, 0x37, 0xf6, 0xee, 0x8c, 0x37,
  0xf1, 0xd8, 0x3c, 0x37, 0xa8, 0xa1, 0x5f, 0x37, 0x71, 0x3e, 0x3e, 0x37,
  0x9c, 0x32, 0x9f, 0x37, 0x74, 0xcc, 0x5c, 0x37, 0x20, 0xc7, 0x87, 0x37,
  0x2f, 0xc2, 0x79, 0x37, 0xff, 0xb8, 0x3b, 0x37, 0x7f, 0xdd, 0x62, 0x37,
  0xce, 0x2e, 0x2d, 0x37, 0xf5, 0x35, 0x4c, 0x37, 0xd5, 0xd8, 0x52, 0x37,
  0x0d, 0xd8, 0x18, 0x37, 0x40, 0x66, 0x18, 0x37, 0xa9, 0xf9, 0x77, 0x37,
  0x95, 0x37, 0x42, 0x37, 0x29, 0x9c, 0x7c, 0x37, 0x10, 0x00, 0x00, 0x00,
  0x61, 0x72, 0x69, 0x74, 0x68, 0x2e, 0x63, 0x6f, 0x6e, 0x73, 0x74, 0x61,
  0x6e, 0x74, 0x31, 0x32, 0x00, 0x00, 0x00, 0x00, 0x01, 0x00, 0x00, 0x00,
  0x30, 0x00, 0x00, 0x00, 0xb6, 0xef, 0xff, 0xff, 0x00, 0x00, 0x00, 0x01,
  0x14, 0x00, 0x00, 0x00, 0x64, 0x02, 0x00, 0x00, 0x12, 0x00, 0x00, 0x00,
  0x00, 0x00, 0x00, 0x02, 0x70, 0x02, 0x00, 0x00, 0x1c, 0xef, 0xff, 0xff,
  0x08, 0x00, 0x00, 0x00, 0x88, 0x01, 0x00, 0x00, 0x30, 0x00, 0x00, 0x00,
  0x00, 0x00, 0x00, 0x00, 0x00, 0x00, 0x00, 0x00, 0x00, 0x00, 0x00, 0x00,
  0x00, 0x00, 0x00, 0x00, 0x00, 0x00, 0x00, 0x00, 0x00, 0x00, 0x00, 0x00,
  0x00, 0x00, 0x00, 0x00, 0x00, 0x00, 0x00, 0x00, 0x00, 0x00, 0x00, 0x00,
  0x00, 0x00, 0x00, 0x00, 0x00, 0x00, 0x00, 0x00, 0x00, 0x00, 0x00, 0x00,
  0x00, 0x00, 0x00, 0x00, 0x00, 0x00, 0x00, 0x00, 0x00, 0x00, 0x00, 0x00,
  0x00, 0x00, 0x00, 0x00, 0x00, 0x00, 0x00, 0x00, 0x00, 0x00, 0x00, 0x00,
  0x00, 0x00, 0x00, 0x00, 0x00, 0x00, 0x00, 0x00, 0x00, 0x00, 0x00, 0x00,
  0x00, 0x00, 0x00, 0x00, 0x00, 0x00, 0x00, 0x00, 0x00, 0x00, 0x00, 0x00,
  0x00, 0x00, 0x00, 0x00, 0x00, 0x00, 0x00, 0x00, 0x00, 0x00, 0x00, 0x00,
  0x00, 0x00, 0x00, 0x00, 0x00, 0x00, 0x00, 0x00, 0x00, 0x00, 0x00, 0x00,
  0x00, 0x00, 0x00, 0x00, 0x00, 0x00, 0x00, 0x00, 0x00, 0x00, 0x00, 0x00,
  0x00, 0x00, 0x00, 0x00, 0x00, 0x00, 0x00, 0x00, 0x00, 0x00, 0x00, 0x00,
  0x00, 0x00, 0x00, 0x00, 0x00, 0x00, 0x00, 0x00, 0x00, 0x00, 0x00, 0x00,
  0x00, 0x00, 0x00, 0x00, 0x00, 0x00, 0x00, 0x00, 0x00, 0x00, 0x00, 0x00,
  0x00, 0x00, 0x00, 0x00, 0x00, 0x00, 0x00, 0x00, 0x00, 0x00, 0x00, 0x00,
  0x00, 0x00, 0x00, 0x00, 0x00, 0x00, 0x00, 0x00, 0x00, 0x00, 0x00, 0x00,
  0x00, 0x00, 0x00, 0x00, 0x00, 0x00, 0x00, 0x00, 0x00, 0x00, 0x00, 0x00,
  0x00, 0x00, 0x00, 0x00, 0x00, 0x00, 0x00, 0x00, 0x00, 0x00, 0x00, 0x00,
  0x00, 0x00, 0x00, 0x00, 0x00, 0x00, 0x00, 0x00, 0x00, 0x00, 0x00, 0x00,
  0x00, 0x00, 0x00, 0x00, 0x00, 0x00, 0x00, 0x00, 0x00, 0x00, 0x00, 0x00,
  0x00, 0x00, 0x00, 0x00, 0x00, 0x00, 0x00, 0x00, 0x00, 0x00, 0x00, 0x00,
  0x00, 0x00, 0x00, 0x00, 0x00, 0x00, 0x00, 0x00, 0x00, 0x00, 0x00, 0x00,
  0x00, 0x00, 0x00, 0x00, 0x00, 0x00, 0x00, 0x00, 0x00, 0x00, 0x00, 0x00,
  0x00, 0x00, 0x00, 0x00, 0x00, 0x00, 0x00, 0x00, 0x00, 0x00, 0x00, 0x00,
  0x00, 0x00, 0x00, 0x00, 0x00, 0x00, 0x00, 0x00, 0x00, 0x00, 0x00, 0x00,
  0x00, 0x00, 0x00, 0x00, 0x00, 0x00, 0x00, 0x00, 0x00, 0x00, 0x00, 0x00,
  0x00, 0x00, 0x00, 0x00, 0x00, 0x00, 0x00, 0x00, 0x00, 0x00, 0x00, 0x00,
  0x00, 0x00, 0x00, 0x00, 0x00, 0x00, 0x00, 0x00, 0x00, 0x00, 0x00, 0x00,
  0x00, 0x00, 0x00, 0x00, 0x00, 0x00, 0x00, 0x00, 0x00, 0x00, 0x00, 0x00,
  0x00, 0x00, 0x00, 0x00, 0x00, 0x00, 0x00, 0x00, 0x00, 0x00, 0x00, 0x00,
  0x00, 0x00, 0x00, 0x00, 0x00, 0x00, 0x00, 0x00, 0x00, 0x00, 0x00, 0x00,
  0x00, 0x00, 0x00, 0x00, 0x00, 0x00, 0x00, 0x00, 0x00, 0x00, 0x00, 0x00,
  0x30, 0x00, 0x00, 0x00, 0xca, 0xf5, 0x84, 0x37, 0x84, 0xca, 0xf4, 0x36,
  0x61, 0xba, 0x35, 0x37, 0x8b, 0x54, 0x78, 0x37, 0xb2, 0x3d, 0xe8, 0x36,
  0xe1, 0xd3, 0x24, 0x37, 0x5d, 0xe4, 0x34, 0x37, 0x28, 0xc1, 0xf4, 0x36,
  0xa5, 0xe9, 0x88, 0x37, 0x6a, 0x89, 0x03, 0x37, 0xb7, 0x75, 0x83, 0x37,
  0xff, 0xc1, 0x35, 0x37, 0xa0, 0x06, 0x69, 0x37, 0xde, 0xa1, 0x5b, 0x37,
  0xf5, 0x9e, 0x52, 0x37, 0x57, 0xfa, 0x3a, 0x37, 0xef, 0x4a, 0x74, 0x37,
  0xbb, 0xc6, 0x7e, 0x37, 0x8f, 0x4a, 0x49, 0x37, 0x97, 0x69, 0x54, 0x37,
  0x1f, 0xed, 0x88, 0x37, 0xd6, 0x94, 0x27, 0x37, 0xb2, 0xf0, 0x63, 0x37,
  0x43, 0x9f, 0x32, 0x37, 0xa3, 0xf8, 0x79, 0x37, 0x34, 0x42, 0x29, 0x37,
  0x2a, 0x9d, 0x90, 0x37, 0x76, 0x23, 0x12, 0x37, 0x62, 0x19, 0x64, 0x37,
  0x4d, 0x04, 0x88, 0x37, 0x92, 0x99, 0x77, 0x37, 0x92, 0xe3, 0x25, 0x37,
  0xba, 0x71, 0x44, 0x37, 0x9c, 0x1d, 0x27, 0x37, 0x02, 0xd8, 0x8b, 0x37,
  0xaf, 0xf4, 0x41, 0x37, 0xcf, 0x8a, 0x6e, 0x37, 0x1e, 0x65, 0x5b, 0x37,
  0xa2, 0xe6, 0x24, 0x37, 0xec, 0x48, 0x47, 0x37, 0xf4, 0x20, 0x18, 0x37,
  0x71, 0x62, 0x33, 0x37, 0xc8, 0x36, 0x39, 0x37, 0x31, 0x43, 0x06, 0x37,
  0x39, 0xdf, 0x05, 0x37, 0x18, 0xd4, 0x59, 0x37, 0x18, 0x9b, 0x2a, 0x37,
  0x5a, 0xe6, 0x5d, 0x37, 0x10, 0x00, 0x00, 0x00, 0x61, 0x72, 0x69, 0x74,
  0x68, 0x2e, 0x63, 0x6f, 0x6e, 0x73, 0x74, 0x61, 0x6e, 0x74, 0x31, 0x31,
  0x00, 0x00, 0x00, 0x00, 0x01, 0x00, 0x00, 0x00, 0x30, 0x00, 0x00, 0x00,
  0x46, 0xf2, 0xff, 0xff, 0x00, 0x00, 0x00, 0x01, 0x14, 0x00, 0x00, 0x00,
  0x68, 0x02, 0x00, 0x00, 0x11, 0x00, 0x00, 0x00, 0x00, 0x00, 0x00, 0x02,
  0x70, 0x02, 0x00, 0x00, 0xac, 0xf1, 0xff, 0xff, 0x08, 0x00, 0x00, 0x00,
  0x8c, 0x01, 0x00, 0x00, 0x30, 0x00, 0x00, 0x00, 0x00, 0x00, 0x00, 0x00,
  0x00, 0x00, 0x00, 0x00, 0x00, 0x00, 0x00, 0x00, 0x00, 0x00, 0x00, 0x00,
  0x00, 0x00, 0x00, 0x00, 0x00, 0x00, 0x00, 0x00, 0x00, 0x00, 0x00, 0x00,
  0x00, 0x00, 0x00, 0x00, 0x00, 0x00, 0x00, 0x00, 0x00, 0x00, 0x00, 0x00,
  0x00, 0x00, 0x00, 0x00, 0x00, 0x00, 0x00, 0x00, 0x00, 0x00, 0x00, 0x00,
  0x00, 0x00, 0x00, 0x00, 0x00, 0x00, 0x00, 0x00, 0x00, 0x00, 0x00, 0x00,
  0x00, 0x00, 0x00, 0x00, 0x00, 0x00, 0x00, 0x00, 0x00, 0x00, 0x00, 0x00,
  0x00, 0x00, 0x00, 0x00, 0x00, 0x00, 0x00, 0x00, 0x00, 0x00, 0x00, 0x00,
  0x00, 0x00, 0x00, 0x00, 0x00, 0x00, 0x00, 0x00, 0x00, 0x00, 0x00, 0x00,
  0x00, 0x00, 0x00, 0x00, 0x00, 0x00, 0x00, 0x00, 0x00, 0x00, 0x00, 0x00,
  0x00, 0x00, 0x00, 0x00, 0x00, 0x00, 0x00, 0x00, 0x00, 0x00, 0x00, 0x00,
  0x00, 0x00, 0x00, 0x00, 0x00, 0x00, 0x00, 0x00, 0x00, 0x00, 0x00, 0x00,
  0x00, 0x00, 0x00, 0x00, 0x00, 0x00, 0x00, 0x00, 0x00, 0x00, 0x00, 0x00,
  0x00, 0x00, 0x00, 0x00, 0x00, 0x00, 0x00, 0x00, 0x00, 0x00, 0x00, 0x00,
  0x00, 0x00, 0x00, 0x00, 0x00, 0x00, 0x00, 0x00, 0x00, 0x00, 0x00, 0x00,
  0x00, 0x00, 0x00, 0x00, 0x00, 0x00, 0x00, 0x00, 0x00, 0x00, 0x00, 0x00,
  0x00, 0x00, 0x00, 0x00, 0x00, 0x00, 0x00, 0x00, 0x00, 0x00, 0x00, 0x00,
  0x00, 0x00, 0x00, 0x00, 0x00, 0x00, 0x00, 0x00, 0x00, 0x00, 0x00, 0x00,
  0x00, 0x00, 0x00, 0x00, 0x00, 0x00, 0x00, 0x00, 0x00, 0x00, 0x00, 0x00,
  0x00, 0x00, 0x00, 0x00, 0x00, 0x00, 0x00, 0x00, 0x00, 0x00, 0x00, 0x00,
  0x00, 0x00, 0x00, 0x00, 0x00, 0x00, 0x00, 0x00, 0x00, 0x00, 0x00, 0x00,
  0x00, 0x00, 0x00, 0x00, 0x00, 0x00, 0x00, 0x00, 0x00, 0x00, 0x00, 0x00,
  0x00, 0x00, 0x00, 0x00, 0x00, 0x00, 0x00, 0x00, 0x00, 0x00, 0x00, 0x00,
  0x00, 0x00, 0x00, 0x00, 0x00, 0x00, 0x00, 0x00, 0x00, 0x00, 0x00, 0x00,
  0x00, 0x00, 0x00, 0x00, 0x00, 0x00, 0x00, 0x00, 0x00, 0x00, 0x00, 0x00,
  0x00, 0x00, 0x00, 0x00, 0x00, 0x00, 0x00, 0x00, 0x00, 0x00, 0x00, 0x00,
  0x00, 0x00, 0x00, 0x00, 0x00, 0x00, 0x00, 0x00, 0x00, 0x00, 0x00, 0x00,
  0x00, 0x00, 0x00, 0x00, 0x00, 0x00, 0x00, 0x00, 0x00, 0x00, 0x00, 0x00,
  0x00, 0x00, 0x00, 0x00, 0x00, 0x00, 0x00, 0x00, 0x00, 0x00, 0x00, 0x00,
  0x00, 0x00, 0x00, 0x00, 0x00, 0x00, 0x00, 0x00, 0x00, 0x00, 0x00, 0x00,
  0x00, 0x00, 0x00, 0x00, 0x00, 0x00, 0x00, 0x00, 0x00, 0x00, 0x00, 0x00,
  0x00, 0x00, 0x00, 0x00, 0x00, 0x00, 0x00, 0x00, 0x00, 0x00, 0x00, 0x00,
  0x00, 0x00, 0x00, 0x00, 0x00, 0x00, 0x00, 0x00, 0x00, 0x00, 0x00, 0x00,
  0x30, 0x00, 0x00, 0x00, 0x49, 0xf5, 0x84, 0x37, 0x97, 0xc9, 0xf4, 0x36,
  0xb1, 0xb9, 0x35, 0x37, 0x9a, 0x53, 0x78, 0x37, 0xd1, 0x3c, 0xe8, 0x36,
  0x41, 0xd3, 0x24, 0x37, 0xae, 0xe3, 0x34, 0x37, 0x3b, 0xc0, 0xf4, 0x36,
  0x20, 0xe9, 0x88, 0x37, 0xea, 0x88, 0x03, 0x37, 0x37, 0x75, 0x83, 0x37,
  0x4f, 0xc1, 0x35, 0x37, 0xbe, 0x05, 0x69, 0x37, 0x09, 0xa1, 0x5b, 0x37,
  0x29, 0x9e, 0x52, 0x37, 0xa2, 0xf9, 0x3a, 0x37, 0x02, 0x4a, 0x74, 0x37,
  0xc4, 0xc5, 0x7e, 0x37, 0xcc, 0x49, 0x49, 0x37, 0xca, 0x68, 0x54, 0x37,
  0x9a, 0xec, 0x88, 0x37, 0x34, 0x94, 0x27, 0x37, 0xd5, 0xef, 0x63, 0x37,
  0x95, 0x9e, 0x32, 0x37, 0xb0, 0xf7, 0x79, 0x37, 0x90, 0x41, 0x29, 0x37,
  0x9e, 0x9c, 0x90, 0x37, 0xe8, 0x22, 0x12, 0x37, 0x85, 0x18, 0x64, 0x37,
  0xc9, 0x03, 0x88, 0x37, 0xa2, 0x98, 0x77, 0x37, 0xf1, 0xe2, 0x25, 0x37,
  0xfb, 0x70, 0x44, 0x37, 0xfa, 0x1c, 0x27, 0x37, 0x7a, 0xd7, 0x8b, 0x37,
  0xf3, 0xf3, 0x41, 0x37, 0xe8, 0x89, 0x6e, 0x37, 0x49, 0x64, 0x5b, 0x37,
  0x02, 0xe6, 0x24, 0x37, 0x2b, 0x48, 0x47, 0x37, 0x60, 0x20, 0x18, 0x37,
  0xc4, 0x61, 0x33, 0x37, 0x15, 0x36, 0x39, 0x37, 0xaf, 0x42, 0x06, 0x37,
  0xb8, 0xde, 0x05, 0x37, 0x45, 0xd3, 0x59, 0x37, 0x73, 0x9a, 0x2a, 0x37,
  0x82, 0xe5, 0x5d, 0x37, 0x0f, 0x00, 0x00, 0x00, 0x61, 0x72, 0x69, 0x74,
  0x68, 0x2e, 0x63, 0x6f, 0x6e, 0x73, 0x74, 0x61, 0x6e, 0x74, 0x33, 0x00,
  0x01, 0x00, 0x00, 0x00, 0x30, 0x00, 0x00, 0x00, 0xd6, 0xf4, 0xff, 0xff,
  0x00, 0x00, 0x00, 0x01, 0x14, 0x00, 0x00, 0x00, 0x68, 0x02, 0x00, 0x00,
  0x10, 0x00, 0x00, 0x00, 0x00, 0x00, 0x00, 0x02, 0x70, 0x02, 0x00, 0x00,
  0x3c, 0xf4, 0xff, 0xff, 0x08, 0x00, 0x00, 0x00, 0x8c, 0x01, 0x00, 0x00,
  0x30, 0x00, 0x00, 0x00, 0x00, 0x00, 0x00, 0x00, 0x00, 0x00, 0x00, 0x00,
  0x00, 0x00, 0x00, 0x00, 0x00, 0x00, 0x00, 0x00, 0x00, 0x00, 0x00, 0x00,
  0x00, 0x00, 0x00, 0x00, 0x00, 0x00, 0x00, 0x00, 0x00, 0x00, 0x00, 0x00,
  0x00, 0x00, 0x00, 0x00, 0x00, 0x00, 0x00, 0x00, 0x00, 0x00, 0x00, 0x00,
  0x00, 0x00, 0x00, 0x00, 0x00, 0x00, 0x00, 0x00, 0x00, 0x00, 0x00, 0x00,
  0x00, 0x00, 0x00, 0x00, 0x00, 0x00, 0x00, 0x00, 0x00, 0x00, 0x00, 0x00,
  0x00, 0x00, 0x00, 0x00, 0x00, 0x00, 0x00, 0x00, 0x00, 0x00, 0x00, 0x00,
  0x00, 0x00, 0x00, 0x00, 0x00, 0x00, 0x00, 0x00, 0x00, 0x00, 0x00, 0x00,
  0x00, 0x00, 0x00, 0x00, 0x00, 0x00, 0x00, 0x00, 0x00, 0x00, 0x00, 0x00,
  0x00, 0x00, 0x00, 0x00, 0x00, 0x00, 0x00, 0x00, 0x00, 0x00, 0x00, 0x00,
  0x00, 0x00, 0x00, 0x00, 0x00, 0x00, 0x00, 0x00, 0x00, 0x00, 0x00, 0x00,
  0x00, 0x00, 0x00, 0x00, 0x00, 0x00, 0x00, 0x00, 0x00, 0x00, 0x00, 0x00,
  0x00, 0x00, 0x00, 0x00, 0x00, 0x00, 0x00, 0x00, 0x00, 0x00, 0x00, 0x00,
  0x00, 0x00, 0x00, 0x00, 0x00, 0x00, 0x00, 0x00, 0x00, 0x00, 0x00, 0x00,
  0x00, 0x00, 0x00, 0x00, 0x00, 0x00, 0x00, 0x00, 0x00, 0x00, 0x00, 0x00,
  0x00, 0x00, 0x00, 0x00, 0x00, 0x00, 0x00, 0x00, 0x00, 0x00, 0x00, 0x00,
  0x00, 0x00, 0x00, 0x00, 0x00, 0x00, 0x00, 0x00, 0x00, 0x00, 0x00, 0x00,
  0x00, 0x00, 0x00, 0x00, 0x00, 0x00, 0x00, 0x00, 0x00, 0x00, 0x00, 0x00,
  0x00, 0x00, 0x00, 0x00, 0x00, 0x00, 0x00, 0x00, 0x00, 0x00, 0x00, 0x00,
  0x00, 0x00, 0x00, 0x00, 0x00, 0x00, 0x00, 0x00, 0x00, 0x00, 0x00, 0x00,
  0x00, 0x00, 0x00, 0x00, 0x00, 0x00, 0x00, 0x00, 0x00, 0x00, 0x00, 0x00,
  0x00, 0x00, 0x00, 0x00, 0x00, 0x00, 0x00, 0x00, 0x00, 0x00, 0x00, 0x00,
  0x00, 0x00, 0x00, 0x00, 0x00, 0x00, 0x00, 0x00, 0x00, 0x00, 0x00, 0x00,
  0x00, 0x00, 0x00, 0x00, 0x00, 0x00, 0x00, 0x00, 0x00, 0x00, 0x00, 0x00,
  0x00, 0x00, 0x00, 0x00, 0x00, 0x00, 0x00, 0x00, 0x00, 0x00, 0x00, 0x00,
  0x00, 0x00, 0x00, 0x00, 0x00, 0x00, 0x00, 0x00, 0x00, 0x00, 0x00, 0x00,
  0x00, 0x00, 0x00, 0x00, 0x00, 0x00, 0x00, 0x00, 0x00, 0x00, 0x00, 0x00,
  0x00, 0x00, 0x00, 0x00, 0x00, 0x00, 0x00, 0x00, 0x00, 0x00, 0x00, 0x00,
  0x00, 0x00, 0x00, 0x00, 0x00, 0x00, 0x00, 0x00, 0x00, 0x00, 0x00, 0x00,
  0x00, 0x00, 0x00, 0x00, 0x00, 0x00, 0x00, 0x00, 0x00, 0x00, 0x00, 0x00,
  0x00, 0x00, 0x00, 0x00, 0x00, 0x00, 0x00, 0x00, 0x00, 0x00, 0x00, 0x00,
  0x00, 0x00, 0x00, 0x00, 0x00, 0x00, 0x00, 0x00, 0x00, 0x00, 0x00, 0x00,
  0x00, 0x00, 0x00, 0x00, 0x00, 0x00, 0x00, 0x00, 0x30, 0x00, 0x00, 0x00,
  0x60, 0xc5, 0x77, 0x37, 0x7e, 0x15, 0xe4, 0x36, 0x33, 0x53, 0x29, 0x37,
  0xae, 0x61, 0x67, 0x37, 0xf2, 0x63, 0xd8, 0x36, 0xfc, 0x93, 0x19, 0x37,
  0xcb, 0x8b, 0x28, 0x37, 0xc5, 0x0c, 0xe4, 0x36, 0xf8, 0x22, 0x7f, 0x37,
  0x5d, 0x1e, 0xf5, 0x36, 0xa8, 0xf9, 0x74, 0x37, 0x4c, 0x5a, 0x29, 0x37,
  0x29, 0x1f, 0x59, 0x37, 0x6b, 0xa4, 0x4c, 0x37, 0xf5, 0x3e, 0x44, 0x37,
  0x6f, 0x37, 0x2e, 0x37, 0x9d, 0x9e, 0x63, 0x37, 0x3e, 0x63, 0x6d, 0x37,
  0x92, 0x8d, 0x3b, 0x37, 0x4a, 0xea, 0x45, 0x37, 0x73, 0x29, 0x7f, 0x37,
  0xd4, 0x24, 0x1c, 0x37, 0x16, 0x62, 0x54, 0x37, 0x59, 0x6e, 0x26, 0x37,
  0x1a, 0xe9, 0x68, 0x37, 0xe4, 0xb4, 0x1d, 0x37, 0x73, 0xbe, 0x86, 0x37,
  0x1b, 0x2a, 0x08, 0x37, 0x00, 0x88, 0x54, 0x37, 0x96, 0x77, 0x7d, 0x37,
  0x77, 0xb3, 0x66, 0x37, 0x22, 0x91, 0x1a, 0x37, 0x6c, 0x09, 0x37, 0x37,
  0xbd, 0xb5, 0x1b, 0x37, 0xa2, 0x4c, 0x82, 0x37, 0xdc, 0xb7, 0x34, 0x37,
  0xf6, 0x42, 0x5e, 0x37, 0xd0, 0x6b, 0x4c, 0x37, 0x75, 0xa5, 0x19, 0x37,
  0xfd, 0xae, 0x39, 0x37, 0xf0, 0xbe, 0x0d, 0x37, 0x35, 0x24, 0x27, 0x37,
  0xb2, 0x92, 0x2c, 0x37, 0xac, 0x32, 0xfa, 0x36, 0x63, 0x78, 0xf9, 0x36,
  0x29, 0xf6, 0x4a, 0x37, 0x3e, 0xf6, 0x1e, 0x37, 0x48, 0xc1, 0x4e, 0x37,
  0x0f, 0x00, 0x00, 0x00, 0x61, 0x72, 0x69, 0x74, 0x68, 0x2e, 0x63, 0x6f,
  0x6e, 0x73, 0x74, 0x61, 0x6e, 0x74, 0x32, 0x00, 0x01, 0x00, 0x00, 0x00,
  0x30, 0x00, 0x00, 0x00, 0x66, 0xf7, 0xff, 0xff, 0x00, 0x00, 0x00, 0x01,
  0x14, 0x00, 0x00, 0x00, 0x68, 0x02, 0x00, 0x00, 0x0f, 0x00, 0x00, 0x00,
  0x00, 0x00, 0x00, 0x02, 0x70, 0x02, 0x00, 0x00, 0xcc, 0xf6, 0xff, 0xff,
  0x08, 0x00, 0x00, 0x00, 0x8c, 0x01, 0x00, 0x00, 0x30, 0x00, 0x00, 0x00,
  0x00, 0x00, 0x00, 0x00, 0x00, 0x00, 0x00, 0x00, 0x00, 0x00, 0x00, 0x00,
  0x00, 0x00, 0x00, 0x00, 0x00, 0x00, 0x00, 0x00, 0x00, 0x00, 0x00, 0x00,
  0x00, 0x00, 0x00, 0x00, 0x00, 0x00, 0x00, 0x00, 0x00, 0x00, 0x00, 0x00,
  0x00, 0x00, 0x00, 0x00, 0x00, 0x00, 0x00, 0x00, 0x00, 0x00, 0x00, 0x00,
  0x00, 0x00, 0x00, 0x00, 0x00, 0x00, 0x00, 0x00, 0x00, 0x00, 0x00, 0x00,
  0x00, 0x00, 0x00, 0x00, 0x00, 0x00, 0x00, 0x00, 0x00, 0x00, 0x00, 0x00,
  0x00, 0x00, 0x00, 0x00, 0x00, 0x00, 0x00, 0x00, 0x00, 0x00, 0x00, 0x00,
  0x00, 0x00, 0x00, 0x00, 0x00, 0x00, 0x00, 0x00, 0x00, 0x00, 0x00, 0x00,
  0x00, 0x00, 0x00, 0x00, 0x00, 0x00, 0x00, 0x00, 0x00, 0x00, 0x00, 0x00,
  0x00, 0x00, 0x00, 0x00, 0x00, 0x00, 0x00, 0x00, 0x00, 0x00, 0x00, 0x00,
  0x00, 0x00, 0x00, 0x00, 0x00, 0x00, 0x00, 0x00, 0x00, 0x00, 0x00, 0x00,
  0x00, 0x00, 0x00, 0x00, 0x00, 0x00, 0x00, 0x00, 0x00, 0x00, 0x00, 0x00,
  0x00, 0x00, 0x00, 0x00, 0x00, 0x00, 0x00, 0x00, 0x00, 0x00, 0x00, 0x00,
  0x00, 0x00, 0x00, 0x00, 0x00, 0x00, 0x00, 0x00, 0x00, 0x00, 0x00, 0x00,
  0x00, 0x00, 0x00, 0x00, 0x00, 0x00, 0x00, 0x00, 0x00, 0x00, 0x00, 0x00,
  0x00, 0x00, 0x00, 0x00, 0x00, 0x00, 0x00, 0x00, 0x00, 0x00, 0x00, 0x00,
  0x00, 0x00, 0x00, 0x00, 0x00, 0x00, 0x00, 0x00, 0x00, 0x00, 0x00, 0x00,
  0x00, 0x00, 0x00, 0x00, 0x00, 0x00, 0x00, 0x00, 0x00, 0x00, 0x00, 0x00,
  0x00, 0x00, 0x00, 0x00, 0x00, 0x00, 0x00, 0x00, 0x00, 0x00, 0x00, 0x00,
  0x00, 0x00, 0x00, 0x00, 0x00, 0x00, 0x00, 0x00, 0x00, 0x00, 0x00, 0x00,
  0x00, 0x00, 0x00, 0x00, 0x00, 0x00, 0x00, 0x00, 0x00, 0x00, 0x00, 0x00,
  0x00, 0x00, 0x00, 0x00, 0x00, 0x00, 0x00, 0x00, 0x00, 0x00, 0x00, 0x00,
  0x00, 0x00, 0x00, 0x00, 0x00, 0x00, 0x00, 0x00, 0x00, 0x00, 0x00, 0x00,
  0x00, 0x00, 0x00, 0x00, 0x00, 0x00, 0x00, 0x00, 0x00, 0x00, 0x00, 0x00,
  0x00, 0x00, 0x00, 0x00, 0x00, 0x00, 0x00, 0x00, 0x00, 0x00, 0x00, 0x00,
  0x00, 0x00, 0x00, 0x00, 0x00, 0x00, 0x00, 0x00, 0x00, 0x00, 0x00, 0x00,
  0x00, 0x00, 0x00, 0x00, 0x00, 0x00, 0x00, 0x00, 0x00, 0x00, 0x00, 0x00,
  0x00, 0x00, 0x00, 0x00, 0x00, 0x00, 0x00, 0x00, 0x00, 0x00, 0x00, 0x00,
  0x00, 0x00, 0x00, 0x00, 0x00, 0x00, 0x00, 0x00, 0x00, 0x00, 0x00, 0x00,
  0x00, 0x00, 0x00, 0x00, 0x00, 0x00, 0x00, 0x00, 0x00, 0x00, 0x00, 0x00,
  0x00, 0x00, 0x00, 0x00, 0x00, 0x00, 0x00, 0x00, 0x00, 0x00, 0x00, 0x00,
  0x00, 0x00, 0x00, 0x00, 0x00, 0x00, 0x00, 0x00, 0x00, 0x00, 0x00, 0x00,
  0x00, 0x00, 0x00, 0x00, 0x30, 0x00, 0x00, 0x00, 0xa8, 0xc0, 0x43, 0x37,
  0xe0, 0x32, 0xb4, 0x36, 0xa5, 0xc6, 0x05, 0x37, 0xd4, 0xcd, 0x36, 0x37,
  0xcf, 0xf5, 0xaa, 0x36, 0x89, 0xab, 0xf2, 0x36, 0x1a, 0x29, 0x05, 0x37,
  0xfc, 0x2b, 0xb4, 0x36, 0x61, 0x92, 0x49, 0x37, 0x34, 0xa8, 0xc1, 0x36,
  0x33, 0x8b, 0x41, 0x37, 0x41, 0xcc, 0x05, 0x37, 0xb8, 0x89, 0x2b, 0x37,
  0xb3, 0xad, 0x21, 0x37, 0x82, 0x0b, 0x1b, 0x37, 0xfa, 0xa3, 0x09, 0x37,
  0xf4, 0xd4, 0x33, 0x37, 0x96, 0x8c, 0x3b, 0x37, 0x55, 0x2d, 0x14, 0x37,
  0x20, 0x5d, 0x1c, 0x37, 0x7f, 0x97, 0x49, 0x37, 0x6b, 0xb9, 0xf6, 0x36,
  0x54, 0xcb, 0x27, 0x37, 0x55, 0x7d, 0x03, 0x37, 0x12, 0x03, 0x38, 0x37,
  0x90, 0x31, 0xf9, 0x36, 0xfb, 0xe8, 0x54, 0x37, 0x99, 0x27, 0xd7, 0x36,
  0x48, 0xe9, 0x27, 0x37, 0xb9, 0x40, 0x48, 0x37, 0x31, 0x44, 0x36, 0x37,
  0x89, 0x3b, 0xf4, 0x36, 0xea, 0x9b, 0x10, 0x37, 0xe2, 0x09, 0xf6, 0x36,
  0x1d, 0xe3, 0x4d, 0x37, 0xf7, 0xc6, 0x0e, 0x37, 0x47, 0x99, 0x2f, 0x37,
  0xfb, 0x80, 0x21, 0x37, 0x25, 0xc7, 0xf2, 0x36, 0x3a, 0xb3, 0x12, 0x37,
  0x4e, 0xf9, 0xdf, 0x36, 0x03, 0x0d, 0x04, 0x37, 0x93, 0x57, 0x08, 0x37,
  0x84, 0xab, 0xc5, 0x36, 0x57, 0x18, 0xc5, 0x36, 0xc6, 0x59, 0x20, 0x37,
  0x55, 0x2d, 0xfb, 0x36, 0x03, 0x59, 0x23, 0x37, 0x0f, 0x00, 0x00, 0x00,
  0x61, 0x72, 0x69, 0x74, 0x68, 0x2e, 0x63, 0x6f, 0x6e, 0x73, 0x74, 0x61,
  0x6e, 0x74, 0x31, 0x00, 0x01, 0x00, 0x00, 0x00, 0x30, 0x00, 0x00, 0x00,
  0xf6, 0xf9, 0xff, 0xff, 0x00, 0x00, 0x00, 0x01, 0x14, 0x00, 0x00, 0x00,
  0x68, 0x02, 0x00, 0x00, 0x0e, 0x00, 0x00, 0x00, 0x00, 0x00, 0x00, 0x02,
  0x70, 0x02, 0x00, 0x00, 0x5c, 0xf9, 0xff, 0xff, 0x08, 0x00, 0x00, 0x00,
  0x8c, 0x01, 0x00, 0x00, 0x30, 0x00, 0x00, 0x00, 0x00, 0x00, 0x00, 0x00,
  0x00, 0x00, 0x00, 0x00, 0x00, 0x00, 0x00, 0x00, 0x00, 0x00, 0x00, 0x00,
  0x00, 0x00, 0x00, 0x00, 0x00, 0x00, 0x00, 0x00, 0x00, 0x00, 0x00, 0x00,
  0x00, 0x00, 0x00, 0x00, 0x00, 0x00, 0x00, 0x00, 0x00, 0x00, 0x00, 0x00,
  0x00, 0x00, 0x00, 0x00, 0x00, 0x00, 0x00, 0x00, 0x00, 0x00, 0x00, 0x00,
  0x00, 0x00, 0x00, 0x00, 0x00, 0x00, 0x00, 0x00, 0x00, 0x00, 0x00, 0x00,
  0x00, 0x00, 0x00, 0x00, 0x00, 0x00, 0x00, 0x00, 0x00, 0x00, 0x00, 0x00,
  0x00, 0x00, 0x00, 0x00, 0x00, 0x00, 0x00, 0x00, 0x00, 0x00, 0x00, 0x00,
  0x00, 0x00, 0x00, 0x00, 0x00, 0x00, 0x00, 0x00, 0x00, 0x00, 0x00, 0x00,
  0x00, 0x00, 0x00, 0x00, 0x00, 0x00, 0x00, 0x00, 0x00, 0x00, 0x00, 0x00,
  0x00, 0x00, 0x00, 0x00, 0x00, 0x00, 0x00, 0x00, 0x00, 0x00, 0x00, 0x00,
  0x00, 0x00, 0x00, 0x00, 0x00, 0x00, 0x00, 0x00, 0x00, 0x00, 0x00, 0x00,
  0x00, 0x00, 0x00, 0x00, 0x00, 0x00, 0x00, 0x00, 0x00, 0x00, 0x00, 0x00,
  0x00, 0x00, 0x00, 0x00, 0x00, 0x00, 0x00, 0x00, 0x00, 0x00, 0x00, 0x00,
  0x00, 0x00, 0x00, 0x00, 0x00, 0x00, 0x00, 0x00, 0x00, 0x00, 0x00, 0x00,
  0x00, 0x00, 0x00, 0x00, 0x00, 0x00, 0x00, 0x00, 0x00, 0x00, 0x00, 0x00,
  0x00, 0x00, 0x00, 0x00, 0x00, 0x00, 0x00, 0x00, 0x00, 0x00, 0x00, 0x00,
  0x00, 0x00, 0x00, 0x00, 0x00, 0x00, 0x00, 0x00, 0x00, 0x00, 0x00, 0x00,
  0x00, 0x00, 0x00, 0x00, 0x00, 0x00, 0x00, 0x00, 0x00, 0x00, 0x00, 0x00,
  0x00, 0x00, 0x00, 0x00, 0x00, 0x00, 0x00, 0x00, 0x00, 0x00, 0x00, 0x00,
  0x00, 0x00, 0x00, 0x00, 0x00, 0x00, 0x00, 0x00, 0x00, 0x00, 0x00, 0x00,
  0x00, 0x00, 0x00, 0x00, 0x00, 0x00, 0x00, 0x00, 0x00, 0x00, 0x00, 0x00,
  0x00, 0x00, 0x00, 0x00, 0x00, 0x00, 0x00, 0x00, 0x00, 0x00, 0x00, 0x00,
  0x00, 0x00, 0x00, 0x00, 0x00, 0x00, 0x00, 0x00, 0x00, 0x00, 0x00, 0x00,
  0x00, 0x00, 0x00, 0x00, 0x00, 0x00, 0x00, 0x00, 0x00, 0x00, 0x00, 0x00,
  0x00, 0x00, 0x00, 0x00, 0x00, 0x00, 0x00, 0x00, 0x00, 0x00, 0x00, 0x00,
  0x00, 0x00, 0x00, 0x00, 0x00, 0x00, 0x00, 0x00, 0x00, 0x00, 0x00, 0x00,
  0x00, 0x00, 0x00, 0x00, 0x00, 0x00, 0x00, 0x00, 0x00, 0x00, 0x00, 0x00,
  0x00, 0x00, 0x00, 0x00, 0x00, 0x00, 0x00, 0x00, 0x00, 0x00, 0x00, 0x00,
  0x00, 0x00, 0x00, 0x00, 0x00, 0x00, 0x00, 0x00, 0x00, 0x00, 0x00, 0x00,
  0x00, 0x00, 0x00, 0x00, 0x00, 0x00, 0x00, 0x00, 0x00, 0x00, 0x00, 0x00,
  0x00, 0x00, 0x00, 0x00, 0x00, 0x00, 0x00, 0x00, 0x00, 0x00, 0x00, 0x00,
  0x00, 0x00, 0x00, 0x00, 0x00, 0x00, 0x00, 0x00, 0x00, 0x00, 0x00, 0x00,
  0x30, 0x00, 0x00, 0x00, 0x77, 0x6c, 0xc6, 0x2e, 0x24, 0x8f, 0x5f, 0x2d,
  0x5a, 0xb7, 0x82, 0x2e, 0x95, 0xca, 0xe2, 0x2d, 0x65, 0x58, 0xde, 0x2d,
  0x05, 0x88, 0x96, 0x2d, 0x12, 0x1b, 0x32, 0x2e, 0xa5, 0x16, 0x23, 0x2e,
  0x42, 0x0e, 0x07, 0x2f, 0xa2, 0x5f, 0xdd, 0x2d, 0xf9, 0x00, 0x7e, 0x2e,
  0xa7, 0x55, 0x0c, 0x2f, 0x03, 0x56, 0x9b, 0x2e, 0x92, 0x18, 0xa6, 0x2e,
  0x96, 0xf4, 0xf0, 0x2e, 0xa7, 0xc2, 0xaa, 0x2d, 0x9f, 0x1a, 0xdf, 0x2d,
  0xdb, 0x9d, 0x60, 0x2e, 0x0f, 0xd5, 0xb7, 0x2d, 0x27, 0xfd, 0xc1, 0x2d,
  0x94, 0x19, 0xfa, 0x2d, 0x08, 0x4b, 0xa5, 0x2d, 0x33, 0x0d, 0x5b, 0x2e,
  0x1c, 0x21, 0xa3, 0x2d, 0xcf, 0x6b, 0xd3, 0x2e, 0xd3, 0xb2, 0xb1, 0x2e,
  0x22, 0x12, 0x04, 0x2e, 0x75, 0x2c, 0x52, 0x2e, 0x83, 0x10, 0x75, 0x2e,
  0x53, 0x70, 0xf8, 0x2d, 0xf8, 0xec, 0xb6, 0x2e, 0xc7, 0x82, 0x42, 0x2e,
  0x98, 0x67, 0x13, 0x2e, 0xf2, 0x9e, 0x98, 0x2d, 0x14, 0xb1, 0x33, 0x2e,
  0x38, 0x24, 0xd4, 0x2d, 0x2e, 0xda, 0xd9, 0x2d, 0x23, 0x64, 0x1c, 0x2e,
  0x26, 0x99, 0x96, 0x2d, 0x59, 0x21, 0x08, 0x2e, 0xd6, 0xa3, 0x8e, 0x2d,
  0x5d, 0xd3, 0xa3, 0x2d, 0x0e, 0xd2, 0x53, 0x2e, 0xdd, 0x54, 0x0b, 0x2e,
  0x6c, 0x85, 0x74, 0x2d, 0x66, 0xef, 0xc6, 0x2d, 0xf0, 0xce, 0x9b, 0x2d,
  0x41, 0xa7, 0xca, 0x2d, 0x0e, 0x00, 0x00, 0x00, 0x61, 0x72, 0x69, 0x74,
  0x68, 0x2e, 0x63, 0x6f, 0x6e, 0x73, 0x74, 0x61, 0x6e, 0x74, 0x00, 0x00,
  0x01, 0x00, 0x00, 0x00, 0x30, 0x00, 0x00, 0x00, 0x86, 0xfc, 0xff, 0xff,
  0x00, 0x00, 0x00, 0x01, 0x14, 0x00, 0x00, 0x00, 0x34, 0x00, 0x00, 0x00,
  0x0d, 0x00, 0x00, 0x00, 0x00, 0x00, 0x00, 0x09, 0x3c, 0x00, 0x00, 0x00,
  0xec, 0xfb, 0xff, 0xff, 0x08, 0x00, 0x00, 0x00, 0x14, 0x00, 0x00, 0x00,
  0x01, 0x00, 0x00, 0x00, 0x80, 0xff, 0xff, 0xff, 0xff, 0xff, 0xff, 0xff,
  0x00, 0x00, 0x00, 0x00, 0x01, 0x00, 0x00, 0x00, 0x81, 0x80, 0x80, 0x3b,
  0x0f, 0x00, 0x00, 0x00, 0x61, 0x72, 0x69, 0x74, 0x68, 0x2e, 0x63, 0x6f,
  0x6e, 0x73, 0x74, 0x61, 0x6e, 0x74, 0x35, 0x00, 0x00, 0x00, 0x00, 0x00,
  0xde, 0xfc, 0xff, 0xff, 0x00, 0x00, 0x00, 0x01, 0x14, 0x00, 0x00, 0x00,
  0x58, 0x00, 0x00, 0x00, 0x0c, 0x00, 0x00, 0x00, 0x00, 0x00, 0x00, 0x09,
  0x6c, 0x00, 0x00, 0x00, 0x44, 0xfc, 0xff, 0xff, 0x08, 0x00, 0x00, 0x00,
  0x2c, 0x00, 0x00, 0x00, 0x04, 0x00, 0x00, 0x00, 0x00, 0x00, 0x00, 0x00,
  0x00, 0x00, 0x00, 0x00, 0x00, 0x00, 0x00, 0x00, 0x00, 0x00, 0x00, 0x00,
  0x00, 0x00, 0x00, 0x00, 0x00, 0x00, 0x00, 0x00, 0x00, 0x00, 0x00, 0x00,
  0x00, 0x00, 0x00, 0x00, 0x00, 0x00, 0x00, 0x00, 0x04, 0x00, 0x00, 0x00,
  0xae, 0xf7, 0x83, 0x3b, 0x30, 0xbe, 0x86, 0x3b, 0x9d, 0x74, 0xb6, 0x3b,
  0xd2, 0x21, 0x96, 0x3b, 0x1b, 0x00, 0x00, 0x00, 0x73, 0x65, 0x71, 0x75,
  0x65, 0x6e, 0x74, 0x69, 0x61, 0x6c, 0x5f, 0x31, 0x2f, 0x64, 0x65, 0x6e,
  0x73, 0x65, 0x5f, 0x31, 0x2f, 0x4d, 0x61, 0x74, 0x4d, 0x75, 0x6c, 0x00,
  0x02, 0x00, 0x00, 0x00, 0x04, 0x00, 0x00, 0x00, 0x10, 0x00, 0x00, 0x00,
  0x6e, 0xfd, 0xff, 0xff, 0x00, 0x00, 0x00, 0x01, 0x14, 0x00, 0x00, 0x00,
  0x54, 0x00, 0x00, 0x00, 0x0b, 0x00, 0x00, 0x00, 0x00, 0x00, 0x00, 0x02,
  0x6c, 0x00, 0x00, 0x00, 0xd4, 0xfc, 0xff, 0xff, 0x08, 0x00, 0x00, 0x00,
  0x28, 0x00, 0x00, 0x00, 0x04, 0x00, 0x00, 0x00, 0x00, 0x00, 0x00, 0x00,
  0x00, 0x00, 0x00, 0x00, 0x00, 0x00, 0x00, 0x00, 0x00, 0x00, 0x00, 0x00,
  0x00, 0x00, 0x00, 0x00, 0x00, 0x00, 0x00, 0x00, 0x00, 0x00, 0x00, 0x00,
  0x00, 0x00, 0x00, 0x00, 0x04, 0x00, 0x00, 0x00, 0x0b, 0x61, 0xa9, 0x37,
  0xf9, 0xf0, 0xac, 0x37, 0x13, 0x2e, 0xea, 0x37, 0x74, 0xb1, 0xc0, 0x37,
  0x1c, 0x00, 0x00, 0x00, 0x73, 0x65, 0x71, 0x75, 0x65, 0x6e, 0x74, 0x69,
  0x61, 0x6c, 0x5f, 0x31, 0x2f, 0x64, 0x65, 0x6e, 0x73, 0x65, 0x5f, 0x31,
  0x2f, 0x42, 0x69, 0x61, 0x73, 0x41, 0x64, 0x64, 0x00, 0x00, 0x00, 0x00,
  0x01, 0x00, 0x00, 0x00, 0x04, 0x00, 0x00, 0x00, 0xfa, 0xfd, 0xff, 0xff,
  0x00, 0x00, 0x00, 0x01, 0x14, 0x00, 0x00, 0x00, 0x14, 0x00, 0x00, 0x00,
  0x0a, 0x00, 0x00, 0x00, 0x00, 0x00, 0x00, 0x02, 0x1c, 0x00, 0x00, 0x00,
  0xe4, 0xfd, 0xff, 0xff, 0x0f, 0x00, 0x00, 0x00, 0x61, 0x72, 0x69, 0x74,
  0x68, 0x2e, 0x63, 0x6f, 0x6e, 0x73, 0x74, 0x61, 0x6e, 0x74, 0x36, 0x00,
  0x01, 0x00, 0x00, 0x00, 0x02, 0x00, 0x00, 0x00, 0x36, 0xfe, 0xff, 0xff,
  0x00, 0x00, 0x00, 0x01, 0x14, 0x00, 0x00, 0x00, 0x14, 0x00, 0x00, 0x00,
  0x09, 0x00, 0x00, 0x00, 0x00, 0x00, 0x00, 0x02, 0x1c, 0x00, 0x00, 0x00,
  0x20, 0xfe, 0xff, 0xff, 0x0f, 0x00, 0x00, 0x00, 0x61, 0x72, 0x69, 0x74,
  0x68, 0x2e, 0x63, 0x6f, 0x6e, 0x73, 0x74, 0x61, 0x6e, 0x74, 0x37, 0x00,
  0x01, 0x00, 0x00, 0x00, 0x02, 0x00, 0x00, 0x00, 0x72, 0xfe, 0xff, 0xff,
  0x00, 0x00, 0x00, 0x01, 0x14, 0x00, 0x00, 0x00, 0x14, 0x00, 0x00, 0x00,
  0x08, 0x00, 0x00, 0x00, 0x00, 0x00, 0x00, 0x02, 0x1c, 0x00, 0x00, 0x00,
  0x5c, 0xfe, 0xff, 0xff, 0x0f, 0x00, 0x00, 0x00, 0x61, 0x72, 0x69, 0x74,
  0x68, 0x2e, 0x63, 0x6f, 0x6e, 0x73, 0x74, 0x61, 0x6e, 0x74, 0x38, 0x00,
  0x01, 0x00, 0x00, 0x00, 0x02, 0x00, 0x00, 0x00, 0xae, 0xfe, 0xff, 0xff,
  0x00, 0x00, 0x00, 0x01, 0x14, 0x00, 0x00, 0x00, 0x14, 0x00, 0x00, 0x00,
  0x07, 0x00, 0x00, 0x00, 0x00, 0x00, 0x00, 0x02, 0x1c, 0x00, 0x00, 0x00,
  0x98, 0xfe, 0xff, 0xff, 0x0f, 0x00, 0x00, 0x00, 0x61, 0x72, 0x69, 0x74,
  0x68, 0x2e, 0x63, 0x6f, 0x6e, 0x73, 0x74, 0x61, 0x6e, 0x74, 0x39, 0x00,
  0x01, 0x00, 0x00, 0x00, 0x02, 0x00, 0x00, 0x00, 0xea, 0xfe, 0xff, 0xff,
  0x00, 0x00, 0x00, 0x01, 0x14, 0x00, 0x00, 0x00, 0x14, 0x00, 0x00, 0x00,
  0x06, 0x00, 0x00, 0x00, 0x00, 0x00, 0x00, 0x02, 0x20, 0x00, 0x00, 0x00,
  0xd4, 0xfe, 0xff, 0xff, 0x10, 0x00, 0x00, 0x00, 0x61, 0x72, 0x69, 0x74,
  0x68, 0x2e, 0x63, 0x6f, 0x6e, 0x73, 0x74, 0x61, 0x6e, 0x74, 0x31, 0x30,
  0x00, 0x00, 0x00, 0x00, 0x00, 0x00, 0x00, 0x00, 0x26, 0xff, 0xff, 0xff,
  0x00, 0x00, 0x00, 0x01, 0x14, 0x00, 0x00, 0x00, 0x14, 0x00, 0x00, 0x00,
  0x05, 0x00, 0x00, 0x00, 0x00, 0x00, 0x00, 0x02, 0x30, 0x00, 0x00, 0x00,
  0x10, 0xff, 0xff, 0xff, 0x21, 0x00, 0x00, 0x00, 0x73, 0x65, 0x71, 0x75,
  0x65, 0x6e, 0x74, 0x69, 0x61, 0x6c, 0x5f, 0x31, 0x2f, 0x67, 0x72, 0x75,
  0x5f, 0x31, 0x2f, 0x7a, 0x65, 0x72, 0x6f, 0x73, 0x2f, 0x70, 0x61, 0x63,
  0x6b, 0x65, 0x64, 0x2f, 0x31, 0x00, 0x00, 0x00, 0x00, 0x00, 0x00, 0x00,
  0x72, 0xff, 0xff, 0xff, 0x00, 0x00, 0x00, 0x01, 0x14, 0x00, 0x00, 0x00,
  0x14, 0x00, 0x00, 0x00, 0x04, 0x00, 0x00, 0x00, 0x00, 0x00, 0x00, 0x02,
  0x30, 0x00, 0x00, 0x00, 0x5c, 0xff, 0xff, 0xff, 0x21, 0x00, 0x00, 0x00,
  0x73, 0x65, 0x71, 0x75, 0x65, 0x6e, 0x74, 0x69, 0x61, 0x6c, 0x5f, 0x31,
  0x2f, 0x67, 0x72, 0x75, 0x5f, 0x31, 0x2f, 0x74, 0x72, 0x61, 0x6e, 0x73,
  0x70, 0x6f, 0x73, 0x65, 0x2f, 0x70, 0x65, 0x72, 0x6d, 0x00, 0x00, 0x00,
  0x01, 0x00, 0x00, 0x00, 0x03, 0x00, 0x00, 0x00, 0xc2, 0xff, 0xff, 0xff,
  0x00, 0x00, 0x00, 0x01, 0x14, 0x00, 0x00, 0x00, 0x14, 0x00, 0x00, 0x00,
  0x03, 0x00, 0x00, 0x00, 0x00, 0x00, 0x00, 0x02, 0x1c, 0x00, 0x00, 0x00,
  0xac, 0xff, 0xff, 0xff, 0x0f, 0x00, 0x00, 0x00, 0x61, 0x72, 0x69, 0x74,
  0x68, 0x2e, 0x63, 0x6f, 0x6e, 0x73, 0x74, 0x61, 0x6e, 0x74, 0x34, 0x00,
  0x01, 0x00, 0x00, 0x00, 0x01, 0x00, 0x00, 0x00, 0x00, 0x00, 0x16, 0x00,
  0x1c, 0x00, 0x18, 0x00, 0x17, 0x00, 0x10, 0x00, 0x0c, 0x00, 0x08, 0x00,
  0x00, 0x00, 0x00, 0x00, 0x00, 0x00, 0x07, 0x00, 0x16, 0x00, 0x00, 0x00,
  0x00, 0x00, 0x00, 0x01, 0x18, 0x00, 0x00, 0x00, 0x18, 0x00, 0x00, 0x00,
  0x02, 0x00, 0x00, 0x00, 0x00, 0x00, 0x00, 0x02, 0x38, 0x00, 0x00, 0x00,
  0x04, 0x00, 0x04, 0x00, 0x04, 0x00, 0x00, 0x00, 0x26, 0x00, 0x00, 0x00,
  0x73, 0x65, 0x71, 0x75, 0x65, 0x6e, 0x74, 0x69, 0x61, 0x6c, 0x5f, 0x31,
  0x2f, 0x67, 0x72, 0x75, 0x5f, 0x31, 0x2f, 0x73, 0x74, 0x72, 0x69, 0x64,
  0x65, 0x64, 0x5f, 0x73, 0x6c, 0x69, 0x63, 0x65, 0x2f, 0x73, 0x74, 0x61,
  0x63, 0x6b, 0x00, 0x00, 0x01, 0x00, 0x00, 0x00, 0x01, 0x00, 0x00, 0x00,
  0x00, 0x00, 0x16, 0x00, 0x20, 0x00, 0x1c, 0x00, 0x1b, 0x00, 0x14, 0x00,
  0x10, 0x00, 0x0c, 0x00, 0x00, 0x00, 0x00, 0x00, 0x08, 0x00, 0x07, 0x00,
  0x16, 0x00, 0x00, 0x00, 0x00, 0x00, 0x00, 0x01, 0x18, 0x00, 0x00, 0x00,
  0x30, 0x00, 0x00, 0x00, 0x4c, 0x00, 0x00, 0x00, 0x01, 0x00, 0x00, 0x00,
  0x00, 0x00, 0x00, 0x09, 0x64, 0x00, 0x00, 0x00, 0x03, 0x00, 0x00, 0x00,
  0xff, 0xff, 0xff, 0xff, 0x14, 0x00, 0x00, 0x00, 0x0c, 0x00, 0x00, 0x00,
  0x0c, 0x00, 0x0c, 0x00, 0x00, 0x00, 0x00, 0x00, 0x08, 0x00, 0x04, 0x00,
  0x0c, 0x00, 0x00, 0x00, 0x08, 0x00, 0x00, 0x00, 0x10, 0x00, 0x00, 0x00,
  0x01, 0x00, 0x00, 0x00, 0x80, 0xff, 0xff, 0xff, 0xff, 0xff, 0xff, 0xff,
  0x01, 0x00, 0x00, 0x00, 0x81, 0x80, 0x80, 0x3b, 0x1e, 0x00, 0x00, 0x00,
  0x73, 0x65, 0x72, 0x76, 0x69, 0x6e, 0x67, 0x5f, 0x64, 0x65, 0x66, 0x61,
  0x75, 0x6c, 0x74, 0x5f, 0x6b, 0x65, 0x72, 0x61, 0x73, 0x5f, 0x74, 0x65,
  0x6e, 0x73, 0x6f, 0x72, 0x3a, 0x30, 0x00, 0x00, 0x03, 0x00, 0x00, 0x00,
  0x01, 0x00, 0x00, 0x00, 0x14, 0x00, 0x00, 0x00, 0x0c, 0x00, 0x00, 0x00,
  0x0d, 0x00, 0x00, 0x00, 0x14, 0x01, 0x00, 0x00, 0xf4, 0x00, 0x00, 0x00,
  0xd4, 0x00, 0x00, 0x00, 0xc0, 0x00, 0x00, 0x00, 0xb0, 0x00, 0x00, 0x00,
  0x9c, 0x00, 0x00, 0x00, 0x88, 0x00, 0x00, 0x00, 0x74, 0x00, 0x00, 0x00,
  0x68, 0x00, 0x00, 0x00, 0x4c, 0x00, 0x00, 0x00, 0x2c, 0x00, 0x00, 0x00,
  0x18, 0x00, 0x00, 0x00, 0x04, 0x00, 0x00, 0x00, 0x48, 0xff, 0xff, 0xff,
  0x1c, 0x00, 0x00, 0x00, 0x02, 0x00, 0x00, 0x00, 0x00, 0x00, 0x00, 0x1c,
  0x58, 0xff, 0xff, 0xff, 0x29, 0x00, 0x00, 0x00, 0x02, 0x00, 0x00, 0x00,
  0x00, 0x00, 0x00, 0x29, 0x68, 0xff, 0xff, 0xff, 0x12, 0x00, 0x00, 0x00,
  0x02, 0x00, 0x00, 0x00, 0x00, 0x00, 0x00, 0x12, 0x0c, 0x00, 0x0e, 0x00,
  0x0d, 0x00, 0x00, 0x00, 0x08, 0x00, 0x04, 0x00, 0x0c, 0x00, 0x00, 0x00,
  0x0e, 0x00, 0x00, 0x00, 0x02, 0x00, 0x00, 0x00, 0x00, 0x0e, 0x0a, 0x00,
  0x08, 0x00, 0x00, 0x00, 0x00, 0x00, 0x04, 0x00, 0x0a, 0x00, 0x00, 0x00,
  0x02, 0x00, 0x00, 0x00, 0xa4, 0xff, 0xff, 0xff, 0x31, 0x00, 0x00, 0x00,
  0x02, 0x00, 0x00, 0x00, 0x00, 0x00, 0x00, 0x31, 0xb4, 0xff, 0xff, 0xff,
  0x09, 0x00, 0x00, 0x00, 0x04, 0x00, 0x00, 0x00, 0x00, 0x00, 0x00, 0x09,
  0xc4, 0xff, 0xff, 0xff, 0x5e, 0x00, 0x00, 0x00, 0x03, 0x00, 0x00, 0x00,
  0x00, 0x00, 0x00, 0x5e, 0xb8, 0xff, 0xff, 0xff, 0x53, 0x00, 0x00, 0x00,
  0x00, 0x00, 0x00, 0x53, 0xe0, 0xff, 0xff, 0xff, 0x58, 0x00, 0x00, 0x00,
  0x02, 0x00, 0x00, 0x00, 0x00, 0x00, 0x00, 0x58, 0xf0, 0xff, 0xff, 0xff,
  0x27, 0x00, 0x00, 0x00, 0x02, 0x00, 0x00, 0x00, 0x00, 0x00, 0x00, 0x27,
  0x0c, 0x00, 0x10, 0x00, 0x0f, 0x00, 0x00, 0x00, 0x08, 0x00, 0x04, 0x00,
  0x0c, 0x00, 0x00, 0x00, 0x2d, 0x00, 0x00, 0x00, 0x02, 0x00, 0x00, 0x00,
  0x00, 0x00, 0x00, 0x2d, 0x0c, 0x00, 0x0c, 0x00, 0x0b, 0x00, 0x00, 0x00,
  0x00, 0x00, 0x04, 0x00, 0x0c, 0x00, 0x00, 0x00, 0x4d, 0x00, 0x00, 0x00,
  0x00, 0x00, 0x00, 0x4d
};

#endif


#ifdef __cplusplus
}
#endif